# generated by meshlib
mtllib pipe_run.mtl
o pipe_run
v -6.00000 0.00000 -0.07500
v -6.00000 0.03750 -0.06495
v 6.00000 0.03750 -0.06495
v 6.00000 0.00000 -0.07500
v -6.00000 0.03750 -0.06495
v -6.00000 0.06495 -0.03750
v 6.00000 0.06495 -0.03750
v 6.00000 0.03750 -0.06495
v -6.00000 0.06495 -0.03750
v -6.00000 0.07500 -0.00000
v 6.00000 0.07500 -0.00000
v 6.00000 0.06495 -0.03750
v -6.00000 0.07500 -0.00000
v -6.00000 0.06495 0.03750
v 6.00000 0.06495 0.03750
v 6.00000 0.07500 -0.00000
v -6.00000 0.06495 0.03750
v -6.00000 0.03750 0.06495
v 6.00000 0.03750 0.06495
v 6.00000 0.06495 0.03750
v -6.00000 0.03750 0.06495
v -6.00000 0.00000 0.07500
v 6.00000 0.00000 0.07500
v 6.00000 0.03750 0.06495
v -6.00000 0.00000 0.07500
v -6.00000 -0.03750 0.06495
v 6.00000 -0.03750 0.06495
v 6.00000 0.00000 0.07500
v -6.00000 -0.03750 0.06495
v -6.00000 -0.06495 0.03750
v 6.00000 -0.06495 0.03750
v 6.00000 -0.03750 0.06495
v -6.00000 -0.06495 0.03750
v -6.00000 -0.07500 0.00000
v 6.00000 -0.07500 0.00000
v 6.00000 -0.06495 0.03750
v -6.00000 -0.07500 0.00000
v -6.00000 -0.06495 -0.03750
v 6.00000 -0.06495 -0.03750
v 6.00000 -0.07500 0.00000
v -6.00000 -0.06495 -0.03750
v -6.00000 -0.03750 -0.06495
v 6.00000 -0.03750 -0.06495
v 6.00000 -0.06495 -0.03750
v -6.00000 -0.03750 -0.06495
v -6.00000 0.00000 -0.07500
v 6.00000 0.00000 -0.07500
v 6.00000 -0.03750 -0.06495
v -6.00000 -0.03750 -0.06495
v -6.00000 -0.06495 -0.03750
v -6.00000 -0.07500 0.00000
v -6.00000 -0.06495 0.03750
v -6.00000 -0.03750 0.06495
v -6.00000 0.00000 0.07500
v -6.00000 0.03750 0.06495
v -6.00000 0.06495 0.03750
v -6.00000 0.07500 -0.00000
v -6.00000 0.06495 -0.03750
v -6.00000 0.03750 -0.06495
v -6.00000 0.00000 -0.07500
v 6.00000 0.00000 -0.07500
v 6.00000 0.03750 -0.06495
v 6.00000 0.06495 -0.03750
v 6.00000 0.07500 -0.00000
v 6.00000 0.06495 0.03750
v 6.00000 0.03750 0.06495
v 6.00000 0.00000 0.07500
v 6.00000 -0.03750 0.06495
v 6.00000 -0.06495 0.03750
v 6.00000 -0.07500 0.00000
v 6.00000 -0.06495 -0.03750
v 6.00000 -0.03750 -0.06495
v -4.53000 0.10500 0.00000
v -4.53000 0.09093 0.05250
v -4.47000 0.09093 0.05250
v -4.47000 0.10500 0.00000
v -4.53000 0.09093 0.05250
v -4.53000 0.05250 0.09093
v -4.47000 0.05250 0.09093
v -4.47000 0.09093 0.05250
v -4.53000 0.05250 0.09093
v -4.53000 0.00000 0.10500
v -4.47000 0.00000 0.10500
v -4.47000 0.05250 0.09093
v -4.53000 0.00000 0.10500
v -4.53000 -0.05250 0.09093
v -4.47000 -0.05250 0.09093
v -4.47000 0.00000 0.10500
v -4.53000 -0.05250 0.09093
v -4.53000 -0.09093 0.05250
v -4.47000 -0.09093 0.05250
v -4.47000 -0.05250 0.09093
v -4.53000 -0.09093 0.05250
v -4.53000 -0.10500 0.00000
v -4.47000 -0.10500 0.00000
v -4.47000 -0.09093 0.05250
v -4.53000 -0.10500 0.00000
v -4.53000 -0.09093 -0.05250
v -4.47000 -0.09093 -0.05250
v -4.47000 -0.10500 0.00000
v -4.53000 -0.09093 -0.05250
v -4.53000 -0.05250 -0.09093
v -4.47000 -0.05250 -0.09093
v -4.47000 -0.09093 -0.05250
v -4.53000 -0.05250 -0.09093
v -4.53000 -0.00000 -0.10500
v -4.47000 -0.00000 -0.10500
v -4.47000 -0.05250 -0.09093
v -4.53000 -0.00000 -0.10500
v -4.53000 0.05250 -0.09093
v -4.47000 0.05250 -0.09093
v -4.47000 -0.00000 -0.10500
v -4.53000 0.05250 -0.09093
v -4.53000 0.09093 -0.05250
v -4.47000 0.09093 -0.05250
v -4.47000 0.05250 -0.09093
v -4.53000 0.09093 -0.05250
v -4.53000 0.10500 -0.00000
v -4.47000 0.10500 -0.00000
v -4.47000 0.09093 -0.05250
v -4.53000 0.07500 0.00000
v -4.53000 0.06495 0.03750
v -4.53000 0.09093 0.05250
v -4.53000 0.10500 0.00000
v -4.53000 0.06495 0.03750
v -4.53000 0.03750 0.06495
v -4.53000 0.05250 0.09093
v -4.53000 0.09093 0.05250
v -4.53000 0.03750 0.06495
v -4.53000 0.00000 0.07500
v -4.53000 0.00000 0.10500
v -4.53000 0.05250 0.09093
v -4.53000 0.00000 0.07500
v -4.53000 -0.03750 0.06495
v -4.53000 -0.05250 0.09093
v -4.53000 0.00000 0.10500
v -4.53000 -0.03750 0.06495
v -4.53000 -0.06495 0.03750
v -4.53000 -0.09093 0.05250
v -4.53000 -0.05250 0.09093
v -4.53000 -0.06495 0.03750
v -4.53000 -0.07500 0.00000
v -4.53000 -0.10500 0.00000
v -4.53000 -0.09093 0.05250
v -4.53000 -0.07500 0.00000
v -4.53000 -0.06495 -0.03750
v -4.53000 -0.09093 -0.05250
v -4.53000 -0.10500 0.00000
v -4.53000 -0.06495 -0.03750
v -4.53000 -0.03750 -0.06495
v -4.53000 -0.05250 -0.09093
v -4.53000 -0.09093 -0.05250
v -4.53000 -0.03750 -0.06495
v -4.53000 -0.00000 -0.07500
v -4.53000 -0.00000 -0.10500
v -4.53000 -0.05250 -0.09093
v -4.53000 -0.00000 -0.07500
v -4.53000 0.03750 -0.06495
v -4.53000 0.05250 -0.09093
v -4.53000 -0.00000 -0.10500
v -4.53000 0.03750 -0.06495
v -4.53000 0.06495 -0.03750
v -4.53000 0.09093 -0.05250
v -4.53000 0.05250 -0.09093
v -4.53000 0.06495 -0.03750
v -4.53000 0.07500 -0.00000
v -4.53000 0.10500 -0.00000
v -4.53000 0.09093 -0.05250
v -4.47000 0.07500 0.00000
v -4.47000 0.06495 0.03750
v -4.47000 0.09093 0.05250
v -4.47000 0.10500 0.00000
v -4.47000 0.06495 0.03750
v -4.47000 0.03750 0.06495
v -4.47000 0.05250 0.09093
v -4.47000 0.09093 0.05250
v -4.47000 0.03750 0.06495
v -4.47000 0.00000 0.07500
v -4.47000 0.00000 0.10500
v -4.47000 0.05250 0.09093
v -4.47000 0.00000 0.07500
v -4.47000 -0.03750 0.06495
v -4.47000 -0.05250 0.09093
v -4.47000 0.00000 0.10500
v -4.47000 -0.03750 0.06495
v -4.47000 -0.06495 0.03750
v -4.47000 -0.09093 0.05250
v -4.47000 -0.05250 0.09093
v -4.47000 -0.06495 0.03750
v -4.47000 -0.07500 0.00000
v -4.47000 -0.10500 0.00000
v -4.47000 -0.09093 0.05250
v -4.47000 -0.07500 0.00000
v -4.47000 -0.06495 -0.03750
v -4.47000 -0.09093 -0.05250
v -4.47000 -0.10500 0.00000
v -4.47000 -0.06495 -0.03750
v -4.47000 -0.03750 -0.06495
v -4.47000 -0.05250 -0.09093
v -4.47000 -0.09093 -0.05250
v -4.47000 -0.03750 -0.06495
v -4.47000 -0.00000 -0.07500
v -4.47000 -0.00000 -0.10500
v -4.47000 -0.05250 -0.09093
v -4.47000 -0.00000 -0.07500
v -4.47000 0.03750 -0.06495
v -4.47000 0.05250 -0.09093
v -4.47000 -0.00000 -0.10500
v -4.47000 0.03750 -0.06495
v -4.47000 0.06495 -0.03750
v -4.47000 0.09093 -0.05250
v -4.47000 0.05250 -0.09093
v -4.47000 0.06495 -0.03750
v -4.47000 0.07500 -0.00000
v -4.47000 0.10500 -0.00000
v -4.47000 0.09093 -0.05250
v -1.53000 0.10500 0.00000
v -1.53000 0.09093 0.05250
v -1.47000 0.09093 0.05250
v -1.47000 0.10500 0.00000
v -1.53000 0.09093 0.05250
v -1.53000 0.05250 0.09093
v -1.47000 0.05250 0.09093
v -1.47000 0.09093 0.05250
v -1.53000 0.05250 0.09093
v -1.53000 0.00000 0.10500
v -1.47000 0.00000 0.10500
v -1.47000 0.05250 0.09093
v -1.53000 0.00000 0.10500
v -1.53000 -0.05250 0.09093
v -1.47000 -0.05250 0.09093
v -1.47000 0.00000 0.10500
v -1.53000 -0.05250 0.09093
v -1.53000 -0.09093 0.05250
v -1.47000 -0.09093 0.05250
v -1.47000 -0.05250 0.09093
v -1.53000 -0.09093 0.05250
v -1.53000 -0.10500 0.00000
v -1.47000 -0.10500 0.00000
v -1.47000 -0.09093 0.05250
v -1.53000 -0.10500 0.00000
v -1.53000 -0.09093 -0.05250
v -1.47000 -0.09093 -0.05250
v -1.47000 -0.10500 0.00000
v -1.53000 -0.09093 -0.05250
v -1.53000 -0.05250 -0.09093
v -1.47000 -0.05250 -0.09093
v -1.47000 -0.09093 -0.05250
v -1.53000 -0.05250 -0.09093
v -1.53000 -0.00000 -0.10500
v -1.47000 -0.00000 -0.10500
v -1.47000 -0.05250 -0.09093
v -1.53000 -0.00000 -0.10500
v -1.53000 0.05250 -0.09093
v -1.47000 0.05250 -0.09093
v -1.47000 -0.00000 -0.10500
v -1.53000 0.05250 -0.09093
v -1.53000 0.09093 -0.05250
v -1.47000 0.09093 -0.05250
v -1.47000 0.05250 -0.09093
v -1.53000 0.09093 -0.05250
v -1.53000 0.10500 -0.00000
v -1.47000 0.10500 -0.00000
v -1.47000 0.09093 -0.05250
v -1.53000 0.07500 0.00000
v -1.53000 0.06495 0.03750
v -1.53000 0.09093 0.05250
v -1.53000 0.10500 0.00000
v -1.53000 0.06495 0.03750
v -1.53000 0.03750 0.06495
v -1.53000 0.05250 0.09093
v -1.53000 0.09093 0.05250
v -1.53000 0.03750 0.06495
v -1.53000 0.00000 0.07500
v -1.53000 0.00000 0.10500
v -1.53000 0.05250 0.09093
v -1.53000 0.00000 0.07500
v -1.53000 -0.03750 0.06495
v -1.53000 -0.05250 0.09093
v -1.53000 0.00000 0.10500
v -1.53000 -0.03750 0.06495
v -1.53000 -0.06495 0.03750
v -1.53000 -0.09093 0.05250
v -1.53000 -0.05250 0.09093
v -1.53000 -0.06495 0.03750
v -1.53000 -0.07500 0.00000
v -1.53000 -0.10500 0.00000
v -1.53000 -0.09093 0.05250
v -1.53000 -0.07500 0.00000
v -1.53000 -0.06495 -0.03750
v -1.53000 -0.09093 -0.05250
v -1.53000 -0.10500 0.00000
v -1.53000 -0.06495 -0.03750
v -1.53000 -0.03750 -0.06495
v -1.53000 -0.05250 -0.09093
v -1.53000 -0.09093 -0.05250
v -1.53000 -0.03750 -0.06495
v -1.53000 -0.00000 -0.07500
v -1.53000 -0.00000 -0.10500
v -1.53000 -0.05250 -0.09093
v -1.53000 -0.00000 -0.07500
v -1.53000 0.03750 -0.06495
v -1.53000 0.05250 -0.09093
v -1.53000 -0.00000 -0.10500
v -1.53000 0.03750 -0.06495
v -1.53000 0.06495 -0.03750
v -1.53000 0.09093 -0.05250
v -1.53000 0.05250 -0.09093
v -1.53000 0.06495 -0.03750
v -1.53000 0.07500 -0.00000
v -1.53000 0.10500 -0.00000
v -1.53000 0.09093 -0.05250
v -1.47000 0.07500 0.00000
v -1.47000 0.06495 0.03750
v -1.47000 0.09093 0.05250
v -1.47000 0.10500 0.00000
v -1.47000 0.06495 0.03750
v -1.47000 0.03750 0.06495
v -1.47000 0.05250 0.09093
v -1.47000 0.09093 0.05250
v -1.47000 0.03750 0.06495
v -1.47000 0.00000 0.07500
v -1.47000 0.00000 0.10500
v -1.47000 0.05250 0.09093
v -1.47000 0.00000 0.07500
v -1.47000 -0.03750 0.06495
v -1.47000 -0.05250 0.09093
v -1.47000 0.00000 0.10500
v -1.47000 -0.03750 0.06495
v -1.47000 -0.06495 0.03750
v -1.47000 -0.09093 0.05250
v -1.47000 -0.05250 0.09093
v -1.47000 -0.06495 0.03750
v -1.47000 -0.07500 0.00000
v -1.47000 -0.10500 0.00000
v -1.47000 -0.09093 0.05250
v -1.47000 -0.07500 0.00000
v -1.47000 -0.06495 -0.03750
v -1.47000 -0.09093 -0.05250
v -1.47000 -0.10500 0.00000
v -1.47000 -0.06495 -0.03750
v -1.47000 -0.03750 -0.06495
v -1.47000 -0.05250 -0.09093
v -1.47000 -0.09093 -0.05250
v -1.47000 -0.03750 -0.06495
v -1.47000 -0.00000 -0.07500
v -1.47000 -0.00000 -0.10500
v -1.47000 -0.05250 -0.09093
v -1.47000 -0.00000 -0.07500
v -1.47000 0.03750 -0.06495
v -1.47000 0.05250 -0.09093
v -1.47000 -0.00000 -0.10500
v -1.47000 0.03750 -0.06495
v -1.47000 0.06495 -0.03750
v -1.47000 0.09093 -0.05250
v -1.47000 0.05250 -0.09093
v -1.47000 0.06495 -0.03750
v -1.47000 0.07500 -0.00000
v -1.47000 0.10500 -0.00000
v -1.47000 0.09093 -0.05250
v 1.47000 0.10500 0.00000
v 1.47000 0.09093 0.05250
v 1.53000 0.09093 0.05250
v 1.53000 0.10500 0.00000
v 1.47000 0.09093 0.05250
v 1.47000 0.05250 0.09093
v 1.53000 0.05250 0.09093
v 1.53000 0.09093 0.05250
v 1.47000 0.05250 0.09093
v 1.47000 0.00000 0.10500
v 1.53000 0.00000 0.10500
v 1.53000 0.05250 0.09093
v 1.47000 0.00000 0.10500
v 1.47000 -0.05250 0.09093
v 1.53000 -0.05250 0.09093
v 1.53000 0.00000 0.10500
v 1.47000 -0.05250 0.09093
v 1.47000 -0.09093 0.05250
v 1.53000 -0.09093 0.05250
v 1.53000 -0.05250 0.09093
v 1.47000 -0.09093 0.05250
v 1.47000 -0.10500 0.00000
v 1.53000 -0.10500 0.00000
v 1.53000 -0.09093 0.05250
v 1.47000 -0.10500 0.00000
v 1.47000 -0.09093 -0.05250
v 1.53000 -0.09093 -0.05250
v 1.53000 -0.10500 0.00000
v 1.47000 -0.09093 -0.05250
v 1.47000 -0.05250 -0.09093
v 1.53000 -0.05250 -0.09093
v 1.53000 -0.09093 -0.05250
v 1.47000 -0.05250 -0.09093
v 1.47000 -0.00000 -0.10500
v 1.53000 -0.00000 -0.10500
v 1.53000 -0.05250 -0.09093
v 1.47000 -0.00000 -0.10500
v 1.47000 0.05250 -0.09093
v 1.53000 0.05250 -0.09093
v 1.53000 -0.00000 -0.10500
v 1.47000 0.05250 -0.09093
v 1.47000 0.09093 -0.05250
v 1.53000 0.09093 -0.05250
v 1.53000 0.05250 -0.09093
v 1.47000 0.09093 -0.05250
v 1.47000 0.10500 -0.00000
v 1.53000 0.10500 -0.00000
v 1.53000 0.09093 -0.05250
v 1.47000 0.07500 0.00000
v 1.47000 0.06495 0.03750
v 1.47000 0.09093 0.05250
v 1.47000 0.10500 0.00000
v 1.47000 0.06495 0.03750
v 1.47000 0.03750 0.06495
v 1.47000 0.05250 0.09093
v 1.47000 0.09093 0.05250
v 1.47000 0.03750 0.06495
v 1.47000 0.00000 0.07500
v 1.47000 0.00000 0.10500
v 1.47000 0.05250 0.09093
v 1.47000 0.00000 0.07500
v 1.47000 -0.03750 0.06495
v 1.47000 -0.05250 0.09093
v 1.47000 0.00000 0.10500
v 1.47000 -0.03750 0.06495
v 1.47000 -0.06495 0.03750
v 1.47000 -0.09093 0.05250
v 1.47000 -0.05250 0.09093
v 1.47000 -0.06495 0.03750
v 1.47000 -0.07500 0.00000
v 1.47000 -0.10500 0.00000
v 1.47000 -0.09093 0.05250
v 1.47000 -0.07500 0.00000
v 1.47000 -0.06495 -0.03750
v 1.47000 -0.09093 -0.05250
v 1.47000 -0.10500 0.00000
v 1.47000 -0.06495 -0.03750
v 1.47000 -0.03750 -0.06495
v 1.47000 -0.05250 -0.09093
v 1.47000 -0.09093 -0.05250
v 1.47000 -0.03750 -0.06495
v 1.47000 -0.00000 -0.07500
v 1.47000 -0.00000 -0.10500
v 1.47000 -0.05250 -0.09093
v 1.47000 -0.00000 -0.07500
v 1.47000 0.03750 -0.06495
v 1.47000 0.05250 -0.09093
v 1.47000 -0.00000 -0.10500
v 1.47000 0.03750 -0.06495
v 1.47000 0.06495 -0.03750
v 1.47000 0.09093 -0.05250
v 1.47000 0.05250 -0.09093
v 1.47000 0.06495 -0.03750
v 1.47000 0.07500 -0.00000
v 1.47000 0.10500 -0.00000
v 1.47000 0.09093 -0.05250
v 1.53000 0.07500 0.00000
v 1.53000 0.06495 0.03750
v 1.53000 0.09093 0.05250
v 1.53000 0.10500 0.00000
v 1.53000 0.06495 0.03750
v 1.53000 0.03750 0.06495
v 1.53000 0.05250 0.09093
v 1.53000 0.09093 0.05250
v 1.53000 0.03750 0.06495
v 1.53000 0.00000 0.07500
v 1.53000 0.00000 0.10500
v 1.53000 0.05250 0.09093
v 1.53000 0.00000 0.07500
v 1.53000 -0.03750 0.06495
v 1.53000 -0.05250 0.09093
v 1.53000 0.00000 0.10500
v 1.53000 -0.03750 0.06495
v 1.53000 -0.06495 0.03750
v 1.53000 -0.09093 0.05250
v 1.53000 -0.05250 0.09093
v 1.53000 -0.06495 0.03750
v 1.53000 -0.07500 0.00000
v 1.53000 -0.10500 0.00000
v 1.53000 -0.09093 0.05250
v 1.53000 -0.07500 0.00000
v 1.53000 -0.06495 -0.03750
v 1.53000 -0.09093 -0.05250
v 1.53000 -0.10500 0.00000
v 1.53000 -0.06495 -0.03750
v 1.53000 -0.03750 -0.06495
v 1.53000 -0.05250 -0.09093
v 1.53000 -0.09093 -0.05250
v 1.53000 -0.03750 -0.06495
v 1.53000 -0.00000 -0.07500
v 1.53000 -0.00000 -0.10500
v 1.53000 -0.05250 -0.09093
v 1.53000 -0.00000 -0.07500
v 1.53000 0.03750 -0.06495
v 1.53000 0.05250 -0.09093
v 1.53000 -0.00000 -0.10500
v 1.53000 0.03750 -0.06495
v 1.53000 0.06495 -0.03750
v 1.53000 0.09093 -0.05250
v 1.53000 0.05250 -0.09093
v 1.53000 0.06495 -0.03750
v 1.53000 0.07500 -0.00000
v 1.53000 0.10500 -0.00000
v 1.53000 0.09093 -0.05250
v 4.47000 0.10500 0.00000
v 4.47000 0.09093 0.05250
v 4.53000 0.09093 0.05250
v 4.53000 0.10500 0.00000
v 4.47000 0.09093 0.05250
v 4.47000 0.05250 0.09093
v 4.53000 0.05250 0.09093
v 4.53000 0.09093 0.05250
v 4.47000 0.05250 0.09093
v 4.47000 0.00000 0.10500
v 4.53000 0.00000 0.10500
v 4.53000 0.05250 0.09093
v 4.47000 0.00000 0.10500
v 4.47000 -0.05250 0.09093
v 4.53000 -0.05250 0.09093
v 4.53000 0.00000 0.10500
v 4.47000 -0.05250 0.09093
v 4.47000 -0.09093 0.05250
v 4.53000 -0.09093 0.05250
v 4.53000 -0.05250 0.09093
v 4.47000 -0.09093 0.05250
v 4.47000 -0.10500 0.00000
v 4.53000 -0.10500 0.00000
v 4.53000 -0.09093 0.05250
v 4.47000 -0.10500 0.00000
v 4.47000 -0.09093 -0.05250
v 4.53000 -0.09093 -0.05250
v 4.53000 -0.10500 0.00000
v 4.47000 -0.09093 -0.05250
v 4.47000 -0.05250 -0.09093
v 4.53000 -0.05250 -0.09093
v 4.53000 -0.09093 -0.05250
v 4.47000 -0.05250 -0.09093
v 4.47000 -0.00000 -0.10500
v 4.53000 -0.00000 -0.10500
v 4.53000 -0.05250 -0.09093
v 4.47000 -0.00000 -0.10500
v 4.47000 0.05250 -0.09093
v 4.53000 0.05250 -0.09093
v 4.53000 -0.00000 -0.10500
v 4.47000 0.05250 -0.09093
v 4.47000 0.09093 -0.05250
v 4.53000 0.09093 -0.05250
v 4.53000 0.05250 -0.09093
v 4.47000 0.09093 -0.05250
v 4.47000 0.10500 -0.00000
v 4.53000 0.10500 -0.00000
v 4.53000 0.09093 -0.05250
v 4.47000 0.07500 0.00000
v 4.47000 0.06495 0.03750
v 4.47000 0.09093 0.05250
v 4.47000 0.10500 0.00000
v 4.47000 0.06495 0.03750
v 4.47000 0.03750 0.06495
v 4.47000 0.05250 0.09093
v 4.47000 0.09093 0.05250
v 4.47000 0.03750 0.06495
v 4.47000 0.00000 0.07500
v 4.47000 0.00000 0.10500
v 4.47000 0.05250 0.09093
v 4.47000 0.00000 0.07500
v 4.47000 -0.03750 0.06495
v 4.47000 -0.05250 0.09093
v 4.47000 0.00000 0.10500
v 4.47000 -0.03750 0.06495
v 4.47000 -0.06495 0.03750
v 4.47000 -0.09093 0.05250
v 4.47000 -0.05250 0.09093
v 4.47000 -0.06495 0.03750
v 4.47000 -0.07500 0.00000
v 4.47000 -0.10500 0.00000
v 4.47000 -0.09093 0.05250
v 4.47000 -0.07500 0.00000
v 4.47000 -0.06495 -0.03750
v 4.47000 -0.09093 -0.05250
v 4.47000 -0.10500 0.00000
v 4.47000 -0.06495 -0.03750
v 4.47000 -0.03750 -0.06495
v 4.47000 -0.05250 -0.09093
v 4.47000 -0.09093 -0.05250
v 4.47000 -0.03750 -0.06495
v 4.47000 -0.00000 -0.07500
v 4.47000 -0.00000 -0.10500
v 4.47000 -0.05250 -0.09093
v 4.47000 -0.00000 -0.07500
v 4.47000 0.03750 -0.06495
v 4.47000 0.05250 -0.09093
v 4.47000 -0.00000 -0.10500
v 4.47000 0.03750 -0.06495
v 4.47000 0.06495 -0.03750
v 4.47000 0.09093 -0.05250
v 4.47000 0.05250 -0.09093
v 4.47000 0.06495 -0.03750
v 4.47000 0.07500 -0.00000
v 4.47000 0.10500 -0.00000
v 4.47000 0.09093 -0.05250
v 4.53000 0.07500 0.00000
v 4.53000 0.06495 0.03750
v 4.53000 0.09093 0.05250
v 4.53000 0.10500 0.00000
v 4.53000 0.06495 0.03750
v 4.53000 0.03750 0.06495
v 4.53000 0.05250 0.09093
v 4.53000 0.09093 0.05250
v 4.53000 0.03750 0.06495
v 4.53000 0.00000 0.07500
v 4.53000 0.00000 0.10500
v 4.53000 0.05250 0.09093
v 4.53000 0.00000 0.07500
v 4.53000 -0.03750 0.06495
v 4.53000 -0.05250 0.09093
v 4.53000 0.00000 0.10500
v 4.53000 -0.03750 0.06495
v 4.53000 -0.06495 0.03750
v 4.53000 -0.09093 0.05250
v 4.53000 -0.05250 0.09093
v 4.53000 -0.06495 0.03750
v 4.53000 -0.07500 0.00000
v 4.53000 -0.10500 0.00000
v 4.53000 -0.09093 0.05250
v 4.53000 -0.07500 0.00000
v 4.53000 -0.06495 -0.03750
v 4.53000 -0.09093 -0.05250
v 4.53000 -0.10500 0.00000
v 4.53000 -0.06495 -0.03750
v 4.53000 -0.03750 -0.06495
v 4.53000 -0.05250 -0.09093
v 4.53000 -0.09093 -0.05250
v 4.53000 -0.03750 -0.06495
v 4.53000 -0.00000 -0.07500
v 4.53000 -0.00000 -0.10500
v 4.53000 -0.05250 -0.09093
v 4.53000 -0.00000 -0.07500
v 4.53000 0.03750 -0.06495
v 4.53000 0.05250 -0.09093
v 4.53000 -0.00000 -0.10500
v 4.53000 0.03750 -0.06495
v 4.53000 0.06495 -0.03750
v 4.53000 0.09093 -0.05250
v 4.53000 0.05250 -0.09093
v 4.53000 0.06495 -0.03750
v 4.53000 0.07500 -0.00000
v 4.53000 0.10500 -0.00000
v 4.53000 0.09093 -0.05250
v -6.00000 0.00000 0.14500
v -6.00000 0.02750 0.15237
v 6.00000 0.02750 0.15237
v 6.00000 0.00000 0.14500
v -6.00000 0.02750 0.15237
v -6.00000 0.04763 0.17250
v 6.00000 0.04763 0.17250
v 6.00000 0.02750 0.15237
v -6.00000 0.04763 0.17250
v -6.00000 0.05500 0.20000
v 6.00000 0.05500 0.20000
v 6.00000 0.04763 0.17250
v -6.00000 0.05500 0.20000
v -6.00000 0.04763 0.22750
v 6.00000 0.04763 0.22750
v 6.00000 0.05500 0.20000
v -6.00000 0.04763 0.22750
v -6.00000 0.02750 0.24763
v 6.00000 0.02750 0.24763
v 6.00000 0.04763 0.22750
v -6.00000 0.02750 0.24763
v -6.00000 0.00000 0.25500
v 6.00000 0.00000 0.25500
v 6.00000 0.02750 0.24763
v -6.00000 0.00000 0.25500
v -6.00000 -0.02750 0.24763
v 6.00000 -0.02750 0.24763
v 6.00000 0.00000 0.25500
v -6.00000 -0.02750 0.24763
v -6.00000 -0.04763 0.22750
v 6.00000 -0.04763 0.22750
v 6.00000 -0.02750 0.24763
v -6.00000 -0.04763 0.22750
v -6.00000 -0.05500 0.20000
v 6.00000 -0.05500 0.20000
v 6.00000 -0.04763 0.22750
v -6.00000 -0.05500 0.20000
v -6.00000 -0.04763 0.17250
v 6.00000 -0.04763 0.17250
v 6.00000 -0.05500 0.20000
v -6.00000 -0.04763 0.17250
v -6.00000 -0.02750 0.15237
v 6.00000 -0.02750 0.15237
v 6.00000 -0.04763 0.17250
v -6.00000 -0.02750 0.15237
v -6.00000 0.00000 0.14500
v 6.00000 0.00000 0.14500
v 6.00000 -0.02750 0.15237
v -6.00000 -0.02750 0.15237
v -6.00000 -0.04763 0.17250
v -6.00000 -0.05500 0.20000
v -6.00000 -0.04763 0.22750
v -6.00000 -0.02750 0.24763
v -6.00000 0.00000 0.25500
v -6.00000 0.02750 0.24763
v -6.00000 0.04763 0.22750
v -6.00000 0.05500 0.20000
v -6.00000 0.04763 0.17250
v -6.00000 0.02750 0.15237
v -6.00000 0.00000 0.14500
v 6.00000 0.00000 0.14500
v 6.00000 0.02750 0.15237
v 6.00000 0.04763 0.17250
v 6.00000 0.05500 0.20000
v 6.00000 0.04763 0.22750
v 6.00000 0.02750 0.24763
v 6.00000 0.00000 0.25500
v 6.00000 -0.02750 0.24763
v 6.00000 -0.04763 0.22750
v 6.00000 -0.05500 0.20000
v 6.00000 -0.04763 0.17250
v 6.00000 -0.02750 0.15237
v -4.53000 0.08500 0.20000
v -4.53000 0.07361 0.24250
v -4.47000 0.07361 0.24250
v -4.47000 0.08500 0.20000
v -4.53000 0.07361 0.24250
v -4.53000 0.04250 0.27361
v -4.47000 0.04250 0.27361
v -4.47000 0.07361 0.24250
v -4.53000 0.04250 0.27361
v -4.53000 0.00000 0.28500
v -4.47000 0.00000 0.28500
v -4.47000 0.04250 0.27361
v -4.53000 0.00000 0.28500
v -4.53000 -0.04250 0.27361
v -4.47000 -0.04250 0.27361
v -4.47000 0.00000 0.28500
v -4.53000 -0.04250 0.27361
v -4.53000 -0.07361 0.24250
v -4.47000 -0.07361 0.24250
v -4.47000 -0.04250 0.27361
v -4.53000 -0.07361 0.24250
v -4.53000 -0.08500 0.20000
v -4.47000 -0.08500 0.20000
v -4.47000 -0.07361 0.24250
v -4.53000 -0.08500 0.20000
v -4.53000 -0.07361 0.15750
v -4.47000 -0.07361 0.15750
v -4.47000 -0.08500 0.20000
v -4.53000 -0.07361 0.15750
v -4.53000 -0.04250 0.12639
v -4.47000 -0.04250 0.12639
v -4.47000 -0.07361 0.15750
v -4.53000 -0.04250 0.12639
v -4.53000 -0.00000 0.11500
v -4.47000 -0.00000 0.11500
v -4.47000 -0.04250 0.12639
v -4.53000 -0.00000 0.11500
v -4.53000 0.04250 0.12639
v -4.47000 0.04250 0.12639
v -4.47000 -0.00000 0.11500
v -4.53000 0.04250 0.12639
v -4.53000 0.07361 0.15750
v -4.47000 0.07361 0.15750
v -4.47000 0.04250 0.12639
v -4.53000 0.07361 0.15750
v -4.53000 0.08500 0.20000
v -4.47000 0.08500 0.20000
v -4.47000 0.07361 0.15750
v -4.53000 0.05500 0.20000
v -4.53000 0.04763 0.22750
v -4.53000 0.07361 0.24250
v -4.53000 0.08500 0.20000
v -4.53000 0.04763 0.22750
v -4.53000 0.02750 0.24763
v -4.53000 0.04250 0.27361
v -4.53000 0.07361 0.24250
v -4.53000 0.02750 0.24763
v -4.53000 0.00000 0.25500
v -4.53000 0.00000 0.28500
v -4.53000 0.04250 0.27361
v -4.53000 0.00000 0.25500
v -4.53000 -0.02750 0.24763
v -4.53000 -0.04250 0.27361
v -4.53000 0.00000 0.28500
v -4.53000 -0.02750 0.24763
v -4.53000 -0.04763 0.22750
v -4.53000 -0.07361 0.24250
v -4.53000 -0.04250 0.27361
v -4.53000 -0.04763 0.22750
v -4.53000 -0.05500 0.20000
v -4.53000 -0.08500 0.20000
v -4.53000 -0.07361 0.24250
v -4.53000 -0.05500 0.20000
v -4.53000 -0.04763 0.17250
v -4.53000 -0.07361 0.15750
v -4.53000 -0.08500 0.20000
v -4.53000 -0.04763 0.17250
v -4.53000 -0.02750 0.15237
v -4.53000 -0.04250 0.12639
v -4.53000 -0.07361 0.15750
v -4.53000 -0.02750 0.15237
v -4.53000 -0.00000 0.14500
v -4.53000 -0.00000 0.11500
v -4.53000 -0.04250 0.12639
v -4.53000 -0.00000 0.14500
v -4.53000 0.02750 0.15237
v -4.53000 0.04250 0.12639
v -4.53000 -0.00000 0.11500
v -4.53000 0.02750 0.15237
v -4.53000 0.04763 0.17250
v -4.53000 0.07361 0.15750
v -4.53000 0.04250 0.12639
v -4.53000 0.04763 0.17250
v -4.53000 0.05500 0.20000
v -4.53000 0.08500 0.20000
v -4.53000 0.07361 0.15750
v -4.47000 0.05500 0.20000
v -4.47000 0.04763 0.22750
v -4.47000 0.07361 0.24250
v -4.47000 0.08500 0.20000
v -4.47000 0.04763 0.22750
v -4.47000 0.02750 0.24763
v -4.47000 0.04250 0.27361
v -4.47000 0.07361 0.24250
v -4.47000 0.02750 0.24763
v -4.47000 0.00000 0.25500
v -4.47000 0.00000 0.28500
v -4.47000 0.04250 0.27361
v -4.47000 0.00000 0.25500
v -4.47000 -0.02750 0.24763
v -4.47000 -0.04250 0.27361
v -4.47000 0.00000 0.28500
v -4.47000 -0.02750 0.24763
v -4.47000 -0.04763 0.22750
v -4.47000 -0.07361 0.24250
v -4.47000 -0.04250 0.27361
v -4.47000 -0.04763 0.22750
v -4.47000 -0.05500 0.20000
v -4.47000 -0.08500 0.20000
v -4.47000 -0.07361 0.24250
v -4.47000 -0.05500 0.20000
v -4.47000 -0.04763 0.17250
v -4.47000 -0.07361 0.15750
v -4.47000 -0.08500 0.20000
v -4.47000 -0.04763 0.17250
v -4.47000 -0.02750 0.15237
v -4.47000 -0.04250 0.12639
v -4.47000 -0.07361 0.15750
v -4.47000 -0.02750 0.15237
v -4.47000 -0.00000 0.14500
v -4.47000 -0.00000 0.11500
v -4.47000 -0.04250 0.12639
v -4.47000 -0.00000 0.14500
v -4.47000 0.02750 0.15237
v -4.47000 0.04250 0.12639
v -4.47000 -0.00000 0.11500
v -4.47000 0.02750 0.15237
v -4.47000 0.04763 0.17250
v -4.47000 0.07361 0.15750
v -4.47000 0.04250 0.12639
v -4.47000 0.04763 0.17250
v -4.47000 0.05500 0.20000
v -4.47000 0.08500 0.20000
v -4.47000 0.07361 0.15750
v -1.53000 0.08500 0.20000
v -1.53000 0.07361 0.24250
v -1.47000 0.07361 0.24250
v -1.47000 0.08500 0.20000
v -1.53000 0.07361 0.24250
v -1.53000 0.04250 0.27361
v -1.47000 0.04250 0.27361
v -1.47000 0.07361 0.24250
v -1.53000 0.04250 0.27361
v -1.53000 0.00000 0.28500
v -1.47000 0.00000 0.28500
v -1.47000 0.04250 0.27361
v -1.53000 0.00000 0.28500
v -1.53000 -0.04250 0.27361
v -1.47000 -0.04250 0.27361
v -1.47000 0.00000 0.28500
v -1.53000 -0.04250 0.27361
v -1.53000 -0.07361 0.24250
v -1.47000 -0.07361 0.24250
v -1.47000 -0.04250 0.27361
v -1.53000 -0.07361 0.24250
v -1.53000 -0.08500 0.20000
v -1.47000 -0.08500 0.20000
v -1.47000 -0.07361 0.24250
v -1.53000 -0.08500 0.20000
v -1.53000 -0.07361 0.15750
v -1.47000 -0.07361 0.15750
v -1.47000 -0.08500 0.20000
v -1.53000 -0.07361 0.15750
v -1.53000 -0.04250 0.12639
v -1.47000 -0.04250 0.12639
v -1.47000 -0.07361 0.15750
v -1.53000 -0.04250 0.12639
v -1.53000 -0.00000 0.11500
v -1.47000 -0.00000 0.11500
v -1.47000 -0.04250 0.12639
v -1.53000 -0.00000 0.11500
v -1.53000 0.04250 0.12639
v -1.47000 0.04250 0.12639
v -1.47000 -0.00000 0.11500
v -1.53000 0.04250 0.12639
v -1.53000 0.07361 0.15750
v -1.47000 0.07361 0.15750
v -1.47000 0.04250 0.12639
v -1.53000 0.07361 0.15750
v -1.53000 0.08500 0.20000
v -1.47000 0.08500 0.20000
v -1.47000 0.07361 0.15750
v -1.53000 0.05500 0.20000
v -1.53000 0.04763 0.22750
v -1.53000 0.07361 0.24250
v -1.53000 0.08500 0.20000
v -1.53000 0.04763 0.22750
v -1.53000 0.02750 0.24763
v -1.53000 0.04250 0.27361
v -1.53000 0.07361 0.24250
v -1.53000 0.02750 0.24763
v -1.53000 0.00000 0.25500
v -1.53000 0.00000 0.28500
v -1.53000 0.04250 0.27361
v -1.53000 0.00000 0.25500
v -1.53000 -0.02750 0.24763
v -1.53000 -0.04250 0.27361
v -1.53000 0.00000 0.28500
v -1.53000 -0.02750 0.24763
v -1.53000 -0.04763 0.22750
v -1.53000 -0.07361 0.24250
v -1.53000 -0.04250 0.27361
v -1.53000 -0.04763 0.22750
v -1.53000 -0.05500 0.20000
v -1.53000 -0.08500 0.20000
v -1.53000 -0.07361 0.24250
v -1.53000 -0.05500 0.20000
v -1.53000 -0.04763 0.17250
v -1.53000 -0.07361 0.15750
v -1.53000 -0.08500 0.20000
v -1.53000 -0.04763 0.17250
v -1.53000 -0.02750 0.15237
v -1.53000 -0.04250 0.12639
v -1.53000 -0.07361 0.15750
v -1.53000 -0.02750 0.15237
v -1.53000 -0.00000 0.14500
v -1.53000 -0.00000 0.11500
v -1.53000 -0.04250 0.12639
v -1.53000 -0.00000 0.14500
v -1.53000 0.02750 0.15237
v -1.53000 0.04250 0.12639
v -1.53000 -0.00000 0.11500
v -1.53000 0.02750 0.15237
v -1.53000 0.04763 0.17250
v -1.53000 0.07361 0.15750
v -1.53000 0.04250 0.12639
v -1.53000 0.04763 0.17250
v -1.53000 0.05500 0.20000
v -1.53000 0.08500 0.20000
v -1.53000 0.07361 0.15750
v -1.47000 0.05500 0.20000
v -1.47000 0.04763 0.22750
v -1.47000 0.07361 0.24250
v -1.47000 0.08500 0.20000
v -1.47000 0.04763 0.22750
v -1.47000 0.02750 0.24763
v -1.47000 0.04250 0.27361
v -1.47000 0.07361 0.24250
v -1.47000 0.02750 0.24763
v -1.47000 0.00000 0.25500
v -1.47000 0.00000 0.28500
v -1.47000 0.04250 0.27361
v -1.47000 0.00000 0.25500
v -1.47000 -0.02750 0.24763
v -1.47000 -0.04250 0.27361
v -1.47000 0.00000 0.28500
v -1.47000 -0.02750 0.24763
v -1.47000 -0.04763 0.22750
v -1.47000 -0.07361 0.24250
v -1.47000 -0.04250 0.27361
v -1.47000 -0.04763 0.22750
v -1.47000 -0.05500 0.20000
v -1.47000 -0.08500 0.20000
v -1.47000 -0.07361 0.24250
v -1.47000 -0.05500 0.20000
v -1.47000 -0.04763 0.17250
v -1.47000 -0.07361 0.15750
v -1.47000 -0.08500 0.20000
v -1.47000 -0.04763 0.17250
v -1.47000 -0.02750 0.15237
v -1.47000 -0.04250 0.12639
v -1.47000 -0.07361 0.15750
v -1.47000 -0.02750 0.15237
v -1.47000 -0.00000 0.14500
v -1.47000 -0.00000 0.11500
v -1.47000 -0.04250 0.12639
v -1.47000 -0.00000 0.14500
v -1.47000 0.02750 0.15237
v -1.47000 0.04250 0.12639
v -1.47000 -0.00000 0.11500
v -1.47000 0.02750 0.15237
v -1.47000 0.04763 0.17250
v -1.47000 0.07361 0.15750
v -1.47000 0.04250 0.12639
v -1.47000 0.04763 0.17250
v -1.47000 0.05500 0.20000
v -1.47000 0.08500 0.20000
v -1.47000 0.07361 0.15750
v 1.47000 0.08500 0.20000
v 1.47000 0.07361 0.24250
v 1.53000 0.07361 0.24250
v 1.53000 0.08500 0.20000
v 1.47000 0.07361 0.24250
v 1.47000 0.04250 0.27361
v 1.53000 0.04250 0.27361
v 1.53000 0.07361 0.24250
v 1.47000 0.04250 0.27361
v 1.47000 0.00000 0.28500
v 1.53000 0.00000 0.28500
v 1.53000 0.04250 0.27361
v 1.47000 0.00000 0.28500
v 1.47000 -0.04250 0.27361
v 1.53000 -0.04250 0.27361
v 1.53000 0.00000 0.28500
v 1.47000 -0.04250 0.27361
v 1.47000 -0.07361 0.24250
v 1.53000 -0.07361 0.24250
v 1.53000 -0.04250 0.27361
v 1.47000 -0.07361 0.24250
v 1.47000 -0.08500 0.20000
v 1.53000 -0.08500 0.20000
v 1.53000 -0.07361 0.24250
v 1.47000 -0.08500 0.20000
v 1.47000 -0.07361 0.15750
v 1.53000 -0.07361 0.15750
v 1.53000 -0.08500 0.20000
v 1.47000 -0.07361 0.15750
v 1.47000 -0.04250 0.12639
v 1.53000 -0.04250 0.12639
v 1.53000 -0.07361 0.15750
v 1.47000 -0.04250 0.12639
v 1.47000 -0.00000 0.11500
v 1.53000 -0.00000 0.11500
v 1.53000 -0.04250 0.12639
v 1.47000 -0.00000 0.11500
v 1.47000 0.04250 0.12639
v 1.53000 0.04250 0.12639
v 1.53000 -0.00000 0.11500
v 1.47000 0.04250 0.12639
v 1.47000 0.07361 0.15750
v 1.53000 0.07361 0.15750
v 1.53000 0.04250 0.12639
v 1.47000 0.07361 0.15750
v 1.47000 0.08500 0.20000
v 1.53000 0.08500 0.20000
v 1.53000 0.07361 0.15750
v 1.47000 0.05500 0.20000
v 1.47000 0.04763 0.22750
v 1.47000 0.07361 0.24250
v 1.47000 0.08500 0.20000
v 1.47000 0.04763 0.22750
v 1.47000 0.02750 0.24763
v 1.47000 0.04250 0.27361
v 1.47000 0.07361 0.24250
v 1.47000 0.02750 0.24763
v 1.47000 0.00000 0.25500
v 1.47000 0.00000 0.28500
v 1.47000 0.04250 0.27361
v 1.47000 0.00000 0.25500
v 1.47000 -0.02750 0.24763
v 1.47000 -0.04250 0.27361
v 1.47000 0.00000 0.28500
v 1.47000 -0.02750 0.24763
v 1.47000 -0.04763 0.22750
v 1.47000 -0.07361 0.24250
v 1.47000 -0.04250 0.27361
v 1.47000 -0.04763 0.22750
v 1.47000 -0.05500 0.20000
v 1.47000 -0.08500 0.20000
v 1.47000 -0.07361 0.24250
v 1.47000 -0.05500 0.20000
v 1.47000 -0.04763 0.17250
v 1.47000 -0.07361 0.15750
v 1.47000 -0.08500 0.20000
v 1.47000 -0.04763 0.17250
v 1.47000 -0.02750 0.15237
v 1.47000 -0.04250 0.12639
v 1.47000 -0.07361 0.15750
v 1.47000 -0.02750 0.15237
v 1.47000 -0.00000 0.14500
v 1.47000 -0.00000 0.11500
v 1.47000 -0.04250 0.12639
v 1.47000 -0.00000 0.14500
v 1.47000 0.02750 0.15237
v 1.47000 0.04250 0.12639
v 1.47000 -0.00000 0.11500
v 1.47000 0.02750 0.15237
v 1.47000 0.04763 0.17250
v 1.47000 0.07361 0.15750
v 1.47000 0.04250 0.12639
v 1.47000 0.04763 0.17250
v 1.47000 0.05500 0.20000
v 1.47000 0.08500 0.20000
v 1.47000 0.07361 0.15750
v 1.53000 0.05500 0.20000
v 1.53000 0.04763 0.22750
v 1.53000 0.07361 0.24250
v 1.53000 0.08500 0.20000
v 1.53000 0.04763 0.22750
v 1.53000 0.02750 0.24763
v 1.53000 0.04250 0.27361
v 1.53000 0.07361 0.24250
v 1.53000 0.02750 0.24763
v 1.53000 0.00000 0.25500
v 1.53000 0.00000 0.28500
v 1.53000 0.04250 0.27361
v 1.53000 0.00000 0.25500
v 1.53000 -0.02750 0.24763
v 1.53000 -0.04250 0.27361
v 1.53000 0.00000 0.28500
v 1.53000 -0.02750 0.24763
v 1.53000 -0.04763 0.22750
v 1.53000 -0.07361 0.24250
v 1.53000 -0.04250 0.27361
v 1.53000 -0.04763 0.22750
v 1.53000 -0.05500 0.20000
v 1.53000 -0.08500 0.20000
v 1.53000 -0.07361 0.24250
v 1.53000 -0.05500 0.20000
v 1.53000 -0.04763 0.17250
v 1.53000 -0.07361 0.15750
v 1.53000 -0.08500 0.20000
v 1.53000 -0.04763 0.17250
v 1.53000 -0.02750 0.15237
v 1.53000 -0.04250 0.12639
v 1.53000 -0.07361 0.15750
v 1.53000 -0.02750 0.15237
v 1.53000 -0.00000 0.14500
v 1.53000 -0.00000 0.11500
v 1.53000 -0.04250 0.12639
v 1.53000 -0.00000 0.14500
v 1.53000 0.02750 0.15237
v 1.53000 0.04250 0.12639
v 1.53000 -0.00000 0.11500
v 1.53000 0.02750 0.15237
v 1.53000 0.04763 0.17250
v 1.53000 0.07361 0.15750
v 1.53000 0.04250 0.12639
v 1.53000 0.04763 0.17250
v 1.53000 0.05500 0.20000
v 1.53000 0.08500 0.20000
v 1.53000 0.07361 0.15750
v 4.47000 0.08500 0.20000
v 4.47000 0.07361 0.24250
v 4.53000 0.07361 0.24250
v 4.53000 0.08500 0.20000
v 4.47000 0.07361 0.24250
v 4.47000 0.04250 0.27361
v 4.53000 0.04250 0.27361
v 4.53000 0.07361 0.24250
v 4.47000 0.04250 0.27361
v 4.47000 0.00000 0.28500
v 4.53000 0.00000 0.28500
v 4.53000 0.04250 0.27361
v 4.47000 0.00000 0.28500
v 4.47000 -0.04250 0.27361
v 4.53000 -0.04250 0.27361
v 4.53000 0.00000 0.28500
v 4.47000 -0.04250 0.27361
v 4.47000 -0.07361 0.24250
v 4.53000 -0.07361 0.24250
v 4.53000 -0.04250 0.27361
v 4.47000 -0.07361 0.24250
v 4.47000 -0.08500 0.20000
v 4.53000 -0.08500 0.20000
v 4.53000 -0.07361 0.24250
v 4.47000 -0.08500 0.20000
v 4.47000 -0.07361 0.15750
v 4.53000 -0.07361 0.15750
v 4.53000 -0.08500 0.20000
v 4.47000 -0.07361 0.15750
v 4.47000 -0.04250 0.12639
v 4.53000 -0.04250 0.12639
v 4.53000 -0.07361 0.15750
v 4.47000 -0.04250 0.12639
v 4.47000 -0.00000 0.11500
v 4.53000 -0.00000 0.11500
v 4.53000 -0.04250 0.12639
v 4.47000 -0.00000 0.11500
v 4.47000 0.04250 0.12639
v 4.53000 0.04250 0.12639
v 4.53000 -0.00000 0.11500
v 4.47000 0.04250 0.12639
v 4.47000 0.07361 0.15750
v 4.53000 0.07361 0.15750
v 4.53000 0.04250 0.12639
v 4.47000 0.07361 0.15750
v 4.47000 0.08500 0.20000
v 4.53000 0.08500 0.20000
v 4.53000 0.07361 0.15750
v 4.47000 0.05500 0.20000
v 4.47000 0.04763 0.22750
v 4.47000 0.07361 0.24250
v 4.47000 0.08500 0.20000
v 4.47000 0.04763 0.22750
v 4.47000 0.02750 0.24763
v 4.47000 0.04250 0.27361
v 4.47000 0.07361 0.24250
v 4.47000 0.02750 0.24763
v 4.47000 0.00000 0.25500
v 4.47000 0.00000 0.28500
v 4.47000 0.04250 0.27361
v 4.47000 0.00000 0.25500
v 4.47000 -0.02750 0.24763
v 4.47000 -0.04250 0.27361
v 4.47000 0.00000 0.28500
v 4.47000 -0.02750 0.24763
v 4.47000 -0.04763 0.22750
v 4.47000 -0.07361 0.24250
v 4.47000 -0.04250 0.27361
v 4.47000 -0.04763 0.22750
v 4.47000 -0.05500 0.20000
v 4.47000 -0.08500 0.20000
v 4.47000 -0.07361 0.24250
v 4.47000 -0.05500 0.20000
v 4.47000 -0.04763 0.17250
v 4.47000 -0.07361 0.15750
v 4.47000 -0.08500 0.20000
v 4.47000 -0.04763 0.17250
v 4.47000 -0.02750 0.15237
v 4.47000 -0.04250 0.12639
v 4.47000 -0.07361 0.15750
v 4.47000 -0.02750 0.15237
v 4.47000 -0.00000 0.14500
v 4.47000 -0.00000 0.11500
v 4.47000 -0.04250 0.12639
v 4.47000 -0.00000 0.14500
v 4.47000 0.02750 0.15237
v 4.47000 0.04250 0.12639
v 4.47000 -0.00000 0.11500
v 4.47000 0.02750 0.15237
v 4.47000 0.04763 0.17250
v 4.47000 0.07361 0.15750
v 4.47000 0.04250 0.12639
v 4.47000 0.04763 0.17250
v 4.47000 0.05500 0.20000
v 4.47000 0.08500 0.20000
v 4.47000 0.07361 0.15750
v 4.53000 0.05500 0.20000
v 4.53000 0.04763 0.22750
v 4.53000 0.07361 0.24250
v 4.53000 0.08500 0.20000
v 4.53000 0.04763 0.22750
v 4.53000 0.02750 0.24763
v 4.53000 0.04250 0.27361
v 4.53000 0.07361 0.24250
v 4.53000 0.02750 0.24763
v 4.53000 0.00000 0.25500
v 4.53000 0.00000 0.28500
v 4.53000 0.04250 0.27361
v 4.53000 0.00000 0.25500
v 4.53000 -0.02750 0.24763
v 4.53000 -0.04250 0.27361
v 4.53000 0.00000 0.28500
v 4.53000 -0.02750 0.24763
v 4.53000 -0.04763 0.22750
v 4.53000 -0.07361 0.24250
v 4.53000 -0.04250 0.27361
v 4.53000 -0.04763 0.22750
v 4.53000 -0.05500 0.20000
v 4.53000 -0.08500 0.20000
v 4.53000 -0.07361 0.24250
v 4.53000 -0.05500 0.20000
v 4.53000 -0.04763 0.17250
v 4.53000 -0.07361 0.15750
v 4.53000 -0.08500 0.20000
v 4.53000 -0.04763 0.17250
v 4.53000 -0.02750 0.15237
v 4.53000 -0.04250 0.12639
v 4.53000 -0.07361 0.15750
v 4.53000 -0.02750 0.15237
v 4.53000 -0.00000 0.14500
v 4.53000 -0.00000 0.11500
v 4.53000 -0.04250 0.12639
v 4.53000 -0.00000 0.14500
v 4.53000 0.02750 0.15237
v 4.53000 0.04250 0.12639
v 4.53000 -0.00000 0.11500
v 4.53000 0.02750 0.15237
v 4.53000 0.04763 0.17250
v 4.53000 0.07361 0.15750
v 4.53000 0.04250 0.12639
v 4.53000 0.04763 0.17250
v 4.53000 0.05500 0.20000
v 4.53000 0.08500 0.20000
v 4.53000 0.07361 0.15750
v -6.00000 -0.16000 0.05500
v -6.00000 -0.13750 0.06103
v 6.00000 -0.13750 0.06103
v 6.00000 -0.16000 0.05500
v -6.00000 -0.13750 0.06103
v -6.00000 -0.12103 0.07750
v 6.00000 -0.12103 0.07750
v 6.00000 -0.13750 0.06103
v -6.00000 -0.12103 0.07750
v -6.00000 -0.11500 0.10000
v 6.00000 -0.11500 0.10000
v 6.00000 -0.12103 0.07750
v -6.00000 -0.11500 0.10000
v -6.00000 -0.12103 0.12250
v 6.00000 -0.12103 0.12250
v 6.00000 -0.11500 0.10000
v -6.00000 -0.12103 0.12250
v -6.00000 -0.13750 0.13897
v 6.00000 -0.13750 0.13897
v 6.00000 -0.12103 0.12250
v -6.00000 -0.13750 0.13897
v -6.00000 -0.16000 0.14500
v 6.00000 -0.16000 0.14500
v 6.00000 -0.13750 0.13897
v -6.00000 -0.16000 0.14500
v -6.00000 -0.18250 0.13897
v 6.00000 -0.18250 0.13897
v 6.00000 -0.16000 0.14500
v -6.00000 -0.18250 0.13897
v -6.00000 -0.19897 0.12250
v 6.00000 -0.19897 0.12250
v 6.00000 -0.18250 0.13897
v -6.00000 -0.19897 0.12250
v -6.00000 -0.20500 0.10000
v 6.00000 -0.20500 0.10000
v 6.00000 -0.19897 0.12250
v -6.00000 -0.20500 0.10000
v -6.00000 -0.19897 0.07750
v 6.00000 -0.19897 0.07750
v 6.00000 -0.20500 0.10000
v -6.00000 -0.19897 0.07750
v -6.00000 -0.18250 0.06103
v 6.00000 -0.18250 0.06103
v 6.00000 -0.19897 0.07750
v -6.00000 -0.18250 0.06103
v -6.00000 -0.16000 0.05500
v 6.00000 -0.16000 0.05500
v 6.00000 -0.18250 0.06103
v -6.00000 -0.18250 0.06103
v -6.00000 -0.19897 0.07750
v -6.00000 -0.20500 0.10000
v -6.00000 -0.19897 0.12250
v -6.00000 -0.18250 0.13897
v -6.00000 -0.16000 0.14500
v -6.00000 -0.13750 0.13897
v -6.00000 -0.12103 0.12250
v -6.00000 -0.11500 0.10000
v -6.00000 -0.12103 0.07750
v -6.00000 -0.13750 0.06103
v -6.00000 -0.16000 0.05500
v 6.00000 -0.16000 0.05500
v 6.00000 -0.13750 0.06103
v 6.00000 -0.12103 0.07750
v 6.00000 -0.11500 0.10000
v 6.00000 -0.12103 0.12250
v 6.00000 -0.13750 0.13897
v 6.00000 -0.16000 0.14500
v 6.00000 -0.18250 0.13897
v 6.00000 -0.19897 0.12250
v 6.00000 -0.20500 0.10000
v 6.00000 -0.19897 0.07750
v 6.00000 -0.18250 0.06103
v -4.53000 -0.08500 0.10000
v -4.53000 -0.09505 0.13750
v -4.47000 -0.09505 0.13750
v -4.47000 -0.08500 0.10000
v -4.53000 -0.09505 0.13750
v -4.53000 -0.12250 0.16495
v -4.47000 -0.12250 0.16495
v -4.47000 -0.09505 0.13750
v -4.53000 -0.12250 0.16495
v -4.53000 -0.16000 0.17500
v -4.47000 -0.16000 0.17500
v -4.47000 -0.12250 0.16495
v -4.53000 -0.16000 0.17500
v -4.53000 -0.19750 0.16495
v -4.47000 -0.19750 0.16495
v -4.47000 -0.16000 0.17500
v -4.53000 -0.19750 0.16495
v -4.53000 -0.22495 0.13750
v -4.47000 -0.22495 0.13750
v -4.47000 -0.19750 0.16495
v -4.53000 -0.22495 0.13750
v -4.53000 -0.23500 0.10000
v -4.47000 -0.23500 0.10000
v -4.47000 -0.22495 0.13750
v -4.53000 -0.23500 0.10000
v -4.53000 -0.22495 0.06250
v -4.47000 -0.22495 0.06250
v -4.47000 -0.23500 0.10000
v -4.53000 -0.22495 0.06250
v -4.53000 -0.19750 0.03505
v -4.47000 -0.19750 0.03505
v -4.47000 -0.22495 0.06250
v -4.53000 -0.19750 0.03505
v -4.53000 -0.16000 0.02500
v -4.47000 -0.16000 0.02500
v -4.47000 -0.19750 0.03505
v -4.53000 -0.16000 0.02500
v -4.53000 -0.12250 0.03505
v -4.47000 -0.12250 0.03505
v -4.47000 -0.16000 0.02500
v -4.53000 -0.12250 0.03505
v -4.53000 -0.09505 0.06250
v -4.47000 -0.09505 0.06250
v -4.47000 -0.12250 0.03505
v -4.53000 -0.09505 0.06250
v -4.53000 -0.08500 0.10000
v -4.47000 -0.08500 0.10000
v -4.47000 -0.09505 0.06250
v -4.53000 -0.11500 0.10000
v -4.53000 -0.12103 0.12250
v -4.53000 -0.09505 0.13750
v -4.53000 -0.08500 0.10000
v -4.53000 -0.12103 0.12250
v -4.53000 -0.13750 0.13897
v -4.53000 -0.12250 0.16495
v -4.53000 -0.09505 0.13750
v -4.53000 -0.13750 0.13897
v -4.53000 -0.16000 0.14500
v -4.53000 -0.16000 0.17500
v -4.53000 -0.12250 0.16495
v -4.53000 -0.16000 0.14500
v -4.53000 -0.18250 0.13897
v -4.53000 -0.19750 0.16495
v -4.53000 -0.16000 0.17500
v -4.53000 -0.18250 0.13897
v -4.53000 -0.19897 0.12250
v -4.53000 -0.22495 0.13750
v -4.53000 -0.19750 0.16495
v -4.53000 -0.19897 0.12250
v -4.53000 -0.20500 0.10000
v -4.53000 -0.23500 0.10000
v -4.53000 -0.22495 0.13750
v -4.53000 -0.20500 0.10000
v -4.53000 -0.19897 0.07750
v -4.53000 -0.22495 0.06250
v -4.53000 -0.23500 0.10000
v -4.53000 -0.19897 0.07750
v -4.53000 -0.18250 0.06103
v -4.53000 -0.19750 0.03505
v -4.53000 -0.22495 0.06250
v -4.53000 -0.18250 0.06103
v -4.53000 -0.16000 0.05500
v -4.53000 -0.16000 0.02500
v -4.53000 -0.19750 0.03505
v -4.53000 -0.16000 0.05500
v -4.53000 -0.13750 0.06103
v -4.53000 -0.12250 0.03505
v -4.53000 -0.16000 0.02500
v -4.53000 -0.13750 0.06103
v -4.53000 -0.12103 0.07750
v -4.53000 -0.09505 0.06250
v -4.53000 -0.12250 0.03505
v -4.53000 -0.12103 0.07750
v -4.53000 -0.11500 0.10000
v -4.53000 -0.08500 0.10000
v -4.53000 -0.09505 0.06250
v -4.47000 -0.11500 0.10000
v -4.47000 -0.12103 0.12250
v -4.47000 -0.09505 0.13750
v -4.47000 -0.08500 0.10000
v -4.47000 -0.12103 0.12250
v -4.47000 -0.13750 0.13897
v -4.47000 -0.12250 0.16495
v -4.47000 -0.09505 0.13750
v -4.47000 -0.13750 0.13897
v -4.47000 -0.16000 0.14500
v -4.47000 -0.16000 0.17500
v -4.47000 -0.12250 0.16495
v -4.47000 -0.16000 0.14500
v -4.47000 -0.18250 0.13897
v -4.47000 -0.19750 0.16495
v -4.47000 -0.16000 0.17500
v -4.47000 -0.18250 0.13897
v -4.47000 -0.19897 0.12250
v -4.47000 -0.22495 0.13750
v -4.47000 -0.19750 0.16495
v -4.47000 -0.19897 0.12250
v -4.47000 -0.20500 0.10000
v -4.47000 -0.23500 0.10000
v -4.47000 -0.22495 0.13750
v -4.47000 -0.20500 0.10000
v -4.47000 -0.19897 0.07750
v -4.47000 -0.22495 0.06250
v -4.47000 -0.23500 0.10000
v -4.47000 -0.19897 0.07750
v -4.47000 -0.18250 0.06103
v -4.47000 -0.19750 0.03505
v -4.47000 -0.22495 0.06250
v -4.47000 -0.18250 0.06103
v -4.47000 -0.16000 0.05500
v -4.47000 -0.16000 0.02500
v -4.47000 -0.19750 0.03505
v -4.47000 -0.16000 0.05500
v -4.47000 -0.13750 0.06103
v -4.47000 -0.12250 0.03505
v -4.47000 -0.16000 0.02500
v -4.47000 -0.13750 0.06103
v -4.47000 -0.12103 0.07750
v -4.47000 -0.09505 0.06250
v -4.47000 -0.12250 0.03505
v -4.47000 -0.12103 0.07750
v -4.47000 -0.11500 0.10000
v -4.47000 -0.08500 0.10000
v -4.47000 -0.09505 0.06250
v -1.53000 -0.08500 0.10000
v -1.53000 -0.09505 0.13750
v -1.47000 -0.09505 0.13750
v -1.47000 -0.08500 0.10000
v -1.53000 -0.09505 0.13750
v -1.53000 -0.12250 0.16495
v -1.47000 -0.12250 0.16495
v -1.47000 -0.09505 0.13750
v -1.53000 -0.12250 0.16495
v -1.53000 -0.16000 0.17500
v -1.47000 -0.16000 0.17500
v -1.47000 -0.12250 0.16495
v -1.53000 -0.16000 0.17500
v -1.53000 -0.19750 0.16495
v -1.47000 -0.19750 0.16495
v -1.47000 -0.16000 0.17500
v -1.53000 -0.19750 0.16495
v -1.53000 -0.22495 0.13750
v -1.47000 -0.22495 0.13750
v -1.47000 -0.19750 0.16495
v -1.53000 -0.22495 0.13750
v -1.53000 -0.23500 0.10000
v -1.47000 -0.23500 0.10000
v -1.47000 -0.22495 0.13750
v -1.53000 -0.23500 0.10000
v -1.53000 -0.22495 0.06250
v -1.47000 -0.22495 0.06250
v -1.47000 -0.23500 0.10000
v -1.53000 -0.22495 0.06250
v -1.53000 -0.19750 0.03505
v -1.47000 -0.19750 0.03505
v -1.47000 -0.22495 0.06250
v -1.53000 -0.19750 0.03505
v -1.53000 -0.16000 0.02500
v -1.47000 -0.16000 0.02500
v -1.47000 -0.19750 0.03505
v -1.53000 -0.16000 0.02500
v -1.53000 -0.12250 0.03505
v -1.47000 -0.12250 0.03505
v -1.47000 -0.16000 0.02500
v -1.53000 -0.12250 0.03505
v -1.53000 -0.09505 0.06250
v -1.47000 -0.09505 0.06250
v -1.47000 -0.12250 0.03505
v -1.53000 -0.09505 0.06250
v -1.53000 -0.08500 0.10000
v -1.47000 -0.08500 0.10000
v -1.47000 -0.09505 0.06250
v -1.53000 -0.11500 0.10000
v -1.53000 -0.12103 0.12250
v -1.53000 -0.09505 0.13750
v -1.53000 -0.08500 0.10000
v -1.53000 -0.12103 0.12250
v -1.53000 -0.13750 0.13897
v -1.53000 -0.12250 0.16495
v -1.53000 -0.09505 0.13750
v -1.53000 -0.13750 0.13897
v -1.53000 -0.16000 0.14500
v -1.53000 -0.16000 0.17500
v -1.53000 -0.12250 0.16495
v -1.53000 -0.16000 0.14500
v -1.53000 -0.18250 0.13897
v -1.53000 -0.19750 0.16495
v -1.53000 -0.16000 0.17500
v -1.53000 -0.18250 0.13897
v -1.53000 -0.19897 0.12250
v -1.53000 -0.22495 0.13750
v -1.53000 -0.19750 0.16495
v -1.53000 -0.19897 0.12250
v -1.53000 -0.20500 0.10000
v -1.53000 -0.23500 0.10000
v -1.53000 -0.22495 0.13750
v -1.53000 -0.20500 0.10000
v -1.53000 -0.19897 0.07750
v -1.53000 -0.22495 0.06250
v -1.53000 -0.23500 0.10000
v -1.53000 -0.19897 0.07750
v -1.53000 -0.18250 0.06103
v -1.53000 -0.19750 0.03505
v -1.53000 -0.22495 0.06250
v -1.53000 -0.18250 0.06103
v -1.53000 -0.16000 0.05500
v -1.53000 -0.16000 0.02500
v -1.53000 -0.19750 0.03505
v -1.53000 -0.16000 0.05500
v -1.53000 -0.13750 0.06103
v -1.53000 -0.12250 0.03505
v -1.53000 -0.16000 0.02500
v -1.53000 -0.13750 0.06103
v -1.53000 -0.12103 0.07750
v -1.53000 -0.09505 0.06250
v -1.53000 -0.12250 0.03505
v -1.53000 -0.12103 0.07750
v -1.53000 -0.11500 0.10000
v -1.53000 -0.08500 0.10000
v -1.53000 -0.09505 0.06250
v -1.47000 -0.11500 0.10000
v -1.47000 -0.12103 0.12250
v -1.47000 -0.09505 0.13750
v -1.47000 -0.08500 0.10000
v -1.47000 -0.12103 0.12250
v -1.47000 -0.13750 0.13897
v -1.47000 -0.12250 0.16495
v -1.47000 -0.09505 0.13750
v -1.47000 -0.13750 0.13897
v -1.47000 -0.16000 0.14500
v -1.47000 -0.16000 0.17500
v -1.47000 -0.12250 0.16495
v -1.47000 -0.16000 0.14500
v -1.47000 -0.18250 0.13897
v -1.47000 -0.19750 0.16495
v -1.47000 -0.16000 0.17500
v -1.47000 -0.18250 0.13897
v -1.47000 -0.19897 0.12250
v -1.47000 -0.22495 0.13750
v -1.47000 -0.19750 0.16495
v -1.47000 -0.19897 0.12250
v -1.47000 -0.20500 0.10000
v -1.47000 -0.23500 0.10000
v -1.47000 -0.22495 0.13750
v -1.47000 -0.20500 0.10000
v -1.47000 -0.19897 0.07750
v -1.47000 -0.22495 0.06250
v -1.47000 -0.23500 0.10000
v -1.47000 -0.19897 0.07750
v -1.47000 -0.18250 0.06103
v -1.47000 -0.19750 0.03505
v -1.47000 -0.22495 0.06250
v -1.47000 -0.18250 0.06103
v -1.47000 -0.16000 0.05500
v -1.47000 -0.16000 0.02500
v -1.47000 -0.19750 0.03505
v -1.47000 -0.16000 0.05500
v -1.47000 -0.13750 0.06103
v -1.47000 -0.12250 0.03505
v -1.47000 -0.16000 0.02500
v -1.47000 -0.13750 0.06103
v -1.47000 -0.12103 0.07750
v -1.47000 -0.09505 0.06250
v -1.47000 -0.12250 0.03505
v -1.47000 -0.12103 0.07750
v -1.47000 -0.11500 0.10000
v -1.47000 -0.08500 0.10000
v -1.47000 -0.09505 0.06250
v 1.47000 -0.08500 0.10000
v 1.47000 -0.09505 0.13750
v 1.53000 -0.09505 0.13750
v 1.53000 -0.08500 0.10000
v 1.47000 -0.09505 0.13750
v 1.47000 -0.12250 0.16495
v 1.53000 -0.12250 0.16495
v 1.53000 -0.09505 0.13750
v 1.47000 -0.12250 0.16495
v 1.47000 -0.16000 0.17500
v 1.53000 -0.16000 0.17500
v 1.53000 -0.12250 0.16495
v 1.47000 -0.16000 0.17500
v 1.47000 -0.19750 0.16495
v 1.53000 -0.19750 0.16495
v 1.53000 -0.16000 0.17500
v 1.47000 -0.19750 0.16495
v 1.47000 -0.22495 0.13750
v 1.53000 -0.22495 0.13750
v 1.53000 -0.19750 0.16495
v 1.47000 -0.22495 0.13750
v 1.47000 -0.23500 0.10000
v 1.53000 -0.23500 0.10000
v 1.53000 -0.22495 0.13750
v 1.47000 -0.23500 0.10000
v 1.47000 -0.22495 0.06250
v 1.53000 -0.22495 0.06250
v 1.53000 -0.23500 0.10000
v 1.47000 -0.22495 0.06250
v 1.47000 -0.19750 0.03505
v 1.53000 -0.19750 0.03505
v 1.53000 -0.22495 0.06250
v 1.47000 -0.19750 0.03505
v 1.47000 -0.16000 0.02500
v 1.53000 -0.16000 0.02500
v 1.53000 -0.19750 0.03505
v 1.47000 -0.16000 0.02500
v 1.47000 -0.12250 0.03505
v 1.53000 -0.12250 0.03505
v 1.53000 -0.16000 0.02500
v 1.47000 -0.12250 0.03505
v 1.47000 -0.09505 0.06250
v 1.53000 -0.09505 0.06250
v 1.53000 -0.12250 0.03505
v 1.47000 -0.09505 0.06250
v 1.47000 -0.08500 0.10000
v 1.53000 -0.08500 0.10000
v 1.53000 -0.09505 0.06250
v 1.47000 -0.11500 0.10000
v 1.47000 -0.12103 0.12250
v 1.47000 -0.09505 0.13750
v 1.47000 -0.08500 0.10000
v 1.47000 -0.12103 0.12250
v 1.47000 -0.13750 0.13897
v 1.47000 -0.12250 0.16495
v 1.47000 -0.09505 0.13750
v 1.47000 -0.13750 0.13897
v 1.47000 -0.16000 0.14500
v 1.47000 -0.16000 0.17500
v 1.47000 -0.12250 0.16495
v 1.47000 -0.16000 0.14500
v 1.47000 -0.18250 0.13897
v 1.47000 -0.19750 0.16495
v 1.47000 -0.16000 0.17500
v 1.47000 -0.18250 0.13897
v 1.47000 -0.19897 0.12250
v 1.47000 -0.22495 0.13750
v 1.47000 -0.19750 0.16495
v 1.47000 -0.19897 0.12250
v 1.47000 -0.20500 0.10000
v 1.47000 -0.23500 0.10000
v 1.47000 -0.22495 0.13750
v 1.47000 -0.20500 0.10000
v 1.47000 -0.19897 0.07750
v 1.47000 -0.22495 0.06250
v 1.47000 -0.23500 0.10000
v 1.47000 -0.19897 0.07750
v 1.47000 -0.18250 0.06103
v 1.47000 -0.19750 0.03505
v 1.47000 -0.22495 0.06250
v 1.47000 -0.18250 0.06103
v 1.47000 -0.16000 0.05500
v 1.47000 -0.16000 0.02500
v 1.47000 -0.19750 0.03505
v 1.47000 -0.16000 0.05500
v 1.47000 -0.13750 0.06103
v 1.47000 -0.12250 0.03505
v 1.47000 -0.16000 0.02500
v 1.47000 -0.13750 0.06103
v 1.47000 -0.12103 0.07750
v 1.47000 -0.09505 0.06250
v 1.47000 -0.12250 0.03505
v 1.47000 -0.12103 0.07750
v 1.47000 -0.11500 0.10000
v 1.47000 -0.08500 0.10000
v 1.47000 -0.09505 0.06250
v 1.53000 -0.11500 0.10000
v 1.53000 -0.12103 0.12250
v 1.53000 -0.09505 0.13750
v 1.53000 -0.08500 0.10000
v 1.53000 -0.12103 0.12250
v 1.53000 -0.13750 0.13897
v 1.53000 -0.12250 0.16495
v 1.53000 -0.09505 0.13750
v 1.53000 -0.13750 0.13897
v 1.53000 -0.16000 0.14500
v 1.53000 -0.16000 0.17500
v 1.53000 -0.12250 0.16495
v 1.53000 -0.16000 0.14500
v 1.53000 -0.18250 0.13897
v 1.53000 -0.19750 0.16495
v 1.53000 -0.16000 0.17500
v 1.53000 -0.18250 0.13897
v 1.53000 -0.19897 0.12250
v 1.53000 -0.22495 0.13750
v 1.53000 -0.19750 0.16495
v 1.53000 -0.19897 0.12250
v 1.53000 -0.20500 0.10000
v 1.53000 -0.23500 0.10000
v 1.53000 -0.22495 0.13750
v 1.53000 -0.20500 0.10000
v 1.53000 -0.19897 0.07750
v 1.53000 -0.22495 0.06250
v 1.53000 -0.23500 0.10000
v 1.53000 -0.19897 0.07750
v 1.53000 -0.18250 0.06103
v 1.53000 -0.19750 0.03505
v 1.53000 -0.22495 0.06250
v 1.53000 -0.18250 0.06103
v 1.53000 -0.16000 0.05500
v 1.53000 -0.16000 0.02500
v 1.53000 -0.19750 0.03505
v 1.53000 -0.16000 0.05500
v 1.53000 -0.13750 0.06103
v 1.53000 -0.12250 0.03505
v 1.53000 -0.16000 0.02500
v 1.53000 -0.13750 0.06103
v 1.53000 -0.12103 0.07750
v 1.53000 -0.09505 0.06250
v 1.53000 -0.12250 0.03505
v 1.53000 -0.12103 0.07750
v 1.53000 -0.11500 0.10000
v 1.53000 -0.08500 0.10000
v 1.53000 -0.09505 0.06250
v 4.47000 -0.08500 0.10000
v 4.47000 -0.09505 0.13750
v 4.53000 -0.09505 0.13750
v 4.53000 -0.08500 0.10000
v 4.47000 -0.09505 0.13750
v 4.47000 -0.12250 0.16495
v 4.53000 -0.12250 0.16495
v 4.53000 -0.09505 0.13750
v 4.47000 -0.12250 0.16495
v 4.47000 -0.16000 0.17500
v 4.53000 -0.16000 0.17500
v 4.53000 -0.12250 0.16495
v 4.47000 -0.16000 0.17500
v 4.47000 -0.19750 0.16495
v 4.53000 -0.19750 0.16495
v 4.53000 -0.16000 0.17500
v 4.47000 -0.19750 0.16495
v 4.47000 -0.22495 0.13750
v 4.53000 -0.22495 0.13750
v 4.53000 -0.19750 0.16495
v 4.47000 -0.22495 0.13750
v 4.47000 -0.23500 0.10000
v 4.53000 -0.23500 0.10000
v 4.53000 -0.22495 0.13750
v 4.47000 -0.23500 0.10000
v 4.47000 -0.22495 0.06250
v 4.53000 -0.22495 0.06250
v 4.53000 -0.23500 0.10000
v 4.47000 -0.22495 0.06250
v 4.47000 -0.19750 0.03505
v 4.53000 -0.19750 0.03505
v 4.53000 -0.22495 0.06250
v 4.47000 -0.19750 0.03505
v 4.47000 -0.16000 0.02500
v 4.53000 -0.16000 0.02500
v 4.53000 -0.19750 0.03505
v 4.47000 -0.16000 0.02500
v 4.47000 -0.12250 0.03505
v 4.53000 -0.12250 0.03505
v 4.53000 -0.16000 0.02500
v 4.47000 -0.12250 0.03505
v 4.47000 -0.09505 0.06250
v 4.53000 -0.09505 0.06250
v 4.53000 -0.12250 0.03505
v 4.47000 -0.09505 0.06250
v 4.47000 -0.08500 0.10000
v 4.53000 -0.08500 0.10000
v 4.53000 -0.09505 0.06250
v 4.47000 -0.11500 0.10000
v 4.47000 -0.12103 0.12250
v 4.47000 -0.09505 0.13750
v 4.47000 -0.08500 0.10000
v 4.47000 -0.12103 0.12250
v 4.47000 -0.13750 0.13897
v 4.47000 -0.12250 0.16495
v 4.47000 -0.09505 0.13750
v 4.47000 -0.13750 0.13897
v 4.47000 -0.16000 0.14500
v 4.47000 -0.16000 0.17500
v 4.47000 -0.12250 0.16495
v 4.47000 -0.16000 0.14500
v 4.47000 -0.18250 0.13897
v 4.47000 -0.19750 0.16495
v 4.47000 -0.16000 0.17500
v 4.47000 -0.18250 0.13897
v 4.47000 -0.19897 0.12250
v 4.47000 -0.22495 0.13750
v 4.47000 -0.19750 0.16495
v 4.47000 -0.19897 0.12250
v 4.47000 -0.20500 0.10000
v 4.47000 -0.23500 0.10000
v 4.47000 -0.22495 0.13750
v 4.47000 -0.20500 0.10000
v 4.47000 -0.19897 0.07750
v 4.47000 -0.22495 0.06250
v 4.47000 -0.23500 0.10000
v 4.47000 -0.19897 0.07750
v 4.47000 -0.18250 0.06103
v 4.47000 -0.19750 0.03505
v 4.47000 -0.22495 0.06250
v 4.47000 -0.18250 0.06103
v 4.47000 -0.16000 0.05500
v 4.47000 -0.16000 0.02500
v 4.47000 -0.19750 0.03505
v 4.47000 -0.16000 0.05500
v 4.47000 -0.13750 0.06103
v 4.47000 -0.12250 0.03505
v 4.47000 -0.16000 0.02500
v 4.47000 -0.13750 0.06103
v 4.47000 -0.12103 0.07750
v 4.47000 -0.09505 0.06250
v 4.47000 -0.12250 0.03505
v 4.47000 -0.12103 0.07750
v 4.47000 -0.11500 0.10000
v 4.47000 -0.08500 0.10000
v 4.47000 -0.09505 0.06250
v 4.53000 -0.11500 0.10000
v 4.53000 -0.12103 0.12250
v 4.53000 -0.09505 0.13750
v 4.53000 -0.08500 0.10000
v 4.53000 -0.12103 0.12250
v 4.53000 -0.13750 0.13897
v 4.53000 -0.12250 0.16495
v 4.53000 -0.09505 0.13750
v 4.53000 -0.13750 0.13897
v 4.53000 -0.16000 0.14500
v 4.53000 -0.16000 0.17500
v 4.53000 -0.12250 0.16495
v 4.53000 -0.16000 0.14500
v 4.53000 -0.18250 0.13897
v 4.53000 -0.19750 0.16495
v 4.53000 -0.16000 0.17500
v 4.53000 -0.18250 0.13897
v 4.53000 -0.19897 0.12250
v 4.53000 -0.22495 0.13750
v 4.53000 -0.19750 0.16495
v 4.53000 -0.19897 0.12250
v 4.53000 -0.20500 0.10000
v 4.53000 -0.23500 0.10000
v 4.53000 -0.22495 0.13750
v 4.53000 -0.20500 0.10000
v 4.53000 -0.19897 0.07750
v 4.53000 -0.22495 0.06250
v 4.53000 -0.23500 0.10000
v 4.53000 -0.19897 0.07750
v 4.53000 -0.18250 0.06103
v 4.53000 -0.19750 0.03505
v 4.53000 -0.22495 0.06250
v 4.53000 -0.18250 0.06103
v 4.53000 -0.16000 0.05500
v 4.53000 -0.16000 0.02500
v 4.53000 -0.19750 0.03505
v 4.53000 -0.16000 0.05500
v 4.53000 -0.13750 0.06103
v 4.53000 -0.12250 0.03505
v 4.53000 -0.16000 0.02500
v 4.53000 -0.13750 0.06103
v 4.53000 -0.12103 0.07750
v 4.53000 -0.09505 0.06250
v 4.53000 -0.12250 0.03505
v 4.53000 -0.12103 0.07750
v 4.53000 -0.11500 0.10000
v 4.53000 -0.08500 0.10000
v 4.53000 -0.09505 0.06250
v -5.17500 0.07000 0.31000
v -5.17500 0.07000 -0.11000
v -5.17500 0.13000 -0.11000
v -5.17500 0.13000 0.31000
v -5.22500 0.07000 -0.11000
v -5.22500 0.07000 0.31000
v -5.22500 0.13000 0.31000
v -5.22500 0.13000 -0.11000
v -5.22500 0.13000 0.31000
v -5.17500 0.13000 0.31000
v -5.17500 0.13000 -0.11000
v -5.22500 0.13000 -0.11000
v -5.22500 0.07000 -0.11000
v -5.17500 0.07000 -0.11000
v -5.17500 0.07000 0.31000
v -5.22500 0.07000 0.31000
v -5.22500 0.07000 0.31000
v -5.17500 0.07000 0.31000
v -5.17500 0.13000 0.31000
v -5.22500 0.13000 0.31000
v -5.17500 0.07000 -0.11000
v -5.22500 0.07000 -0.11000
v -5.22500 0.13000 -0.11000
v -5.17500 0.13000 -0.11000
v -5.17500 0.12000 0.13000
v -5.17500 0.12000 0.07000
v -5.17500 0.56000 0.07000
v -5.17500 0.56000 0.13000
v -5.22500 0.12000 0.07000
v -5.22500 0.12000 0.13000
v -5.22500 0.56000 0.13000
v -5.22500 0.56000 0.07000
v -5.22500 0.56000 0.13000
v -5.17500 0.56000 0.13000
v -5.17500 0.56000 0.07000
v -5.22500 0.56000 0.07000
v -5.22500 0.12000 0.07000
v -5.17500 0.12000 0.07000
v -5.17500 0.12000 0.13000
v -5.22500 0.12000 0.13000
v -5.22500 0.12000 0.13000
v -5.17500 0.12000 0.13000
v -5.17500 0.56000 0.13000
v -5.22500 0.56000 0.13000
v -5.17500 0.12000 0.07000
v -5.22500 0.12000 0.07000
v -5.22500 0.56000 0.07000
v -5.17500 0.56000 0.07000
v -2.17500 0.07000 0.31000
v -2.17500 0.07000 -0.11000
v -2.17500 0.13000 -0.11000
v -2.17500 0.13000 0.31000
v -2.22500 0.07000 -0.11000
v -2.22500 0.07000 0.31000
v -2.22500 0.13000 0.31000
v -2.22500 0.13000 -0.11000
v -2.22500 0.13000 0.31000
v -2.17500 0.13000 0.31000
v -2.17500 0.13000 -0.11000
v -2.22500 0.13000 -0.11000
v -2.22500 0.07000 -0.11000
v -2.17500 0.07000 -0.11000
v -2.17500 0.07000 0.31000
v -2.22500 0.07000 0.31000
v -2.22500 0.07000 0.31000
v -2.17500 0.07000 0.31000
v -2.17500 0.13000 0.31000
v -2.22500 0.13000 0.31000
v -2.17500 0.07000 -0.11000
v -2.22500 0.07000 -0.11000
v -2.22500 0.13000 -0.11000
v -2.17500 0.13000 -0.11000
v -2.17500 0.12000 0.13000
v -2.17500 0.12000 0.07000
v -2.17500 0.56000 0.07000
v -2.17500 0.56000 0.13000
v -2.22500 0.12000 0.07000
v -2.22500 0.12000 0.13000
v -2.22500 0.56000 0.13000
v -2.22500 0.56000 0.07000
v -2.22500 0.56000 0.13000
v -2.17500 0.56000 0.13000
v -2.17500 0.56000 0.07000
v -2.22500 0.56000 0.07000
v -2.22500 0.12000 0.07000
v -2.17500 0.12000 0.07000
v -2.17500 0.12000 0.13000
v -2.22500 0.12000 0.13000
v -2.22500 0.12000 0.13000
v -2.17500 0.12000 0.13000
v -2.17500 0.56000 0.13000
v -2.22500 0.56000 0.13000
v -2.17500 0.12000 0.07000
v -2.22500 0.12000 0.07000
v -2.22500 0.56000 0.07000
v -2.17500 0.56000 0.07000
v 0.82500 0.07000 0.31000
v 0.82500 0.07000 -0.11000
v 0.82500 0.13000 -0.11000
v 0.82500 0.13000 0.31000
v 0.77500 0.07000 -0.11000
v 0.77500 0.07000 0.31000
v 0.77500 0.13000 0.31000
v 0.77500 0.13000 -0.11000
v 0.77500 0.13000 0.31000
v 0.82500 0.13000 0.31000
v 0.82500 0.13000 -0.11000
v 0.77500 0.13000 -0.11000
v 0.77500 0.07000 -0.11000
v 0.82500 0.07000 -0.11000
v 0.82500 0.07000 0.31000
v 0.77500 0.07000 0.31000
v 0.77500 0.07000 0.31000
v 0.82500 0.07000 0.31000
v 0.82500 0.13000 0.31000
v 0.77500 0.13000 0.31000
v 0.82500 0.07000 -0.11000
v 0.77500 0.07000 -0.11000
v 0.77500 0.13000 -0.11000
v 0.82500 0.13000 -0.11000
v 0.82500 0.12000 0.13000
v 0.82500 0.12000 0.07000
v 0.82500 0.56000 0.07000
v 0.82500 0.56000 0.13000
v 0.77500 0.12000 0.07000
v 0.77500 0.12000 0.13000
v 0.77500 0.56000 0.13000
v 0.77500 0.56000 0.07000
v 0.77500 0.56000 0.13000
v 0.82500 0.56000 0.13000
v 0.82500 0.56000 0.07000
v 0.77500 0.56000 0.07000
v 0.77500 0.12000 0.07000
v 0.82500 0.12000 0.07000
v 0.82500 0.12000 0.13000
v 0.77500 0.12000 0.13000
v 0.77500 0.12000 0.13000
v 0.82500 0.12000 0.13000
v 0.82500 0.56000 0.13000
v 0.77500 0.56000 0.13000
v 0.82500 0.12000 0.07000
v 0.77500 0.12000 0.07000
v 0.77500 0.56000 0.07000
v 0.82500 0.56000 0.07000
v 3.82500 0.07000 0.31000
v 3.82500 0.07000 -0.11000
v 3.82500 0.13000 -0.11000
v 3.82500 0.13000 0.31000
v 3.77500 0.07000 -0.11000
v 3.77500 0.07000 0.31000
v 3.77500 0.13000 0.31000
v 3.77500 0.13000 -0.11000
v 3.77500 0.13000 0.31000
v 3.82500 0.13000 0.31000
v 3.82500 0.13000 -0.11000
v 3.77500 0.13000 -0.11000
v 3.77500 0.07000 -0.11000
v 3.82500 0.07000 -0.11000
v 3.82500 0.07000 0.31000
v 3.77500 0.07000 0.31000
v 3.77500 0.07000 0.31000
v 3.82500 0.07000 0.31000
v 3.82500 0.13000 0.31000
v 3.77500 0.13000 0.31000
v 3.82500 0.07000 -0.11000
v 3.77500 0.07000 -0.11000
v 3.77500 0.13000 -0.11000
v 3.82500 0.13000 -0.11000
v 3.82500 0.12000 0.13000
v 3.82500 0.12000 0.07000
v 3.82500 0.56000 0.07000
v 3.82500 0.56000 0.13000
v 3.77500 0.12000 0.07000
v 3.77500 0.12000 0.13000
v 3.77500 0.56000 0.13000
v 3.77500 0.56000 0.07000
v 3.77500 0.56000 0.13000
v 3.82500 0.56000 0.13000
v 3.82500 0.56000 0.07000
v 3.77500 0.56000 0.07000
v 3.77500 0.12000 0.07000
v 3.82500 0.12000 0.07000
v 3.82500 0.12000 0.13000
v 3.77500 0.12000 0.13000
v 3.77500 0.12000 0.13000
v 3.82500 0.12000 0.13000
v 3.82500 0.56000 0.13000
v 3.77500 0.56000 0.13000
v 3.82500 0.12000 0.07000
v 3.77500 0.12000 0.07000
v 3.77500 0.56000 0.07000
v 3.82500 0.56000 0.07000
vt 0.00000 0.00000
vt 0.09817 0.00000
vt 0.09817 30.00000
vt 0.00000 30.00000
vt 0.09817 0.00000
vt 0.19635 0.00000
vt 0.19635 30.00000
vt 0.09817 30.00000
vt 0.19635 0.00000
vt 0.29452 0.00000
vt 0.29452 30.00000
vt 0.19635 30.00000
vt 0.29452 0.00000
vt 0.39270 0.00000
vt 0.39270 30.00000
vt 0.29452 30.00000
vt 0.39270 0.00000
vt 0.49087 0.00000
vt 0.49087 30.00000
vt 0.39270 30.00000
vt 0.49087 0.00000
vt 0.58905 0.00000
vt 0.58905 30.00000
vt 0.49087 30.00000
vt 0.58905 0.00000
vt 0.68722 0.00000
vt 0.68722 30.00000
vt 0.58905 30.00000
vt 0.68722 0.00000
vt 0.78540 0.00000
vt 0.78540 30.00000
vt 0.68722 30.00000
vt 0.78540 0.00000
vt 0.88357 0.00000
vt 0.88357 30.00000
vt 0.78540 30.00000
vt 0.88357 0.00000
vt 0.98175 0.00000
vt 0.98175 30.00000
vt 0.88357 30.00000
vt 0.98175 0.00000
vt 1.07992 0.00000
vt 1.07992 30.00000
vt 0.98175 30.00000
vt 1.07992 0.00000
vt 1.17810 0.00000
vt 1.17810 30.00000
vt 1.07992 30.00000
vt 0.16238 -0.09375
vt 0.09375 -0.16238
vt -0.00000 -0.18750
vt -0.09375 -0.16238
vt -0.16238 -0.09375
vt -0.18750 0.00000
vt -0.16238 0.09375
vt -0.09375 0.16238
vt 0.00000 0.18750
vt 0.09375 0.16238
vt 0.16238 0.09375
vt 0.18750 0.00000
vt 0.18750 0.00000
vt 0.16238 0.09375
vt 0.09375 0.16238
vt 0.00000 0.18750
vt -0.09375 0.16238
vt -0.16238 0.09375
vt -0.18750 0.00000
vt -0.16238 -0.09375
vt -0.09375 -0.16238
vt -0.00000 -0.18750
vt 0.09375 -0.16238
vt 0.16238 -0.09375
vt 0.00000 -0.15000
vt 0.27489 -0.15000
vt 0.27489 0.15000
vt 0.00000 0.15000
vt 0.27489 -0.15000
vt 0.54978 -0.15000
vt 0.54978 0.15000
vt 0.27489 0.15000
vt 0.54978 -0.15000
vt 0.82467 -0.15000
vt 0.82467 0.15000
vt 0.54978 0.15000
vt 0.82467 -0.15000
vt 1.09956 -0.15000
vt 1.09956 0.15000
vt 0.82467 0.15000
vt 1.09956 -0.15000
vt 1.37445 -0.15000
vt 1.37445 0.15000
vt 1.09956 0.15000
vt 1.37445 -0.15000
vt 1.64934 -0.15000
vt 1.64934 0.15000
vt 1.37445 0.15000
vt 1.64934 -0.15000
vt 1.92423 -0.15000
vt 1.92423 0.15000
vt 1.64934 0.15000
vt 1.92423 -0.15000
vt 2.19911 -0.15000
vt 2.19911 0.15000
vt 1.92423 0.15000
vt 2.19911 -0.15000
vt 2.47400 -0.15000
vt 2.47400 0.15000
vt 2.19911 0.15000
vt 2.47400 -0.15000
vt 2.74889 -0.15000
vt 2.74889 0.15000
vt 2.47400 0.15000
vt 2.74889 -0.15000
vt 3.02378 -0.15000
vt 3.02378 0.15000
vt 2.74889 0.15000
vt 3.02378 -0.15000
vt 3.29867 -0.15000
vt 3.29867 0.15000
vt 3.02378 0.15000
vt 0.00000 -0.15000
vt 0.27489 -0.15000
vt 0.27489 -0.15000
vt 0.00000 -0.15000
vt 0.27489 -0.15000
vt 0.54978 -0.15000
vt 0.54978 -0.15000
vt 0.27489 -0.15000
vt 0.54978 -0.15000
vt 0.82467 -0.15000
vt 0.82467 -0.15000
vt 0.54978 -0.15000
vt 0.82467 -0.15000
vt 1.09956 -0.15000
vt 1.09956 -0.15000
vt 0.82467 -0.15000
vt 1.09956 -0.15000
vt 1.37445 -0.15000
vt 1.37445 -0.15000
vt 1.09956 -0.15000
vt 1.37445 -0.15000
vt 1.64934 -0.15000
vt 1.64934 -0.15000
vt 1.37445 -0.15000
vt 1.64934 -0.15000
vt 1.92423 -0.15000
vt 1.92423 -0.15000
vt 1.64934 -0.15000
vt 1.92423 -0.15000
vt 2.19911 -0.15000
vt 2.19911 -0.15000
vt 1.92423 -0.15000
vt 2.19911 -0.15000
vt 2.47400 -0.15000
vt 2.47400 -0.15000
vt 2.19911 -0.15000
vt 2.47400 -0.15000
vt 2.74889 -0.15000
vt 2.74889 -0.15000
vt 2.47400 -0.15000
vt 2.74889 -0.15000
vt 3.02378 -0.15000
vt 3.02378 -0.15000
vt 2.74889 -0.15000
vt 3.02378 -0.15000
vt 3.29867 -0.15000
vt 3.29867 -0.15000
vt 3.02378 -0.15000
vt 0.00000 0.15000
vt 0.27489 0.15000
vt 0.27489 0.15000
vt 0.00000 0.15000
vt 0.27489 0.15000
vt 0.54978 0.15000
vt 0.54978 0.15000
vt 0.27489 0.15000
vt 0.54978 0.15000
vt 0.82467 0.15000
vt 0.82467 0.15000
vt 0.54978 0.15000
vt 0.82467 0.15000
vt 1.09956 0.15000
vt 1.09956 0.15000
vt 0.82467 0.15000
vt 1.09956 0.15000
vt 1.37445 0.15000
vt 1.37445 0.15000
vt 1.09956 0.15000
vt 1.37445 0.15000
vt 1.64934 0.15000
vt 1.64934 0.15000
vt 1.37445 0.15000
vt 1.64934 0.15000
vt 1.92423 0.15000
vt 1.92423 0.15000
vt 1.64934 0.15000
vt 1.92423 0.15000
vt 2.19911 0.15000
vt 2.19911 0.15000
vt 1.92423 0.15000
vt 2.19911 0.15000
vt 2.47400 0.15000
vt 2.47400 0.15000
vt 2.19911 0.15000
vt 2.47400 0.15000
vt 2.74889 0.15000
vt 2.74889 0.15000
vt 2.47400 0.15000
vt 2.74889 0.15000
vt 3.02378 0.15000
vt 3.02378 0.15000
vt 2.74889 0.15000
vt 3.02378 0.15000
vt 3.29867 0.15000
vt 3.29867 0.15000
vt 3.02378 0.15000
vt 0.00000 -0.15000
vt 0.27489 -0.15000
vt 0.27489 0.15000
vt 0.00000 0.15000
vt 0.27489 -0.15000
vt 0.54978 -0.15000
vt 0.54978 0.15000
vt 0.27489 0.15000
vt 0.54978 -0.15000
vt 0.82467 -0.15000
vt 0.82467 0.15000
vt 0.54978 0.15000
vt 0.82467 -0.15000
vt 1.09956 -0.15000
vt 1.09956 0.15000
vt 0.82467 0.15000
vt 1.09956 -0.15000
vt 1.37445 -0.15000
vt 1.37445 0.15000
vt 1.09956 0.15000
vt 1.37445 -0.15000
vt 1.64934 -0.15000
vt 1.64934 0.15000
vt 1.37445 0.15000
vt 1.64934 -0.15000
vt 1.92423 -0.15000
vt 1.92423 0.15000
vt 1.64934 0.15000
vt 1.92423 -0.15000
vt 2.19911 -0.15000
vt 2.19911 0.15000
vt 1.92423 0.15000
vt 2.19911 -0.15000
vt 2.47400 -0.15000
vt 2.47400 0.15000
vt 2.19911 0.15000
vt 2.47400 -0.15000
vt 2.74889 -0.15000
vt 2.74889 0.15000
vt 2.47400 0.15000
vt 2.74889 -0.15000
vt 3.02378 -0.15000
vt 3.02378 0.15000
vt 2.74889 0.15000
vt 3.02378 -0.15000
vt 3.29867 -0.15000
vt 3.29867 0.15000
vt 3.02378 0.15000
vt 0.00000 -0.15000
vt 0.27489 -0.15000
vt 0.27489 -0.15000
vt 0.00000 -0.15000
vt 0.27489 -0.15000
vt 0.54978 -0.15000
vt 0.54978 -0.15000
vt 0.27489 -0.15000
vt 0.54978 -0.15000
vt 0.82467 -0.15000
vt 0.82467 -0.15000
vt 0.54978 -0.15000
vt 0.82467 -0.15000
vt 1.09956 -0.15000
vt 1.09956 -0.15000
vt 0.82467 -0.15000
vt 1.09956 -0.15000
vt 1.37445 -0.15000
vt 1.37445 -0.15000
vt 1.09956 -0.15000
vt 1.37445 -0.15000
vt 1.64934 -0.15000
vt 1.64934 -0.15000
vt 1.37445 -0.15000
vt 1.64934 -0.15000
vt 1.92423 -0.15000
vt 1.92423 -0.15000
vt 1.64934 -0.15000
vt 1.92423 -0.15000
vt 2.19911 -0.15000
vt 2.19911 -0.15000
vt 1.92423 -0.15000
vt 2.19911 -0.15000
vt 2.47400 -0.15000
vt 2.47400 -0.15000
vt 2.19911 -0.15000
vt 2.47400 -0.15000
vt 2.74889 -0.15000
vt 2.74889 -0.15000
vt 2.47400 -0.15000
vt 2.74889 -0.15000
vt 3.02378 -0.15000
vt 3.02378 -0.15000
vt 2.74889 -0.15000
vt 3.02378 -0.15000
vt 3.29867 -0.15000
vt 3.29867 -0.15000
vt 3.02378 -0.15000
vt 0.00000 0.15000
vt 0.27489 0.15000
vt 0.27489 0.15000
vt 0.00000 0.15000
vt 0.27489 0.15000
vt 0.54978 0.15000
vt 0.54978 0.15000
vt 0.27489 0.15000
vt 0.54978 0.15000
vt 0.82467 0.15000
vt 0.82467 0.15000
vt 0.54978 0.15000
vt 0.82467 0.15000
vt 1.09956 0.15000
vt 1.09956 0.15000
vt 0.82467 0.15000
vt 1.09956 0.15000
vt 1.37445 0.15000
vt 1.37445 0.15000
vt 1.09956 0.15000
vt 1.37445 0.15000
vt 1.64934 0.15000
vt 1.64934 0.15000
vt 1.37445 0.15000
vt 1.64934 0.15000
vt 1.92423 0.15000
vt 1.92423 0.15000
vt 1.64934 0.15000
vt 1.92423 0.15000
vt 2.19911 0.15000
vt 2.19911 0.15000
vt 1.92423 0.15000
vt 2.19911 0.15000
vt 2.47400 0.15000
vt 2.47400 0.15000
vt 2.19911 0.15000
vt 2.47400 0.15000
vt 2.74889 0.15000
vt 2.74889 0.15000
vt 2.47400 0.15000
vt 2.74889 0.15000
vt 3.02378 0.15000
vt 3.02378 0.15000
vt 2.74889 0.15000
vt 3.02378 0.15000
vt 3.29867 0.15000
vt 3.29867 0.15000
vt 3.02378 0.15000
vt 0.00000 -0.15000
vt 0.27489 -0.15000
vt 0.27489 0.15000
vt 0.00000 0.15000
vt 0.27489 -0.15000
vt 0.54978 -0.15000
vt 0.54978 0.15000
vt 0.27489 0.15000
vt 0.54978 -0.15000
vt 0.82467 -0.15000
vt 0.82467 0.15000
vt 0.54978 0.15000
vt 0.82467 -0.15000
vt 1.09956 -0.15000
vt 1.09956 0.15000
vt 0.82467 0.15000
vt 1.09956 -0.15000
vt 1.37445 -0.15000
vt 1.37445 0.15000
vt 1.09956 0.15000
vt 1.37445 -0.15000
vt 1.64934 -0.15000
vt 1.64934 0.15000
vt 1.37445 0.15000
vt 1.64934 -0.15000
vt 1.92423 -0.15000
vt 1.92423 0.15000
vt 1.64934 0.15000
vt 1.92423 -0.15000
vt 2.19911 -0.15000
vt 2.19911 0.15000
vt 1.92423 0.15000
vt 2.19911 -0.15000
vt 2.47400 -0.15000
vt 2.47400 0.15000
vt 2.19911 0.15000
vt 2.47400 -0.15000
vt 2.74889 -0.15000
vt 2.74889 0.15000
vt 2.47400 0.15000
vt 2.74889 -0.15000
vt 3.02378 -0.15000
vt 3.02378 0.15000
vt 2.74889 0.15000
vt 3.02378 -0.15000
vt 3.29867 -0.15000
vt 3.29867 0.15000
vt 3.02378 0.15000
vt 0.00000 -0.15000
vt 0.27489 -0.15000
vt 0.27489 -0.15000
vt 0.00000 -0.15000
vt 0.27489 -0.15000
vt 0.54978 -0.15000
vt 0.54978 -0.15000
vt 0.27489 -0.15000
vt 0.54978 -0.15000
vt 0.82467 -0.15000
vt 0.82467 -0.15000
vt 0.54978 -0.15000
vt 0.82467 -0.15000
vt 1.09956 -0.15000
vt 1.09956 -0.15000
vt 0.82467 -0.15000
vt 1.09956 -0.15000
vt 1.37445 -0.15000
vt 1.37445 -0.15000
vt 1.09956 -0.15000
vt 1.37445 -0.15000
vt 1.64934 -0.15000
vt 1.64934 -0.15000
vt 1.37445 -0.15000
vt 1.64934 -0.15000
vt 1.92423 -0.15000
vt 1.92423 -0.15000
vt 1.64934 -0.15000
vt 1.92423 -0.15000
vt 2.19911 -0.15000
vt 2.19911 -0.15000
vt 1.92423 -0.15000
vt 2.19911 -0.15000
vt 2.47400 -0.15000
vt 2.47400 -0.15000
vt 2.19911 -0.15000
vt 2.47400 -0.15000
vt 2.74889 -0.15000
vt 2.74889 -0.15000
vt 2.47400 -0.15000
vt 2.74889 -0.15000
vt 3.02378 -0.15000
vt 3.02378 -0.15000
vt 2.74889 -0.15000
vt 3.02378 -0.15000
vt 3.29867 -0.15000
vt 3.29867 -0.15000
vt 3.02378 -0.15000
vt 0.00000 0.15000
vt 0.27489 0.15000
vt 0.27489 0.15000
vt 0.00000 0.15000
vt 0.27489 0.15000
vt 0.54978 0.15000
vt 0.54978 0.15000
vt 0.27489 0.15000
vt 0.54978 0.15000
vt 0.82467 0.15000
vt 0.82467 0.15000
vt 0.54978 0.15000
vt 0.82467 0.15000
vt 1.09956 0.15000
vt 1.09956 0.15000
vt 0.82467 0.15000
vt 1.09956 0.15000
vt 1.37445 0.15000
vt 1.37445 0.15000
vt 1.09956 0.15000
vt 1.37445 0.15000
vt 1.64934 0.15000
vt 1.64934 0.15000
vt 1.37445 0.15000
vt 1.64934 0.15000
vt 1.92423 0.15000
vt 1.92423 0.15000
vt 1.64934 0.15000
vt 1.92423 0.15000
vt 2.19911 0.15000
vt 2.19911 0.15000
vt 1.92423 0.15000
vt 2.19911 0.15000
vt 2.47400 0.15000
vt 2.47400 0.15000
vt 2.19911 0.15000
vt 2.47400 0.15000
vt 2.74889 0.15000
vt 2.74889 0.15000
vt 2.47400 0.15000
vt 2.74889 0.15000
vt 3.02378 0.15000
vt 3.02378 0.15000
vt 2.74889 0.15000
vt 3.02378 0.15000
vt 3.29867 0.15000
vt 3.29867 0.15000
vt 3.02378 0.15000
vt 0.00000 -0.15000
vt 0.27489 -0.15000
vt 0.27489 0.15000
vt 0.00000 0.15000
vt 0.27489 -0.15000
vt 0.54978 -0.15000
vt 0.54978 0.15000
vt 0.27489 0.15000
vt 0.54978 -0.15000
vt 0.82467 -0.15000
vt 0.82467 0.15000
vt 0.54978 0.15000
vt 0.82467 -0.15000
vt 1.09956 -0.15000
vt 1.09956 0.15000
vt 0.82467 0.15000
vt 1.09956 -0.15000
vt 1.37445 -0.15000
vt 1.37445 0.15000
vt 1.09956 0.15000
vt 1.37445 -0.15000
vt 1.64934 -0.15000
vt 1.64934 0.15000
vt 1.37445 0.15000
vt 1.64934 -0.15000
vt 1.92423 -0.15000
vt 1.92423 0.15000
vt 1.64934 0.15000
vt 1.92423 -0.15000
vt 2.19911 -0.15000
vt 2.19911 0.15000
vt 1.92423 0.15000
vt 2.19911 -0.15000
vt 2.47400 -0.15000
vt 2.47400 0.15000
vt 2.19911 0.15000
vt 2.47400 -0.15000
vt 2.74889 -0.15000
vt 2.74889 0.15000
vt 2.47400 0.15000
vt 2.74889 -0.15000
vt 3.02378 -0.15000
vt 3.02378 0.15000
vt 2.74889 0.15000
vt 3.02378 -0.15000
vt 3.29867 -0.15000
vt 3.29867 0.15000
vt 3.02378 0.15000
vt 0.00000 -0.15000
vt 0.27489 -0.15000
vt 0.27489 -0.15000
vt 0.00000 -0.15000
vt 0.27489 -0.15000
vt 0.54978 -0.15000
vt 0.54978 -0.15000
vt 0.27489 -0.15000
vt 0.54978 -0.15000
vt 0.82467 -0.15000
vt 0.82467 -0.15000
vt 0.54978 -0.15000
vt 0.82467 -0.15000
vt 1.09956 -0.15000
vt 1.09956 -0.15000
vt 0.82467 -0.15000
vt 1.09956 -0.15000
vt 1.37445 -0.15000
vt 1.37445 -0.15000
vt 1.09956 -0.15000
vt 1.37445 -0.15000
vt 1.64934 -0.15000
vt 1.64934 -0.15000
vt 1.37445 -0.15000
vt 1.64934 -0.15000
vt 1.92423 -0.15000
vt 1.92423 -0.15000
vt 1.64934 -0.15000
vt 1.92423 -0.15000
vt 2.19911 -0.15000
vt 2.19911 -0.15000
vt 1.92423 -0.15000
vt 2.19911 -0.15000
vt 2.47400 -0.15000
vt 2.47400 -0.15000
vt 2.19911 -0.15000
vt 2.47400 -0.15000
vt 2.74889 -0.15000
vt 2.74889 -0.15000
vt 2.47400 -0.15000
vt 2.74889 -0.15000
vt 3.02378 -0.15000
vt 3.02378 -0.15000
vt 2.74889 -0.15000
vt 3.02378 -0.15000
vt 3.29867 -0.15000
vt 3.29867 -0.15000
vt 3.02378 -0.15000
vt 0.00000 0.15000
vt 0.27489 0.15000
vt 0.27489 0.15000
vt 0.00000 0.15000
vt 0.27489 0.15000
vt 0.54978 0.15000
vt 0.54978 0.15000
vt 0.27489 0.15000
vt 0.54978 0.15000
vt 0.82467 0.15000
vt 0.82467 0.15000
vt 0.54978 0.15000
vt 0.82467 0.15000
vt 1.09956 0.15000
vt 1.09956 0.15000
vt 0.82467 0.15000
vt 1.09956 0.15000
vt 1.37445 0.15000
vt 1.37445 0.15000
vt 1.09956 0.15000
vt 1.37445 0.15000
vt 1.64934 0.15000
vt 1.64934 0.15000
vt 1.37445 0.15000
vt 1.64934 0.15000
vt 1.92423 0.15000
vt 1.92423 0.15000
vt 1.64934 0.15000
vt 1.92423 0.15000
vt 2.19911 0.15000
vt 2.19911 0.15000
vt 1.92423 0.15000
vt 2.19911 0.15000
vt 2.47400 0.15000
vt 2.47400 0.15000
vt 2.19911 0.15000
vt 2.47400 0.15000
vt 2.74889 0.15000
vt 2.74889 0.15000
vt 2.47400 0.15000
vt 2.74889 0.15000
vt 3.02378 0.15000
vt 3.02378 0.15000
vt 2.74889 0.15000
vt 3.02378 0.15000
vt 3.29867 0.15000
vt 3.29867 0.15000
vt 3.02378 0.15000
vt 0.00000 0.00000
vt 0.07199 0.00000
vt 0.07199 30.00000
vt 0.00000 30.00000
vt 0.07199 0.00000
vt 0.14399 0.00000
vt 0.14399 30.00000
vt 0.07199 30.00000
vt 0.14399 0.00000
vt 0.21598 0.00000
vt 0.21598 30.00000
vt 0.14399 30.00000
vt 0.21598 0.00000
vt 0.28798 0.00000
vt 0.28798 30.00000
vt 0.21598 30.00000
vt 0.28798 0.00000
vt 0.35997 0.00000
vt 0.35997 30.00000
vt 0.28798 30.00000
vt 0.35997 0.00000
vt 0.43197 0.00000
vt 0.43197 30.00000
vt 0.35997 30.00000
vt 0.43197 0.00000
vt 0.50396 0.00000
vt 0.50396 30.00000
vt 0.43197 30.00000
vt 0.50396 0.00000
vt 0.57596 0.00000
vt 0.57596 30.00000
vt 0.50396 30.00000
vt 0.57596 0.00000
vt 0.64795 0.00000
vt 0.64795 30.00000
vt 0.57596 30.00000
vt 0.64795 0.00000
vt 0.71995 0.00000
vt 0.71995 30.00000
vt 0.64795 30.00000
vt 0.71995 0.00000
vt 0.79194 0.00000
vt 0.79194 30.00000
vt 0.71995 30.00000
vt 0.79194 0.00000
vt 0.86394 0.00000
vt 0.86394 30.00000
vt 0.79194 30.00000
vt 0.11908 -0.06875
vt 0.06875 -0.11908
vt -0.00000 -0.13750
vt -0.06875 -0.11908
vt -0.11908 -0.06875
vt -0.13750 0.00000
vt -0.11908 0.06875
vt -0.06875 0.11908
vt 0.00000 0.13750
vt 0.06875 0.11908
vt 0.11908 0.06875
vt 0.13750 0.00000
vt 0.13750 0.00000
vt 0.11908 0.06875
vt 0.06875 0.11908
vt 0.00000 0.13750
vt -0.06875 0.11908
vt -0.11908 0.06875
vt -0.13750 0.00000
vt -0.11908 -0.06875
vt -0.06875 -0.11908
vt -0.00000 -0.13750
vt 0.06875 -0.11908
vt 0.11908 -0.06875
vt 0.00000 -0.15000
vt 0.22253 -0.15000
vt 0.22253 0.15000
vt 0.00000 0.15000
vt 0.22253 -0.15000
vt 0.44506 -0.15000
vt 0.44506 0.15000
vt 0.22253 0.15000
vt 0.44506 -0.15000
vt 0.66759 -0.15000
vt 0.66759 0.15000
vt 0.44506 0.15000
vt 0.66759 -0.15000
vt 0.89012 -0.15000
vt 0.89012 0.15000
vt 0.66759 0.15000
vt 0.89012 -0.15000
vt 1.11265 -0.15000
vt 1.11265 0.15000
vt 0.89012 0.15000
vt 1.11265 -0.15000
vt 1.33518 -0.15000
vt 1.33518 0.15000
vt 1.11265 0.15000
vt 1.33518 -0.15000
vt 1.55771 -0.15000
vt 1.55771 0.15000
vt 1.33518 0.15000
vt 1.55771 -0.15000
vt 1.78024 -0.15000
vt 1.78024 0.15000
vt 1.55771 0.15000
vt 1.78024 -0.15000
vt 2.00277 -0.15000
vt 2.00277 0.15000
vt 1.78024 0.15000
vt 2.00277 -0.15000
vt 2.22529 -0.15000
vt 2.22529 0.15000
vt 2.00277 0.15000
vt 2.22529 -0.15000
vt 2.44782 -0.15000
vt 2.44782 0.15000
vt 2.22529 0.15000
vt 2.44782 -0.15000
vt 2.67035 -0.15000
vt 2.67035 0.15000
vt 2.44782 0.15000
vt 0.00000 -0.15000
vt 0.22253 -0.15000
vt 0.22253 -0.15000
vt 0.00000 -0.15000
vt 0.22253 -0.15000
vt 0.44506 -0.15000
vt 0.44506 -0.15000
vt 0.22253 -0.15000
vt 0.44506 -0.15000
vt 0.66759 -0.15000
vt 0.66759 -0.15000
vt 0.44506 -0.15000
vt 0.66759 -0.15000
vt 0.89012 -0.15000
vt 0.89012 -0.15000
vt 0.66759 -0.15000
vt 0.89012 -0.15000
vt 1.11265 -0.15000
vt 1.11265 -0.15000
vt 0.89012 -0.15000
vt 1.11265 -0.15000
vt 1.33518 -0.15000
vt 1.33518 -0.15000
vt 1.11265 -0.15000
vt 1.33518 -0.15000
vt 1.55771 -0.15000
vt 1.55771 -0.15000
vt 1.33518 -0.15000
vt 1.55771 -0.15000
vt 1.78024 -0.15000
vt 1.78024 -0.15000
vt 1.55771 -0.15000
vt 1.78024 -0.15000
vt 2.00277 -0.15000
vt 2.00277 -0.15000
vt 1.78024 -0.15000
vt 2.00277 -0.15000
vt 2.22529 -0.15000
vt 2.22529 -0.15000
vt 2.00277 -0.15000
vt 2.22529 -0.15000
vt 2.44782 -0.15000
vt 2.44782 -0.15000
vt 2.22529 -0.15000
vt 2.44782 -0.15000
vt 2.67035 -0.15000
vt 2.67035 -0.15000
vt 2.44782 -0.15000
vt 0.00000 0.15000
vt 0.22253 0.15000
vt 0.22253 0.15000
vt 0.00000 0.15000
vt 0.22253 0.15000
vt 0.44506 0.15000
vt 0.44506 0.15000
vt 0.22253 0.15000
vt 0.44506 0.15000
vt 0.66759 0.15000
vt 0.66759 0.15000
vt 0.44506 0.15000
vt 0.66759 0.15000
vt 0.89012 0.15000
vt 0.89012 0.15000
vt 0.66759 0.15000
vt 0.89012 0.15000
vt 1.11265 0.15000
vt 1.11265 0.15000
vt 0.89012 0.15000
vt 1.11265 0.15000
vt 1.33518 0.15000
vt 1.33518 0.15000
vt 1.11265 0.15000
vt 1.33518 0.15000
vt 1.55771 0.15000
vt 1.55771 0.15000
vt 1.33518 0.15000
vt 1.55771 0.15000
vt 1.78024 0.15000
vt 1.78024 0.15000
vt 1.55771 0.15000
vt 1.78024 0.15000
vt 2.00277 0.15000
vt 2.00277 0.15000
vt 1.78024 0.15000
vt 2.00277 0.15000
vt 2.22529 0.15000
vt 2.22529 0.15000
vt 2.00277 0.15000
vt 2.22529 0.15000
vt 2.44782 0.15000
vt 2.44782 0.15000
vt 2.22529 0.15000
vt 2.44782 0.15000
vt 2.67035 0.15000
vt 2.67035 0.15000
vt 2.44782 0.15000
vt 0.00000 -0.15000
vt 0.22253 -0.15000
vt 0.22253 0.15000
vt 0.00000 0.15000
vt 0.22253 -0.15000
vt 0.44506 -0.15000
vt 0.44506 0.15000
vt 0.22253 0.15000
vt 0.44506 -0.15000
vt 0.66759 -0.15000
vt 0.66759 0.15000
vt 0.44506 0.15000
vt 0.66759 -0.15000
vt 0.89012 -0.15000
vt 0.89012 0.15000
vt 0.66759 0.15000
vt 0.89012 -0.15000
vt 1.11265 -0.15000
vt 1.11265 0.15000
vt 0.89012 0.15000
vt 1.11265 -0.15000
vt 1.33518 -0.15000
vt 1.33518 0.15000
vt 1.11265 0.15000
vt 1.33518 -0.15000
vt 1.55771 -0.15000
vt 1.55771 0.15000
vt 1.33518 0.15000
vt 1.55771 -0.15000
vt 1.78024 -0.15000
vt 1.78024 0.15000
vt 1.55771 0.15000
vt 1.78024 -0.15000
vt 2.00277 -0.15000
vt 2.00277 0.15000
vt 1.78024 0.15000
vt 2.00277 -0.15000
vt 2.22529 -0.15000
vt 2.22529 0.15000
vt 2.00277 0.15000
vt 2.22529 -0.15000
vt 2.44782 -0.15000
vt 2.44782 0.15000
vt 2.22529 0.15000
vt 2.44782 -0.15000
vt 2.67035 -0.15000
vt 2.67035 0.15000
vt 2.44782 0.15000
vt 0.00000 -0.15000
vt 0.22253 -0.15000
vt 0.22253 -0.15000
vt 0.00000 -0.15000
vt 0.22253 -0.15000
vt 0.44506 -0.15000
vt 0.44506 -0.15000
vt 0.22253 -0.15000
vt 0.44506 -0.15000
vt 0.66759 -0.15000
vt 0.66759 -0.15000
vt 0.44506 -0.15000
vt 0.66759 -0.15000
vt 0.89012 -0.15000
vt 0.89012 -0.15000
vt 0.66759 -0.15000
vt 0.89012 -0.15000
vt 1.11265 -0.15000
vt 1.11265 -0.15000
vt 0.89012 -0.15000
vt 1.11265 -0.15000
vt 1.33518 -0.15000
vt 1.33518 -0.15000
vt 1.11265 -0.15000
vt 1.33518 -0.15000
vt 1.55771 -0.15000
vt 1.55771 -0.15000
vt 1.33518 -0.15000
vt 1.55771 -0.15000
vt 1.78024 -0.15000
vt 1.78024 -0.15000
vt 1.55771 -0.15000
vt 1.78024 -0.15000
vt 2.00277 -0.15000
vt 2.00277 -0.15000
vt 1.78024 -0.15000
vt 2.00277 -0.15000
vt 2.22529 -0.15000
vt 2.22529 -0.15000
vt 2.00277 -0.15000
vt 2.22529 -0.15000
vt 2.44782 -0.15000
vt 2.44782 -0.15000
vt 2.22529 -0.15000
vt 2.44782 -0.15000
vt 2.67035 -0.15000
vt 2.67035 -0.15000
vt 2.44782 -0.15000
vt 0.00000 0.15000
vt 0.22253 0.15000
vt 0.22253 0.15000
vt 0.00000 0.15000
vt 0.22253 0.15000
vt 0.44506 0.15000
vt 0.44506 0.15000
vt 0.22253 0.15000
vt 0.44506 0.15000
vt 0.66759 0.15000
vt 0.66759 0.15000
vt 0.44506 0.15000
vt 0.66759 0.15000
vt 0.89012 0.15000
vt 0.89012 0.15000
vt 0.66759 0.15000
vt 0.89012 0.15000
vt 1.11265 0.15000
vt 1.11265 0.15000
vt 0.89012 0.15000
vt 1.11265 0.15000
vt 1.33518 0.15000
vt 1.33518 0.15000
vt 1.11265 0.15000
vt 1.33518 0.15000
vt 1.55771 0.15000
vt 1.55771 0.15000
vt 1.33518 0.15000
vt 1.55771 0.15000
vt 1.78024 0.15000
vt 1.78024 0.15000
vt 1.55771 0.15000
vt 1.78024 0.15000
vt 2.00277 0.15000
vt 2.00277 0.15000
vt 1.78024 0.15000
vt 2.00277 0.15000
vt 2.22529 0.15000
vt 2.22529 0.15000
vt 2.00277 0.15000
vt 2.22529 0.15000
vt 2.44782 0.15000
vt 2.44782 0.15000
vt 2.22529 0.15000
vt 2.44782 0.15000
vt 2.67035 0.15000
vt 2.67035 0.15000
vt 2.44782 0.15000
vt 0.00000 -0.15000
vt 0.22253 -0.15000
vt 0.22253 0.15000
vt 0.00000 0.15000
vt 0.22253 -0.15000
vt 0.44506 -0.15000
vt 0.44506 0.15000
vt 0.22253 0.15000
vt 0.44506 -0.15000
vt 0.66759 -0.15000
vt 0.66759 0.15000
vt 0.44506 0.15000
vt 0.66759 -0.15000
vt 0.89012 -0.15000
vt 0.89012 0.15000
vt 0.66759 0.15000
vt 0.89012 -0.15000
vt 1.11265 -0.15000
vt 1.11265 0.15000
vt 0.89012 0.15000
vt 1.11265 -0.15000
vt 1.33518 -0.15000
vt 1.33518 0.15000
vt 1.11265 0.15000
vt 1.33518 -0.15000
vt 1.55771 -0.15000
vt 1.55771 0.15000
vt 1.33518 0.15000
vt 1.55771 -0.15000
vt 1.78024 -0.15000
vt 1.78024 0.15000
vt 1.55771 0.15000
vt 1.78024 -0.15000
vt 2.00277 -0.15000
vt 2.00277 0.15000
vt 1.78024 0.15000
vt 2.00277 -0.15000
vt 2.22529 -0.15000
vt 2.22529 0.15000
vt 2.00277 0.15000
vt 2.22529 -0.15000
vt 2.44782 -0.15000
vt 2.44782 0.15000
vt 2.22529 0.15000
vt 2.44782 -0.15000
vt 2.67035 -0.15000
vt 2.67035 0.15000
vt 2.44782 0.15000
vt 0.00000 -0.15000
vt 0.22253 -0.15000
vt 0.22253 -0.15000
vt 0.00000 -0.15000
vt 0.22253 -0.15000
vt 0.44506 -0.15000
vt 0.44506 -0.15000
vt 0.22253 -0.15000
vt 0.44506 -0.15000
vt 0.66759 -0.15000
vt 0.66759 -0.15000
vt 0.44506 -0.15000
vt 0.66759 -0.15000
vt 0.89012 -0.15000
vt 0.89012 -0.15000
vt 0.66759 -0.15000
vt 0.89012 -0.15000
vt 1.11265 -0.15000
vt 1.11265 -0.15000
vt 0.89012 -0.15000
vt 1.11265 -0.15000
vt 1.33518 -0.15000
vt 1.33518 -0.15000
vt 1.11265 -0.15000
vt 1.33518 -0.15000
vt 1.55771 -0.15000
vt 1.55771 -0.15000
vt 1.33518 -0.15000
vt 1.55771 -0.15000
vt 1.78024 -0.15000
vt 1.78024 -0.15000
vt 1.55771 -0.15000
vt 1.78024 -0.15000
vt 2.00277 -0.15000
vt 2.00277 -0.15000
vt 1.78024 -0.15000
vt 2.00277 -0.15000
vt 2.22529 -0.15000
vt 2.22529 -0.15000
vt 2.00277 -0.15000
vt 2.22529 -0.15000
vt 2.44782 -0.15000
vt 2.44782 -0.15000
vt 2.22529 -0.15000
vt 2.44782 -0.15000
vt 2.67035 -0.15000
vt 2.67035 -0.15000
vt 2.44782 -0.15000
vt 0.00000 0.15000
vt 0.22253 0.15000
vt 0.22253 0.15000
vt 0.00000 0.15000
vt 0.22253 0.15000
vt 0.44506 0.15000
vt 0.44506 0.15000
vt 0.22253 0.15000
vt 0.44506 0.15000
vt 0.66759 0.15000
vt 0.66759 0.15000
vt 0.44506 0.15000
vt 0.66759 0.15000
vt 0.89012 0.15000
vt 0.89012 0.15000
vt 0.66759 0.15000
vt 0.89012 0.15000
vt 1.11265 0.15000
vt 1.11265 0.15000
vt 0.89012 0.15000
vt 1.11265 0.15000
vt 1.33518 0.15000
vt 1.33518 0.15000
vt 1.11265 0.15000
vt 1.33518 0.15000
vt 1.55771 0.15000
vt 1.55771 0.15000
vt 1.33518 0.15000
vt 1.55771 0.15000
vt 1.78024 0.15000
vt 1.78024 0.15000
vt 1.55771 0.15000
vt 1.78024 0.15000
vt 2.00277 0.15000
vt 2.00277 0.15000
vt 1.78024 0.15000
vt 2.00277 0.15000
vt 2.22529 0.15000
vt 2.22529 0.15000
vt 2.00277 0.15000
vt 2.22529 0.15000
vt 2.44782 0.15000
vt 2.44782 0.15000
vt 2.22529 0.15000
vt 2.44782 0.15000
vt 2.67035 0.15000
vt 2.67035 0.15000
vt 2.44782 0.15000
vt 0.00000 -0.15000
vt 0.22253 -0.15000
vt 0.22253 0.15000
vt 0.00000 0.15000
vt 0.22253 -0.15000
vt 0.44506 -0.15000
vt 0.44506 0.15000
vt 0.22253 0.15000
vt 0.44506 -0.15000
vt 0.66759 -0.15000
vt 0.66759 0.15000
vt 0.44506 0.15000
vt 0.66759 -0.15000
vt 0.89012 -0.15000
vt 0.89012 0.15000
vt 0.66759 0.15000
vt 0.89012 -0.15000
vt 1.11265 -0.15000
vt 1.11265 0.15000
vt 0.89012 0.15000
vt 1.11265 -0.15000
vt 1.33518 -0.15000
vt 1.33518 0.15000
vt 1.11265 0.15000
vt 1.33518 -0.15000
vt 1.55771 -0.15000
vt 1.55771 0.15000
vt 1.33518 0.15000
vt 1.55771 -0.15000
vt 1.78024 -0.15000
vt 1.78024 0.15000
vt 1.55771 0.15000
vt 1.78024 -0.15000
vt 2.00277 -0.15000
vt 2.00277 0.15000
vt 1.78024 0.15000
vt 2.00277 -0.15000
vt 2.22529 -0.15000
vt 2.22529 0.15000
vt 2.00277 0.15000
vt 2.22529 -0.15000
vt 2.44782 -0.15000
vt 2.44782 0.15000
vt 2.22529 0.15000
vt 2.44782 -0.15000
vt 2.67035 -0.15000
vt 2.67035 0.15000
vt 2.44782 0.15000
vt 0.00000 -0.15000
vt 0.22253 -0.15000
vt 0.22253 -0.15000
vt 0.00000 -0.15000
vt 0.22253 -0.15000
vt 0.44506 -0.15000
vt 0.44506 -0.15000
vt 0.22253 -0.15000
vt 0.44506 -0.15000
vt 0.66759 -0.15000
vt 0.66759 -0.15000
vt 0.44506 -0.15000
vt 0.66759 -0.15000
vt 0.89012 -0.15000
vt 0.89012 -0.15000
vt 0.66759 -0.15000
vt 0.89012 -0.15000
vt 1.11265 -0.15000
vt 1.11265 -0.15000
vt 0.89012 -0.15000
vt 1.11265 -0.15000
vt 1.33518 -0.15000
vt 1.33518 -0.15000
vt 1.11265 -0.15000
vt 1.33518 -0.15000
vt 1.55771 -0.15000
vt 1.55771 -0.15000
vt 1.33518 -0.15000
vt 1.55771 -0.15000
vt 1.78024 -0.15000
vt 1.78024 -0.15000
vt 1.55771 -0.15000
vt 1.78024 -0.15000
vt 2.00277 -0.15000
vt 2.00277 -0.15000
vt 1.78024 -0.15000
vt 2.00277 -0.15000
vt 2.22529 -0.15000
vt 2.22529 -0.15000
vt 2.00277 -0.15000
vt 2.22529 -0.15000
vt 2.44782 -0.15000
vt 2.44782 -0.15000
vt 2.22529 -0.15000
vt 2.44782 -0.15000
vt 2.67035 -0.15000
vt 2.67035 -0.15000
vt 2.44782 -0.15000
vt 0.00000 0.15000
vt 0.22253 0.15000
vt 0.22253 0.15000
vt 0.00000 0.15000
vt 0.22253 0.15000
vt 0.44506 0.15000
vt 0.44506 0.15000
vt 0.22253 0.15000
vt 0.44506 0.15000
vt 0.66759 0.15000
vt 0.66759 0.15000
vt 0.44506 0.15000
vt 0.66759 0.15000
vt 0.89012 0.15000
vt 0.89012 0.15000
vt 0.66759 0.15000
vt 0.89012 0.15000
vt 1.11265 0.15000
vt 1.11265 0.15000
vt 0.89012 0.15000
vt 1.11265 0.15000
vt 1.33518 0.15000
vt 1.33518 0.15000
vt 1.11265 0.15000
vt 1.33518 0.15000
vt 1.55771 0.15000
vt 1.55771 0.15000
vt 1.33518 0.15000
vt 1.55771 0.15000
vt 1.78024 0.15000
vt 1.78024 0.15000
vt 1.55771 0.15000
vt 1.78024 0.15000
vt 2.00277 0.15000
vt 2.00277 0.15000
vt 1.78024 0.15000
vt 2.00277 0.15000
vt 2.22529 0.15000
vt 2.22529 0.15000
vt 2.00277 0.15000
vt 2.22529 0.15000
vt 2.44782 0.15000
vt 2.44782 0.15000
vt 2.22529 0.15000
vt 2.44782 0.15000
vt 2.67035 0.15000
vt 2.67035 0.15000
vt 2.44782 0.15000
vt 0.00000 0.00000
vt 0.05890 0.00000
vt 0.05890 30.00000
vt 0.00000 30.00000
vt 0.05890 0.00000
vt 0.11781 0.00000
vt 0.11781 30.00000
vt 0.05890 30.00000
vt 0.11781 0.00000
vt 0.17671 0.00000
vt 0.17671 30.00000
vt 0.11781 30.00000
vt 0.17671 0.00000
vt 0.23562 0.00000
vt 0.23562 30.00000
vt 0.17671 30.00000
vt 0.23562 0.00000
vt 0.29452 0.00000
vt 0.29452 30.00000
vt 0.23562 30.00000
vt 0.29452 0.00000
vt 0.35343 0.00000
vt 0.35343 30.00000
vt 0.29452 30.00000
vt 0.35343 0.00000
vt 0.41233 0.00000
vt 0.41233 30.00000
vt 0.35343 30.00000
vt 0.41233 0.00000
vt 0.47124 0.00000
vt 0.47124 30.00000
vt 0.41233 30.00000
vt 0.47124 0.00000
vt 0.53014 0.00000
vt 0.53014 30.00000
vt 0.47124 30.00000
vt 0.53014 0.00000
vt 0.58905 0.00000
vt 0.58905 30.00000
vt 0.53014 30.00000
vt 0.58905 0.00000
vt 0.64795 0.00000
vt 0.64795 30.00000
vt 0.58905 30.00000
vt 0.64795 0.00000
vt 0.70686 0.00000
vt 0.70686 30.00000
vt 0.64795 30.00000
vt 0.09743 -0.05625
vt 0.05625 -0.09743
vt -0.00000 -0.11250
vt -0.05625 -0.09743
vt -0.09743 -0.05625
vt -0.11250 0.00000
vt -0.09743 0.05625
vt -0.05625 0.09743
vt 0.00000 0.11250
vt 0.05625 0.09743
vt 0.09743 0.05625
vt 0.11250 0.00000
vt 0.11250 0.00000
vt 0.09743 0.05625
vt 0.05625 0.09743
vt 0.00000 0.11250
vt -0.05625 0.09743
vt -0.09743 0.05625
vt -0.11250 0.00000
vt -0.09743 -0.05625
vt -0.05625 -0.09743
vt -0.00000 -0.11250
vt 0.05625 -0.09743
vt 0.09743 -0.05625
vt 0.00000 -0.15000
vt 0.19635 -0.15000
vt 0.19635 0.15000
vt 0.00000 0.15000
vt 0.19635 -0.15000
vt 0.39270 -0.15000
vt 0.39270 0.15000
vt 0.19635 0.15000
vt 0.39270 -0.15000
vt 0.58905 -0.15000
vt 0.58905 0.15000
vt 0.39270 0.15000
vt 0.58905 -0.15000
vt 0.78540 -0.15000
vt 0.78540 0.15000
vt 0.58905 0.15000
vt 0.78540 -0.15000
vt 0.98175 -0.15000
vt 0.98175 0.15000
vt 0.78540 0.15000
vt 0.98175 -0.15000
vt 1.17810 -0.15000
vt 1.17810 0.15000
vt 0.98175 0.15000
vt 1.17810 -0.15000
vt 1.37445 -0.15000
vt 1.37445 0.15000
vt 1.17810 0.15000
vt 1.37445 -0.15000
vt 1.57080 -0.15000
vt 1.57080 0.15000
vt 1.37445 0.15000
vt 1.57080 -0.15000
vt 1.76715 -0.15000
vt 1.76715 0.15000
vt 1.57080 0.15000
vt 1.76715 -0.15000
vt 1.96350 -0.15000
vt 1.96350 0.15000
vt 1.76715 0.15000
vt 1.96350 -0.15000
vt 2.15984 -0.15000
vt 2.15984 0.15000
vt 1.96350 0.15000
vt 2.15984 -0.15000
vt 2.35619 -0.15000
vt 2.35619 0.15000
vt 2.15984 0.15000
vt 0.00000 -0.15000
vt 0.19635 -0.15000
vt 0.19635 -0.15000
vt 0.00000 -0.15000
vt 0.19635 -0.15000
vt 0.39270 -0.15000
vt 0.39270 -0.15000
vt 0.19635 -0.15000
vt 0.39270 -0.15000
vt 0.58905 -0.15000
vt 0.58905 -0.15000
vt 0.39270 -0.15000
vt 0.58905 -0.15000
vt 0.78540 -0.15000
vt 0.78540 -0.15000
vt 0.58905 -0.15000
vt 0.78540 -0.15000
vt 0.98175 -0.15000
vt 0.98175 -0.15000
vt 0.78540 -0.15000
vt 0.98175 -0.15000
vt 1.17810 -0.15000
vt 1.17810 -0.15000
vt 0.98175 -0.15000
vt 1.17810 -0.15000
vt 1.37445 -0.15000
vt 1.37445 -0.15000
vt 1.17810 -0.15000
vt 1.37445 -0.15000
vt 1.57080 -0.15000
vt 1.57080 -0.15000
vt 1.37445 -0.15000
vt 1.57080 -0.15000
vt 1.76715 -0.15000
vt 1.76715 -0.15000
vt 1.57080 -0.15000
vt 1.76715 -0.15000
vt 1.96350 -0.15000
vt 1.96350 -0.15000
vt 1.76715 -0.15000
vt 1.96350 -0.15000
vt 2.15984 -0.15000
vt 2.15984 -0.15000
vt 1.96350 -0.15000
vt 2.15984 -0.15000
vt 2.35619 -0.15000
vt 2.35619 -0.15000
vt 2.15984 -0.15000
vt 0.00000 0.15000
vt 0.19635 0.15000
vt 0.19635 0.15000
vt 0.00000 0.15000
vt 0.19635 0.15000
vt 0.39270 0.15000
vt 0.39270 0.15000
vt 0.19635 0.15000
vt 0.39270 0.15000
vt 0.58905 0.15000
vt 0.58905 0.15000
vt 0.39270 0.15000
vt 0.58905 0.15000
vt 0.78540 0.15000
vt 0.78540 0.15000
vt 0.58905 0.15000
vt 0.78540 0.15000
vt 0.98175 0.15000
vt 0.98175 0.15000
vt 0.78540 0.15000
vt 0.98175 0.15000
vt 1.17810 0.15000
vt 1.17810 0.15000
vt 0.98175 0.15000
vt 1.17810 0.15000
vt 1.37445 0.15000
vt 1.37445 0.15000
vt 1.17810 0.15000
vt 1.37445 0.15000
vt 1.57080 0.15000
vt 1.57080 0.15000
vt 1.37445 0.15000
vt 1.57080 0.15000
vt 1.76715 0.15000
vt 1.76715 0.15000
vt 1.57080 0.15000
vt 1.76715 0.15000
vt 1.96350 0.15000
vt 1.96350 0.15000
vt 1.76715 0.15000
vt 1.96350 0.15000
vt 2.15984 0.15000
vt 2.15984 0.15000
vt 1.96350 0.15000
vt 2.15984 0.15000
vt 2.35619 0.15000
vt 2.35619 0.15000
vt 2.15984 0.15000
vt 0.00000 -0.15000
vt 0.19635 -0.15000
vt 0.19635 0.15000
vt 0.00000 0.15000
vt 0.19635 -0.15000
vt 0.39270 -0.15000
vt 0.39270 0.15000
vt 0.19635 0.15000
vt 0.39270 -0.15000
vt 0.58905 -0.15000
vt 0.58905 0.15000
vt 0.39270 0.15000
vt 0.58905 -0.15000
vt 0.78540 -0.15000
vt 0.78540 0.15000
vt 0.58905 0.15000
vt 0.78540 -0.15000
vt 0.98175 -0.15000
vt 0.98175 0.15000
vt 0.78540 0.15000
vt 0.98175 -0.15000
vt 1.17810 -0.15000
vt 1.17810 0.15000
vt 0.98175 0.15000
vt 1.17810 -0.15000
vt 1.37445 -0.15000
vt 1.37445 0.15000
vt 1.17810 0.15000
vt 1.37445 -0.15000
vt 1.57080 -0.15000
vt 1.57080 0.15000
vt 1.37445 0.15000
vt 1.57080 -0.15000
vt 1.76715 -0.15000
vt 1.76715 0.15000
vt 1.57080 0.15000
vt 1.76715 -0.15000
vt 1.96350 -0.15000
vt 1.96350 0.15000
vt 1.76715 0.15000
vt 1.96350 -0.15000
vt 2.15984 -0.15000
vt 2.15984 0.15000
vt 1.96350 0.15000
vt 2.15984 -0.15000
vt 2.35619 -0.15000
vt 2.35619 0.15000
vt 2.15984 0.15000
vt 0.00000 -0.15000
vt 0.19635 -0.15000
vt 0.19635 -0.15000
vt 0.00000 -0.15000
vt 0.19635 -0.15000
vt 0.39270 -0.15000
vt 0.39270 -0.15000
vt 0.19635 -0.15000
vt 0.39270 -0.15000
vt 0.58905 -0.15000
vt 0.58905 -0.15000
vt 0.39270 -0.15000
vt 0.58905 -0.15000
vt 0.78540 -0.15000
vt 0.78540 -0.15000
vt 0.58905 -0.15000
vt 0.78540 -0.15000
vt 0.98175 -0.15000
vt 0.98175 -0.15000
vt 0.78540 -0.15000
vt 0.98175 -0.15000
vt 1.17810 -0.15000
vt 1.17810 -0.15000
vt 0.98175 -0.15000
vt 1.17810 -0.15000
vt 1.37445 -0.15000
vt 1.37445 -0.15000
vt 1.17810 -0.15000
vt 1.37445 -0.15000
vt 1.57080 -0.15000
vt 1.57080 -0.15000
vt 1.37445 -0.15000
vt 1.57080 -0.15000
vt 1.76715 -0.15000
vt 1.76715 -0.15000
vt 1.57080 -0.15000
vt 1.76715 -0.15000
vt 1.96350 -0.15000
vt 1.96350 -0.15000
vt 1.76715 -0.15000
vt 1.96350 -0.15000
vt 2.15984 -0.15000
vt 2.15984 -0.15000
vt 1.96350 -0.15000
vt 2.15984 -0.15000
vt 2.35619 -0.15000
vt 2.35619 -0.15000
vt 2.15984 -0.15000
vt 0.00000 0.15000
vt 0.19635 0.15000
vt 0.19635 0.15000
vt 0.00000 0.15000
vt 0.19635 0.15000
vt 0.39270 0.15000
vt 0.39270 0.15000
vt 0.19635 0.15000
vt 0.39270 0.15000
vt 0.58905 0.15000
vt 0.58905 0.15000
vt 0.39270 0.15000
vt 0.58905 0.15000
vt 0.78540 0.15000
vt 0.78540 0.15000
vt 0.58905 0.15000
vt 0.78540 0.15000
vt 0.98175 0.15000
vt 0.98175 0.15000
vt 0.78540 0.15000
vt 0.98175 0.15000
vt 1.17810 0.15000
vt 1.17810 0.15000
vt 0.98175 0.15000
vt 1.17810 0.15000
vt 1.37445 0.15000
vt 1.37445 0.15000
vt 1.17810 0.15000
vt 1.37445 0.15000
vt 1.57080 0.15000
vt 1.57080 0.15000
vt 1.37445 0.15000
vt 1.57080 0.15000
vt 1.76715 0.15000
vt 1.76715 0.15000
vt 1.57080 0.15000
vt 1.76715 0.15000
vt 1.96350 0.15000
vt 1.96350 0.15000
vt 1.76715 0.15000
vt 1.96350 0.15000
vt 2.15984 0.15000
vt 2.15984 0.15000
vt 1.96350 0.15000
vt 2.15984 0.15000
vt 2.35619 0.15000
vt 2.35619 0.15000
vt 2.15984 0.15000
vt 0.00000 -0.15000
vt 0.19635 -0.15000
vt 0.19635 0.15000
vt 0.00000 0.15000
vt 0.19635 -0.15000
vt 0.39270 -0.15000
vt 0.39270 0.15000
vt 0.19635 0.15000
vt 0.39270 -0.15000
vt 0.58905 -0.15000
vt 0.58905 0.15000
vt 0.39270 0.15000
vt 0.58905 -0.15000
vt 0.78540 -0.15000
vt 0.78540 0.15000
vt 0.58905 0.15000
vt 0.78540 -0.15000
vt 0.98175 -0.15000
vt 0.98175 0.15000
vt 0.78540 0.15000
vt 0.98175 -0.15000
vt 1.17810 -0.15000
vt 1.17810 0.15000
vt 0.98175 0.15000
vt 1.17810 -0.15000
vt 1.37445 -0.15000
vt 1.37445 0.15000
vt 1.17810 0.15000
vt 1.37445 -0.15000
vt 1.57080 -0.15000
vt 1.57080 0.15000
vt 1.37445 0.15000
vt 1.57080 -0.15000
vt 1.76715 -0.15000
vt 1.76715 0.15000
vt 1.57080 0.15000
vt 1.76715 -0.15000
vt 1.96350 -0.15000
vt 1.96350 0.15000
vt 1.76715 0.15000
vt 1.96350 -0.15000
vt 2.15984 -0.15000
vt 2.15984 0.15000
vt 1.96350 0.15000
vt 2.15984 -0.15000
vt 2.35619 -0.15000
vt 2.35619 0.15000
vt 2.15984 0.15000
vt 0.00000 -0.15000
vt 0.19635 -0.15000
vt 0.19635 -0.15000
vt 0.00000 -0.15000
vt 0.19635 -0.15000
vt 0.39270 -0.15000
vt 0.39270 -0.15000
vt 0.19635 -0.15000
vt 0.39270 -0.15000
vt 0.58905 -0.15000
vt 0.58905 -0.15000
vt 0.39270 -0.15000
vt 0.58905 -0.15000
vt 0.78540 -0.15000
vt 0.78540 -0.15000
vt 0.58905 -0.15000
vt 0.78540 -0.15000
vt 0.98175 -0.15000
vt 0.98175 -0.15000
vt 0.78540 -0.15000
vt 0.98175 -0.15000
vt 1.17810 -0.15000
vt 1.17810 -0.15000
vt 0.98175 -0.15000
vt 1.17810 -0.15000
vt 1.37445 -0.15000
vt 1.37445 -0.15000
vt 1.17810 -0.15000
vt 1.37445 -0.15000
vt 1.57080 -0.15000
vt 1.57080 -0.15000
vt 1.37445 -0.15000
vt 1.57080 -0.15000
vt 1.76715 -0.15000
vt 1.76715 -0.15000
vt 1.57080 -0.15000
vt 1.76715 -0.15000
vt 1.96350 -0.15000
vt 1.96350 -0.15000
vt 1.76715 -0.15000
vt 1.96350 -0.15000
vt 2.15984 -0.15000
vt 2.15984 -0.15000
vt 1.96350 -0.15000
vt 2.15984 -0.15000
vt 2.35619 -0.15000
vt 2.35619 -0.15000
vt 2.15984 -0.15000
vt 0.00000 0.15000
vt 0.19635 0.15000
vt 0.19635 0.15000
vt 0.00000 0.15000
vt 0.19635 0.15000
vt 0.39270 0.15000
vt 0.39270 0.15000
vt 0.19635 0.15000
vt 0.39270 0.15000
vt 0.58905 0.15000
vt 0.58905 0.15000
vt 0.39270 0.15000
vt 0.58905 0.15000
vt 0.78540 0.15000
vt 0.78540 0.15000
vt 0.58905 0.15000
vt 0.78540 0.15000
vt 0.98175 0.15000
vt 0.98175 0.15000
vt 0.78540 0.15000
vt 0.98175 0.15000
vt 1.17810 0.15000
vt 1.17810 0.15000
vt 0.98175 0.15000
vt 1.17810 0.15000
vt 1.37445 0.15000
vt 1.37445 0.15000
vt 1.17810 0.15000
vt 1.37445 0.15000
vt 1.57080 0.15000
vt 1.57080 0.15000
vt 1.37445 0.15000
vt 1.57080 0.15000
vt 1.76715 0.15000
vt 1.76715 0.15000
vt 1.57080 0.15000
vt 1.76715 0.15000
vt 1.96350 0.15000
vt 1.96350 0.15000
vt 1.76715 0.15000
vt 1.96350 0.15000
vt 2.15984 0.15000
vt 2.15984 0.15000
vt 1.96350 0.15000
vt 2.15984 0.15000
vt 2.35619 0.15000
vt 2.35619 0.15000
vt 2.15984 0.15000
vt 0.00000 -0.15000
vt 0.19635 -0.15000
vt 0.19635 0.15000
vt 0.00000 0.15000
vt 0.19635 -0.15000
vt 0.39270 -0.15000
vt 0.39270 0.15000
vt 0.19635 0.15000
vt 0.39270 -0.15000
vt 0.58905 -0.15000
vt 0.58905 0.15000
vt 0.39270 0.15000
vt 0.58905 -0.15000
vt 0.78540 -0.15000
vt 0.78540 0.15000
vt 0.58905 0.15000
vt 0.78540 -0.15000
vt 0.98175 -0.15000
vt 0.98175 0.15000
vt 0.78540 0.15000
vt 0.98175 -0.15000
vt 1.17810 -0.15000
vt 1.17810 0.15000
vt 0.98175 0.15000
vt 1.17810 -0.15000
vt 1.37445 -0.15000
vt 1.37445 0.15000
vt 1.17810 0.15000
vt 1.37445 -0.15000
vt 1.57080 -0.15000
vt 1.57080 0.15000
vt 1.37445 0.15000
vt 1.57080 -0.15000
vt 1.76715 -0.15000
vt 1.76715 0.15000
vt 1.57080 0.15000
vt 1.76715 -0.15000
vt 1.96350 -0.15000
vt 1.96350 0.15000
vt 1.76715 0.15000
vt 1.96350 -0.15000
vt 2.15984 -0.15000
vt 2.15984 0.15000
vt 1.96350 0.15000
vt 2.15984 -0.15000
vt 2.35619 -0.15000
vt 2.35619 0.15000
vt 2.15984 0.15000
vt 0.00000 -0.15000
vt 0.19635 -0.15000
vt 0.19635 -0.15000
vt 0.00000 -0.15000
vt 0.19635 -0.15000
vt 0.39270 -0.15000
vt 0.39270 -0.15000
vt 0.19635 -0.15000
vt 0.39270 -0.15000
vt 0.58905 -0.15000
vt 0.58905 -0.15000
vt 0.39270 -0.15000
vt 0.58905 -0.15000
vt 0.78540 -0.15000
vt 0.78540 -0.15000
vt 0.58905 -0.15000
vt 0.78540 -0.15000
vt 0.98175 -0.15000
vt 0.98175 -0.15000
vt 0.78540 -0.15000
vt 0.98175 -0.15000
vt 1.17810 -0.15000
vt 1.17810 -0.15000
vt 0.98175 -0.15000
vt 1.17810 -0.15000
vt 1.37445 -0.15000
vt 1.37445 -0.15000
vt 1.17810 -0.15000
vt 1.37445 -0.15000
vt 1.57080 -0.15000
vt 1.57080 -0.15000
vt 1.37445 -0.15000
vt 1.57080 -0.15000
vt 1.76715 -0.15000
vt 1.76715 -0.15000
vt 1.57080 -0.15000
vt 1.76715 -0.15000
vt 1.96350 -0.15000
vt 1.96350 -0.15000
vt 1.76715 -0.15000
vt 1.96350 -0.15000
vt 2.15984 -0.15000
vt 2.15984 -0.15000
vt 1.96350 -0.15000
vt 2.15984 -0.15000
vt 2.35619 -0.15000
vt 2.35619 -0.15000
vt 2.15984 -0.15000
vt 0.00000 0.15000
vt 0.19635 0.15000
vt 0.19635 0.15000
vt 0.00000 0.15000
vt 0.19635 0.15000
vt 0.39270 0.15000
vt 0.39270 0.15000
vt 0.19635 0.15000
vt 0.39270 0.15000
vt 0.58905 0.15000
vt 0.58905 0.15000
vt 0.39270 0.15000
vt 0.58905 0.15000
vt 0.78540 0.15000
vt 0.78540 0.15000
vt 0.58905 0.15000
vt 0.78540 0.15000
vt 0.98175 0.15000
vt 0.98175 0.15000
vt 0.78540 0.15000
vt 0.98175 0.15000
vt 1.17810 0.15000
vt 1.17810 0.15000
vt 0.98175 0.15000
vt 1.17810 0.15000
vt 1.37445 0.15000
vt 1.37445 0.15000
vt 1.17810 0.15000
vt 1.37445 0.15000
vt 1.57080 0.15000
vt 1.57080 0.15000
vt 1.37445 0.15000
vt 1.57080 0.15000
vt 1.76715 0.15000
vt 1.76715 0.15000
vt 1.57080 0.15000
vt 1.76715 0.15000
vt 1.96350 0.15000
vt 1.96350 0.15000
vt 1.76715 0.15000
vt 1.96350 0.15000
vt 2.15984 0.15000
vt 2.15984 0.15000
vt 1.96350 0.15000
vt 2.15984 0.15000
vt 2.35619 0.15000
vt 2.35619 0.15000
vt 2.15984 0.15000
vt -1.55000 0.35000
vt 0.55000 0.35000
vt 0.55000 0.65000
vt -1.55000 0.65000
vt -0.55000 0.35000
vt 1.55000 0.35000
vt 1.55000 0.65000
vt -0.55000 0.65000
vt -26.12500 -1.55000
vt -25.87500 -1.55000
vt -25.87500 0.55000
vt -26.12500 0.55000
vt -26.12500 -0.55000
vt -25.87500 -0.55000
vt -25.87500 1.55000
vt -26.12500 1.55000
vt -26.12500 0.35000
vt -25.87500 0.35000
vt -25.87500 0.65000
vt -26.12500 0.65000
vt 25.87500 0.35000
vt 26.12500 0.35000
vt 26.12500 0.65000
vt 25.87500 0.65000
vt -0.65000 0.60000
vt -0.35000 0.60000
vt -0.35000 2.80000
vt -0.65000 2.80000
vt 0.35000 0.60000
vt 0.65000 0.60000
vt 0.65000 2.80000
vt 0.35000 2.80000
vt -26.12500 -0.65000
vt -25.87500 -0.65000
vt -25.87500 -0.35000
vt -26.12500 -0.35000
vt -26.12500 0.35000
vt -25.87500 0.35000
vt -25.87500 0.65000
vt -26.12500 0.65000
vt -26.12500 0.60000
vt -25.87500 0.60000
vt -25.87500 2.80000
vt -26.12500 2.80000
vt 25.87500 0.60000
vt 26.12500 0.60000
vt 26.12500 2.80000
vt 25.87500 2.80000
vt -1.55000 0.35000
vt 0.55000 0.35000
vt 0.55000 0.65000
vt -1.55000 0.65000
vt -0.55000 0.35000
vt 1.55000 0.35000
vt 1.55000 0.65000
vt -0.55000 0.65000
vt -11.12500 -1.55000
vt -10.87500 -1.55000
vt -10.87500 0.55000
vt -11.12500 0.55000
vt -11.12500 -0.55000
vt -10.87500 -0.55000
vt -10.87500 1.55000
vt -11.12500 1.55000
vt -11.12500 0.35000
vt -10.87500 0.35000
vt -10.87500 0.65000
vt -11.12500 0.65000
vt 10.87500 0.35000
vt 11.12500 0.35000
vt 11.12500 0.65000
vt 10.87500 0.65000
vt -0.65000 0.60000
vt -0.35000 0.60000
vt -0.35000 2.80000
vt -0.65000 2.80000
vt 0.35000 0.60000
vt 0.65000 0.60000
vt 0.65000 2.80000
vt 0.35000 2.80000
vt -11.12500 -0.65000
vt -10.87500 -0.65000
vt -10.87500 -0.35000
vt -11.12500 -0.35000
vt -11.12500 0.35000
vt -10.87500 0.35000
vt -10.87500 0.65000
vt -11.12500 0.65000
vt -11.12500 0.60000
vt -10.87500 0.60000
vt -10.87500 2.80000
vt -11.12500 2.80000
vt 10.87500 0.60000
vt 11.12500 0.60000
vt 11.12500 2.80000
vt 10.87500 2.80000
vt -1.55000 0.35000
vt 0.55000 0.35000
vt 0.55000 0.65000
vt -1.55000 0.65000
vt -0.55000 0.35000
vt 1.55000 0.35000
vt 1.55000 0.65000
vt -0.55000 0.65000
vt 3.87500 -1.55000
vt 4.12500 -1.55000
vt 4.12500 0.55000
vt 3.87500 0.55000
vt 3.87500 -0.55000
vt 4.12500 -0.55000
vt 4.12500 1.55000
vt 3.87500 1.55000
vt 3.87500 0.35000
vt 4.12500 0.35000
vt 4.12500 0.65000
vt 3.87500 0.65000
vt -4.12500 0.35000
vt -3.87500 0.35000
vt -3.87500 0.65000
vt -4.12500 0.65000
vt -0.65000 0.60000
vt -0.35000 0.60000
vt -0.35000 2.80000
vt -0.65000 2.80000
vt 0.35000 0.60000
vt 0.65000 0.60000
vt 0.65000 2.80000
vt 0.35000 2.80000
vt 3.87500 -0.65000
vt 4.12500 -0.65000
vt 4.12500 -0.35000
vt 3.87500 -0.35000
vt 3.87500 0.35000
vt 4.12500 0.35000
vt 4.12500 0.65000
vt 3.87500 0.65000
vt 3.87500 0.60000
vt 4.12500 0.60000
vt 4.12500 2.80000
vt 3.87500 2.80000
vt -4.12500 0.60000
vt -3.87500 0.60000
vt -3.87500 2.80000
vt -4.12500 2.80000
vt -1.55000 0.35000
vt 0.55000 0.35000
vt 0.55000 0.65000
vt -1.55000 0.65000
vt -0.55000 0.35000
vt 1.55000 0.35000
vt 1.55000 0.65000
vt -0.55000 0.65000
vt 18.87500 -1.55000
vt 19.12500 -1.55000
vt 19.12500 0.55000
vt 18.87500 0.55000
vt 18.87500 -0.55000
vt 19.12500 -0.55000
vt 19.12500 1.55000
vt 18.87500 1.55000
vt 18.87500 0.35000
vt 19.12500 0.35000
vt 19.12500 0.65000
vt 18.87500 0.65000
vt -19.12500 0.35000
vt -18.87500 0.35000
vt -18.87500 0.65000
vt -19.12500 0.65000
vt -0.65000 0.60000
vt -0.35000 0.60000
vt -0.35000 2.80000
vt -0.65000 2.80000
vt 0.35000 0.60000
vt 0.65000 0.60000
vt 0.65000 2.80000
vt 0.35000 2.80000
vt 18.87500 -0.65000
vt 19.12500 -0.65000
vt 19.12500 -0.35000
vt 18.87500 -0.35000
vt 18.87500 0.35000
vt 19.12500 0.35000
vt 19.12500 0.65000
vt 18.87500 0.65000
vt 18.87500 0.60000
vt 19.12500 0.60000
vt 19.12500 2.80000
vt 18.87500 2.80000
vt -19.12500 0.60000
vt -18.87500 0.60000
vt -18.87500 2.80000
vt -19.12500 2.80000
vn 0.00000 0.00000 -1.00000
vn 0.00000 0.50000 -0.86603
vn 0.00000 0.50000 -0.86603
vn 0.00000 0.00000 -1.00000
vn 0.00000 0.50000 -0.86603
vn 0.00000 0.86603 -0.50000
vn 0.00000 0.86603 -0.50000
vn 0.00000 0.50000 -0.86603
vn 0.00000 0.86603 -0.50000
vn 0.00000 1.00000 -0.00000
vn 0.00000 1.00000 -0.00000
vn 0.00000 0.86603 -0.50000
vn 0.00000 1.00000 -0.00000
vn -0.00000 0.86603 0.50000
vn -0.00000 0.86603 0.50000
vn 0.00000 1.00000 -0.00000
vn -0.00000 0.86603 0.50000
vn -0.00000 0.50000 0.86603
vn -0.00000 0.50000 0.86603
vn -0.00000 0.86603 0.50000
vn -0.00000 0.50000 0.86603
vn -0.00000 0.00000 1.00000
vn -0.00000 0.00000 1.00000
vn -0.00000 0.50000 0.86603
vn -0.00000 0.00000 1.00000
vn 0.00000 -0.50000 0.86603
vn 0.00000 -0.50000 0.86603
vn -0.00000 0.00000 1.00000
vn 0.00000 -0.50000 0.86603
vn 0.00000 -0.86603 0.50000
vn 0.00000 -0.86603 0.50000
vn 0.00000 -0.50000 0.86603
vn 0.00000 -0.86603 0.50000
vn 0.00000 -1.00000 0.00000
vn 0.00000 -1.00000 0.00000
vn 0.00000 -0.86603 0.50000
vn 0.00000 -1.00000 0.00000
vn 0.00000 -0.86603 -0.50000
vn 0.00000 -0.86603 -0.50000
vn 0.00000 -1.00000 0.00000
vn 0.00000 -0.86603 -0.50000
vn 0.00000 -0.50000 -0.86603
vn 0.00000 -0.50000 -0.86603
vn 0.00000 -0.86603 -0.50000
vn 0.00000 -0.50000 -0.86603
vn 0.00000 0.00000 -1.00000
vn 0.00000 0.00000 -1.00000
vn 0.00000 -0.50000 -0.86603
vn -1.00000 -0.00000 -0.00000
vn 1.00000 0.00000 0.00000
vn -0.00000 1.00000 0.00000
vn -0.00000 0.86603 0.50000
vn -0.00000 0.86603 0.50000
vn -0.00000 1.00000 0.00000
vn -0.00000 0.86603 0.50000
vn -0.00000 0.50000 0.86603
vn -0.00000 0.50000 0.86603
vn -0.00000 0.86603 0.50000
vn -0.00000 0.50000 0.86603
vn -0.00000 0.00000 1.00000
vn -0.00000 0.00000 1.00000
vn -0.00000 0.50000 0.86603
vn -0.00000 0.00000 1.00000
vn -0.00000 -0.50000 0.86603
vn -0.00000 -0.50000 0.86603
vn -0.00000 0.00000 1.00000
vn -0.00000 -0.50000 0.86603
vn -0.00000 -0.86603 0.50000
vn -0.00000 -0.86603 0.50000
vn -0.00000 -0.50000 0.86603
vn -0.00000 -0.86603 0.50000
vn -0.00000 -1.00000 0.00000
vn -0.00000 -1.00000 0.00000
vn -0.00000 -0.86603 0.50000
vn -0.00000 -1.00000 0.00000
vn -0.00000 -0.86603 -0.50000
vn -0.00000 -0.86603 -0.50000
vn -0.00000 -1.00000 0.00000
vn -0.00000 -0.86603 -0.50000
vn -0.00000 -0.50000 -0.86603
vn -0.00000 -0.50000 -0.86603
vn -0.00000 -0.86603 -0.50000
vn -0.00000 -0.50000 -0.86603
vn -0.00000 -0.00000 -1.00000
vn -0.00000 -0.00000 -1.00000
vn -0.00000 -0.50000 -0.86603
vn -0.00000 -0.00000 -1.00000
vn -0.00000 0.50000 -0.86603
vn -0.00000 0.50000 -0.86603
vn -0.00000 -0.00000 -1.00000
vn -0.00000 0.50000 -0.86603
vn -0.00000 0.86603 -0.50000
vn -0.00000 0.86603 -0.50000
vn -0.00000 0.50000 -0.86603
vn -0.00000 0.86603 -0.50000
vn -0.00000 1.00000 -0.00000
vn -0.00000 1.00000 -0.00000
vn -0.00000 0.86603 -0.50000
vn -1.00000 0.00000 0.00000
vn -1.00000 0.00000 0.00000
vn -1.00000 0.00000 0.00000
vn -1.00000 0.00000 0.00000
vn -1.00000 0.00000 0.00000
vn -1.00000 0.00000 0.00000
vn -1.00000 0.00000 0.00000
vn -1.00000 0.00000 0.00000
vn -1.00000 0.00000 0.00000
vn -1.00000 0.00000 0.00000
vn -1.00000 0.00000 0.00000
vn -1.00000 0.00000 0.00000
vn -1.00000 0.00000 0.00000
vn -1.00000 -0.00000 0.00000
vn -1.00000 -0.00000 0.00000
vn -1.00000 0.00000 0.00000
vn -1.00000 -0.00000 0.00000
vn -1.00000 -0.00000 0.00000
vn -1.00000 -0.00000 0.00000
vn -1.00000 -0.00000 0.00000
vn -1.00000 -0.00000 0.00000
vn -1.00000 -0.00000 0.00000
vn -1.00000 -0.00000 0.00000
vn -1.00000 -0.00000 0.00000
vn -1.00000 -0.00000 0.00000
vn -1.00000 -0.00000 -0.00000
vn -1.00000 -0.00000 -0.00000
vn -1.00000 -0.00000 0.00000
vn -1.00000 -0.00000 -0.00000
vn -1.00000 -0.00000 -0.00000
vn -1.00000 -0.00000 -0.00000
vn -1.00000 -0.00000 -0.00000
vn -1.00000 -0.00000 -0.00000
vn -1.00000 -0.00000 -0.00000
vn -1.00000 -0.00000 -0.00000
vn -1.00000 -0.00000 -0.00000
vn -1.00000 -0.00000 -0.00000
vn -1.00000 0.00000 -0.00000
vn -1.00000 0.00000 -0.00000
vn -1.00000 -0.00000 -0.00000
vn -1.00000 0.00000 -0.00000
vn -1.00000 0.00000 -0.00000
vn -1.00000 0.00000 -0.00000
vn -1.00000 0.00000 -0.00000
vn -1.00000 0.00000 -0.00000
vn -1.00000 0.00000 -0.00000
vn -1.00000 0.00000 -0.00000
vn -1.00000 0.00000 -0.00000
vn -1.00000 0.00000 0.00000
vn -1.00000 0.00000 0.00000
vn -1.00000 0.00000 0.00000
vn -1.00000 0.00000 0.00000
vn -1.00000 0.00000 0.00000
vn -1.00000 0.00000 0.00000
vn -1.00000 0.00000 0.00000
vn -1.00000 0.00000 0.00000
vn -1.00000 0.00000 0.00000
vn -1.00000 0.00000 0.00000
vn -1.00000 0.00000 0.00000
vn -1.00000 0.00000 0.00000
vn -1.00000 0.00000 0.00000
vn -1.00000 -0.00000 0.00000
vn -1.00000 -0.00000 0.00000
vn -1.00000 0.00000 0.00000
vn -1.00000 -0.00000 0.00000
vn -1.00000 -0.00000 0.00000
vn -1.00000 -0.00000 0.00000
vn -1.00000 -0.00000 0.00000
vn -1.00000 -0.00000 0.00000
vn -1.00000 -0.00000 0.00000
vn -1.00000 -0.00000 0.00000
vn -1.00000 -0.00000 0.00000
vn -1.00000 -0.00000 0.00000
vn -1.00000 -0.00000 -0.00000
vn -1.00000 -0.00000 -0.00000
vn -1.00000 -0.00000 0.00000
vn -1.00000 -0.00000 -0.00000
vn -1.00000 -0.00000 -0.00000
vn -1.00000 -0.00000 -0.00000
vn -1.00000 -0.00000 -0.00000
vn -1.00000 -0.00000 -0.00000
vn -1.00000 -0.00000 -0.00000
vn -1.00000 -0.00000 -0.00000
vn -1.00000 -0.00000 -0.00000
vn -1.00000 -0.00000 -0.00000
vn -1.00000 0.00000 -0.00000
vn -1.00000 0.00000 -0.00000
vn -1.00000 -0.00000 -0.00000
vn -1.00000 0.00000 -0.00000
vn -1.00000 0.00000 -0.00000
vn -1.00000 0.00000 -0.00000
vn -1.00000 0.00000 -0.00000
vn -1.00000 0.00000 -0.00000
vn -1.00000 0.00000 -0.00000
vn -1.00000 0.00000 -0.00000
vn -1.00000 0.00000 -0.00000
vn -0.00000 1.00000 0.00000
vn -0.00000 0.86603 0.50000
vn -0.00000 0.86603 0.50000
vn -0.00000 1.00000 0.00000
vn -0.00000 0.86603 0.50000
vn -0.00000 0.50000 0.86603
vn -0.00000 0.50000 0.86603
vn -0.00000 0.86603 0.50000
vn -0.00000 0.50000 0.86603
vn -0.00000 0.00000 1.00000
vn -0.00000 0.00000 1.00000
vn -0.00000 0.50000 0.86603
vn -0.00000 0.00000 1.00000
vn -0.00000 -0.50000 0.86603
vn -0.00000 -0.50000 0.86603
vn -0.00000 0.00000 1.00000
vn -0.00000 -0.50000 0.86603
vn -0.00000 -0.86603 0.50000
vn -0.00000 -0.86603 0.50000
vn -0.00000 -0.50000 0.86603
vn -0.00000 -0.86603 0.50000
vn -0.00000 -1.00000 0.00000
vn -0.00000 -1.00000 0.00000
vn -0.00000 -0.86603 0.50000
vn -0.00000 -1.00000 0.00000
vn -0.00000 -0.86603 -0.50000
vn -0.00000 -0.86603 -0.50000
vn -0.00000 -1.00000 0.00000
vn -0.00000 -0.86603 -0.50000
vn -0.00000 -0.50000 -0.86603
vn -0.00000 -0.50000 -0.86603
vn -0.00000 -0.86603 -0.50000
vn -0.00000 -0.50000 -0.86603
vn -0.00000 -0.00000 -1.00000
vn -0.00000 -0.00000 -1.00000
vn -0.00000 -0.50000 -0.86603
vn -0.00000 -0.00000 -1.00000
vn -0.00000 0.50000 -0.86603
vn -0.00000 0.50000 -0.86603
vn -0.00000 -0.00000 -1.00000
vn -0.00000 0.50000 -0.86603
vn -0.00000 0.86603 -0.50000
vn -0.00000 0.86603 -0.50000
vn -0.00000 0.50000 -0.86603
vn -0.00000 0.86603 -0.50000
vn -0.00000 1.00000 -0.00000
vn -0.00000 1.00000 -0.00000
vn -0.00000 0.86603 -0.50000
vn -1.00000 0.00000 0.00000
vn -1.00000 0.00000 0.00000
vn -1.00000 0.00000 0.00000
vn -1.00000 0.00000 0.00000
vn -1.00000 0.00000 0.00000
vn -1.00000 0.00000 0.00000
vn -1.00000 0.00000 0.00000
vn -1.00000 0.00000 0.00000
vn -1.00000 0.00000 0.00000
vn -1.00000 0.00000 0.00000
vn -1.00000 0.00000 0.00000
vn -1.00000 0.00000 0.00000
vn -1.00000 0.00000 0.00000
vn -1.00000 -0.00000 0.00000
vn -1.00000 -0.00000 0.00000
vn -1.00000 0.00000 0.00000
vn -1.00000 -0.00000 0.00000
vn -1.00000 -0.00000 0.00000
vn -1.00000 -0.00000 0.00000
vn -1.00000 -0.00000 0.00000
vn -1.00000 -0.00000 0.00000
vn -1.00000 -0.00000 0.00000
vn -1.00000 -0.00000 0.00000
vn -1.00000 -0.00000 0.00000
vn -1.00000 -0.00000 0.00000
vn -1.00000 -0.00000 -0.00000
vn -1.00000 -0.00000 -0.00000
vn -1.00000 -0.00000 0.00000
vn -1.00000 -0.00000 -0.00000
vn -1.00000 -0.00000 -0.00000
vn -1.00000 -0.00000 -0.00000
vn -1.00000 -0.00000 -0.00000
vn -1.00000 -0.00000 -0.00000
vn -1.00000 -0.00000 -0.00000
vn -1.00000 -0.00000 -0.00000
vn -1.00000 -0.00000 -0.00000
vn -1.00000 -0.00000 -0.00000
vn -1.00000 0.00000 -0.00000
vn -1.00000 0.00000 -0.00000
vn -1.00000 -0.00000 -0.00000
vn -1.00000 0.00000 -0.00000
vn -1.00000 0.00000 -0.00000
vn -1.00000 0.00000 -0.00000
vn -1.00000 0.00000 -0.00000
vn -1.00000 0.00000 -0.00000
vn -1.00000 0.00000 -0.00000
vn -1.00000 0.00000 -0.00000
vn -1.00000 0.00000 -0.00000
vn -1.00000 0.00000 0.00000
vn -1.00000 0.00000 0.00000
vn -1.00000 0.00000 0.00000
vn -1.00000 0.00000 0.00000
vn -1.00000 0.00000 0.00000
vn -1.00000 0.00000 0.00000
vn -1.00000 0.00000 0.00000
vn -1.00000 0.00000 0.00000
vn -1.00000 0.00000 0.00000
vn -1.00000 0.00000 0.00000
vn -1.00000 0.00000 0.00000
vn -1.00000 0.00000 0.00000
vn -1.00000 0.00000 0.00000
vn -1.00000 -0.00000 0.00000
vn -1.00000 -0.00000 0.00000
vn -1.00000 0.00000 0.00000
vn -1.00000 -0.00000 0.00000
vn -1.00000 -0.00000 0.00000
vn -1.00000 -0.00000 0.00000
vn -1.00000 -0.00000 0.00000
vn -1.00000 -0.00000 0.00000
vn -1.00000 -0.00000 0.00000
vn -1.00000 -0.00000 0.00000
vn -1.00000 -0.00000 0.00000
vn -1.00000 -0.00000 0.00000
vn -1.00000 -0.00000 -0.00000
vn -1.00000 -0.00000 -0.00000
vn -1.00000 -0.00000 0.00000
vn -1.00000 -0.00000 -0.00000
vn -1.00000 -0.00000 -0.00000
vn -1.00000 -0.00000 -0.00000
vn -1.00000 -0.00000 -0.00000
vn -1.00000 -0.00000 -0.00000
vn -1.00000 -0.00000 -0.00000
vn -1.00000 -0.00000 -0.00000
vn -1.00000 -0.00000 -0.00000
vn -1.00000 -0.00000 -0.00000
vn -1.00000 0.00000 -0.00000
vn -1.00000 0.00000 -0.00000
vn -1.00000 -0.00000 -0.00000
vn -1.00000 0.00000 -0.00000
vn -1.00000 0.00000 -0.00000
vn -1.00000 0.00000 -0.00000
vn -1.00000 0.00000 -0.00000
vn -1.00000 0.00000 -0.00000
vn -1.00000 0.00000 -0.00000
vn -1.00000 0.00000 -0.00000
vn -1.00000 0.00000 -0.00000
vn -0.00000 1.00000 0.00000
vn -0.00000 0.86603 0.50000
vn -0.00000 0.86603 0.50000
vn -0.00000 1.00000 0.00000
vn -0.00000 0.86603 0.50000
vn -0.00000 0.50000 0.86603
vn -0.00000 0.50000 0.86603
vn -0.00000 0.86603 0.50000
vn -0.00000 0.50000 0.86603
vn -0.00000 0.00000 1.00000
vn -0.00000 0.00000 1.00000
vn -0.00000 0.50000 0.86603
vn -0.00000 0.00000 1.00000
vn -0.00000 -0.50000 0.86603
vn -0.00000 -0.50000 0.86603
vn -0.00000 0.00000 1.00000
vn -0.00000 -0.50000 0.86603
vn -0.00000 -0.86603 0.50000
vn -0.00000 -0.86603 0.50000
vn -0.00000 -0.50000 0.86603
vn -0.00000 -0.86603 0.50000
vn -0.00000 -1.00000 0.00000
vn -0.00000 -1.00000 0.00000
vn -0.00000 -0.86603 0.50000
vn -0.00000 -1.00000 0.00000
vn -0.00000 -0.86603 -0.50000
vn -0.00000 -0.86603 -0.50000
vn -0.00000 -1.00000 0.00000
vn -0.00000 -0.86603 -0.50000
vn -0.00000 -0.50000 -0.86603
vn -0.00000 -0.50000 -0.86603
vn -0.00000 -0.86603 -0.50000
vn -0.00000 -0.50000 -0.86603
vn -0.00000 -0.00000 -1.00000
vn -0.00000 -0.00000 -1.00000
vn -0.00000 -0.50000 -0.86603
vn -0.00000 -0.00000 -1.00000
vn -0.00000 0.50000 -0.86603
vn -0.00000 0.50000 -0.86603
vn -0.00000 -0.00000 -1.00000
vn -0.00000 0.50000 -0.86603
vn -0.00000 0.86603 -0.50000
vn -0.00000 0.86603 -0.50000
vn -0.00000 0.50000 -0.86603
vn -0.00000 0.86603 -0.50000
vn -0.00000 1.00000 -0.00000
vn -0.00000 1.00000 -0.00000
vn -0.00000 0.86603 -0.50000
vn -1.00000 0.00000 0.00000
vn -1.00000 0.00000 0.00000
vn -1.00000 0.00000 0.00000
vn -1.00000 0.00000 0.00000
vn -1.00000 0.00000 0.00000
vn -1.00000 0.00000 0.00000
vn -1.00000 0.00000 0.00000
vn -1.00000 0.00000 0.00000
vn -1.00000 0.00000 0.00000
vn -1.00000 0.00000 0.00000
vn -1.00000 0.00000 0.00000
vn -1.00000 0.00000 0.00000
vn -1.00000 0.00000 0.00000
vn -1.00000 -0.00000 0.00000
vn -1.00000 -0.00000 0.00000
vn -1.00000 0.00000 0.00000
vn -1.00000 -0.00000 0.00000
vn -1.00000 -0.00000 0.00000
vn -1.00000 -0.00000 0.00000
vn -1.00000 -0.00000 0.00000
vn -1.00000 -0.00000 0.00000
vn -1.00000 -0.00000 0.00000
vn -1.00000 -0.00000 0.00000
vn -1.00000 -0.00000 0.00000
vn -1.00000 -0.00000 0.00000
vn -1.00000 -0.00000 -0.00000
vn -1.00000 -0.00000 -0.00000
vn -1.00000 -0.00000 0.00000
vn -1.00000 -0.00000 -0.00000
vn -1.00000 -0.00000 -0.00000
vn -1.00000 -0.00000 -0.00000
vn -1.00000 -0.00000 -0.00000
vn -1.00000 -0.00000 -0.00000
vn -1.00000 -0.00000 -0.00000
vn -1.00000 -0.00000 -0.00000
vn -1.00000 -0.00000 -0.00000
vn -1.00000 -0.00000 -0.00000
vn -1.00000 0.00000 -0.00000
vn -1.00000 0.00000 -0.00000
vn -1.00000 -0.00000 -0.00000
vn -1.00000 0.00000 -0.00000
vn -1.00000 0.00000 -0.00000
vn -1.00000 0.00000 -0.00000
vn -1.00000 0.00000 -0.00000
vn -1.00000 0.00000 -0.00000
vn -1.00000 0.00000 -0.00000
vn -1.00000 0.00000 -0.00000
vn -1.00000 0.00000 -0.00000
vn -1.00000 0.00000 0.00000
vn -1.00000 0.00000 0.00000
vn -1.00000 0.00000 0.00000
vn -1.00000 0.00000 0.00000
vn -1.00000 0.00000 0.00000
vn -1.00000 0.00000 0.00000
vn -1.00000 0.00000 0.00000
vn -1.00000 0.00000 0.00000
vn -1.00000 0.00000 0.00000
vn -1.00000 0.00000 0.00000
vn -1.00000 0.00000 0.00000
vn -1.00000 0.00000 0.00000
vn -1.00000 0.00000 0.00000
vn -1.00000 -0.00000 0.00000
vn -1.00000 -0.00000 0.00000
vn -1.00000 0.00000 0.00000
vn -1.00000 -0.00000 0.00000
vn -1.00000 -0.00000 0.00000
vn -1.00000 -0.00000 0.00000
vn -1.00000 -0.00000 0.00000
vn -1.00000 -0.00000 0.00000
vn -1.00000 -0.00000 0.00000
vn -1.00000 -0.00000 0.00000
vn -1.00000 -0.00000 0.00000
vn -1.00000 -0.00000 0.00000
vn -1.00000 -0.00000 -0.00000
vn -1.00000 -0.00000 -0.00000
vn -1.00000 -0.00000 0.00000
vn -1.00000 -0.00000 -0.00000
vn -1.00000 -0.00000 -0.00000
vn -1.00000 -0.00000 -0.00000
vn -1.00000 -0.00000 -0.00000
vn -1.00000 -0.00000 -0.00000
vn -1.00000 -0.00000 -0.00000
vn -1.00000 -0.00000 -0.00000
vn -1.00000 -0.00000 -0.00000
vn -1.00000 -0.00000 -0.00000
vn -1.00000 0.00000 -0.00000
vn -1.00000 0.00000 -0.00000
vn -1.00000 -0.00000 -0.00000
vn -1.00000 0.00000 -0.00000
vn -1.00000 0.00000 -0.00000
vn -1.00000 0.00000 -0.00000
vn -1.00000 0.00000 -0.00000
vn -1.00000 0.00000 -0.00000
vn -1.00000 0.00000 -0.00000
vn -1.00000 0.00000 -0.00000
vn -1.00000 0.00000 -0.00000
vn -0.00000 1.00000 0.00000
vn -0.00000 0.86603 0.50000
vn -0.00000 0.86603 0.50000
vn -0.00000 1.00000 0.00000
vn -0.00000 0.86603 0.50000
vn -0.00000 0.50000 0.86603
vn -0.00000 0.50000 0.86603
vn -0.00000 0.86603 0.50000
vn -0.00000 0.50000 0.86603
vn -0.00000 0.00000 1.00000
vn -0.00000 0.00000 1.00000
vn -0.00000 0.50000 0.86603
vn -0.00000 0.00000 1.00000
vn -0.00000 -0.50000 0.86603
vn -0.00000 -0.50000 0.86603
vn -0.00000 0.00000 1.00000
vn -0.00000 -0.50000 0.86603
vn -0.00000 -0.86603 0.50000
vn -0.00000 -0.86603 0.50000
vn -0.00000 -0.50000 0.86603
vn -0.00000 -0.86603 0.50000
vn -0.00000 -1.00000 0.00000
vn -0.00000 -1.00000 0.00000
vn -0.00000 -0.86603 0.50000
vn -0.00000 -1.00000 0.00000
vn -0.00000 -0.86603 -0.50000
vn -0.00000 -0.86603 -0.50000
vn -0.00000 -1.00000 0.00000
vn -0.00000 -0.86603 -0.50000
vn -0.00000 -0.50000 -0.86603
vn -0.00000 -0.50000 -0.86603
vn -0.00000 -0.86603 -0.50000
vn -0.00000 -0.50000 -0.86603
vn -0.00000 -0.00000 -1.00000
vn -0.00000 -0.00000 -1.00000
vn -0.00000 -0.50000 -0.86603
vn -0.00000 -0.00000 -1.00000
vn -0.00000 0.50000 -0.86603
vn -0.00000 0.50000 -0.86603
vn -0.00000 -0.00000 -1.00000
vn -0.00000 0.50000 -0.86603
vn -0.00000 0.86603 -0.50000
vn -0.00000 0.86603 -0.50000
vn -0.00000 0.50000 -0.86603
vn -0.00000 0.86603 -0.50000
vn -0.00000 1.00000 -0.00000
vn -0.00000 1.00000 -0.00000
vn -0.00000 0.86603 -0.50000
vn -1.00000 0.00000 0.00000
vn -1.00000 0.00000 0.00000
vn -1.00000 0.00000 0.00000
vn -1.00000 0.00000 0.00000
vn -1.00000 0.00000 0.00000
vn -1.00000 0.00000 0.00000
vn -1.00000 0.00000 0.00000
vn -1.00000 0.00000 0.00000
vn -1.00000 0.00000 0.00000
vn -1.00000 0.00000 0.00000
vn -1.00000 0.00000 0.00000
vn -1.00000 0.00000 0.00000
vn -1.00000 0.00000 0.00000
vn -1.00000 -0.00000 0.00000
vn -1.00000 -0.00000 0.00000
vn -1.00000 0.00000 0.00000
vn -1.00000 -0.00000 0.00000
vn -1.00000 -0.00000 0.00000
vn -1.00000 -0.00000 0.00000
vn -1.00000 -0.00000 0.00000
vn -1.00000 -0.00000 0.00000
vn -1.00000 -0.00000 0.00000
vn -1.00000 -0.00000 0.00000
vn -1.00000 -0.00000 0.00000
vn -1.00000 -0.00000 0.00000
vn -1.00000 -0.00000 -0.00000
vn -1.00000 -0.00000 -0.00000
vn -1.00000 -0.00000 0.00000
vn -1.00000 -0.00000 -0.00000
vn -1.00000 -0.00000 -0.00000
vn -1.00000 -0.00000 -0.00000
vn -1.00000 -0.00000 -0.00000
vn -1.00000 -0.00000 -0.00000
vn -1.00000 -0.00000 -0.00000
vn -1.00000 -0.00000 -0.00000
vn -1.00000 -0.00000 -0.00000
vn -1.00000 -0.00000 -0.00000
vn -1.00000 0.00000 -0.00000
vn -1.00000 0.00000 -0.00000
vn -1.00000 -0.00000 -0.00000
vn -1.00000 0.00000 -0.00000
vn -1.00000 0.00000 -0.00000
vn -1.00000 0.00000 -0.00000
vn -1.00000 0.00000 -0.00000
vn -1.00000 0.00000 -0.00000
vn -1.00000 0.00000 -0.00000
vn -1.00000 0.00000 -0.00000
vn -1.00000 0.00000 -0.00000
vn -1.00000 0.00000 0.00000
vn -1.00000 0.00000 0.00000
vn -1.00000 0.00000 0.00000
vn -1.00000 0.00000 0.00000
vn -1.00000 0.00000 0.00000
vn -1.00000 0.00000 0.00000
vn -1.00000 0.00000 0.00000
vn -1.00000 0.00000 0.00000
vn -1.00000 0.00000 0.00000
vn -1.00000 0.00000 0.00000
vn -1.00000 0.00000 0.00000
vn -1.00000 0.00000 0.00000
vn -1.00000 0.00000 0.00000
vn -1.00000 -0.00000 0.00000
vn -1.00000 -0.00000 0.00000
vn -1.00000 0.00000 0.00000
vn -1.00000 -0.00000 0.00000
vn -1.00000 -0.00000 0.00000
vn -1.00000 -0.00000 0.00000
vn -1.00000 -0.00000 0.00000
vn -1.00000 -0.00000 0.00000
vn -1.00000 -0.00000 0.00000
vn -1.00000 -0.00000 0.00000
vn -1.00000 -0.00000 0.00000
vn -1.00000 -0.00000 0.00000
vn -1.00000 -0.00000 -0.00000
vn -1.00000 -0.00000 -0.00000
vn -1.00000 -0.00000 0.00000
vn -1.00000 -0.00000 -0.00000
vn -1.00000 -0.00000 -0.00000
vn -1.00000 -0.00000 -0.00000
vn -1.00000 -0.00000 -0.00000
vn -1.00000 -0.00000 -0.00000
vn -1.00000 -0.00000 -0.00000
vn -1.00000 -0.00000 -0.00000
vn -1.00000 -0.00000 -0.00000
vn -1.00000 -0.00000 -0.00000
vn -1.00000 0.00000 -0.00000
vn -1.00000 0.00000 -0.00000
vn -1.00000 -0.00000 -0.00000
vn -1.00000 0.00000 -0.00000
vn -1.00000 0.00000 -0.00000
vn -1.00000 0.00000 -0.00000
vn -1.00000 0.00000 -0.00000
vn -1.00000 0.00000 -0.00000
vn -1.00000 0.00000 -0.00000
vn -1.00000 0.00000 -0.00000
vn -1.00000 0.00000 -0.00000
vn 0.00000 0.00000 -1.00000
vn 0.00000 0.50000 -0.86603
vn 0.00000 0.50000 -0.86603
vn 0.00000 0.00000 -1.00000
vn 0.00000 0.50000 -0.86603
vn 0.00000 0.86603 -0.50000
vn 0.00000 0.86603 -0.50000
vn 0.00000 0.50000 -0.86603
vn 0.00000 0.86603 -0.50000
vn 0.00000 1.00000 -0.00000
vn 0.00000 1.00000 -0.00000
vn 0.00000 0.86603 -0.50000
vn 0.00000 1.00000 -0.00000
vn -0.00000 0.86603 0.50000
vn -0.00000 0.86603 0.50000
vn 0.00000 1.00000 -0.00000
vn -0.00000 0.86603 0.50000
vn -0.00000 0.50000 0.86603
vn -0.00000 0.50000 0.86603
vn -0.00000 0.86603 0.50000
vn -0.00000 0.50000 0.86603
vn -0.00000 0.00000 1.00000
vn -0.00000 0.00000 1.00000
vn -0.00000 0.50000 0.86603
vn -0.00000 0.00000 1.00000
vn 0.00000 -0.50000 0.86603
vn 0.00000 -0.50000 0.86603
vn -0.00000 0.00000 1.00000
vn 0.00000 -0.50000 0.86603
vn 0.00000 -0.86603 0.50000
vn 0.00000 -0.86603 0.50000
vn 0.00000 -0.50000 0.86603
vn 0.00000 -0.86603 0.50000
vn 0.00000 -1.00000 0.00000
vn 0.00000 -1.00000 0.00000
vn 0.00000 -0.86603 0.50000
vn 0.00000 -1.00000 0.00000
vn 0.00000 -0.86603 -0.50000
vn 0.00000 -0.86603 -0.50000
vn 0.00000 -1.00000 0.00000
vn 0.00000 -0.86603 -0.50000
vn 0.00000 -0.50000 -0.86603
vn 0.00000 -0.50000 -0.86603
vn 0.00000 -0.86603 -0.50000
vn 0.00000 -0.50000 -0.86603
vn 0.00000 0.00000 -1.00000
vn 0.00000 0.00000 -1.00000
vn 0.00000 -0.50000 -0.86603
vn -1.00000 -0.00000 -0.00000
vn 1.00000 0.00000 0.00000
vn -0.00000 1.00000 0.00000
vn -0.00000 0.86603 0.50000
vn -0.00000 0.86603 0.50000
vn -0.00000 1.00000 0.00000
vn -0.00000 0.86603 0.50000
vn -0.00000 0.50000 0.86603
vn -0.00000 0.50000 0.86603
vn -0.00000 0.86603 0.50000
vn -0.00000 0.50000 0.86603
vn -0.00000 0.00000 1.00000
vn -0.00000 0.00000 1.00000
vn -0.00000 0.50000 0.86603
vn -0.00000 0.00000 1.00000
vn -0.00000 -0.50000 0.86603
vn -0.00000 -0.50000 0.86603
vn -0.00000 0.00000 1.00000
vn -0.00000 -0.50000 0.86603
vn -0.00000 -0.86603 0.50000
vn -0.00000 -0.86603 0.50000
vn -0.00000 -0.50000 0.86603
vn -0.00000 -0.86603 0.50000
vn -0.00000 -1.00000 0.00000
vn -0.00000 -1.00000 0.00000
vn -0.00000 -0.86603 0.50000
vn -0.00000 -1.00000 0.00000
vn -0.00000 -0.86603 -0.50000
vn -0.00000 -0.86603 -0.50000
vn -0.00000 -1.00000 0.00000
vn -0.00000 -0.86603 -0.50000
vn -0.00000 -0.50000 -0.86603
vn -0.00000 -0.50000 -0.86603
vn -0.00000 -0.86603 -0.50000
vn -0.00000 -0.50000 -0.86603
vn -0.00000 -0.00000 -1.00000
vn -0.00000 -0.00000 -1.00000
vn -0.00000 -0.50000 -0.86603
vn -0.00000 -0.00000 -1.00000
vn -0.00000 0.50000 -0.86603
vn -0.00000 0.50000 -0.86603
vn -0.00000 -0.00000 -1.00000
vn -0.00000 0.50000 -0.86603
vn -0.00000 0.86603 -0.50000
vn -0.00000 0.86603 -0.50000
vn -0.00000 0.50000 -0.86603
vn -0.00000 0.86603 -0.50000
vn -0.00000 1.00000 -0.00000
vn -0.00000 1.00000 -0.00000
vn -0.00000 0.86603 -0.50000
vn -1.00000 0.00000 0.00000
vn -1.00000 0.00000 0.00000
vn -1.00000 0.00000 0.00000
vn -1.00000 0.00000 0.00000
vn -1.00000 0.00000 0.00000
vn -1.00000 0.00000 0.00000
vn -1.00000 0.00000 0.00000
vn -1.00000 0.00000 0.00000
vn -1.00000 0.00000 0.00000
vn -1.00000 0.00000 0.00000
vn -1.00000 0.00000 0.00000
vn -1.00000 0.00000 0.00000
vn -1.00000 0.00000 0.00000
vn -1.00000 -0.00000 0.00000
vn -1.00000 -0.00000 0.00000
vn -1.00000 0.00000 0.00000
vn -1.00000 -0.00000 0.00000
vn -1.00000 -0.00000 0.00000
vn -1.00000 -0.00000 0.00000
vn -1.00000 -0.00000 0.00000
vn -1.00000 -0.00000 0.00000
vn -1.00000 -0.00000 0.00000
vn -1.00000 -0.00000 0.00000
vn -1.00000 -0.00000 0.00000
vn -1.00000 -0.00000 0.00000
vn -1.00000 -0.00000 -0.00000
vn -1.00000 -0.00000 -0.00000
vn -1.00000 -0.00000 0.00000
vn -1.00000 -0.00000 -0.00000
vn -1.00000 -0.00000 -0.00000
vn -1.00000 -0.00000 -0.00000
vn -1.00000 -0.00000 -0.00000
vn -1.00000 -0.00000 -0.00000
vn -1.00000 -0.00000 -0.00000
vn -1.00000 -0.00000 -0.00000
vn -1.00000 -0.00000 -0.00000
vn -1.00000 -0.00000 -0.00000
vn -1.00000 0.00000 -0.00000
vn -1.00000 0.00000 -0.00000
vn -1.00000 -0.00000 -0.00000
vn -1.00000 0.00000 -0.00000
vn -1.00000 0.00000 -0.00000
vn -1.00000 0.00000 -0.00000
vn -1.00000 0.00000 -0.00000
vn -1.00000 0.00000 -0.00000
vn -1.00000 0.00000 -0.00000
vn -1.00000 0.00000 -0.00000
vn -1.00000 0.00000 -0.00000
vn -1.00000 0.00000 0.00000
vn -1.00000 0.00000 0.00000
vn -1.00000 0.00000 0.00000
vn -1.00000 0.00000 0.00000
vn -1.00000 0.00000 0.00000
vn -1.00000 0.00000 0.00000
vn -1.00000 0.00000 0.00000
vn -1.00000 0.00000 0.00000
vn -1.00000 0.00000 0.00000
vn -1.00000 0.00000 0.00000
vn -1.00000 0.00000 0.00000
vn -1.00000 0.00000 0.00000
vn -1.00000 0.00000 0.00000
vn -1.00000 -0.00000 0.00000
vn -1.00000 -0.00000 0.00000
vn -1.00000 0.00000 0.00000
vn -1.00000 -0.00000 0.00000
vn -1.00000 -0.00000 0.00000
vn -1.00000 -0.00000 0.00000
vn -1.00000 -0.00000 0.00000
vn -1.00000 -0.00000 0.00000
vn -1.00000 -0.00000 0.00000
vn -1.00000 -0.00000 0.00000
vn -1.00000 -0.00000 0.00000
vn -1.00000 -0.00000 0.00000
vn -1.00000 -0.00000 -0.00000
vn -1.00000 -0.00000 -0.00000
vn -1.00000 -0.00000 0.00000
vn -1.00000 -0.00000 -0.00000
vn -1.00000 -0.00000 -0.00000
vn -1.00000 -0.00000 -0.00000
vn -1.00000 -0.00000 -0.00000
vn -1.00000 -0.00000 -0.00000
vn -1.00000 -0.00000 -0.00000
vn -1.00000 -0.00000 -0.00000
vn -1.00000 -0.00000 -0.00000
vn -1.00000 -0.00000 -0.00000
vn -1.00000 0.00000 -0.00000
vn -1.00000 0.00000 -0.00000
vn -1.00000 -0.00000 -0.00000
vn -1.00000 0.00000 -0.00000
vn -1.00000 0.00000 -0.00000
vn -1.00000 0.00000 -0.00000
vn -1.00000 0.00000 -0.00000
vn -1.00000 0.00000 -0.00000
vn -1.00000 0.00000 -0.00000
vn -1.00000 0.00000 -0.00000
vn -1.00000 0.00000 -0.00000
vn -0.00000 1.00000 0.00000
vn -0.00000 0.86603 0.50000
vn -0.00000 0.86603 0.50000
vn -0.00000 1.00000 0.00000
vn -0.00000 0.86603 0.50000
vn -0.00000 0.50000 0.86603
vn -0.00000 0.50000 0.86603
vn -0.00000 0.86603 0.50000
vn -0.00000 0.50000 0.86603
vn -0.00000 0.00000 1.00000
vn -0.00000 0.00000 1.00000
vn -0.00000 0.50000 0.86603
vn -0.00000 0.00000 1.00000
vn -0.00000 -0.50000 0.86603
vn -0.00000 -0.50000 0.86603
vn -0.00000 0.00000 1.00000
vn -0.00000 -0.50000 0.86603
vn -0.00000 -0.86603 0.50000
vn -0.00000 -0.86603 0.50000
vn -0.00000 -0.50000 0.86603
vn -0.00000 -0.86603 0.50000
vn -0.00000 -1.00000 0.00000
vn -0.00000 -1.00000 0.00000
vn -0.00000 -0.86603 0.50000
vn -0.00000 -1.00000 0.00000
vn -0.00000 -0.86603 -0.50000
vn -0.00000 -0.86603 -0.50000
vn -0.00000 -1.00000 0.00000
vn -0.00000 -0.86603 -0.50000
vn -0.00000 -0.50000 -0.86603
vn -0.00000 -0.50000 -0.86603
vn -0.00000 -0.86603 -0.50000
vn -0.00000 -0.50000 -0.86603
vn -0.00000 -0.00000 -1.00000
vn -0.00000 -0.00000 -1.00000
vn -0.00000 -0.50000 -0.86603
vn -0.00000 -0.00000 -1.00000
vn -0.00000 0.50000 -0.86603
vn -0.00000 0.50000 -0.86603
vn -0.00000 -0.00000 -1.00000
vn -0.00000 0.50000 -0.86603
vn -0.00000 0.86603 -0.50000
vn -0.00000 0.86603 -0.50000
vn -0.00000 0.50000 -0.86603
vn -0.00000 0.86603 -0.50000
vn -0.00000 1.00000 -0.00000
vn -0.00000 1.00000 -0.00000
vn -0.00000 0.86603 -0.50000
vn -1.00000 0.00000 0.00000
vn -1.00000 0.00000 0.00000
vn -1.00000 0.00000 0.00000
vn -1.00000 0.00000 0.00000
vn -1.00000 0.00000 0.00000
vn -1.00000 0.00000 0.00000
vn -1.00000 0.00000 0.00000
vn -1.00000 0.00000 0.00000
vn -1.00000 0.00000 0.00000
vn -1.00000 0.00000 0.00000
vn -1.00000 0.00000 0.00000
vn -1.00000 0.00000 0.00000
vn -1.00000 0.00000 0.00000
vn -1.00000 -0.00000 0.00000
vn -1.00000 -0.00000 0.00000
vn -1.00000 0.00000 0.00000
vn -1.00000 -0.00000 0.00000
vn -1.00000 -0.00000 0.00000
vn -1.00000 -0.00000 0.00000
vn -1.00000 -0.00000 0.00000
vn -1.00000 -0.00000 0.00000
vn -1.00000 -0.00000 0.00000
vn -1.00000 -0.00000 0.00000
vn -1.00000 -0.00000 0.00000
vn -1.00000 -0.00000 0.00000
vn -1.00000 -0.00000 -0.00000
vn -1.00000 -0.00000 -0.00000
vn -1.00000 -0.00000 0.00000
vn -1.00000 -0.00000 -0.00000
vn -1.00000 -0.00000 -0.00000
vn -1.00000 -0.00000 -0.00000
vn -1.00000 -0.00000 -0.00000
vn -1.00000 -0.00000 -0.00000
vn -1.00000 -0.00000 -0.00000
vn -1.00000 -0.00000 -0.00000
vn -1.00000 -0.00000 -0.00000
vn -1.00000 -0.00000 -0.00000
vn -1.00000 0.00000 -0.00000
vn -1.00000 0.00000 -0.00000
vn -1.00000 -0.00000 -0.00000
vn -1.00000 0.00000 -0.00000
vn -1.00000 0.00000 -0.00000
vn -1.00000 0.00000 -0.00000
vn -1.00000 0.00000 -0.00000
vn -1.00000 0.00000 -0.00000
vn -1.00000 0.00000 -0.00000
vn -1.00000 0.00000 -0.00000
vn -1.00000 0.00000 -0.00000
vn -1.00000 0.00000 0.00000
vn -1.00000 0.00000 0.00000
vn -1.00000 0.00000 0.00000
vn -1.00000 0.00000 0.00000
vn -1.00000 0.00000 0.00000
vn -1.00000 0.00000 0.00000
vn -1.00000 0.00000 0.00000
vn -1.00000 0.00000 0.00000
vn -1.00000 0.00000 0.00000
vn -1.00000 0.00000 0.00000
vn -1.00000 0.00000 0.00000
vn -1.00000 0.00000 0.00000
vn -1.00000 0.00000 0.00000
vn -1.00000 -0.00000 0.00000
vn -1.00000 -0.00000 0.00000
vn -1.00000 0.00000 0.00000
vn -1.00000 -0.00000 0.00000
vn -1.00000 -0.00000 0.00000
vn -1.00000 -0.00000 0.00000
vn -1.00000 -0.00000 0.00000
vn -1.00000 -0.00000 0.00000
vn -1.00000 -0.00000 0.00000
vn -1.00000 -0.00000 0.00000
vn -1.00000 -0.00000 0.00000
vn -1.00000 -0.00000 0.00000
vn -1.00000 -0.00000 -0.00000
vn -1.00000 -0.00000 -0.00000
vn -1.00000 -0.00000 0.00000
vn -1.00000 -0.00000 -0.00000
vn -1.00000 -0.00000 -0.00000
vn -1.00000 -0.00000 -0.00000
vn -1.00000 -0.00000 -0.00000
vn -1.00000 -0.00000 -0.00000
vn -1.00000 -0.00000 -0.00000
vn -1.00000 -0.00000 -0.00000
vn -1.00000 -0.00000 -0.00000
vn -1.00000 -0.00000 -0.00000
vn -1.00000 0.00000 -0.00000
vn -1.00000 0.00000 -0.00000
vn -1.00000 -0.00000 -0.00000
vn -1.00000 0.00000 -0.00000
vn -1.00000 0.00000 -0.00000
vn -1.00000 0.00000 -0.00000
vn -1.00000 0.00000 -0.00000
vn -1.00000 0.00000 -0.00000
vn -1.00000 0.00000 -0.00000
vn -1.00000 0.00000 -0.00000
vn -1.00000 0.00000 -0.00000
vn -0.00000 1.00000 0.00000
vn -0.00000 0.86603 0.50000
vn -0.00000 0.86603 0.50000
vn -0.00000 1.00000 0.00000
vn -0.00000 0.86603 0.50000
vn -0.00000 0.50000 0.86603
vn -0.00000 0.50000 0.86603
vn -0.00000 0.86603 0.50000
vn -0.00000 0.50000 0.86603
vn -0.00000 0.00000 1.00000
vn -0.00000 0.00000 1.00000
vn -0.00000 0.50000 0.86603
vn -0.00000 0.00000 1.00000
vn -0.00000 -0.50000 0.86603
vn -0.00000 -0.50000 0.86603
vn -0.00000 0.00000 1.00000
vn -0.00000 -0.50000 0.86603
vn -0.00000 -0.86603 0.50000
vn -0.00000 -0.86603 0.50000
vn -0.00000 -0.50000 0.86603
vn -0.00000 -0.86603 0.50000
vn -0.00000 -1.00000 0.00000
vn -0.00000 -1.00000 0.00000
vn -0.00000 -0.86603 0.50000
vn -0.00000 -1.00000 0.00000
vn -0.00000 -0.86603 -0.50000
vn -0.00000 -0.86603 -0.50000
vn -0.00000 -1.00000 0.00000
vn -0.00000 -0.86603 -0.50000
vn -0.00000 -0.50000 -0.86603
vn -0.00000 -0.50000 -0.86603
vn -0.00000 -0.86603 -0.50000
vn -0.00000 -0.50000 -0.86603
vn -0.00000 -0.00000 -1.00000
vn -0.00000 -0.00000 -1.00000
vn -0.00000 -0.50000 -0.86603
vn -0.00000 -0.00000 -1.00000
vn -0.00000 0.50000 -0.86603
vn -0.00000 0.50000 -0.86603
vn -0.00000 -0.00000 -1.00000
vn -0.00000 0.50000 -0.86603
vn -0.00000 0.86603 -0.50000
vn -0.00000 0.86603 -0.50000
vn -0.00000 0.50000 -0.86603
vn -0.00000 0.86603 -0.50000
vn -0.00000 1.00000 -0.00000
vn -0.00000 1.00000 -0.00000
vn -0.00000 0.86603 -0.50000
vn -1.00000 0.00000 0.00000
vn -1.00000 0.00000 0.00000
vn -1.00000 0.00000 0.00000
vn -1.00000 0.00000 0.00000
vn -1.00000 0.00000 0.00000
vn -1.00000 0.00000 0.00000
vn -1.00000 0.00000 0.00000
vn -1.00000 0.00000 0.00000
vn -1.00000 0.00000 0.00000
vn -1.00000 0.00000 0.00000
vn -1.00000 0.00000 0.00000
vn -1.00000 0.00000 0.00000
vn -1.00000 0.00000 0.00000
vn -1.00000 -0.00000 0.00000
vn -1.00000 -0.00000 0.00000
vn -1.00000 0.00000 0.00000
vn -1.00000 -0.00000 0.00000
vn -1.00000 -0.00000 0.00000
vn -1.00000 -0.00000 0.00000
vn -1.00000 -0.00000 0.00000
vn -1.00000 -0.00000 0.00000
vn -1.00000 -0.00000 0.00000
vn -1.00000 -0.00000 0.00000
vn -1.00000 -0.00000 0.00000
vn -1.00000 -0.00000 0.00000
vn -1.00000 -0.00000 -0.00000
vn -1.00000 -0.00000 -0.00000
vn -1.00000 -0.00000 0.00000
vn -1.00000 -0.00000 -0.00000
vn -1.00000 -0.00000 -0.00000
vn -1.00000 -0.00000 -0.00000
vn -1.00000 -0.00000 -0.00000
vn -1.00000 -0.00000 -0.00000
vn -1.00000 -0.00000 -0.00000
vn -1.00000 -0.00000 -0.00000
vn -1.00000 -0.00000 -0.00000
vn -1.00000 -0.00000 -0.00000
vn -1.00000 0.00000 -0.00000
vn -1.00000 0.00000 -0.00000
vn -1.00000 -0.00000 -0.00000
vn -1.00000 0.00000 -0.00000
vn -1.00000 0.00000 -0.00000
vn -1.00000 0.00000 -0.00000
vn -1.00000 0.00000 -0.00000
vn -1.00000 0.00000 -0.00000
vn -1.00000 0.00000 -0.00000
vn -1.00000 0.00000 -0.00000
vn -1.00000 0.00000 -0.00000
vn -1.00000 0.00000 0.00000
vn -1.00000 0.00000 0.00000
vn -1.00000 0.00000 0.00000
vn -1.00000 0.00000 0.00000
vn -1.00000 0.00000 0.00000
vn -1.00000 0.00000 0.00000
vn -1.00000 0.00000 0.00000
vn -1.00000 0.00000 0.00000
vn -1.00000 0.00000 0.00000
vn -1.00000 0.00000 0.00000
vn -1.00000 0.00000 0.00000
vn -1.00000 0.00000 0.00000
vn -1.00000 0.00000 0.00000
vn -1.00000 -0.00000 0.00000
vn -1.00000 -0.00000 0.00000
vn -1.00000 0.00000 0.00000
vn -1.00000 -0.00000 0.00000
vn -1.00000 -0.00000 0.00000
vn -1.00000 -0.00000 0.00000
vn -1.00000 -0.00000 0.00000
vn -1.00000 -0.00000 0.00000
vn -1.00000 -0.00000 0.00000
vn -1.00000 -0.00000 0.00000
vn -1.00000 -0.00000 0.00000
vn -1.00000 -0.00000 0.00000
vn -1.00000 -0.00000 -0.00000
vn -1.00000 -0.00000 -0.00000
vn -1.00000 -0.00000 0.00000
vn -1.00000 -0.00000 -0.00000
vn -1.00000 -0.00000 -0.00000
vn -1.00000 -0.00000 -0.00000
vn -1.00000 -0.00000 -0.00000
vn -1.00000 -0.00000 -0.00000
vn -1.00000 -0.00000 -0.00000
vn -1.00000 -0.00000 -0.00000
vn -1.00000 -0.00000 -0.00000
vn -1.00000 -0.00000 -0.00000
vn -1.00000 0.00000 -0.00000
vn -1.00000 0.00000 -0.00000
vn -1.00000 -0.00000 -0.00000
vn -1.00000 0.00000 -0.00000
vn -1.00000 0.00000 -0.00000
vn -1.00000 0.00000 -0.00000
vn -1.00000 0.00000 -0.00000
vn -1.00000 0.00000 -0.00000
vn -1.00000 0.00000 -0.00000
vn -1.00000 0.00000 -0.00000
vn -1.00000 0.00000 -0.00000
vn -0.00000 1.00000 0.00000
vn -0.00000 0.86603 0.50000
vn -0.00000 0.86603 0.50000
vn -0.00000 1.00000 0.00000
vn -0.00000 0.86603 0.50000
vn -0.00000 0.50000 0.86603
vn -0.00000 0.50000 0.86603
vn -0.00000 0.86603 0.50000
vn -0.00000 0.50000 0.86603
vn -0.00000 0.00000 1.00000
vn -0.00000 0.00000 1.00000
vn -0.00000 0.50000 0.86603
vn -0.00000 0.00000 1.00000
vn -0.00000 -0.50000 0.86603
vn -0.00000 -0.50000 0.86603
vn -0.00000 0.00000 1.00000
vn -0.00000 -0.50000 0.86603
vn -0.00000 -0.86603 0.50000
vn -0.00000 -0.86603 0.50000
vn -0.00000 -0.50000 0.86603
vn -0.00000 -0.86603 0.50000
vn -0.00000 -1.00000 0.00000
vn -0.00000 -1.00000 0.00000
vn -0.00000 -0.86603 0.50000
vn -0.00000 -1.00000 0.00000
vn -0.00000 -0.86603 -0.50000
vn -0.00000 -0.86603 -0.50000
vn -0.00000 -1.00000 0.00000
vn -0.00000 -0.86603 -0.50000
vn -0.00000 -0.50000 -0.86603
vn -0.00000 -0.50000 -0.86603
vn -0.00000 -0.86603 -0.50000
vn -0.00000 -0.50000 -0.86603
vn -0.00000 -0.00000 -1.00000
vn -0.00000 -0.00000 -1.00000
vn -0.00000 -0.50000 -0.86603
vn -0.00000 -0.00000 -1.00000
vn -0.00000 0.50000 -0.86603
vn -0.00000 0.50000 -0.86603
vn -0.00000 -0.00000 -1.00000
vn -0.00000 0.50000 -0.86603
vn -0.00000 0.86603 -0.50000
vn -0.00000 0.86603 -0.50000
vn -0.00000 0.50000 -0.86603
vn -0.00000 0.86603 -0.50000
vn -0.00000 1.00000 -0.00000
vn -0.00000 1.00000 -0.00000
vn -0.00000 0.86603 -0.50000
vn -1.00000 0.00000 0.00000
vn -1.00000 0.00000 0.00000
vn -1.00000 0.00000 0.00000
vn -1.00000 0.00000 0.00000
vn -1.00000 0.00000 0.00000
vn -1.00000 0.00000 0.00000
vn -1.00000 0.00000 0.00000
vn -1.00000 0.00000 0.00000
vn -1.00000 0.00000 0.00000
vn -1.00000 0.00000 0.00000
vn -1.00000 0.00000 0.00000
vn -1.00000 0.00000 0.00000
vn -1.00000 0.00000 0.00000
vn -1.00000 -0.00000 0.00000
vn -1.00000 -0.00000 0.00000
vn -1.00000 0.00000 0.00000
vn -1.00000 -0.00000 0.00000
vn -1.00000 -0.00000 0.00000
vn -1.00000 -0.00000 0.00000
vn -1.00000 -0.00000 0.00000
vn -1.00000 -0.00000 0.00000
vn -1.00000 -0.00000 0.00000
vn -1.00000 -0.00000 0.00000
vn -1.00000 -0.00000 0.00000
vn -1.00000 -0.00000 0.00000
vn -1.00000 -0.00000 -0.00000
vn -1.00000 -0.00000 -0.00000
vn -1.00000 -0.00000 0.00000
vn -1.00000 -0.00000 -0.00000
vn -1.00000 -0.00000 -0.00000
vn -1.00000 -0.00000 -0.00000
vn -1.00000 -0.00000 -0.00000
vn -1.00000 -0.00000 -0.00000
vn -1.00000 -0.00000 -0.00000
vn -1.00000 -0.00000 -0.00000
vn -1.00000 -0.00000 -0.00000
vn -1.00000 -0.00000 -0.00000
vn -1.00000 0.00000 -0.00000
vn -1.00000 0.00000 -0.00000
vn -1.00000 -0.00000 -0.00000
vn -1.00000 0.00000 -0.00000
vn -1.00000 0.00000 -0.00000
vn -1.00000 0.00000 -0.00000
vn -1.00000 0.00000 -0.00000
vn -1.00000 0.00000 -0.00000
vn -1.00000 0.00000 -0.00000
vn -1.00000 0.00000 -0.00000
vn -1.00000 0.00000 -0.00000
vn -1.00000 0.00000 0.00000
vn -1.00000 0.00000 0.00000
vn -1.00000 0.00000 0.00000
vn -1.00000 0.00000 0.00000
vn -1.00000 0.00000 0.00000
vn -1.00000 0.00000 0.00000
vn -1.00000 0.00000 0.00000
vn -1.00000 0.00000 0.00000
vn -1.00000 0.00000 0.00000
vn -1.00000 0.00000 0.00000
vn -1.00000 0.00000 0.00000
vn -1.00000 0.00000 0.00000
vn -1.00000 0.00000 0.00000
vn -1.00000 -0.00000 0.00000
vn -1.00000 -0.00000 0.00000
vn -1.00000 0.00000 0.00000
vn -1.00000 -0.00000 0.00000
vn -1.00000 -0.00000 0.00000
vn -1.00000 -0.00000 0.00000
vn -1.00000 -0.00000 0.00000
vn -1.00000 -0.00000 0.00000
vn -1.00000 -0.00000 0.00000
vn -1.00000 -0.00000 0.00000
vn -1.00000 -0.00000 0.00000
vn -1.00000 -0.00000 0.00000
vn -1.00000 -0.00000 -0.00000
vn -1.00000 -0.00000 -0.00000
vn -1.00000 -0.00000 0.00000
vn -1.00000 -0.00000 -0.00000
vn -1.00000 -0.00000 -0.00000
vn -1.00000 -0.00000 -0.00000
vn -1.00000 -0.00000 -0.00000
vn -1.00000 -0.00000 -0.00000
vn -1.00000 -0.00000 -0.00000
vn -1.00000 -0.00000 -0.00000
vn -1.00000 -0.00000 -0.00000
vn -1.00000 -0.00000 -0.00000
vn -1.00000 0.00000 -0.00000
vn -1.00000 0.00000 -0.00000
vn -1.00000 -0.00000 -0.00000
vn -1.00000 0.00000 -0.00000
vn -1.00000 0.00000 -0.00000
vn -1.00000 0.00000 -0.00000
vn -1.00000 0.00000 -0.00000
vn -1.00000 0.00000 -0.00000
vn -1.00000 0.00000 -0.00000
vn -1.00000 0.00000 -0.00000
vn -1.00000 0.00000 -0.00000
vn 0.00000 0.00000 -1.00000
vn 0.00000 0.50000 -0.86603
vn 0.00000 0.50000 -0.86603
vn 0.00000 0.00000 -1.00000
vn 0.00000 0.50000 -0.86603
vn 0.00000 0.86603 -0.50000
vn 0.00000 0.86603 -0.50000
vn 0.00000 0.50000 -0.86603
vn 0.00000 0.86603 -0.50000
vn 0.00000 1.00000 -0.00000
vn 0.00000 1.00000 -0.00000
vn 0.00000 0.86603 -0.50000
vn 0.00000 1.00000 -0.00000
vn -0.00000 0.86603 0.50000
vn -0.00000 0.86603 0.50000
vn 0.00000 1.00000 -0.00000
vn -0.00000 0.86603 0.50000
vn -0.00000 0.50000 0.86603
vn -0.00000 0.50000 0.86603
vn -0.00000 0.86603 0.50000
vn -0.00000 0.50000 0.86603
vn -0.00000 0.00000 1.00000
vn -0.00000 0.00000 1.00000
vn -0.00000 0.50000 0.86603
vn -0.00000 0.00000 1.00000
vn 0.00000 -0.50000 0.86603
vn 0.00000 -0.50000 0.86603
vn -0.00000 0.00000 1.00000
vn 0.00000 -0.50000 0.86603
vn 0.00000 -0.86603 0.50000
vn 0.00000 -0.86603 0.50000
vn 0.00000 -0.50000 0.86603
vn 0.00000 -0.86603 0.50000
vn 0.00000 -1.00000 0.00000
vn 0.00000 -1.00000 0.00000
vn 0.00000 -0.86603 0.50000
vn 0.00000 -1.00000 0.00000
vn 0.00000 -0.86603 -0.50000
vn 0.00000 -0.86603 -0.50000
vn 0.00000 -1.00000 0.00000
vn 0.00000 -0.86603 -0.50000
vn 0.00000 -0.50000 -0.86603
vn 0.00000 -0.50000 -0.86603
vn 0.00000 -0.86603 -0.50000
vn 0.00000 -0.50000 -0.86603
vn 0.00000 0.00000 -1.00000
vn 0.00000 0.00000 -1.00000
vn 0.00000 -0.50000 -0.86603
vn -1.00000 -0.00000 -0.00000
vn 1.00000 0.00000 0.00000
vn -0.00000 1.00000 0.00000
vn -0.00000 0.86603 0.50000
vn -0.00000 0.86603 0.50000
vn -0.00000 1.00000 0.00000
vn -0.00000 0.86603 0.50000
vn -0.00000 0.50000 0.86603
vn -0.00000 0.50000 0.86603
vn -0.00000 0.86603 0.50000
vn -0.00000 0.50000 0.86603
vn -0.00000 0.00000 1.00000
vn -0.00000 0.00000 1.00000
vn -0.00000 0.50000 0.86603
vn -0.00000 0.00000 1.00000
vn -0.00000 -0.50000 0.86603
vn -0.00000 -0.50000 0.86603
vn -0.00000 0.00000 1.00000
vn -0.00000 -0.50000 0.86603
vn -0.00000 -0.86603 0.50000
vn -0.00000 -0.86603 0.50000
vn -0.00000 -0.50000 0.86603
vn -0.00000 -0.86603 0.50000
vn -0.00000 -1.00000 0.00000
vn -0.00000 -1.00000 0.00000
vn -0.00000 -0.86603 0.50000
vn -0.00000 -1.00000 0.00000
vn -0.00000 -0.86603 -0.50000
vn -0.00000 -0.86603 -0.50000
vn -0.00000 -1.00000 0.00000
vn -0.00000 -0.86603 -0.50000
vn -0.00000 -0.50000 -0.86603
vn -0.00000 -0.50000 -0.86603
vn -0.00000 -0.86603 -0.50000
vn -0.00000 -0.50000 -0.86603
vn -0.00000 -0.00000 -1.00000
vn -0.00000 -0.00000 -1.00000
vn -0.00000 -0.50000 -0.86603
vn -0.00000 -0.00000 -1.00000
vn -0.00000 0.50000 -0.86603
vn -0.00000 0.50000 -0.86603
vn -0.00000 -0.00000 -1.00000
vn -0.00000 0.50000 -0.86603
vn -0.00000 0.86603 -0.50000
vn -0.00000 0.86603 -0.50000
vn -0.00000 0.50000 -0.86603
vn -0.00000 0.86603 -0.50000
vn -0.00000 1.00000 -0.00000
vn -0.00000 1.00000 -0.00000
vn -0.00000 0.86603 -0.50000
vn -1.00000 0.00000 0.00000
vn -1.00000 0.00000 0.00000
vn -1.00000 0.00000 0.00000
vn -1.00000 0.00000 0.00000
vn -1.00000 0.00000 0.00000
vn -1.00000 0.00000 0.00000
vn -1.00000 0.00000 0.00000
vn -1.00000 0.00000 0.00000
vn -1.00000 0.00000 0.00000
vn -1.00000 0.00000 0.00000
vn -1.00000 0.00000 0.00000
vn -1.00000 0.00000 0.00000
vn -1.00000 0.00000 0.00000
vn -1.00000 -0.00000 0.00000
vn -1.00000 -0.00000 0.00000
vn -1.00000 0.00000 0.00000
vn -1.00000 -0.00000 0.00000
vn -1.00000 -0.00000 0.00000
vn -1.00000 -0.00000 0.00000
vn -1.00000 -0.00000 0.00000
vn -1.00000 -0.00000 0.00000
vn -1.00000 -0.00000 0.00000
vn -1.00000 -0.00000 0.00000
vn -1.00000 -0.00000 0.00000
vn -1.00000 -0.00000 0.00000
vn -1.00000 -0.00000 -0.00000
vn -1.00000 -0.00000 -0.00000
vn -1.00000 -0.00000 0.00000
vn -1.00000 -0.00000 -0.00000
vn -1.00000 -0.00000 -0.00000
vn -1.00000 -0.00000 -0.00000
vn -1.00000 -0.00000 -0.00000
vn -1.00000 -0.00000 -0.00000
vn -1.00000 -0.00000 -0.00000
vn -1.00000 -0.00000 -0.00000
vn -1.00000 -0.00000 -0.00000
vn -1.00000 -0.00000 -0.00000
vn -1.00000 0.00000 -0.00000
vn -1.00000 0.00000 -0.00000
vn -1.00000 -0.00000 -0.00000
vn -1.00000 0.00000 -0.00000
vn -1.00000 0.00000 -0.00000
vn -1.00000 0.00000 -0.00000
vn -1.00000 0.00000 -0.00000
vn -1.00000 0.00000 -0.00000
vn -1.00000 0.00000 -0.00000
vn -1.00000 0.00000 -0.00000
vn -1.00000 0.00000 -0.00000
vn -1.00000 0.00000 0.00000
vn -1.00000 0.00000 0.00000
vn -1.00000 0.00000 0.00000
vn -1.00000 0.00000 0.00000
vn -1.00000 0.00000 0.00000
vn -1.00000 0.00000 0.00000
vn -1.00000 0.00000 0.00000
vn -1.00000 0.00000 0.00000
vn -1.00000 0.00000 0.00000
vn -1.00000 0.00000 0.00000
vn -1.00000 0.00000 0.00000
vn -1.00000 0.00000 0.00000
vn -1.00000 0.00000 0.00000
vn -1.00000 -0.00000 0.00000
vn -1.00000 -0.00000 0.00000
vn -1.00000 0.00000 0.00000
vn -1.00000 -0.00000 0.00000
vn -1.00000 -0.00000 0.00000
vn -1.00000 -0.00000 0.00000
vn -1.00000 -0.00000 0.00000
vn -1.00000 -0.00000 0.00000
vn -1.00000 -0.00000 0.00000
vn -1.00000 -0.00000 0.00000
vn -1.00000 -0.00000 0.00000
vn -1.00000 -0.00000 0.00000
vn -1.00000 -0.00000 -0.00000
vn -1.00000 -0.00000 -0.00000
vn -1.00000 -0.00000 0.00000
vn -1.00000 -0.00000 -0.00000
vn -1.00000 -0.00000 -0.00000
vn -1.00000 -0.00000 -0.00000
vn -1.00000 -0.00000 -0.00000
vn -1.00000 -0.00000 -0.00000
vn -1.00000 -0.00000 -0.00000
vn -1.00000 -0.00000 -0.00000
vn -1.00000 -0.00000 -0.00000
vn -1.00000 -0.00000 -0.00000
vn -1.00000 0.00000 -0.00000
vn -1.00000 0.00000 -0.00000
vn -1.00000 -0.00000 -0.00000
vn -1.00000 0.00000 -0.00000
vn -1.00000 0.00000 -0.00000
vn -1.00000 0.00000 -0.00000
vn -1.00000 0.00000 -0.00000
vn -1.00000 0.00000 -0.00000
vn -1.00000 0.00000 -0.00000
vn -1.00000 0.00000 -0.00000
vn -1.00000 0.00000 -0.00000
vn -0.00000 1.00000 0.00000
vn -0.00000 0.86603 0.50000
vn -0.00000 0.86603 0.50000
vn -0.00000 1.00000 0.00000
vn -0.00000 0.86603 0.50000
vn -0.00000 0.50000 0.86603
vn -0.00000 0.50000 0.86603
vn -0.00000 0.86603 0.50000
vn -0.00000 0.50000 0.86603
vn -0.00000 0.00000 1.00000
vn -0.00000 0.00000 1.00000
vn -0.00000 0.50000 0.86603
vn -0.00000 0.00000 1.00000
vn -0.00000 -0.50000 0.86603
vn -0.00000 -0.50000 0.86603
vn -0.00000 0.00000 1.00000
vn -0.00000 -0.50000 0.86603
vn -0.00000 -0.86603 0.50000
vn -0.00000 -0.86603 0.50000
vn -0.00000 -0.50000 0.86603
vn -0.00000 -0.86603 0.50000
vn -0.00000 -1.00000 0.00000
vn -0.00000 -1.00000 0.00000
vn -0.00000 -0.86603 0.50000
vn -0.00000 -1.00000 0.00000
vn -0.00000 -0.86603 -0.50000
vn -0.00000 -0.86603 -0.50000
vn -0.00000 -1.00000 0.00000
vn -0.00000 -0.86603 -0.50000
vn -0.00000 -0.50000 -0.86603
vn -0.00000 -0.50000 -0.86603
vn -0.00000 -0.86603 -0.50000
vn -0.00000 -0.50000 -0.86603
vn -0.00000 -0.00000 -1.00000
vn -0.00000 -0.00000 -1.00000
vn -0.00000 -0.50000 -0.86603
vn -0.00000 -0.00000 -1.00000
vn -0.00000 0.50000 -0.86603
vn -0.00000 0.50000 -0.86603
vn -0.00000 -0.00000 -1.00000
vn -0.00000 0.50000 -0.86603
vn -0.00000 0.86603 -0.50000
vn -0.00000 0.86603 -0.50000
vn -0.00000 0.50000 -0.86603
vn -0.00000 0.86603 -0.50000
vn -0.00000 1.00000 -0.00000
vn -0.00000 1.00000 -0.00000
vn -0.00000 0.86603 -0.50000
vn -1.00000 0.00000 0.00000
vn -1.00000 0.00000 0.00000
vn -1.00000 0.00000 0.00000
vn -1.00000 0.00000 0.00000
vn -1.00000 0.00000 0.00000
vn -1.00000 0.00000 0.00000
vn -1.00000 0.00000 0.00000
vn -1.00000 0.00000 0.00000
vn -1.00000 0.00000 0.00000
vn -1.00000 0.00000 0.00000
vn -1.00000 0.00000 0.00000
vn -1.00000 0.00000 0.00000
vn -1.00000 0.00000 0.00000
vn -1.00000 -0.00000 0.00000
vn -1.00000 -0.00000 0.00000
vn -1.00000 0.00000 0.00000
vn -1.00000 -0.00000 0.00000
vn -1.00000 -0.00000 0.00000
vn -1.00000 -0.00000 0.00000
vn -1.00000 -0.00000 0.00000
vn -1.00000 -0.00000 0.00000
vn -1.00000 -0.00000 0.00000
vn -1.00000 -0.00000 0.00000
vn -1.00000 -0.00000 0.00000
vn -1.00000 -0.00000 0.00000
vn -1.00000 -0.00000 -0.00000
vn -1.00000 -0.00000 -0.00000
vn -1.00000 -0.00000 0.00000
vn -1.00000 -0.00000 -0.00000
vn -1.00000 -0.00000 -0.00000
vn -1.00000 -0.00000 -0.00000
vn -1.00000 -0.00000 -0.00000
vn -1.00000 -0.00000 -0.00000
vn -1.00000 -0.00000 -0.00000
vn -1.00000 -0.00000 -0.00000
vn -1.00000 -0.00000 -0.00000
vn -1.00000 -0.00000 -0.00000
vn -1.00000 0.00000 -0.00000
vn -1.00000 0.00000 -0.00000
vn -1.00000 -0.00000 -0.00000
vn -1.00000 0.00000 -0.00000
vn -1.00000 0.00000 -0.00000
vn -1.00000 0.00000 -0.00000
vn -1.00000 0.00000 -0.00000
vn -1.00000 0.00000 -0.00000
vn -1.00000 0.00000 -0.00000
vn -1.00000 0.00000 -0.00000
vn -1.00000 0.00000 -0.00000
vn -1.00000 0.00000 0.00000
vn -1.00000 0.00000 0.00000
vn -1.00000 0.00000 0.00000
vn -1.00000 0.00000 0.00000
vn -1.00000 0.00000 0.00000
vn -1.00000 0.00000 0.00000
vn -1.00000 0.00000 0.00000
vn -1.00000 0.00000 0.00000
vn -1.00000 0.00000 0.00000
vn -1.00000 0.00000 0.00000
vn -1.00000 0.00000 0.00000
vn -1.00000 0.00000 0.00000
vn -1.00000 0.00000 0.00000
vn -1.00000 -0.00000 0.00000
vn -1.00000 -0.00000 0.00000
vn -1.00000 0.00000 0.00000
vn -1.00000 -0.00000 0.00000
vn -1.00000 -0.00000 0.00000
vn -1.00000 -0.00000 0.00000
vn -1.00000 -0.00000 0.00000
vn -1.00000 -0.00000 0.00000
vn -1.00000 -0.00000 0.00000
vn -1.00000 -0.00000 0.00000
vn -1.00000 -0.00000 0.00000
vn -1.00000 -0.00000 0.00000
vn -1.00000 -0.00000 -0.00000
vn -1.00000 -0.00000 -0.00000
vn -1.00000 -0.00000 0.00000
vn -1.00000 -0.00000 -0.00000
vn -1.00000 -0.00000 -0.00000
vn -1.00000 -0.00000 -0.00000
vn -1.00000 -0.00000 -0.00000
vn -1.00000 -0.00000 -0.00000
vn -1.00000 -0.00000 -0.00000
vn -1.00000 -0.00000 -0.00000
vn -1.00000 -0.00000 -0.00000
vn -1.00000 -0.00000 -0.00000
vn -1.00000 0.00000 -0.00000
vn -1.00000 0.00000 -0.00000
vn -1.00000 -0.00000 -0.00000
vn -1.00000 0.00000 -0.00000
vn -1.00000 0.00000 -0.00000
vn -1.00000 0.00000 -0.00000
vn -1.00000 0.00000 -0.00000
vn -1.00000 0.00000 -0.00000
vn -1.00000 0.00000 -0.00000
vn -1.00000 0.00000 -0.00000
vn -1.00000 0.00000 -0.00000
vn -0.00000 1.00000 0.00000
vn -0.00000 0.86603 0.50000
vn -0.00000 0.86603 0.50000
vn -0.00000 1.00000 0.00000
vn -0.00000 0.86603 0.50000
vn -0.00000 0.50000 0.86603
vn -0.00000 0.50000 0.86603
vn -0.00000 0.86603 0.50000
vn -0.00000 0.50000 0.86603
vn -0.00000 0.00000 1.00000
vn -0.00000 0.00000 1.00000
vn -0.00000 0.50000 0.86603
vn -0.00000 0.00000 1.00000
vn -0.00000 -0.50000 0.86603
vn -0.00000 -0.50000 0.86603
vn -0.00000 0.00000 1.00000
vn -0.00000 -0.50000 0.86603
vn -0.00000 -0.86603 0.50000
vn -0.00000 -0.86603 0.50000
vn -0.00000 -0.50000 0.86603
vn -0.00000 -0.86603 0.50000
vn -0.00000 -1.00000 0.00000
vn -0.00000 -1.00000 0.00000
vn -0.00000 -0.86603 0.50000
vn -0.00000 -1.00000 0.00000
vn -0.00000 -0.86603 -0.50000
vn -0.00000 -0.86603 -0.50000
vn -0.00000 -1.00000 0.00000
vn -0.00000 -0.86603 -0.50000
vn -0.00000 -0.50000 -0.86603
vn -0.00000 -0.50000 -0.86603
vn -0.00000 -0.86603 -0.50000
vn -0.00000 -0.50000 -0.86603
vn -0.00000 -0.00000 -1.00000
vn -0.00000 -0.00000 -1.00000
vn -0.00000 -0.50000 -0.86603
vn -0.00000 -0.00000 -1.00000
vn -0.00000 0.50000 -0.86603
vn -0.00000 0.50000 -0.86603
vn -0.00000 -0.00000 -1.00000
vn -0.00000 0.50000 -0.86603
vn -0.00000 0.86603 -0.50000
vn -0.00000 0.86603 -0.50000
vn -0.00000 0.50000 -0.86603
vn -0.00000 0.86603 -0.50000
vn -0.00000 1.00000 -0.00000
vn -0.00000 1.00000 -0.00000
vn -0.00000 0.86603 -0.50000
vn -1.00000 0.00000 0.00000
vn -1.00000 0.00000 0.00000
vn -1.00000 0.00000 0.00000
vn -1.00000 0.00000 0.00000
vn -1.00000 0.00000 0.00000
vn -1.00000 0.00000 0.00000
vn -1.00000 0.00000 0.00000
vn -1.00000 0.00000 0.00000
vn -1.00000 0.00000 0.00000
vn -1.00000 0.00000 0.00000
vn -1.00000 0.00000 0.00000
vn -1.00000 0.00000 0.00000
vn -1.00000 0.00000 0.00000
vn -1.00000 -0.00000 0.00000
vn -1.00000 -0.00000 0.00000
vn -1.00000 0.00000 0.00000
vn -1.00000 -0.00000 0.00000
vn -1.00000 -0.00000 0.00000
vn -1.00000 -0.00000 0.00000
vn -1.00000 -0.00000 0.00000
vn -1.00000 -0.00000 0.00000
vn -1.00000 -0.00000 0.00000
vn -1.00000 -0.00000 0.00000
vn -1.00000 -0.00000 0.00000
vn -1.00000 -0.00000 0.00000
vn -1.00000 -0.00000 -0.00000
vn -1.00000 -0.00000 -0.00000
vn -1.00000 -0.00000 0.00000
vn -1.00000 -0.00000 -0.00000
vn -1.00000 -0.00000 -0.00000
vn -1.00000 -0.00000 -0.00000
vn -1.00000 -0.00000 -0.00000
vn -1.00000 -0.00000 -0.00000
vn -1.00000 -0.00000 -0.00000
vn -1.00000 -0.00000 -0.00000
vn -1.00000 -0.00000 -0.00000
vn -1.00000 -0.00000 -0.00000
vn -1.00000 0.00000 -0.00000
vn -1.00000 0.00000 -0.00000
vn -1.00000 -0.00000 -0.00000
vn -1.00000 0.00000 -0.00000
vn -1.00000 0.00000 -0.00000
vn -1.00000 0.00000 -0.00000
vn -1.00000 0.00000 -0.00000
vn -1.00000 0.00000 -0.00000
vn -1.00000 0.00000 -0.00000
vn -1.00000 0.00000 -0.00000
vn -1.00000 0.00000 -0.00000
vn -1.00000 0.00000 0.00000
vn -1.00000 0.00000 0.00000
vn -1.00000 0.00000 0.00000
vn -1.00000 0.00000 0.00000
vn -1.00000 0.00000 0.00000
vn -1.00000 0.00000 0.00000
vn -1.00000 0.00000 0.00000
vn -1.00000 0.00000 0.00000
vn -1.00000 0.00000 0.00000
vn -1.00000 0.00000 0.00000
vn -1.00000 0.00000 0.00000
vn -1.00000 0.00000 0.00000
vn -1.00000 0.00000 0.00000
vn -1.00000 -0.00000 0.00000
vn -1.00000 -0.00000 0.00000
vn -1.00000 0.00000 0.00000
vn -1.00000 -0.00000 0.00000
vn -1.00000 -0.00000 0.00000
vn -1.00000 -0.00000 0.00000
vn -1.00000 -0.00000 0.00000
vn -1.00000 -0.00000 0.00000
vn -1.00000 -0.00000 0.00000
vn -1.00000 -0.00000 0.00000
vn -1.00000 -0.00000 0.00000
vn -1.00000 -0.00000 0.00000
vn -1.00000 -0.00000 -0.00000
vn -1.00000 -0.00000 -0.00000
vn -1.00000 -0.00000 0.00000
vn -1.00000 -0.00000 -0.00000
vn -1.00000 -0.00000 -0.00000
vn -1.00000 -0.00000 -0.00000
vn -1.00000 -0.00000 -0.00000
vn -1.00000 -0.00000 -0.00000
vn -1.00000 -0.00000 -0.00000
vn -1.00000 -0.00000 -0.00000
vn -1.00000 -0.00000 -0.00000
vn -1.00000 -0.00000 -0.00000
vn -1.00000 0.00000 -0.00000
vn -1.00000 0.00000 -0.00000
vn -1.00000 -0.00000 -0.00000
vn -1.00000 0.00000 -0.00000
vn -1.00000 0.00000 -0.00000
vn -1.00000 0.00000 -0.00000
vn -1.00000 0.00000 -0.00000
vn -1.00000 0.00000 -0.00000
vn -1.00000 0.00000 -0.00000
vn -1.00000 0.00000 -0.00000
vn -1.00000 0.00000 -0.00000
vn -0.00000 1.00000 0.00000
vn -0.00000 0.86603 0.50000
vn -0.00000 0.86603 0.50000
vn -0.00000 1.00000 0.00000
vn -0.00000 0.86603 0.50000
vn -0.00000 0.50000 0.86603
vn -0.00000 0.50000 0.86603
vn -0.00000 0.86603 0.50000
vn -0.00000 0.50000 0.86603
vn -0.00000 0.00000 1.00000
vn -0.00000 0.00000 1.00000
vn -0.00000 0.50000 0.86603
vn -0.00000 0.00000 1.00000
vn -0.00000 -0.50000 0.86603
vn -0.00000 -0.50000 0.86603
vn -0.00000 0.00000 1.00000
vn -0.00000 -0.50000 0.86603
vn -0.00000 -0.86603 0.50000
vn -0.00000 -0.86603 0.50000
vn -0.00000 -0.50000 0.86603
vn -0.00000 -0.86603 0.50000
vn -0.00000 -1.00000 0.00000
vn -0.00000 -1.00000 0.00000
vn -0.00000 -0.86603 0.50000
vn -0.00000 -1.00000 0.00000
vn -0.00000 -0.86603 -0.50000
vn -0.00000 -0.86603 -0.50000
vn -0.00000 -1.00000 0.00000
vn -0.00000 -0.86603 -0.50000
vn -0.00000 -0.50000 -0.86603
vn -0.00000 -0.50000 -0.86603
vn -0.00000 -0.86603 -0.50000
vn -0.00000 -0.50000 -0.86603
vn -0.00000 -0.00000 -1.00000
vn -0.00000 -0.00000 -1.00000
vn -0.00000 -0.50000 -0.86603
vn -0.00000 -0.00000 -1.00000
vn -0.00000 0.50000 -0.86603
vn -0.00000 0.50000 -0.86603
vn -0.00000 -0.00000 -1.00000
vn -0.00000 0.50000 -0.86603
vn -0.00000 0.86603 -0.50000
vn -0.00000 0.86603 -0.50000
vn -0.00000 0.50000 -0.86603
vn -0.00000 0.86603 -0.50000
vn -0.00000 1.00000 -0.00000
vn -0.00000 1.00000 -0.00000
vn -0.00000 0.86603 -0.50000
vn -1.00000 0.00000 0.00000
vn -1.00000 0.00000 0.00000
vn -1.00000 0.00000 0.00000
vn -1.00000 0.00000 0.00000
vn -1.00000 0.00000 0.00000
vn -1.00000 0.00000 0.00000
vn -1.00000 0.00000 0.00000
vn -1.00000 0.00000 0.00000
vn -1.00000 0.00000 0.00000
vn -1.00000 0.00000 0.00000
vn -1.00000 0.00000 0.00000
vn -1.00000 0.00000 0.00000
vn -1.00000 0.00000 0.00000
vn -1.00000 -0.00000 0.00000
vn -1.00000 -0.00000 0.00000
vn -1.00000 0.00000 0.00000
vn -1.00000 -0.00000 0.00000
vn -1.00000 -0.00000 0.00000
vn -1.00000 -0.00000 0.00000
vn -1.00000 -0.00000 0.00000
vn -1.00000 -0.00000 0.00000
vn -1.00000 -0.00000 0.00000
vn -1.00000 -0.00000 0.00000
vn -1.00000 -0.00000 0.00000
vn -1.00000 -0.00000 0.00000
vn -1.00000 -0.00000 -0.00000
vn -1.00000 -0.00000 -0.00000
vn -1.00000 -0.00000 0.00000
vn -1.00000 -0.00000 -0.00000
vn -1.00000 -0.00000 -0.00000
vn -1.00000 -0.00000 -0.00000
vn -1.00000 -0.00000 -0.00000
vn -1.00000 -0.00000 -0.00000
vn -1.00000 -0.00000 -0.00000
vn -1.00000 -0.00000 -0.00000
vn -1.00000 -0.00000 -0.00000
vn -1.00000 -0.00000 -0.00000
vn -1.00000 0.00000 -0.00000
vn -1.00000 0.00000 -0.00000
vn -1.00000 -0.00000 -0.00000
vn -1.00000 0.00000 -0.00000
vn -1.00000 0.00000 -0.00000
vn -1.00000 0.00000 -0.00000
vn -1.00000 0.00000 -0.00000
vn -1.00000 0.00000 -0.00000
vn -1.00000 0.00000 -0.00000
vn -1.00000 0.00000 -0.00000
vn -1.00000 0.00000 -0.00000
vn -1.00000 0.00000 0.00000
vn -1.00000 0.00000 0.00000
vn -1.00000 0.00000 0.00000
vn -1.00000 0.00000 0.00000
vn -1.00000 0.00000 0.00000
vn -1.00000 0.00000 0.00000
vn -1.00000 0.00000 0.00000
vn -1.00000 0.00000 0.00000
vn -1.00000 0.00000 0.00000
vn -1.00000 0.00000 0.00000
vn -1.00000 0.00000 0.00000
vn -1.00000 0.00000 0.00000
vn -1.00000 0.00000 0.00000
vn -1.00000 -0.00000 0.00000
vn -1.00000 -0.00000 0.00000
vn -1.00000 0.00000 0.00000
vn -1.00000 -0.00000 0.00000
vn -1.00000 -0.00000 0.00000
vn -1.00000 -0.00000 0.00000
vn -1.00000 -0.00000 0.00000
vn -1.00000 -0.00000 0.00000
vn -1.00000 -0.00000 0.00000
vn -1.00000 -0.00000 0.00000
vn -1.00000 -0.00000 0.00000
vn -1.00000 -0.00000 0.00000
vn -1.00000 -0.00000 -0.00000
vn -1.00000 -0.00000 -0.00000
vn -1.00000 -0.00000 0.00000
vn -1.00000 -0.00000 -0.00000
vn -1.00000 -0.00000 -0.00000
vn -1.00000 -0.00000 -0.00000
vn -1.00000 -0.00000 -0.00000
vn -1.00000 -0.00000 -0.00000
vn -1.00000 -0.00000 -0.00000
vn -1.00000 -0.00000 -0.00000
vn -1.00000 -0.00000 -0.00000
vn -1.00000 -0.00000 -0.00000
vn -1.00000 0.00000 -0.00000
vn -1.00000 0.00000 -0.00000
vn -1.00000 -0.00000 -0.00000
vn -1.00000 0.00000 -0.00000
vn -1.00000 0.00000 -0.00000
vn -1.00000 0.00000 -0.00000
vn -1.00000 0.00000 -0.00000
vn -1.00000 0.00000 -0.00000
vn -1.00000 0.00000 -0.00000
vn -1.00000 0.00000 -0.00000
vn -1.00000 0.00000 -0.00000
vn 1.00000 0.00000 0.00000
vn -1.00000 0.00000 0.00000
vn 0.00000 1.00000 0.00000
vn 0.00000 -1.00000 0.00000
vn 0.00000 0.00000 1.00000
vn 0.00000 0.00000 -1.00000
vn 1.00000 0.00000 0.00000
vn -1.00000 0.00000 0.00000
vn 0.00000 1.00000 0.00000
vn 0.00000 -1.00000 0.00000
vn 0.00000 0.00000 1.00000
vn 0.00000 0.00000 -1.00000
vn 1.00000 0.00000 0.00000
vn -1.00000 0.00000 0.00000
vn 0.00000 1.00000 0.00000
vn 0.00000 -1.00000 0.00000
vn 0.00000 0.00000 1.00000
vn 0.00000 0.00000 -1.00000
vn 1.00000 0.00000 0.00000
vn -1.00000 0.00000 0.00000
vn 0.00000 1.00000 0.00000
vn 0.00000 -1.00000 0.00000
vn 0.00000 0.00000 1.00000
vn 0.00000 0.00000 -1.00000
vn 1.00000 0.00000 0.00000
vn -1.00000 0.00000 0.00000
vn 0.00000 1.00000 0.00000
vn 0.00000 -1.00000 0.00000
vn 0.00000 0.00000 1.00000
vn 0.00000 0.00000 -1.00000
vn 1.00000 0.00000 0.00000
vn -1.00000 0.00000 0.00000
vn 0.00000 1.00000 0.00000
vn 0.00000 -1.00000 0.00000
vn 0.00000 0.00000 1.00000
vn 0.00000 0.00000 -1.00000
vn 1.00000 0.00000 0.00000
vn -1.00000 0.00000 0.00000
vn 0.00000 1.00000 0.00000
vn 0.00000 -1.00000 0.00000
vn 0.00000 0.00000 1.00000
vn 0.00000 0.00000 -1.00000
vn 1.00000 0.00000 0.00000
vn -1.00000 0.00000 0.00000
vn 0.00000 1.00000 0.00000
vn 0.00000 -1.00000 0.00000
vn 0.00000 0.00000 1.00000
vn 0.00000 0.00000 -1.00000
usemtl rust
f 1/1/1 2/2/2 3/3/3 4/4/4
f 5/5/5 6/6/6 7/7/7 8/8/8
f 9/9/9 10/10/10 11/11/11 12/12/12
f 13/13/13 14/14/14 15/15/15 16/16/16
f 17/17/17 18/18/18 19/19/19 20/20/20
f 21/21/21 22/22/22 23/23/23 24/24/24
f 25/25/25 26/26/26 27/27/27 28/28/28
f 29/29/29 30/30/30 31/31/31 32/32/32
f 33/33/33 34/34/34 35/35/35 36/36/36
f 37/37/37 38/38/38 39/39/39 40/40/40
f 41/41/41 42/42/42 43/43/43 44/44/44
f 45/45/45 46/46/46 47/47/47 48/48/48
f 49/49/49 50/50/49 51/51/49 52/52/49 53/53/49 54/54/49 55/55/49 56/56/49 57/57/49 58/58/49 59/59/49 60/60/49
f 61/61/50 62/62/50 63/63/50 64/64/50 65/65/50 66/66/50 67/67/50 68/68/50 69/69/50 70/70/50 71/71/50 72/72/50
f 73/73/51 74/74/52 75/75/53 76/76/54
f 77/77/55 78/78/56 79/79/57 80/80/58
f 81/81/59 82/82/60 83/83/61 84/84/62
f 85/85/63 86/86/64 87/87/65 88/88/66
f 89/89/67 90/90/68 91/91/69 92/92/70
f 93/93/71 94/94/72 95/95/73 96/96/74
f 97/97/75 98/98/76 99/99/77 100/100/78
f 101/101/79 102/102/80 103/103/81 104/104/82
f 105/105/83 106/106/84 107/107/85 108/108/86
f 109/109/87 110/110/88 111/111/89 112/112/90
f 113/113/91 114/114/92 115/115/93 116/116/94
f 117/117/95 118/118/96 119/119/97 120/120/98
f 121/121/99 122/122/100 123/123/101 124/124/102
f 125/125/103 126/126/104 127/127/105 128/128/106
f 129/129/107 130/130/108 131/131/109 132/132/110
f 133/133/111 134/134/112 135/135/113 136/136/114
f 137/137/115 138/138/116 139/139/117 140/140/118
f 141/141/119 142/142/120 143/143/121 144/144/122
f 145/145/123 146/146/124 147/147/125 148/148/126
f 149/149/127 150/150/128 151/151/129 152/152/130
f 153/153/131 154/154/132 155/155/133 156/156/134
f 157/157/135 158/158/136 159/159/137 160/160/138
f 161/161/139 162/162/140 163/163/141 164/164/142
f 165/165/143 166/166/144 167/167/145 168/168/146
f 169/169/147 170/170/148 171/171/149 172/172/150
f 173/173/151 174/174/152 175/175/153 176/176/154
f 177/177/155 178/178/156 179/179/157 180/180/158
f 181/181/159 182/182/160 183/183/161 184/184/162
f 185/185/163 186/186/164 187/187/165 188/188/166
f 189/189/167 190/190/168 191/191/169 192/192/170
f 193/193/171 194/194/172 195/195/173 196/196/174
f 197/197/175 198/198/176 199/199/177 200/200/178
f 201/201/179 202/202/180 203/203/181 204/204/182
f 205/205/183 206/206/184 207/207/185 208/208/186
f 209/209/187 210/210/188 211/211/189 212/212/190
f 213/213/191 214/214/192 215/215/193 216/216/194
f 217/217/195 218/218/196 219/219/197 220/220/198
f 221/221/199 222/222/200 223/223/201 224/224/202
f 225/225/203 226/226/204 227/227/205 228/228/206
f 229/229/207 230/230/208 231/231/209 232/232/210
f 233/233/211 234/234/212 235/235/213 236/236/214
f 237/237/215 238/238/216 239/239/217 240/240/218
f 241/241/219 242/242/220 243/243/221 244/244/222
f 245/245/223 246/246/224 247/247/225 248/248/226
f 249/249/227 250/250/228 251/251/229 252/252/230
f 253/253/231 254/254/232 255/255/233 256/256/234
f 257/257/235 258/258/236 259/259/237 260/260/238
f 261/261/239 262/262/240 263/263/241 264/264/242
f 265/265/243 266/266/244 267/267/245 268/268/246
f 269/269/247 270/270/248 271/271/249 272/272/250
f 273/273/251 274/274/252 275/275/253 276/276/254
f 277/277/255 278/278/256 279/279/257 280/280/258
f 281/281/259 282/282/260 283/283/261 284/284/262
f 285/285/263 286/286/264 287/287/265 288/288/266
f 289/289/267 290/290/268 291/291/269 292/292/270
f 293/293/271 294/294/272 295/295/273 296/296/274
f 297/297/275 298/298/276 299/299/277 300/300/278
f 301/301/279 302/302/280 303/303/281 304/304/282
f 305/305/283 306/306/284 307/307/285 308/308/286
f 309/309/287 310/310/288 311/311/289 312/312/290
f 313/313/291 314/314/292 315/315/293 316/316/294
f 317/317/295 318/318/296 319/319/297 320/320/298
f 321/321/299 322/322/300 323/323/301 324/324/302
f 325/325/303 326/326/304 327/327/305 328/328/306
f 329/329/307 330/330/308 331/331/309 332/332/310
f 333/333/311 334/334/312 335/335/313 336/336/314
f 337/337/315 338/338/316 339/339/317 340/340/318
f 341/341/319 342/342/320 343/343/321 344/344/322
f 345/345/323 346/346/324 347/347/325 348/348/326
f 349/349/327 350/350/328 351/351/329 352/352/330
f 353/353/331 354/354/332 355/355/333 356/356/334
f 357/357/335 358/358/336 359/359/337 360/360/338
f 361/361/339 362/362/340 363/363/341 364/364/342
f 365/365/343 366/366/344 367/367/345 368/368/346
f 369/369/347 370/370/348 371/371/349 372/372/350
f 373/373/351 374/374/352 375/375/353 376/376/354
f 377/377/355 378/378/356 379/379/357 380/380/358
f 381/381/359 382/382/360 383/383/361 384/384/362
f 385/385/363 386/386/364 387/387/365 388/388/366
f 389/389/367 390/390/368 391/391/369 392/392/370
f 393/393/371 394/394/372 395/395/373 396/396/374
f 397/397/375 398/398/376 399/399/377 400/400/378
f 401/401/379 402/402/380 403/403/381 404/404/382
f 405/405/383 406/406/384 407/407/385 408/408/386
f 409/409/387 410/410/388 411/411/389 412/412/390
f 413/413/391 414/414/392 415/415/393 416/416/394
f 417/417/395 418/418/396 419/419/397 420/420/398
f 421/421/399 422/422/400 423/423/401 424/424/402
f 425/425/403 426/426/404 427/427/405 428/428/406
f 429/429/407 430/430/408 431/431/409 432/432/410
f 433/433/411 434/434/412 435/435/413 436/436/414
f 437/437/415 438/438/416 439/439/417 440/440/418
f 441/441/419 442/442/420 443/443/421 444/444/422
f 445/445/423 446/446/424 447/447/425 448/448/426
f 449/449/427 450/450/428 451/451/429 452/452/430
f 453/453/431 454/454/432 455/455/433 456/456/434
f 457/457/435 458/458/436 459/459/437 460/460/438
f 461/461/439 462/462/440 463/463/441 464/464/442
f 465/465/443 466/466/444 467/467/445 468/468/446
f 469/469/447 470/470/448 471/471/449 472/472/450
f 473/473/451 474/474/452 475/475/453 476/476/454
f 477/477/455 478/478/456 479/479/457 480/480/458
f 481/481/459 482/482/460 483/483/461 484/484/462
f 485/485/463 486/486/464 487/487/465 488/488/466
f 489/489/467 490/490/468 491/491/469 492/492/470
f 493/493/471 494/494/472 495/495/473 496/496/474
f 497/497/475 498/498/476 499/499/477 500/500/478
f 501/501/479 502/502/480 503/503/481 504/504/482
f 505/505/483 506/506/484 507/507/485 508/508/486
f 509/509/487 510/510/488 511/511/489 512/512/490
f 513/513/491 514/514/492 515/515/493 516/516/494
f 517/517/495 518/518/496 519/519/497 520/520/498
f 521/521/499 522/522/500 523/523/501 524/524/502
f 525/525/503 526/526/504 527/527/505 528/528/506
f 529/529/507 530/530/508 531/531/509 532/532/510
f 533/533/511 534/534/512 535/535/513 536/536/514
f 537/537/515 538/538/516 539/539/517 540/540/518
f 541/541/519 542/542/520 543/543/521 544/544/522
f 545/545/523 546/546/524 547/547/525 548/548/526
f 549/549/527 550/550/528 551/551/529 552/552/530
f 553/553/531 554/554/532 555/555/533 556/556/534
f 557/557/535 558/558/536 559/559/537 560/560/538
f 561/561/539 562/562/540 563/563/541 564/564/542
f 565/565/543 566/566/544 567/567/545 568/568/546
f 569/569/547 570/570/548 571/571/549 572/572/550
f 573/573/551 574/574/552 575/575/553 576/576/554
f 577/577/555 578/578/556 579/579/557 580/580/558
f 581/581/559 582/582/560 583/583/561 584/584/562
f 585/585/563 586/586/564 587/587/565 588/588/566
f 589/589/567 590/590/568 591/591/569 592/592/570
f 593/593/571 594/594/572 595/595/573 596/596/574
f 597/597/575 598/598/576 599/599/577 600/600/578
f 601/601/579 602/602/580 603/603/581 604/604/582
f 605/605/583 606/606/584 607/607/585 608/608/586
f 609/609/587 610/610/588 611/611/589 612/612/590
f 613/613/591 614/614/592 615/615/593 616/616/594
f 617/617/595 618/618/596 619/619/597 620/620/598
f 621/621/599 622/622/600 623/623/601 624/624/602
f 625/625/603 626/626/604 627/627/605 628/628/606
f 629/629/607 630/630/608 631/631/609 632/632/610
f 633/633/611 634/634/612 635/635/613 636/636/614
f 637/637/615 638/638/616 639/639/617 640/640/618
f 641/641/619 642/642/620 643/643/621 644/644/622
f 645/645/623 646/646/624 647/647/625 648/648/626
f 1297/1297/1253 1298/1298/1254 1299/1299/1255 1300/1300/1256
f 1301/1301/1257 1302/1302/1258 1303/1303/1259 1304/1304/1260
f 1305/1305/1261 1306/1306/1262 1307/1307/1263 1308/1308/1264
f 1309/1309/1265 1310/1310/1266 1311/1311/1267 1312/1312/1268
f 1313/1313/1269 1314/1314/1270 1315/1315/1271 1316/1316/1272
f 1317/1317/1273 1318/1318/1274 1319/1319/1275 1320/1320/1276
f 1321/1321/1277 1322/1322/1278 1323/1323/1279 1324/1324/1280
f 1325/1325/1281 1326/1326/1282 1327/1327/1283 1328/1328/1284
f 1329/1329/1285 1330/1330/1286 1331/1331/1287 1332/1332/1288
f 1333/1333/1289 1334/1334/1290 1335/1335/1291 1336/1336/1292
f 1337/1337/1293 1338/1338/1294 1339/1339/1295 1340/1340/1296
f 1341/1341/1297 1342/1342/1298 1343/1343/1299 1344/1344/1300
f 1345/1345/1301 1346/1346/1301 1347/1347/1301 1348/1348/1301 1349/1349/1301 1350/1350/1301 1351/1351/1301 1352/1352/1301 1353/1353/1301 1354/1354/1301 1355/1355/1301 1356/1356/1301
f 1357/1357/1302 1358/1358/1302 1359/1359/1302 1360/1360/1302 1361/1361/1302 1362/1362/1302 1363/1363/1302 1364/1364/1302 1365/1365/1302 1366/1366/1302 1367/1367/1302 1368/1368/1302
f 1369/1369/1303 1370/1370/1304 1371/1371/1305 1372/1372/1306
f 1373/1373/1307 1374/1374/1308 1375/1375/1309 1376/1376/1310
f 1377/1377/1311 1378/1378/1312 1379/1379/1313 1380/1380/1314
f 1381/1381/1315 1382/1382/1316 1383/1383/1317 1384/1384/1318
f 1385/1385/1319 1386/1386/1320 1387/1387/1321 1388/1388/1322
f 1389/1389/1323 1390/1390/1324 1391/1391/1325 1392/1392/1326
f 1393/1393/1327 1394/1394/1328 1395/1395/1329 1396/1396/1330
f 1397/1397/1331 1398/1398/1332 1399/1399/1333 1400/1400/1334
f 1401/1401/1335 1402/1402/1336 1403/1403/1337 1404/1404/1338
f 1405/1405/1339 1406/1406/1340 1407/1407/1341 1408/1408/1342
f 1409/1409/1343 1410/1410/1344 1411/1411/1345 1412/1412/1346
f 1413/1413/1347 1414/1414/1348 1415/1415/1349 1416/1416/1350
f 1417/1417/1351 1418/1418/1352 1419/1419/1353 1420/1420/1354
f 1421/1421/1355 1422/1422/1356 1423/1423/1357 1424/1424/1358
f 1425/1425/1359 1426/1426/1360 1427/1427/1361 1428/1428/1362
f 1429/1429/1363 1430/1430/1364 1431/1431/1365 1432/1432/1366
f 1433/1433/1367 1434/1434/1368 1435/1435/1369 1436/1436/1370
f 1437/1437/1371 1438/1438/1372 1439/1439/1373 1440/1440/1374
f 1441/1441/1375 1442/1442/1376 1443/1443/1377 1444/1444/1378
f 1445/1445/1379 1446/1446/1380 1447/1447/1381 1448/1448/1382
f 1449/1449/1383 1450/1450/1384 1451/1451/1385 1452/1452/1386
f 1453/1453/1387 1454/1454/1388 1455/1455/1389 1456/1456/1390
f 1457/1457/1391 1458/1458/1392 1459/1459/1393 1460/1460/1394
f 1461/1461/1395 1462/1462/1396 1463/1463/1397 1464/1464/1398
f 1465/1465/1399 1466/1466/1400 1467/1467/1401 1468/1468/1402
f 1469/1469/1403 1470/1470/1404 1471/1471/1405 1472/1472/1406
f 1473/1473/1407 1474/1474/1408 1475/1475/1409 1476/1476/1410
f 1477/1477/1411 1478/1478/1412 1479/1479/1413 1480/1480/1414
f 1481/1481/1415 1482/1482/1416 1483/1483/1417 1484/1484/1418
f 1485/1485/1419 1486/1486/1420 1487/1487/1421 1488/1488/1422
f 1489/1489/1423 1490/1490/1424 1491/1491/1425 1492/1492/1426
f 1493/1493/1427 1494/1494/1428 1495/1495/1429 1496/1496/1430
f 1497/1497/1431 1498/1498/1432 1499/1499/1433 1500/1500/1434
f 1501/1501/1435 1502/1502/1436 1503/1503/1437 1504/1504/1438
f 1505/1505/1439 1506/1506/1440 1507/1507/1441 1508/1508/1442
f 1509/1509/1443 1510/1510/1444 1511/1511/1445 1512/1512/1446
f 1513/1513/1447 1514/1514/1448 1515/1515/1449 1516/1516/1450
f 1517/1517/1451 1518/1518/1452 1519/1519/1453 1520/1520/1454
f 1521/1521/1455 1522/1522/1456 1523/1523/1457 1524/1524/1458
f 1525/1525/1459 1526/1526/1460 1527/1527/1461 1528/1528/1462
f 1529/1529/1463 1530/1530/1464 1531/1531/1465 1532/1532/1466
f 1533/1533/1467 1534/1534/1468 1535/1535/1469 1536/1536/1470
f 1537/1537/1471 1538/1538/1472 1539/1539/1473 1540/1540/1474
f 1541/1541/1475 1542/1542/1476 1543/1543/1477 1544/1544/1478
f 1545/1545/1479 1546/1546/1480 1547/1547/1481 1548/1548/1482
f 1549/1549/1483 1550/1550/1484 1551/1551/1485 1552/1552/1486
f 1553/1553/1487 1554/1554/1488 1555/1555/1489 1556/1556/1490
f 1557/1557/1491 1558/1558/1492 1559/1559/1493 1560/1560/1494
f 1561/1561/1495 1562/1562/1496 1563/1563/1497 1564/1564/1498
f 1565/1565/1499 1566/1566/1500 1567/1567/1501 1568/1568/1502
f 1569/1569/1503 1570/1570/1504 1571/1571/1505 1572/1572/1506
f 1573/1573/1507 1574/1574/1508 1575/1575/1509 1576/1576/1510
f 1577/1577/1511 1578/1578/1512 1579/1579/1513 1580/1580/1514
f 1581/1581/1515 1582/1582/1516 1583/1583/1517 1584/1584/1518
f 1585/1585/1519 1586/1586/1520 1587/1587/1521 1588/1588/1522
f 1589/1589/1523 1590/1590/1524 1591/1591/1525 1592/1592/1526
f 1593/1593/1527 1594/1594/1528 1595/1595/1529 1596/1596/1530
f 1597/1597/1531 1598/1598/1532 1599/1599/1533 1600/1600/1534
f 1601/1601/1535 1602/1602/1536 1603/1603/1537 1604/1604/1538
f 1605/1605/1539 1606/1606/1540 1607/1607/1541 1608/1608/1542
f 1609/1609/1543 1610/1610/1544 1611/1611/1545 1612/1612/1546
f 1613/1613/1547 1614/1614/1548 1615/1615/1549 1616/1616/1550
f 1617/1617/1551 1618/1618/1552 1619/1619/1553 1620/1620/1554
f 1621/1621/1555 1622/1622/1556 1623/1623/1557 1624/1624/1558
f 1625/1625/1559 1626/1626/1560 1627/1627/1561 1628/1628/1562
f 1629/1629/1563 1630/1630/1564 1631/1631/1565 1632/1632/1566
f 1633/1633/1567 1634/1634/1568 1635/1635/1569 1636/1636/1570
f 1637/1637/1571 1638/1638/1572 1639/1639/1573 1640/1640/1574
f 1641/1641/1575 1642/1642/1576 1643/1643/1577 1644/1644/1578
f 1645/1645/1579 1646/1646/1580 1647/1647/1581 1648/1648/1582
f 1649/1649/1583 1650/1650/1584 1651/1651/1585 1652/1652/1586
f 1653/1653/1587 1654/1654/1588 1655/1655/1589 1656/1656/1590
f 1657/1657/1591 1658/1658/1592 1659/1659/1593 1660/1660/1594
f 1661/1661/1595 1662/1662/1596 1663/1663/1597 1664/1664/1598
f 1665/1665/1599 1666/1666/1600 1667/1667/1601 1668/1668/1602
f 1669/1669/1603 1670/1670/1604 1671/1671/1605 1672/1672/1606
f 1673/1673/1607 1674/1674/1608 1675/1675/1609 1676/1676/1610
f 1677/1677/1611 1678/1678/1612 1679/1679/1613 1680/1680/1614
f 1681/1681/1615 1682/1682/1616 1683/1683/1617 1684/1684/1618
f 1685/1685/1619 1686/1686/1620 1687/1687/1621 1688/1688/1622
f 1689/1689/1623 1690/1690/1624 1691/1691/1625 1692/1692/1626
f 1693/1693/1627 1694/1694/1628 1695/1695/1629 1696/1696/1630
f 1697/1697/1631 1698/1698/1632 1699/1699/1633 1700/1700/1634
f 1701/1701/1635 1702/1702/1636 1703/1703/1637 1704/1704/1638
f 1705/1705/1639 1706/1706/1640 1707/1707/1641 1708/1708/1642
f 1709/1709/1643 1710/1710/1644 1711/1711/1645 1712/1712/1646
f 1713/1713/1647 1714/1714/1648 1715/1715/1649 1716/1716/1650
f 1717/1717/1651 1718/1718/1652 1719/1719/1653 1720/1720/1654
f 1721/1721/1655 1722/1722/1656 1723/1723/1657 1724/1724/1658
f 1725/1725/1659 1726/1726/1660 1727/1727/1661 1728/1728/1662
f 1729/1729/1663 1730/1730/1664 1731/1731/1665 1732/1732/1666
f 1733/1733/1667 1734/1734/1668 1735/1735/1669 1736/1736/1670
f 1737/1737/1671 1738/1738/1672 1739/1739/1673 1740/1740/1674
f 1741/1741/1675 1742/1742/1676 1743/1743/1677 1744/1744/1678
f 1745/1745/1679 1746/1746/1680 1747/1747/1681 1748/1748/1682
f 1749/1749/1683 1750/1750/1684 1751/1751/1685 1752/1752/1686
f 1753/1753/1687 1754/1754/1688 1755/1755/1689 1756/1756/1690
f 1757/1757/1691 1758/1758/1692 1759/1759/1693 1760/1760/1694
f 1761/1761/1695 1762/1762/1696 1763/1763/1697 1764/1764/1698
f 1765/1765/1699 1766/1766/1700 1767/1767/1701 1768/1768/1702
f 1769/1769/1703 1770/1770/1704 1771/1771/1705 1772/1772/1706
f 1773/1773/1707 1774/1774/1708 1775/1775/1709 1776/1776/1710
f 1777/1777/1711 1778/1778/1712 1779/1779/1713 1780/1780/1714
f 1781/1781/1715 1782/1782/1716 1783/1783/1717 1784/1784/1718
f 1785/1785/1719 1786/1786/1720 1787/1787/1721 1788/1788/1722
f 1789/1789/1723 1790/1790/1724 1791/1791/1725 1792/1792/1726
f 1793/1793/1727 1794/1794/1728 1795/1795/1729 1796/1796/1730
f 1797/1797/1731 1798/1798/1732 1799/1799/1733 1800/1800/1734
f 1801/1801/1735 1802/1802/1736 1803/1803/1737 1804/1804/1738
f 1805/1805/1739 1806/1806/1740 1807/1807/1741 1808/1808/1742
f 1809/1809/1743 1810/1810/1744 1811/1811/1745 1812/1812/1746
f 1813/1813/1747 1814/1814/1748 1815/1815/1749 1816/1816/1750
f 1817/1817/1751 1818/1818/1752 1819/1819/1753 1820/1820/1754
f 1821/1821/1755 1822/1822/1756 1823/1823/1757 1824/1824/1758
f 1825/1825/1759 1826/1826/1760 1827/1827/1761 1828/1828/1762
f 1829/1829/1763 1830/1830/1764 1831/1831/1765 1832/1832/1766
f 1833/1833/1767 1834/1834/1768 1835/1835/1769 1836/1836/1770
f 1837/1837/1771 1838/1838/1772 1839/1839/1773 1840/1840/1774
f 1841/1841/1775 1842/1842/1776 1843/1843/1777 1844/1844/1778
f 1845/1845/1779 1846/1846/1780 1847/1847/1781 1848/1848/1782
f 1849/1849/1783 1850/1850/1784 1851/1851/1785 1852/1852/1786
f 1853/1853/1787 1854/1854/1788 1855/1855/1789 1856/1856/1790
f 1857/1857/1791 1858/1858/1792 1859/1859/1793 1860/1860/1794
f 1861/1861/1795 1862/1862/1796 1863/1863/1797 1864/1864/1798
f 1865/1865/1799 1866/1866/1800 1867/1867/1801 1868/1868/1802
f 1869/1869/1803 1870/1870/1804 1871/1871/1805 1872/1872/1806
f 1873/1873/1807 1874/1874/1808 1875/1875/1809 1876/1876/1810
f 1877/1877/1811 1878/1878/1812 1879/1879/1813 1880/1880/1814
f 1881/1881/1815 1882/1882/1816 1883/1883/1817 1884/1884/1818
f 1885/1885/1819 1886/1886/1820 1887/1887/1821 1888/1888/1822
f 1889/1889/1823 1890/1890/1824 1891/1891/1825 1892/1892/1826
f 1893/1893/1827 1894/1894/1828 1895/1895/1829 1896/1896/1830
f 1897/1897/1831 1898/1898/1832 1899/1899/1833 1900/1900/1834
f 1901/1901/1835 1902/1902/1836 1903/1903/1837 1904/1904/1838
f 1905/1905/1839 1906/1906/1840 1907/1907/1841 1908/1908/1842
f 1909/1909/1843 1910/1910/1844 1911/1911/1845 1912/1912/1846
f 1913/1913/1847 1914/1914/1848 1915/1915/1849 1916/1916/1850
f 1917/1917/1851 1918/1918/1852 1919/1919/1853 1920/1920/1854
f 1921/1921/1855 1922/1922/1856 1923/1923/1857 1924/1924/1858
f 1925/1925/1859 1926/1926/1860 1927/1927/1861 1928/1928/1862
f 1929/1929/1863 1930/1930/1864 1931/1931/1865 1932/1932/1866
f 1933/1933/1867 1934/1934/1868 1935/1935/1869 1936/1936/1870
f 1937/1937/1871 1938/1938/1872 1939/1939/1873 1940/1940/1874
f 1941/1941/1875 1942/1942/1876 1943/1943/1877 1944/1944/1878
usemtl steel_dark
f 649/649/627 650/650/628 651/651/629 652/652/630
f 653/653/631 654/654/632 655/655/633 656/656/634
f 657/657/635 658/658/636 659/659/637 660/660/638
f 661/661/639 662/662/640 663/663/641 664/664/642
f 665/665/643 666/666/644 667/667/645 668/668/646
f 669/669/647 670/670/648 671/671/649 672/672/650
f 673/673/651 674/674/652 675/675/653 676/676/654
f 677/677/655 678/678/656 679/679/657 680/680/658
f 681/681/659 682/682/660 683/683/661 684/684/662
f 685/685/663 686/686/664 687/687/665 688/688/666
f 689/689/667 690/690/668 691/691/669 692/692/670
f 693/693/671 694/694/672 695/695/673 696/696/674
f 697/697/675 698/698/675 699/699/675 700/700/675 701/701/675 702/702/675 703/703/675 704/704/675 705/705/675 706/706/675 707/707/675 708/708/675
f 709/709/676 710/710/676 711/711/676 712/712/676 713/713/676 714/714/676 715/715/676 716/716/676 717/717/676 718/718/676 719/719/676 720/720/676
f 721/721/677 722/722/678 723/723/679 724/724/680
f 725/725/681 726/726/682 727/727/683 728/728/684
f 729/729/685 730/730/686 731/731/687 732/732/688
f 733/733/689 734/734/690 735/735/691 736/736/692
f 737/737/693 738/738/694 739/739/695 740/740/696
f 741/741/697 742/742/698 743/743/699 744/744/700
f 745/745/701 746/746/702 747/747/703 748/748/704
f 749/749/705 750/750/706 751/751/707 752/752/708
f 753/753/709 754/754/710 755/755/711 756/756/712
f 757/757/713 758/758/714 759/759/715 760/760/716
f 761/761/717 762/762/718 763/763/719 764/764/720
f 765/765/721 766/766/722 767/767/723 768/768/724
f 769/769/725 770/770/726 771/771/727 772/772/728
f 773/773/729 774/774/730 775/775/731 776/776/732
f 777/777/733 778/778/734 779/779/735 780/780/736
f 781/781/737 782/782/738 783/783/739 784/784/740
f 785/785/741 786/786/742 787/787/743 788/788/744
f 789/789/745 790/790/746 791/791/747 792/792/748
f 793/793/749 794/794/750 795/795/751 796/796/752
f 797/797/753 798/798/754 799/799/755 800/800/756
f 801/801/757 802/802/758 803/803/759 804/804/760
f 805/805/761 806/806/762 807/807/763 808/808/764
f 809/809/765 810/810/766 811/811/767 812/812/768
f 813/813/769 814/814/770 815/815/771 816/816/772
f 817/817/773 818/818/774 819/819/775 820/820/776
f 821/821/777 822/822/778 823/823/779 824/824/780
f 825/825/781 826/826/782 827/827/783 828/828/784
f 829/829/785 830/830/786 831/831/787 832/832/788
f 833/833/789 834/834/790 835/835/791 836/836/792
f 837/837/793 838/838/794 839/839/795 840/840/796
f 841/841/797 842/842/798 843/843/799 844/844/800
f 845/845/801 846/846/802 847/847/803 848/848/804
f 849/849/805 850/850/806 851/851/807 852/852/808
f 853/853/809 854/854/810 855/855/811 856/856/812
f 857/857/813 858/858/814 859/859/815 860/860/816
f 861/861/817 862/862/818 863/863/819 864/864/820
f 865/865/821 866/866/822 867/867/823 868/868/824
f 869/869/825 870/870/826 871/871/827 872/872/828
f 873/873/829 874/874/830 875/875/831 876/876/832
f 877/877/833 878/878/834 879/879/835 880/880/836
f 881/881/837 882/882/838 883/883/839 884/884/840
f 885/885/841 886/886/842 887/887/843 888/888/844
f 889/889/845 890/890/846 891/891/847 892/892/848
f 893/893/849 894/894/850 895/895/851 896/896/852
f 897/897/853 898/898/854 899/899/855 900/900/856
f 901/901/857 902/902/858 903/903/859 904/904/860
f 905/905/861 906/906/862 907/907/863 908/908/864
f 909/909/865 910/910/866 911/911/867 912/912/868
f 913/913/869 914/914/870 915/915/871 916/916/872
f 917/917/873 918/918/874 919/919/875 920/920/876
f 921/921/877 922/922/878 923/923/879 924/924/880
f 925/925/881 926/926/882 927/927/883 928/928/884
f 929/929/885 930/930/886 931/931/887 932/932/888
f 933/933/889 934/934/890 935/935/891 936/936/892
f 937/937/893 938/938/894 939/939/895 940/940/896
f 941/941/897 942/942/898 943/943/899 944/944/900
f 945/945/901 946/946/902 947/947/903 948/948/904
f 949/949/905 950/950/906 951/951/907 952/952/908
f 953/953/909 954/954/910 955/955/911 956/956/912
f 957/957/913 958/958/914 959/959/915 960/960/916
f 961/961/917 962/962/918 963/963/919 964/964/920
f 965/965/921 966/966/922 967/967/923 968/968/924
f 969/969/925 970/970/926 971/971/927 972/972/928
f 973/973/929 974/974/930 975/975/931 976/976/932
f 977/977/933 978/978/934 979/979/935 980/980/936
f 981/981/937 982/982/938 983/983/939 984/984/940
f 985/985/941 986/986/942 987/987/943 988/988/944
f 989/989/945 990/990/946 991/991/947 992/992/948
f 993/993/949 994/994/950 995/995/951 996/996/952
f 997/997/953 998/998/954 999/999/955 1000/1000/956
f 1001/1001/957 1002/1002/958 1003/1003/959 1004/1004/960
f 1005/1005/961 1006/1006/962 1007/1007/963 1008/1008/964
f 1009/1009/965 1010/1010/966 1011/1011/967 1012/1012/968
f 1013/1013/969 1014/1014/970 1015/1015/971 1016/1016/972
f 1017/1017/973 1018/1018/974 1019/1019/975 1020/1020/976
f 1021/1021/977 1022/1022/978 1023/1023/979 1024/1024/980
f 1025/1025/981 1026/1026/982 1027/1027/983 1028/1028/984
f 1029/1029/985 1030/1030/986 1031/1031/987 1032/1032/988
f 1033/1033/989 1034/1034/990 1035/1035/991 1036/1036/992
f 1037/1037/993 1038/1038/994 1039/1039/995 1040/1040/996
f 1041/1041/997 1042/1042/998 1043/1043/999 1044/1044/1000
f 1045/1045/1001 1046/1046/1002 1047/1047/1003 1048/1048/1004
f 1049/1049/1005 1050/1050/1006 1051/1051/1007 1052/1052/1008
f 1053/1053/1009 1054/1054/1010 1055/1055/1011 1056/1056/1012
f 1057/1057/1013 1058/1058/1014 1059/1059/1015 1060/1060/1016
f 1061/1061/1017 1062/1062/1018 1063/1063/1019 1064/1064/1020
f 1065/1065/1021 1066/1066/1022 1067/1067/1023 1068/1068/1024
f 1069/1069/1025 1070/1070/1026 1071/1071/1027 1072/1072/1028
f 1073/1073/1029 1074/1074/1030 1075/1075/1031 1076/1076/1032
f 1077/1077/1033 1078/1078/1034 1079/1079/1035 1080/1080/1036
f 1081/1081/1037 1082/1082/1038 1083/1083/1039 1084/1084/1040
f 1085/1085/1041 1086/1086/1042 1087/1087/1043 1088/1088/1044
f 1089/1089/1045 1090/1090/1046 1091/1091/1047 1092/1092/1048
f 1093/1093/1049 1094/1094/1050 1095/1095/1051 1096/1096/1052
f 1097/1097/1053 1098/1098/1054 1099/1099/1055 1100/1100/1056
f 1101/1101/1057 1102/1102/1058 1103/1103/1059 1104/1104/1060
f 1105/1105/1061 1106/1106/1062 1107/1107/1063 1108/1108/1064
f 1109/1109/1065 1110/1110/1066 1111/1111/1067 1112/1112/1068
f 1113/1113/1069 1114/1114/1070 1115/1115/1071 1116/1116/1072
f 1117/1117/1073 1118/1118/1074 1119/1119/1075 1120/1120/1076
f 1121/1121/1077 1122/1122/1078 1123/1123/1079 1124/1124/1080
f 1125/1125/1081 1126/1126/1082 1127/1127/1083 1128/1128/1084
f 1129/1129/1085 1130/1130/1086 1131/1131/1087 1132/1132/1088
f 1133/1133/1089 1134/1134/1090 1135/1135/1091 1136/1136/1092
f 1137/1137/1093 1138/1138/1094 1139/1139/1095 1140/1140/1096
f 1141/1141/1097 1142/1142/1098 1143/1143/1099 1144/1144/1100
f 1145/1145/1101 1146/1146/1102 1147/1147/1103 1148/1148/1104
f 1149/1149/1105 1150/1150/1106 1151/1151/1107 1152/1152/1108
f 1153/1153/1109 1154/1154/1110 1155/1155/1111 1156/1156/1112
f 1157/1157/1113 1158/1158/1114 1159/1159/1115 1160/1160/1116
f 1161/1161/1117 1162/1162/1118 1163/1163/1119 1164/1164/1120
f 1165/1165/1121 1166/1166/1122 1167/1167/1123 1168/1168/1124
f 1169/1169/1125 1170/1170/1126 1171/1171/1127 1172/1172/1128
f 1173/1173/1129 1174/1174/1130 1175/1175/1131 1176/1176/1132
f 1177/1177/1133 1178/1178/1134 1179/1179/1135 1180/1180/1136
f 1181/1181/1137 1182/1182/1138 1183/1183/1139 1184/1184/1140
f 1185/1185/1141 1186/1186/1142 1187/1187/1143 1188/1188/1144
f 1189/1189/1145 1190/1190/1146 1191/1191/1147 1192/1192/1148
f 1193/1193/1149 1194/1194/1150 1195/1195/1151 1196/1196/1152
f 1197/1197/1153 1198/1198/1154 1199/1199/1155 1200/1200/1156
f 1201/1201/1157 1202/1202/1158 1203/1203/1159 1204/1204/1160
f 1205/1205/1161 1206/1206/1162 1207/1207/1163 1208/1208/1164
f 1209/1209/1165 1210/1210/1166 1211/1211/1167 1212/1212/1168
f 1213/1213/1169 1214/1214/1170 1215/1215/1171 1216/1216/1172
f 1217/1217/1173 1218/1218/1174 1219/1219/1175 1220/1220/1176
f 1221/1221/1177 1222/1222/1178 1223/1223/1179 1224/1224/1180
f 1225/1225/1181 1226/1226/1182 1227/1227/1183 1228/1228/1184
f 1229/1229/1185 1230/1230/1186 1231/1231/1187 1232/1232/1188
f 1233/1233/1189 1234/1234/1190 1235/1235/1191 1236/1236/1192
f 1237/1237/1193 1238/1238/1194 1239/1239/1195 1240/1240/1196
f 1241/1241/1197 1242/1242/1198 1243/1243/1199 1244/1244/1200
f 1245/1245/1201 1246/1246/1202 1247/1247/1203 1248/1248/1204
f 1249/1249/1205 1250/1250/1206 1251/1251/1207 1252/1252/1208
f 1253/1253/1209 1254/1254/1210 1255/1255/1211 1256/1256/1212
f 1257/1257/1213 1258/1258/1214 1259/1259/1215 1260/1260/1216
f 1261/1261/1217 1262/1262/1218 1263/1263/1219 1264/1264/1220
f 1265/1265/1221 1266/1266/1222 1267/1267/1223 1268/1268/1224
f 1269/1269/1225 1270/1270/1226 1271/1271/1227 1272/1272/1228
f 1273/1273/1229 1274/1274/1230 1275/1275/1231 1276/1276/1232
f 1277/1277/1233 1278/1278/1234 1279/1279/1235 1280/1280/1236
f 1281/1281/1237 1282/1282/1238 1283/1283/1239 1284/1284/1240
f 1285/1285/1241 1286/1286/1242 1287/1287/1243 1288/1288/1244
f 1289/1289/1245 1290/1290/1246 1291/1291/1247 1292/1292/1248
f 1293/1293/1249 1294/1294/1250 1295/1295/1251 1296/1296/1252
f 1945/1945/1879 1946/1946/1879 1947/1947/1879 1948/1948/1879
f 1949/1949/1880 1950/1950/1880 1951/1951/1880 1952/1952/1880
f 1953/1953/1881 1954/1954/1881 1955/1955/1881 1956/1956/1881
f 1957/1957/1882 1958/1958/1882 1959/1959/1882 1960/1960/1882
f 1961/1961/1883 1962/1962/1883 1963/1963/1883 1964/1964/1883
f 1965/1965/1884 1966/1966/1884 1967/1967/1884 1968/1968/1884
f 1969/1969/1885 1970/1970/1885 1971/1971/1885 1972/1972/1885
f 1973/1973/1886 1974/1974/1886 1975/1975/1886 1976/1976/1886
f 1977/1977/1887 1978/1978/1887 1979/1979/1887 1980/1980/1887
f 1981/1981/1888 1982/1982/1888 1983/1983/1888 1984/1984/1888
f 1985/1985/1889 1986/1986/1889 1987/1987/1889 1988/1988/1889
f 1989/1989/1890 1990/1990/1890 1991/1991/1890 1992/1992/1890
f 1993/1993/1891 1994/1994/1891 1995/1995/1891 1996/1996/1891
f 1997/1997/1892 1998/1998/1892 1999/1999/1892 2000/2000/1892
f 2001/2001/1893 2002/2002/1893 2003/2003/1893 2004/2004/1893
f 2005/2005/1894 2006/2006/1894 2007/2007/1894 2008/2008/1894
f 2009/2009/1895 2010/2010/1895 2011/2011/1895 2012/2012/1895
f 2013/2013/1896 2014/2014/1896 2015/2015/1896 2016/2016/1896
f 2017/2017/1897 2018/2018/1897 2019/2019/1897 2020/2020/1897
f 2021/2021/1898 2022/2022/1898 2023/2023/1898 2024/2024/1898
f 2025/2025/1899 2026/2026/1899 2027/2027/1899 2028/2028/1899
f 2029/2029/1900 2030/2030/1900 2031/2031/1900 2032/2032/1900
f 2033/2033/1901 2034/2034/1901 2035/2035/1901 2036/2036/1901
f 2037/2037/1902 2038/2038/1902 2039/2039/1902 2040/2040/1902
f 2041/2041/1903 2042/2042/1903 2043/2043/1903 2044/2044/1903
f 2045/2045/1904 2046/2046/1904 2047/2047/1904 2048/2048/1904
f 2049/2049/1905 2050/2050/1905 2051/2051/1905 2052/2052/1905
f 2053/2053/1906 2054/2054/1906 2055/2055/1906 2056/2056/1906
f 2057/2057/1907 2058/2058/1907 2059/2059/1907 2060/2060/1907
f 2061/2061/1908 2062/2062/1908 2063/2063/1908 2064/2064/1908
f 2065/2065/1909 2066/2066/1909 2067/2067/1909 2068/2068/1909
f 2069/2069/1910 2070/2070/1910 2071/2071/1910 2072/2072/1910
f 2073/2073/1911 2074/2074/1911 2075/2075/1911 2076/2076/1911
f 2077/2077/1912 2078/2078/1912 2079/2079/1912 2080/2080/1912
f 2081/2081/1913 2082/2082/1913 2083/2083/1913 2084/2084/1913
f 2085/2085/1914 2086/2086/1914 2087/2087/1914 2088/2088/1914
f 2089/2089/1915 2090/2090/1915 2091/2091/1915 2092/2092/1915
f 2093/2093/1916 2094/2094/1916 2095/2095/1916 2096/2096/1916
f 2097/2097/1917 2098/2098/1917 2099/2099/1917 2100/2100/1917
f 2101/2101/1918 2102/2102/1918 2103/2103/1918 2104/2104/1918
f 2105/2105/1919 2106/2106/1919 2107/2107/1919 2108/2108/1919
f 2109/2109/1920 2110/2110/1920 2111/2111/1920 2112/2112/1920
f 2113/2113/1921 2114/2114/1921 2115/2115/1921 2116/2116/1921
f 2117/2117/1922 2118/2118/1922 2119/2119/1922 2120/2120/1922
f 2121/2121/1923 2122/2122/1923 2123/2123/1923 2124/2124/1923
f 2125/2125/1924 2126/2126/1924 2127/2127/1924 2128/2128/1924
f 2129/2129/1925 2130/2130/1925 2131/2131/1925 2132/2132/1925
f 2133/2133/1926 2134/2134/1926 2135/2135/1926 2136/2136/1926
