# generated by meshlib
mtllib train_bogie.mtl
o train_bogie
v 1.15000 0.34000 -0.87000
v 1.15000 0.34000 -1.03000
v 1.15000 0.50000 -1.03000
v 1.15000 0.50000 -0.87000
v -1.15000 0.34000 -1.03000
v -1.15000 0.34000 -0.87000
v -1.15000 0.50000 -0.87000
v -1.15000 0.50000 -1.03000
v -1.15000 0.50000 -0.87000
v 1.15000 0.50000 -0.87000
v 1.15000 0.50000 -1.03000
v -1.15000 0.50000 -1.03000
v -1.15000 0.34000 -1.03000
v 1.15000 0.34000 -1.03000
v 1.15000 0.34000 -0.87000
v -1.15000 0.34000 -0.87000
v -1.15000 0.34000 -0.87000
v 1.15000 0.34000 -0.87000
v 1.15000 0.50000 -0.87000
v -1.15000 0.50000 -0.87000
v 1.15000 0.34000 -1.03000
v -1.15000 0.34000 -1.03000
v -1.15000 0.50000 -1.03000
v 1.15000 0.50000 -1.03000
v 1.15000 0.19000 -0.83000
v 1.15000 0.19000 -1.07000
v 1.15000 0.29000 -1.07000
v 1.15000 0.29000 -0.83000
v -1.15000 0.19000 -1.07000
v -1.15000 0.19000 -0.83000
v -1.15000 0.29000 -0.83000
v -1.15000 0.29000 -1.07000
v -1.15000 0.29000 -0.83000
v 1.15000 0.29000 -0.83000
v 1.15000 0.29000 -1.07000
v -1.15000 0.29000 -1.07000
v -1.15000 0.19000 -1.07000
v 1.15000 0.19000 -1.07000
v 1.15000 0.19000 -0.83000
v -1.15000 0.19000 -0.83000
v -1.15000 0.19000 -0.83000
v 1.15000 0.19000 -0.83000
v 1.15000 0.29000 -0.83000
v -1.15000 0.29000 -0.83000
v 1.15000 0.19000 -1.07000
v -1.15000 0.19000 -1.07000
v -1.15000 0.29000 -1.07000
v 1.15000 0.29000 -1.07000
v 1.15000 0.34000 1.03000
v 1.15000 0.34000 0.87000
v 1.15000 0.50000 0.87000
v 1.15000 0.50000 1.03000
v -1.15000 0.34000 0.87000
v -1.15000 0.34000 1.03000
v -1.15000 0.50000 1.03000
v -1.15000 0.50000 0.87000
v -1.15000 0.50000 1.03000
v 1.15000 0.50000 1.03000
v 1.15000 0.50000 0.87000
v -1.15000 0.50000 0.87000
v -1.15000 0.34000 0.87000
v 1.15000 0.34000 0.87000
v 1.15000 0.34000 1.03000
v -1.15000 0.34000 1.03000
v -1.15000 0.34000 1.03000
v 1.15000 0.34000 1.03000
v 1.15000 0.50000 1.03000
v -1.15000 0.50000 1.03000
v 1.15000 0.34000 0.87000
v -1.15000 0.34000 0.87000
v -1.15000 0.50000 0.87000
v 1.15000 0.50000 0.87000
v 1.15000 0.19000 1.07000
v 1.15000 0.19000 0.83000
v 1.15000 0.29000 0.83000
v 1.15000 0.29000 1.07000
v -1.15000 0.19000 0.83000
v -1.15000 0.19000 1.07000
v -1.15000 0.29000 1.07000
v -1.15000 0.29000 0.83000
v -1.15000 0.29000 1.07000
v 1.15000 0.29000 1.07000
v 1.15000 0.29000 0.83000
v -1.15000 0.29000 0.83000
v -1.15000 0.19000 0.83000
v 1.15000 0.19000 0.83000
v 1.15000 0.19000 1.07000
v -1.15000 0.19000 1.07000
v -1.15000 0.19000 1.07000
v 1.15000 0.19000 1.07000
v 1.15000 0.29000 1.07000
v -1.15000 0.29000 1.07000
v 1.15000 0.19000 0.83000
v -1.15000 0.19000 0.83000
v -1.15000 0.29000 0.83000
v 1.15000 0.29000 0.83000
v 0.17000 0.34000 0.95000
v 0.17000 0.34000 -0.95000
v 0.17000 0.50000 -0.95000
v 0.17000 0.50000 0.95000
v -0.17000 0.34000 -0.95000
v -0.17000 0.34000 0.95000
v -0.17000 0.50000 0.95000
v -0.17000 0.50000 -0.95000
v -0.17000 0.50000 0.95000
v 0.17000 0.50000 0.95000
v 0.17000 0.50000 -0.95000
v -0.17000 0.50000 -0.95000
v -0.17000 0.34000 -0.95000
v 0.17000 0.34000 -0.95000
v 0.17000 0.34000 0.95000
v -0.17000 0.34000 0.95000
v -0.17000 0.34000 0.95000
v 0.17000 0.34000 0.95000
v 0.17000 0.50000 0.95000
v -0.17000 0.50000 0.95000
v 0.17000 0.34000 -0.95000
v -0.17000 0.34000 -0.95000
v -0.17000 0.50000 -0.95000
v 0.17000 0.50000 -0.95000
v 0.55000 0.48000 -0.58000
v 0.55000 0.68000 -0.58000
v 0.55000 0.68000 0.58000
v 0.55000 0.48000 0.58000
v -0.55000 0.48000 0.58000
v -0.55000 0.68000 0.58000
v -0.55000 0.68000 -0.58000
v -0.55000 0.48000 -0.58000
v -0.53000 0.70000 0.58000
v 0.53000 0.70000 0.58000
v 0.53000 0.70000 -0.58000
v -0.53000 0.70000 -0.58000
v -0.53000 0.46000 -0.58000
v 0.53000 0.46000 -0.58000
v 0.53000 0.46000 0.58000
v -0.53000 0.46000 0.58000
v -0.53000 0.48000 0.60000
v 0.53000 0.48000 0.60000
v 0.53000 0.68000 0.60000
v -0.53000 0.68000 0.60000
v -0.53000 0.68000 -0.60000
v 0.53000 0.68000 -0.60000
v 0.53000 0.48000 -0.60000
v -0.53000 0.48000 -0.60000
v -0.55000 0.46000 -0.58000
v 0.55000 0.46000 -0.58000
v 0.55000 0.48000 -0.60000
v -0.55000 0.48000 -0.60000
v -0.55000 0.46000 0.58000
v 0.55000 0.46000 0.58000
v 0.55000 0.48000 0.60000
v -0.55000 0.48000 0.60000
v -0.55000 0.70000 -0.58000
v 0.55000 0.70000 -0.58000
v 0.55000 0.68000 -0.60000
v -0.55000 0.68000 -0.60000
v -0.55000 0.70000 0.58000
v 0.55000 0.70000 0.58000
v 0.55000 0.68000 0.60000
v -0.55000 0.68000 0.60000
v -0.55000 0.46000 -0.58000
v -0.55000 0.70000 -0.58000
v -0.53000 0.70000 -0.60000
v -0.53000 0.46000 -0.60000
v -0.55000 0.46000 0.58000
v -0.55000 0.70000 0.58000
v -0.53000 0.70000 0.60000
v -0.53000 0.46000 0.60000
v 0.55000 0.46000 -0.58000
v 0.55000 0.70000 -0.58000
v 0.53000 0.70000 -0.60000
v 0.53000 0.46000 -0.60000
v 0.55000 0.46000 0.58000
v 0.55000 0.70000 0.58000
v 0.53000 0.70000 0.60000
v 0.53000 0.46000 0.60000
v -0.55000 0.48000 -0.60000
v -0.55000 0.48000 0.60000
v -0.53000 0.46000 0.60000
v -0.53000 0.46000 -0.60000
v -0.55000 0.68000 -0.60000
v -0.55000 0.68000 0.60000
v -0.53000 0.70000 0.60000
v -0.53000 0.70000 -0.60000
v 0.55000 0.48000 -0.60000
v 0.55000 0.48000 0.60000
v 0.53000 0.46000 0.60000
v 0.53000 0.46000 -0.60000
v 0.55000 0.68000 -0.60000
v 0.55000 0.68000 0.60000
v 0.53000 0.70000 0.60000
v 0.53000 0.70000 -0.60000
v -0.55000 0.48000 -0.58000
v -0.53000 0.46000 -0.58000
v -0.53000 0.48000 -0.60000
v -0.55000 0.48000 0.58000
v -0.53000 0.46000 0.58000
v -0.53000 0.48000 0.60000
v -0.55000 0.68000 -0.58000
v -0.53000 0.70000 -0.58000
v -0.53000 0.68000 -0.60000
v -0.55000 0.68000 0.58000
v -0.53000 0.70000 0.58000
v -0.53000 0.68000 0.60000
v 0.55000 0.48000 -0.58000
v 0.53000 0.46000 -0.58000
v 0.53000 0.48000 -0.60000
v 0.55000 0.48000 0.58000
v 0.53000 0.46000 0.58000
v 0.53000 0.48000 0.60000
v 0.55000 0.68000 -0.58000
v 0.53000 0.70000 -0.58000
v 0.53000 0.68000 -0.60000
v 0.55000 0.68000 0.58000
v 0.53000 0.70000 0.58000
v 0.53000 0.68000 0.60000
v -0.55000 0.42000 -0.78500
v -0.56363 0.52353 -0.78500
v -0.54431 0.52870 -0.76500
v -0.53000 0.42000 -0.76500
v -0.56363 0.52353 -0.78500
v -0.60359 0.62000 -0.78500
v -0.58627 0.63000 -0.76500
v -0.54431 0.52870 -0.76500
v -0.60359 0.62000 -0.78500
v -0.66716 0.70284 -0.78500
v -0.65302 0.71698 -0.76500
v -0.58627 0.63000 -0.76500
v -0.66716 0.70284 -0.78500
v -0.75000 0.76641 -0.78500
v -0.74000 0.78373 -0.76500
v -0.65302 0.71698 -0.76500
v -0.75000 0.76641 -0.78500
v -0.84647 0.80637 -0.78500
v -0.84130 0.82569 -0.76500
v -0.74000 0.78373 -0.76500
v -0.84647 0.80637 -0.78500
v -0.95000 0.82000 -0.78500
v -0.95000 0.84000 -0.76500
v -0.84130 0.82569 -0.76500
v -0.95000 0.82000 -0.78500
v -1.05353 0.80637 -0.78500
v -1.05870 0.82569 -0.76500
v -0.95000 0.84000 -0.76500
v -1.05353 0.80637 -0.78500
v -1.15000 0.76641 -0.78500
v -1.16000 0.78373 -0.76500
v -1.05870 0.82569 -0.76500
v -1.15000 0.76641 -0.78500
v -1.23284 0.70284 -0.78500
v -1.24698 0.71698 -0.76500
v -1.16000 0.78373 -0.76500
v -1.23284 0.70284 -0.78500
v -1.29641 0.62000 -0.78500
v -1.31373 0.63000 -0.76500
v -1.24698 0.71698 -0.76500
v -1.29641 0.62000 -0.78500
v -1.33637 0.52353 -0.78500
v -1.35569 0.52870 -0.76500
v -1.31373 0.63000 -0.76500
v -1.33637 0.52353 -0.78500
v -1.35000 0.42000 -0.78500
v -1.37000 0.42000 -0.76500
v -1.35569 0.52870 -0.76500
v -1.35000 0.42000 -0.78500
v -1.33637 0.31647 -0.78500
v -1.35569 0.31130 -0.76500
v -1.37000 0.42000 -0.76500
v -1.33637 0.31647 -0.78500
v -1.29641 0.22000 -0.78500
v -1.31373 0.21000 -0.76500
v -1.35569 0.31130 -0.76500
v -1.29641 0.22000 -0.78500
v -1.23284 0.13716 -0.78500
v -1.24698 0.12302 -0.76500
v -1.31373 0.21000 -0.76500
v -1.23284 0.13716 -0.78500
v -1.15000 0.07359 -0.78500
v -1.16000 0.05627 -0.76500
v -1.24698 0.12302 -0.76500
v -1.15000 0.07359 -0.78500
v -1.05353 0.03363 -0.78500
v -1.05870 0.01431 -0.76500
v -1.16000 0.05627 -0.76500
v -1.05353 0.03363 -0.78500
v -0.95000 0.02000 -0.78500
v -0.95000 0.00000 -0.76500
v -1.05870 0.01431 -0.76500
v -0.95000 0.02000 -0.78500
v -0.84647 0.03363 -0.78500
v -0.84130 0.01431 -0.76500
v -0.95000 0.00000 -0.76500
v -0.84647 0.03363 -0.78500
v -0.75000 0.07359 -0.78500
v -0.74000 0.05627 -0.76500
v -0.84130 0.01431 -0.76500
v -0.75000 0.07359 -0.78500
v -0.66716 0.13716 -0.78500
v -0.65302 0.12302 -0.76500
v -0.74000 0.05627 -0.76500
v -0.66716 0.13716 -0.78500
v -0.60359 0.22000 -0.78500
v -0.58627 0.21000 -0.76500
v -0.65302 0.12302 -0.76500
v -0.60359 0.22000 -0.78500
v -0.56363 0.31647 -0.78500
v -0.54431 0.31130 -0.76500
v -0.58627 0.21000 -0.76500
v -0.56363 0.31647 -0.78500
v -0.55000 0.42000 -0.78500
v -0.53000 0.42000 -0.76500
v -0.54431 0.31130 -0.76500
v -0.53000 0.42000 -0.76500
v -0.54431 0.52870 -0.76500
v -0.54431 0.52870 -0.67500
v -0.53000 0.42000 -0.67500
v -0.54431 0.52870 -0.76500
v -0.58627 0.63000 -0.76500
v -0.58627 0.63000 -0.67500
v -0.54431 0.52870 -0.67500
v -0.58627 0.63000 -0.76500
v -0.65302 0.71698 -0.76500
v -0.65302 0.71698 -0.67500
v -0.58627 0.63000 -0.67500
v -0.65302 0.71698 -0.76500
v -0.74000 0.78373 -0.76500
v -0.74000 0.78373 -0.67500
v -0.65302 0.71698 -0.67500
v -0.74000 0.78373 -0.76500
v -0.84130 0.82569 -0.76500
v -0.84130 0.82569 -0.67500
v -0.74000 0.78373 -0.67500
v -0.84130 0.82569 -0.76500
v -0.95000 0.84000 -0.76500
v -0.95000 0.84000 -0.67500
v -0.84130 0.82569 -0.67500
v -0.95000 0.84000 -0.76500
v -1.05870 0.82569 -0.76500
v -1.05870 0.82569 -0.67500
v -0.95000 0.84000 -0.67500
v -1.05870 0.82569 -0.76500
v -1.16000 0.78373 -0.76500
v -1.16000 0.78373 -0.67500
v -1.05870 0.82569 -0.67500
v -1.16000 0.78373 -0.76500
v -1.24698 0.71698 -0.76500
v -1.24698 0.71698 -0.67500
v -1.16000 0.78373 -0.67500
v -1.24698 0.71698 -0.76500
v -1.31373 0.63000 -0.76500
v -1.31373 0.63000 -0.67500
v -1.24698 0.71698 -0.67500
v -1.31373 0.63000 -0.76500
v -1.35569 0.52870 -0.76500
v -1.35569 0.52870 -0.67500
v -1.31373 0.63000 -0.67500
v -1.35569 0.52870 -0.76500
v -1.37000 0.42000 -0.76500
v -1.37000 0.42000 -0.67500
v -1.35569 0.52870 -0.67500
v -1.37000 0.42000 -0.76500
v -1.35569 0.31130 -0.76500
v -1.35569 0.31130 -0.67500
v -1.37000 0.42000 -0.67500
v -1.35569 0.31130 -0.76500
v -1.31373 0.21000 -0.76500
v -1.31373 0.21000 -0.67500
v -1.35569 0.31130 -0.67500
v -1.31373 0.21000 -0.76500
v -1.24698 0.12302 -0.76500
v -1.24698 0.12302 -0.67500
v -1.31373 0.21000 -0.67500
v -1.24698 0.12302 -0.76500
v -1.16000 0.05627 -0.76500
v -1.16000 0.05627 -0.67500
v -1.24698 0.12302 -0.67500
v -1.16000 0.05627 -0.76500
v -1.05870 0.01431 -0.76500
v -1.05870 0.01431 -0.67500
v -1.16000 0.05627 -0.67500
v -1.05870 0.01431 -0.76500
v -0.95000 0.00000 -0.76500
v -0.95000 0.00000 -0.67500
v -1.05870 0.01431 -0.67500
v -0.95000 0.00000 -0.76500
v -0.84130 0.01431 -0.76500
v -0.84130 0.01431 -0.67500
v -0.95000 0.00000 -0.67500
v -0.84130 0.01431 -0.76500
v -0.74000 0.05627 -0.76500
v -0.74000 0.05627 -0.67500
v -0.84130 0.01431 -0.67500
v -0.74000 0.05627 -0.76500
v -0.65302 0.12302 -0.76500
v -0.65302 0.12302 -0.67500
v -0.74000 0.05627 -0.67500
v -0.65302 0.12302 -0.76500
v -0.58627 0.21000 -0.76500
v -0.58627 0.21000 -0.67500
v -0.65302 0.12302 -0.67500
v -0.58627 0.21000 -0.76500
v -0.54431 0.31130 -0.76500
v -0.54431 0.31130 -0.67500
v -0.58627 0.21000 -0.67500
v -0.54431 0.31130 -0.76500
v -0.53000 0.42000 -0.76500
v -0.53000 0.42000 -0.67500
v -0.54431 0.31130 -0.67500
v -0.53000 0.42000 -0.67500
v -0.54431 0.52870 -0.67500
v -0.56363 0.52353 -0.65500
v -0.55000 0.42000 -0.65500
v -0.54431 0.52870 -0.67500
v -0.58627 0.63000 -0.67500
v -0.60359 0.62000 -0.65500
v -0.56363 0.52353 -0.65500
v -0.58627 0.63000 -0.67500
v -0.65302 0.71698 -0.67500
v -0.66716 0.70284 -0.65500
v -0.60359 0.62000 -0.65500
v -0.65302 0.71698 -0.67500
v -0.74000 0.78373 -0.67500
v -0.75000 0.76641 -0.65500
v -0.66716 0.70284 -0.65500
v -0.74000 0.78373 -0.67500
v -0.84130 0.82569 -0.67500
v -0.84647 0.80637 -0.65500
v -0.75000 0.76641 -0.65500
v -0.84130 0.82569 -0.67500
v -0.95000 0.84000 -0.67500
v -0.95000 0.82000 -0.65500
v -0.84647 0.80637 -0.65500
v -0.95000 0.84000 -0.67500
v -1.05870 0.82569 -0.67500
v -1.05353 0.80637 -0.65500
v -0.95000 0.82000 -0.65500
v -1.05870 0.82569 -0.67500
v -1.16000 0.78373 -0.67500
v -1.15000 0.76641 -0.65500
v -1.05353 0.80637 -0.65500
v -1.16000 0.78373 -0.67500
v -1.24698 0.71698 -0.67500
v -1.23284 0.70284 -0.65500
v -1.15000 0.76641 -0.65500
v -1.24698 0.71698 -0.67500
v -1.31373 0.63000 -0.67500
v -1.29641 0.62000 -0.65500
v -1.23284 0.70284 -0.65500
v -1.31373 0.63000 -0.67500
v -1.35569 0.52870 -0.67500
v -1.33637 0.52353 -0.65500
v -1.29641 0.62000 -0.65500
v -1.35569 0.52870 -0.67500
v -1.37000 0.42000 -0.67500
v -1.35000 0.42000 -0.65500
v -1.33637 0.52353 -0.65500
v -1.37000 0.42000 -0.67500
v -1.35569 0.31130 -0.67500
v -1.33637 0.31647 -0.65500
v -1.35000 0.42000 -0.65500
v -1.35569 0.31130 -0.67500
v -1.31373 0.21000 -0.67500
v -1.29641 0.22000 -0.65500
v -1.33637 0.31647 -0.65500
v -1.31373 0.21000 -0.67500
v -1.24698 0.12302 -0.67500
v -1.23284 0.13716 -0.65500
v -1.29641 0.22000 -0.65500
v -1.24698 0.12302 -0.67500
v -1.16000 0.05627 -0.67500
v -1.15000 0.07359 -0.65500
v -1.23284 0.13716 -0.65500
v -1.16000 0.05627 -0.67500
v -1.05870 0.01431 -0.67500
v -1.05353 0.03363 -0.65500
v -1.15000 0.07359 -0.65500
v -1.05870 0.01431 -0.67500
v -0.95000 0.00000 -0.67500
v -0.95000 0.02000 -0.65500
v -1.05353 0.03363 -0.65500
v -0.95000 0.00000 -0.67500
v -0.84130 0.01431 -0.67500
v -0.84647 0.03363 -0.65500
v -0.95000 0.02000 -0.65500
v -0.84130 0.01431 -0.67500
v -0.74000 0.05627 -0.67500
v -0.75000 0.07359 -0.65500
v -0.84647 0.03363 -0.65500
v -0.74000 0.05627 -0.67500
v -0.65302 0.12302 -0.67500
v -0.66716 0.13716 -0.65500
v -0.75000 0.07359 -0.65500
v -0.65302 0.12302 -0.67500
v -0.58627 0.21000 -0.67500
v -0.60359 0.22000 -0.65500
v -0.66716 0.13716 -0.65500
v -0.58627 0.21000 -0.67500
v -0.54431 0.31130 -0.67500
v -0.56363 0.31647 -0.65500
v -0.60359 0.22000 -0.65500
v -0.54431 0.31130 -0.67500
v -0.53000 0.42000 -0.67500
v -0.55000 0.42000 -0.65500
v -0.56363 0.31647 -0.65500
v -0.95000 0.42000 -0.78500
v -0.95000 0.42000 -0.78500
v -0.56363 0.52353 -0.78500
v -0.55000 0.42000 -0.78500
v -0.95000 0.42000 -0.78500
v -0.95000 0.42000 -0.78500
v -0.60359 0.62000 -0.78500
v -0.56363 0.52353 -0.78500
v -0.95000 0.42000 -0.78500
v -0.95000 0.42000 -0.78500
v -0.66716 0.70284 -0.78500
v -0.60359 0.62000 -0.78500
v -0.95000 0.42000 -0.78500
v -0.95000 0.42000 -0.78500
v -0.75000 0.76641 -0.78500
v -0.66716 0.70284 -0.78500
v -0.95000 0.42000 -0.78500
v -0.95000 0.42000 -0.78500
v -0.84647 0.80637 -0.78500
v -0.75000 0.76641 -0.78500
v -0.95000 0.42000 -0.78500
v -0.95000 0.42000 -0.78500
v -0.95000 0.82000 -0.78500
v -0.84647 0.80637 -0.78500
v -0.95000 0.42000 -0.78500
v -0.95000 0.42000 -0.78500
v -1.05353 0.80637 -0.78500
v -0.95000 0.82000 -0.78500
v -0.95000 0.42000 -0.78500
v -0.95000 0.42000 -0.78500
v -1.15000 0.76641 -0.78500
v -1.05353 0.80637 -0.78500
v -0.95000 0.42000 -0.78500
v -0.95000 0.42000 -0.78500
v -1.23284 0.70284 -0.78500
v -1.15000 0.76641 -0.78500
v -0.95000 0.42000 -0.78500
v -0.95000 0.42000 -0.78500
v -1.29641 0.62000 -0.78500
v -1.23284 0.70284 -0.78500
v -0.95000 0.42000 -0.78500
v -0.95000 0.42000 -0.78500
v -1.33637 0.52353 -0.78500
v -1.29641 0.62000 -0.78500
v -0.95000 0.42000 -0.78500
v -0.95000 0.42000 -0.78500
v -1.35000 0.42000 -0.78500
v -1.33637 0.52353 -0.78500
v -0.95000 0.42000 -0.78500
v -0.95000 0.42000 -0.78500
v -1.33637 0.31647 -0.78500
v -1.35000 0.42000 -0.78500
v -0.95000 0.42000 -0.78500
v -0.95000 0.42000 -0.78500
v -1.29641 0.22000 -0.78500
v -1.33637 0.31647 -0.78500
v -0.95000 0.42000 -0.78500
v -0.95000 0.42000 -0.78500
v -1.23284 0.13716 -0.78500
v -1.29641 0.22000 -0.78500
v -0.95000 0.42000 -0.78500
v -0.95000 0.42000 -0.78500
v -1.15000 0.07359 -0.78500
v -1.23284 0.13716 -0.78500
v -0.95000 0.42000 -0.78500
v -0.95000 0.42000 -0.78500
v -1.05353 0.03363 -0.78500
v -1.15000 0.07359 -0.78500
v -0.95000 0.42000 -0.78500
v -0.95000 0.42000 -0.78500
v -0.95000 0.02000 -0.78500
v -1.05353 0.03363 -0.78500
v -0.95000 0.42000 -0.78500
v -0.95000 0.42000 -0.78500
v -0.84647 0.03363 -0.78500
v -0.95000 0.02000 -0.78500
v -0.95000 0.42000 -0.78500
v -0.95000 0.42000 -0.78500
v -0.75000 0.07359 -0.78500
v -0.84647 0.03363 -0.78500
v -0.95000 0.42000 -0.78500
v -0.95000 0.42000 -0.78500
v -0.66716 0.13716 -0.78500
v -0.75000 0.07359 -0.78500
v -0.95000 0.42000 -0.78500
v -0.95000 0.42000 -0.78500
v -0.60359 0.22000 -0.78500
v -0.66716 0.13716 -0.78500
v -0.95000 0.42000 -0.78500
v -0.95000 0.42000 -0.78500
v -0.56363 0.31647 -0.78500
v -0.60359 0.22000 -0.78500
v -0.95000 0.42000 -0.78500
v -0.95000 0.42000 -0.78500
v -0.55000 0.42000 -0.78500
v -0.56363 0.31647 -0.78500
v -0.55000 0.42000 -0.78500
v -0.56363 0.52353 -0.78500
v -0.59261 0.51576 -0.75500
v -0.58000 0.42000 -0.75500
v -0.56363 0.52353 -0.78500
v -0.60359 0.62000 -0.78500
v -0.62957 0.60500 -0.75500
v -0.59261 0.51576 -0.75500
v -0.60359 0.62000 -0.78500
v -0.66716 0.70284 -0.78500
v -0.68837 0.68163 -0.75500
v -0.62957 0.60500 -0.75500
v -0.66716 0.70284 -0.78500
v -0.75000 0.76641 -0.78500
v -0.76500 0.74043 -0.75500
v -0.68837 0.68163 -0.75500
v -0.75000 0.76641 -0.78500
v -0.84647 0.80637 -0.78500
v -0.85424 0.77739 -0.75500
v -0.76500 0.74043 -0.75500
v -0.84647 0.80637 -0.78500
v -0.95000 0.82000 -0.78500
v -0.95000 0.79000 -0.75500
v -0.85424 0.77739 -0.75500
v -0.95000 0.82000 -0.78500
v -1.05353 0.80637 -0.78500
v -1.04576 0.77739 -0.75500
v -0.95000 0.79000 -0.75500
v -1.05353 0.80637 -0.78500
v -1.15000 0.76641 -0.78500
v -1.13500 0.74043 -0.75500
v -1.04576 0.77739 -0.75500
v -1.15000 0.76641 -0.78500
v -1.23284 0.70284 -0.78500
v -1.21163 0.68163 -0.75500
v -1.13500 0.74043 -0.75500
v -1.23284 0.70284 -0.78500
v -1.29641 0.62000 -0.78500
v -1.27043 0.60500 -0.75500
v -1.21163 0.68163 -0.75500
v -1.29641 0.62000 -0.78500
v -1.33637 0.52353 -0.78500
v -1.30739 0.51576 -0.75500
v -1.27043 0.60500 -0.75500
v -1.33637 0.52353 -0.78500
v -1.35000 0.42000 -0.78500
v -1.32000 0.42000 -0.75500
v -1.30739 0.51576 -0.75500
v -1.35000 0.42000 -0.78500
v -1.33637 0.31647 -0.78500
v -1.30739 0.32424 -0.75500
v -1.32000 0.42000 -0.75500
v -1.33637 0.31647 -0.78500
v -1.29641 0.22000 -0.78500
v -1.27043 0.23500 -0.75500
v -1.30739 0.32424 -0.75500
v -1.29641 0.22000 -0.78500
v -1.23284 0.13716 -0.78500
v -1.21163 0.15837 -0.75500
v -1.27043 0.23500 -0.75500
v -1.23284 0.13716 -0.78500
v -1.15000 0.07359 -0.78500
v -1.13500 0.09957 -0.75500
v -1.21163 0.15837 -0.75500
v -1.15000 0.07359 -0.78500
v -1.05353 0.03363 -0.78500
v -1.04576 0.06261 -0.75500
v -1.13500 0.09957 -0.75500
v -1.05353 0.03363 -0.78500
v -0.95000 0.02000 -0.78500
v -0.95000 0.05000 -0.75500
v -1.04576 0.06261 -0.75500
v -0.95000 0.02000 -0.78500
v -0.84647 0.03363 -0.78500
v -0.85424 0.06261 -0.75500
v -0.95000 0.05000 -0.75500
v -0.84647 0.03363 -0.78500
v -0.75000 0.07359 -0.78500
v -0.76500 0.09957 -0.75500
v -0.85424 0.06261 -0.75500
v -0.75000 0.07359 -0.78500
v -0.66716 0.13716 -0.78500
v -0.68837 0.15837 -0.75500
v -0.76500 0.09957 -0.75500
v -0.66716 0.13716 -0.78500
v -0.60359 0.22000 -0.78500
v -0.62957 0.23500 -0.75500
v -0.68837 0.15837 -0.75500
v -0.60359 0.22000 -0.78500
v -0.56363 0.31647 -0.78500
v -0.59261 0.32424 -0.75500
v -0.62957 0.23500 -0.75500
v -0.56363 0.31647 -0.78500
v -0.55000 0.42000 -0.78500
v -0.58000 0.42000 -0.75500
v -0.59261 0.32424 -0.75500
v -0.58000 0.42000 -0.75500
v -0.59261 0.51576 -0.75500
v -0.59261 0.51576 -0.68500
v -0.58000 0.42000 -0.68500
v -0.59261 0.51576 -0.75500
v -0.62957 0.60500 -0.75500
v -0.62957 0.60500 -0.68500
v -0.59261 0.51576 -0.68500
v -0.62957 0.60500 -0.75500
v -0.68837 0.68163 -0.75500
v -0.68837 0.68163 -0.68500
v -0.62957 0.60500 -0.68500
v -0.68837 0.68163 -0.75500
v -0.76500 0.74043 -0.75500
v -0.76500 0.74043 -0.68500
v -0.68837 0.68163 -0.68500
v -0.76500 0.74043 -0.75500
v -0.85424 0.77739 -0.75500
v -0.85424 0.77739 -0.68500
v -0.76500 0.74043 -0.68500
v -0.85424 0.77739 -0.75500
v -0.95000 0.79000 -0.75500
v -0.95000 0.79000 -0.68500
v -0.85424 0.77739 -0.68500
v -0.95000 0.79000 -0.75500
v -1.04576 0.77739 -0.75500
v -1.04576 0.77739 -0.68500
v -0.95000 0.79000 -0.68500
v -1.04576 0.77739 -0.75500
v -1.13500 0.74043 -0.75500
v -1.13500 0.74043 -0.68500
v -1.04576 0.77739 -0.68500
v -1.13500 0.74043 -0.75500
v -1.21163 0.68163 -0.75500
v -1.21163 0.68163 -0.68500
v -1.13500 0.74043 -0.68500
v -1.21163 0.68163 -0.75500
v -1.27043 0.60500 -0.75500
v -1.27043 0.60500 -0.68500
v -1.21163 0.68163 -0.68500
v -1.27043 0.60500 -0.75500
v -1.30739 0.51576 -0.75500
v -1.30739 0.51576 -0.68500
v -1.27043 0.60500 -0.68500
v -1.30739 0.51576 -0.75500
v -1.32000 0.42000 -0.75500
v -1.32000 0.42000 -0.68500
v -1.30739 0.51576 -0.68500
v -1.32000 0.42000 -0.75500
v -1.30739 0.32424 -0.75500
v -1.30739 0.32424 -0.68500
v -1.32000 0.42000 -0.68500
v -1.30739 0.32424 -0.75500
v -1.27043 0.23500 -0.75500
v -1.27043 0.23500 -0.68500
v -1.30739 0.32424 -0.68500
v -1.27043 0.23500 -0.75500
v -1.21163 0.15837 -0.75500
v -1.21163 0.15837 -0.68500
v -1.27043 0.23500 -0.68500
v -1.21163 0.15837 -0.75500
v -1.13500 0.09957 -0.75500
v -1.13500 0.09957 -0.68500
v -1.21163 0.15837 -0.68500
v -1.13500 0.09957 -0.75500
v -1.04576 0.06261 -0.75500
v -1.04576 0.06261 -0.68500
v -1.13500 0.09957 -0.68500
v -1.04576 0.06261 -0.75500
v -0.95000 0.05000 -0.75500
v -0.95000 0.05000 -0.68500
v -1.04576 0.06261 -0.68500
v -0.95000 0.05000 -0.75500
v -0.85424 0.06261 -0.75500
v -0.85424 0.06261 -0.68500
v -0.95000 0.05000 -0.68500
v -0.85424 0.06261 -0.75500
v -0.76500 0.09957 -0.75500
v -0.76500 0.09957 -0.68500
v -0.85424 0.06261 -0.68500
v -0.76500 0.09957 -0.75500
v -0.68837 0.15837 -0.75500
v -0.68837 0.15837 -0.68500
v -0.76500 0.09957 -0.68500
v -0.68837 0.15837 -0.75500
v -0.62957 0.23500 -0.75500
v -0.62957 0.23500 -0.68500
v -0.68837 0.15837 -0.68500
v -0.62957 0.23500 -0.75500
v -0.59261 0.32424 -0.75500
v -0.59261 0.32424 -0.68500
v -0.62957 0.23500 -0.68500
v -0.59261 0.32424 -0.75500
v -0.58000 0.42000 -0.75500
v -0.58000 0.42000 -0.68500
v -0.59261 0.32424 -0.68500
v -0.58000 0.42000 -0.68500
v -0.59261 0.51576 -0.68500
v -0.56363 0.52353 -0.65500
v -0.55000 0.42000 -0.65500
v -0.59261 0.51576 -0.68500
v -0.62957 0.60500 -0.68500
v -0.60359 0.62000 -0.65500
v -0.56363 0.52353 -0.65500
v -0.62957 0.60500 -0.68500
v -0.68837 0.68163 -0.68500
v -0.66716 0.70284 -0.65500
v -0.60359 0.62000 -0.65500
v -0.68837 0.68163 -0.68500
v -0.76500 0.74043 -0.68500
v -0.75000 0.76641 -0.65500
v -0.66716 0.70284 -0.65500
v -0.76500 0.74043 -0.68500
v -0.85424 0.77739 -0.68500
v -0.84647 0.80637 -0.65500
v -0.75000 0.76641 -0.65500
v -0.85424 0.77739 -0.68500
v -0.95000 0.79000 -0.68500
v -0.95000 0.82000 -0.65500
v -0.84647 0.80637 -0.65500
v -0.95000 0.79000 -0.68500
v -1.04576 0.77739 -0.68500
v -1.05353 0.80637 -0.65500
v -0.95000 0.82000 -0.65500
v -1.04576 0.77739 -0.68500
v -1.13500 0.74043 -0.68500
v -1.15000 0.76641 -0.65500
v -1.05353 0.80637 -0.65500
v -1.13500 0.74043 -0.68500
v -1.21163 0.68163 -0.68500
v -1.23284 0.70284 -0.65500
v -1.15000 0.76641 -0.65500
v -1.21163 0.68163 -0.68500
v -1.27043 0.60500 -0.68500
v -1.29641 0.62000 -0.65500
v -1.23284 0.70284 -0.65500
v -1.27043 0.60500 -0.68500
v -1.30739 0.51576 -0.68500
v -1.33637 0.52353 -0.65500
v -1.29641 0.62000 -0.65500
v -1.30739 0.51576 -0.68500
v -1.32000 0.42000 -0.68500
v -1.35000 0.42000 -0.65500
v -1.33637 0.52353 -0.65500
v -1.32000 0.42000 -0.68500
v -1.30739 0.32424 -0.68500
v -1.33637 0.31647 -0.65500
v -1.35000 0.42000 -0.65500
v -1.30739 0.32424 -0.68500
v -1.27043 0.23500 -0.68500
v -1.29641 0.22000 -0.65500
v -1.33637 0.31647 -0.65500
v -1.27043 0.23500 -0.68500
v -1.21163 0.15837 -0.68500
v -1.23284 0.13716 -0.65500
v -1.29641 0.22000 -0.65500
v -1.21163 0.15837 -0.68500
v -1.13500 0.09957 -0.68500
v -1.15000 0.07359 -0.65500
v -1.23284 0.13716 -0.65500
v -1.13500 0.09957 -0.68500
v -1.04576 0.06261 -0.68500
v -1.05353 0.03363 -0.65500
v -1.15000 0.07359 -0.65500
v -1.04576 0.06261 -0.68500
v -0.95000 0.05000 -0.68500
v -0.95000 0.02000 -0.65500
v -1.05353 0.03363 -0.65500
v -0.95000 0.05000 -0.68500
v -0.85424 0.06261 -0.68500
v -0.84647 0.03363 -0.65500
v -0.95000 0.02000 -0.65500
v -0.85424 0.06261 -0.68500
v -0.76500 0.09957 -0.68500
v -0.75000 0.07359 -0.65500
v -0.84647 0.03363 -0.65500
v -0.76500 0.09957 -0.68500
v -0.68837 0.15837 -0.68500
v -0.66716 0.13716 -0.65500
v -0.75000 0.07359 -0.65500
v -0.68837 0.15837 -0.68500
v -0.62957 0.23500 -0.68500
v -0.60359 0.22000 -0.65500
v -0.66716 0.13716 -0.65500
v -0.62957 0.23500 -0.68500
v -0.59261 0.32424 -0.68500
v -0.56363 0.31647 -0.65500
v -0.60359 0.22000 -0.65500
v -0.59261 0.32424 -0.68500
v -0.58000 0.42000 -0.68500
v -0.55000 0.42000 -0.65500
v -0.56363 0.31647 -0.65500
v -0.55000 0.42000 -0.65500
v -0.56363 0.52353 -0.65500
v -0.95000 0.42000 -0.65500
v -0.95000 0.42000 -0.65500
v -0.56363 0.52353 -0.65500
v -0.60359 0.62000 -0.65500
v -0.95000 0.42000 -0.65500
v -0.95000 0.42000 -0.65500
v -0.60359 0.62000 -0.65500
v -0.66716 0.70284 -0.65500
v -0.95000 0.42000 -0.65500
v -0.95000 0.42000 -0.65500
v -0.66716 0.70284 -0.65500
v -0.75000 0.76641 -0.65500
v -0.95000 0.42000 -0.65500
v -0.95000 0.42000 -0.65500
v -0.75000 0.76641 -0.65500
v -0.84647 0.80637 -0.65500
v -0.95000 0.42000 -0.65500
v -0.95000 0.42000 -0.65500
v -0.84647 0.80637 -0.65500
v -0.95000 0.82000 -0.65500
v -0.95000 0.42000 -0.65500
v -0.95000 0.42000 -0.65500
v -0.95000 0.82000 -0.65500
v -1.05353 0.80637 -0.65500
v -0.95000 0.42000 -0.65500
v -0.95000 0.42000 -0.65500
v -1.05353 0.80637 -0.65500
v -1.15000 0.76641 -0.65500
v -0.95000 0.42000 -0.65500
v -0.95000 0.42000 -0.65500
v -1.15000 0.76641 -0.65500
v -1.23284 0.70284 -0.65500
v -0.95000 0.42000 -0.65500
v -0.95000 0.42000 -0.65500
v -1.23284 0.70284 -0.65500
v -1.29641 0.62000 -0.65500
v -0.95000 0.42000 -0.65500
v -0.95000 0.42000 -0.65500
v -1.29641 0.62000 -0.65500
v -1.33637 0.52353 -0.65500
v -0.95000 0.42000 -0.65500
v -0.95000 0.42000 -0.65500
v -1.33637 0.52353 -0.65500
v -1.35000 0.42000 -0.65500
v -0.95000 0.42000 -0.65500
v -0.95000 0.42000 -0.65500
v -1.35000 0.42000 -0.65500
v -1.33637 0.31647 -0.65500
v -0.95000 0.42000 -0.65500
v -0.95000 0.42000 -0.65500
v -1.33637 0.31647 -0.65500
v -1.29641 0.22000 -0.65500
v -0.95000 0.42000 -0.65500
v -0.95000 0.42000 -0.65500
v -1.29641 0.22000 -0.65500
v -1.23284 0.13716 -0.65500
v -0.95000 0.42000 -0.65500
v -0.95000 0.42000 -0.65500
v -1.23284 0.13716 -0.65500
v -1.15000 0.07359 -0.65500
v -0.95000 0.42000 -0.65500
v -0.95000 0.42000 -0.65500
v -1.15000 0.07359 -0.65500
v -1.05353 0.03363 -0.65500
v -0.95000 0.42000 -0.65500
v -0.95000 0.42000 -0.65500
v -1.05353 0.03363 -0.65500
v -0.95000 0.02000 -0.65500
v -0.95000 0.42000 -0.65500
v -0.95000 0.42000 -0.65500
v -0.95000 0.02000 -0.65500
v -0.84647 0.03363 -0.65500
v -0.95000 0.42000 -0.65500
v -0.95000 0.42000 -0.65500
v -0.84647 0.03363 -0.65500
v -0.75000 0.07359 -0.65500
v -0.95000 0.42000 -0.65500
v -0.95000 0.42000 -0.65500
v -0.75000 0.07359 -0.65500
v -0.66716 0.13716 -0.65500
v -0.95000 0.42000 -0.65500
v -0.95000 0.42000 -0.65500
v -0.66716 0.13716 -0.65500
v -0.60359 0.22000 -0.65500
v -0.95000 0.42000 -0.65500
v -0.95000 0.42000 -0.65500
v -0.60359 0.22000 -0.65500
v -0.56363 0.31647 -0.65500
v -0.95000 0.42000 -0.65500
v -0.95000 0.42000 -0.65500
v -0.56363 0.31647 -0.65500
v -0.55000 0.42000 -0.65500
v -0.95000 0.42000 -0.65500
v -0.95000 0.42000 -0.65500
v -0.53000 0.42000 -0.67500
v -0.54431 0.52870 -0.67500
v -0.51533 0.53647 -0.65500
v -0.50000 0.42000 -0.65500
v -0.54431 0.52870 -0.67500
v -0.58627 0.63000 -0.67500
v -0.56029 0.64500 -0.65500
v -0.51533 0.53647 -0.65500
v -0.58627 0.63000 -0.67500
v -0.65302 0.71698 -0.67500
v -0.63180 0.73820 -0.65500
v -0.56029 0.64500 -0.65500
v -0.65302 0.71698 -0.67500
v -0.74000 0.78373 -0.67500
v -0.72500 0.80971 -0.65500
v -0.63180 0.73820 -0.65500
v -0.74000 0.78373 -0.67500
v -0.84130 0.82569 -0.67500
v -0.83353 0.85467 -0.65500
v -0.72500 0.80971 -0.65500
v -0.84130 0.82569 -0.67500
v -0.95000 0.84000 -0.67500
v -0.95000 0.87000 -0.65500
v -0.83353 0.85467 -0.65500
v -0.95000 0.84000 -0.67500
v -1.05870 0.82569 -0.67500
v -1.06647 0.85467 -0.65500
v -0.95000 0.87000 -0.65500
v -1.05870 0.82569 -0.67500
v -1.16000 0.78373 -0.67500
v -1.17500 0.80971 -0.65500
v -1.06647 0.85467 -0.65500
v -1.16000 0.78373 -0.67500
v -1.24698 0.71698 -0.67500
v -1.26820 0.73820 -0.65500
v -1.17500 0.80971 -0.65500
v -1.24698 0.71698 -0.67500
v -1.31373 0.63000 -0.67500
v -1.33971 0.64500 -0.65500
v -1.26820 0.73820 -0.65500
v -1.31373 0.63000 -0.67500
v -1.35569 0.52870 -0.67500
v -1.38467 0.53647 -0.65500
v -1.33971 0.64500 -0.65500
v -1.35569 0.52870 -0.67500
v -1.37000 0.42000 -0.67500
v -1.40000 0.42000 -0.65500
v -1.38467 0.53647 -0.65500
v -1.37000 0.42000 -0.67500
v -1.35569 0.31130 -0.67500
v -1.38467 0.30353 -0.65500
v -1.40000 0.42000 -0.65500
v -1.35569 0.31130 -0.67500
v -1.31373 0.21000 -0.67500
v -1.33971 0.19500 -0.65500
v -1.38467 0.30353 -0.65500
v -1.31373 0.21000 -0.67500
v -1.24698 0.12302 -0.67500
v -1.26820 0.10180 -0.65500
v -1.33971 0.19500 -0.65500
v -1.24698 0.12302 -0.67500
v -1.16000 0.05627 -0.67500
v -1.17500 0.03029 -0.65500
v -1.26820 0.10180 -0.65500
v -1.16000 0.05627 -0.67500
v -1.05870 0.01431 -0.67500
v -1.06647 -0.01467 -0.65500
v -1.17500 0.03029 -0.65500
v -1.05870 0.01431 -0.67500
v -0.95000 0.00000 -0.67500
v -0.95000 -0.03000 -0.65500
v -1.06647 -0.01467 -0.65500
v -0.95000 0.00000 -0.67500
v -0.84130 0.01431 -0.67500
v -0.83353 -0.01467 -0.65500
v -0.95000 -0.03000 -0.65500
v -0.84130 0.01431 -0.67500
v -0.74000 0.05627 -0.67500
v -0.72500 0.03029 -0.65500
v -0.83353 -0.01467 -0.65500
v -0.74000 0.05627 -0.67500
v -0.65302 0.12302 -0.67500
v -0.63180 0.10180 -0.65500
v -0.72500 0.03029 -0.65500
v -0.65302 0.12302 -0.67500
v -0.58627 0.21000 -0.67500
v -0.56029 0.19500 -0.65500
v -0.63180 0.10180 -0.65500
v -0.58627 0.21000 -0.67500
v -0.54431 0.31130 -0.67500
v -0.51533 0.30353 -0.65500
v -0.56029 0.19500 -0.65500
v -0.54431 0.31130 -0.67500
v -0.53000 0.42000 -0.67500
v -0.50000 0.42000 -0.65500
v -0.51533 0.30353 -0.65500
v -0.50000 0.42000 -0.65500
v -0.51533 0.53647 -0.65500
v -0.51533 0.53647 -0.63500
v -0.50000 0.42000 -0.63500
v -0.51533 0.53647 -0.65500
v -0.56029 0.64500 -0.65500
v -0.56029 0.64500 -0.63500
v -0.51533 0.53647 -0.63500
v -0.56029 0.64500 -0.65500
v -0.63180 0.73820 -0.65500
v -0.63180 0.73820 -0.63500
v -0.56029 0.64500 -0.63500
v -0.63180 0.73820 -0.65500
v -0.72500 0.80971 -0.65500
v -0.72500 0.80971 -0.63500
v -0.63180 0.73820 -0.63500
v -0.72500 0.80971 -0.65500
v -0.83353 0.85467 -0.65500
v -0.83353 0.85467 -0.63500
v -0.72500 0.80971 -0.63500
v -0.83353 0.85467 -0.65500
v -0.95000 0.87000 -0.65500
v -0.95000 0.87000 -0.63500
v -0.83353 0.85467 -0.63500
v -0.95000 0.87000 -0.65500
v -1.06647 0.85467 -0.65500
v -1.06647 0.85467 -0.63500
v -0.95000 0.87000 -0.63500
v -1.06647 0.85467 -0.65500
v -1.17500 0.80971 -0.65500
v -1.17500 0.80971 -0.63500
v -1.06647 0.85467 -0.63500
v -1.17500 0.80971 -0.65500
v -1.26820 0.73820 -0.65500
v -1.26820 0.73820 -0.63500
v -1.17500 0.80971 -0.63500
v -1.26820 0.73820 -0.65500
v -1.33971 0.64500 -0.65500
v -1.33971 0.64500 -0.63500
v -1.26820 0.73820 -0.63500
v -1.33971 0.64500 -0.65500
v -1.38467 0.53647 -0.65500
v -1.38467 0.53647 -0.63500
v -1.33971 0.64500 -0.63500
v -1.38467 0.53647 -0.65500
v -1.40000 0.42000 -0.65500
v -1.40000 0.42000 -0.63500
v -1.38467 0.53647 -0.63500
v -1.40000 0.42000 -0.65500
v -1.38467 0.30353 -0.65500
v -1.38467 0.30353 -0.63500
v -1.40000 0.42000 -0.63500
v -1.38467 0.30353 -0.65500
v -1.33971 0.19500 -0.65500
v -1.33971 0.19500 -0.63500
v -1.38467 0.30353 -0.63500
v -1.33971 0.19500 -0.65500
v -1.26820 0.10180 -0.65500
v -1.26820 0.10180 -0.63500
v -1.33971 0.19500 -0.63500
v -1.26820 0.10180 -0.65500
v -1.17500 0.03029 -0.65500
v -1.17500 0.03029 -0.63500
v -1.26820 0.10180 -0.63500
v -1.17500 0.03029 -0.65500
v -1.06647 -0.01467 -0.65500
v -1.06647 -0.01467 -0.63500
v -1.17500 0.03029 -0.63500
v -1.06647 -0.01467 -0.65500
v -0.95000 -0.03000 -0.65500
v -0.95000 -0.03000 -0.63500
v -1.06647 -0.01467 -0.63500
v -0.95000 -0.03000 -0.65500
v -0.83353 -0.01467 -0.65500
v -0.83353 -0.01467 -0.63500
v -0.95000 -0.03000 -0.63500
v -0.83353 -0.01467 -0.65500
v -0.72500 0.03029 -0.65500
v -0.72500 0.03029 -0.63500
v -0.83353 -0.01467 -0.63500
v -0.72500 0.03029 -0.65500
v -0.63180 0.10180 -0.65500
v -0.63180 0.10180 -0.63500
v -0.72500 0.03029 -0.63500
v -0.63180 0.10180 -0.65500
v -0.56029 0.19500 -0.65500
v -0.56029 0.19500 -0.63500
v -0.63180 0.10180 -0.63500
v -0.56029 0.19500 -0.65500
v -0.51533 0.30353 -0.65500
v -0.51533 0.30353 -0.63500
v -0.56029 0.19500 -0.63500
v -0.51533 0.30353 -0.65500
v -0.50000 0.42000 -0.65500
v -0.50000 0.42000 -0.63500
v -0.51533 0.30353 -0.63500
v -0.50000 0.42000 -0.63500
v -0.51533 0.53647 -0.63500
v -0.55397 0.52612 -0.63500
v -0.54000 0.42000 -0.63500
v -0.51533 0.53647 -0.63500
v -0.56029 0.64500 -0.63500
v -0.59493 0.62500 -0.63500
v -0.55397 0.52612 -0.63500
v -0.56029 0.64500 -0.63500
v -0.63180 0.73820 -0.63500
v -0.66009 0.70991 -0.63500
v -0.59493 0.62500 -0.63500
v -0.63180 0.73820 -0.63500
v -0.72500 0.80971 -0.63500
v -0.74500 0.77507 -0.63500
v -0.66009 0.70991 -0.63500
v -0.72500 0.80971 -0.63500
v -0.83353 0.85467 -0.63500
v -0.84388 0.81603 -0.63500
v -0.74500 0.77507 -0.63500
v -0.83353 0.85467 -0.63500
v -0.95000 0.87000 -0.63500
v -0.95000 0.83000 -0.63500
v -0.84388 0.81603 -0.63500
v -0.95000 0.87000 -0.63500
v -1.06647 0.85467 -0.63500
v -1.05612 0.81603 -0.63500
v -0.95000 0.83000 -0.63500
v -1.06647 0.85467 -0.63500
v -1.17500 0.80971 -0.63500
v -1.15500 0.77507 -0.63500
v -1.05612 0.81603 -0.63500
v -1.17500 0.80971 -0.63500
v -1.26820 0.73820 -0.63500
v -1.23991 0.70991 -0.63500
v -1.15500 0.77507 -0.63500
v -1.26820 0.73820 -0.63500
v -1.33971 0.64500 -0.63500
v -1.30507 0.62500 -0.63500
v -1.23991 0.70991 -0.63500
v -1.33971 0.64500 -0.63500
v -1.38467 0.53647 -0.63500
v -1.34603 0.52612 -0.63500
v -1.30507 0.62500 -0.63500
v -1.38467 0.53647 -0.63500
v -1.40000 0.42000 -0.63500
v -1.36000 0.42000 -0.63500
v -1.34603 0.52612 -0.63500
v -1.40000 0.42000 -0.63500
v -1.38467 0.30353 -0.63500
v -1.34603 0.31388 -0.63500
v -1.36000 0.42000 -0.63500
v -1.38467 0.30353 -0.63500
v -1.33971 0.19500 -0.63500
v -1.30507 0.21500 -0.63500
v -1.34603 0.31388 -0.63500
v -1.33971 0.19500 -0.63500
v -1.26820 0.10180 -0.63500
v -1.23991 0.13009 -0.63500
v -1.30507 0.21500 -0.63500
v -1.26820 0.10180 -0.63500
v -1.17500 0.03029 -0.63500
v -1.15500 0.06493 -0.63500
v -1.23991 0.13009 -0.63500
v -1.17500 0.03029 -0.63500
v -1.06647 -0.01467 -0.63500
v -1.05612 0.02397 -0.63500
v -1.15500 0.06493 -0.63500
v -1.06647 -0.01467 -0.63500
v -0.95000 -0.03000 -0.63500
v -0.95000 0.01000 -0.63500
v -1.05612 0.02397 -0.63500
v -0.95000 -0.03000 -0.63500
v -0.83353 -0.01467 -0.63500
v -0.84388 0.02397 -0.63500
v -0.95000 0.01000 -0.63500
v -0.83353 -0.01467 -0.63500
v -0.72500 0.03029 -0.63500
v -0.74500 0.06493 -0.63500
v -0.84388 0.02397 -0.63500
v -0.72500 0.03029 -0.63500
v -0.63180 0.10180 -0.63500
v -0.66009 0.13009 -0.63500
v -0.74500 0.06493 -0.63500
v -0.63180 0.10180 -0.63500
v -0.56029 0.19500 -0.63500
v -0.59493 0.21500 -0.63500
v -0.66009 0.13009 -0.63500
v -0.56029 0.19500 -0.63500
v -0.51533 0.30353 -0.63500
v -0.55397 0.31388 -0.63500
v -0.59493 0.21500 -0.63500
v -0.51533 0.30353 -0.63500
v -0.50000 0.42000 -0.63500
v -0.54000 0.42000 -0.63500
v -0.55397 0.31388 -0.63500
v -0.81000 0.29000 -0.87000
v -0.81000 0.29000 -1.09000
v -0.81000 0.55000 -1.09000
v -0.81000 0.55000 -0.87000
v -1.09000 0.29000 -1.09000
v -1.09000 0.29000 -0.87000
v -1.09000 0.55000 -0.87000
v -1.09000 0.55000 -1.09000
v -1.09000 0.55000 -0.87000
v -0.81000 0.55000 -0.87000
v -0.81000 0.55000 -1.09000
v -1.09000 0.55000 -1.09000
v -1.09000 0.29000 -1.09000
v -0.81000 0.29000 -1.09000
v -0.81000 0.29000 -0.87000
v -1.09000 0.29000 -0.87000
v -1.09000 0.29000 -0.87000
v -0.81000 0.29000 -0.87000
v -0.81000 0.55000 -0.87000
v -1.09000 0.55000 -0.87000
v -0.81000 0.29000 -1.09000
v -1.09000 0.29000 -1.09000
v -1.09000 0.55000 -1.09000
v -0.81000 0.55000 -1.09000
v -0.88000 0.78000 -1.02000
v -0.89337 0.78000 -0.97886
v -0.89337 0.56000 -0.97886
v -0.88000 0.56000 -1.02000
v -0.89337 0.78000 -0.97886
v -0.92837 0.78000 -0.95343
v -0.92837 0.56000 -0.95343
v -0.89337 0.56000 -0.97886
v -0.92837 0.78000 -0.95343
v -0.97163 0.78000 -0.95343
v -0.97163 0.56000 -0.95343
v -0.92837 0.56000 -0.95343
v -0.97163 0.78000 -0.95343
v -1.00663 0.78000 -0.97886
v -1.00663 0.56000 -0.97886
v -0.97163 0.56000 -0.95343
v -1.00663 0.78000 -0.97886
v -1.02000 0.78000 -1.02000
v -1.02000 0.56000 -1.02000
v -1.00663 0.56000 -0.97886
v -1.02000 0.78000 -1.02000
v -1.00663 0.78000 -1.06114
v -1.00663 0.56000 -1.06114
v -1.02000 0.56000 -1.02000
v -1.00663 0.78000 -1.06114
v -0.97163 0.78000 -1.08657
v -0.97163 0.56000 -1.08657
v -1.00663 0.56000 -1.06114
v -0.97163 0.78000 -1.08657
v -0.92837 0.78000 -1.08657
v -0.92837 0.56000 -1.08657
v -0.97163 0.56000 -1.08657
v -0.92837 0.78000 -1.08657
v -0.89337 0.78000 -1.06114
v -0.89337 0.56000 -1.06114
v -0.92837 0.56000 -1.08657
v -0.89337 0.78000 -1.06114
v -0.88000 0.78000 -1.02000
v -0.88000 0.56000 -1.02000
v -0.89337 0.56000 -1.06114
v -0.95000 0.42000 -0.50000
v -0.95000 0.42000 -0.50000
v -0.66809 0.52261 -0.50000
v -0.65000 0.42000 -0.50000
v -0.95000 0.42000 -0.50000
v -0.95000 0.42000 -0.50000
v -0.72019 0.61284 -0.50000
v -0.66809 0.52261 -0.50000
v -0.95000 0.42000 -0.50000
v -0.95000 0.42000 -0.50000
v -0.80000 0.67981 -0.50000
v -0.72019 0.61284 -0.50000
v -0.95000 0.42000 -0.50000
v -0.95000 0.42000 -0.50000
v -0.89791 0.71544 -0.50000
v -0.80000 0.67981 -0.50000
v -0.95000 0.42000 -0.50000
v -0.95000 0.42000 -0.50000
v -1.00209 0.71544 -0.50000
v -0.89791 0.71544 -0.50000
v -0.95000 0.42000 -0.50000
v -0.95000 0.42000 -0.50000
v -1.10000 0.67981 -0.50000
v -1.00209 0.71544 -0.50000
v -0.95000 0.42000 -0.50000
v -0.95000 0.42000 -0.50000
v -1.17981 0.61284 -0.50000
v -1.10000 0.67981 -0.50000
v -0.95000 0.42000 -0.50000
v -0.95000 0.42000 -0.50000
v -1.23191 0.52261 -0.50000
v -1.17981 0.61284 -0.50000
v -0.95000 0.42000 -0.50000
v -0.95000 0.42000 -0.50000
v -1.25000 0.42000 -0.50000
v -1.23191 0.52261 -0.50000
v -0.95000 0.42000 -0.50000
v -0.95000 0.42000 -0.50000
v -1.23191 0.31739 -0.50000
v -1.25000 0.42000 -0.50000
v -0.95000 0.42000 -0.50000
v -0.95000 0.42000 -0.50000
v -1.17981 0.22716 -0.50000
v -1.23191 0.31739 -0.50000
v -0.95000 0.42000 -0.50000
v -0.95000 0.42000 -0.50000
v -1.10000 0.16019 -0.50000
v -1.17981 0.22716 -0.50000
v -0.95000 0.42000 -0.50000
v -0.95000 0.42000 -0.50000
v -1.00209 0.12456 -0.50000
v -1.10000 0.16019 -0.50000
v -0.95000 0.42000 -0.50000
v -0.95000 0.42000 -0.50000
v -0.89791 0.12456 -0.50000
v -1.00209 0.12456 -0.50000
v -0.95000 0.42000 -0.50000
v -0.95000 0.42000 -0.50000
v -0.80000 0.16019 -0.50000
v -0.89791 0.12456 -0.50000
v -0.95000 0.42000 -0.50000
v -0.95000 0.42000 -0.50000
v -0.72019 0.22716 -0.50000
v -0.80000 0.16019 -0.50000
v -0.95000 0.42000 -0.50000
v -0.95000 0.42000 -0.50000
v -0.66809 0.31739 -0.50000
v -0.72019 0.22716 -0.50000
v -0.95000 0.42000 -0.50000
v -0.95000 0.42000 -0.50000
v -0.65000 0.42000 -0.50000
v -0.66809 0.31739 -0.50000
v -0.65000 0.42000 -0.50000
v -0.66809 0.52261 -0.50000
v -0.66809 0.52261 -0.47000
v -0.65000 0.42000 -0.47000
v -0.66809 0.52261 -0.50000
v -0.72019 0.61284 -0.50000
v -0.72019 0.61284 -0.47000
v -0.66809 0.52261 -0.47000
v -0.72019 0.61284 -0.50000
v -0.80000 0.67981 -0.50000
v -0.80000 0.67981 -0.47000
v -0.72019 0.61284 -0.47000
v -0.80000 0.67981 -0.50000
v -0.89791 0.71544 -0.50000
v -0.89791 0.71544 -0.47000
v -0.80000 0.67981 -0.47000
v -0.89791 0.71544 -0.50000
v -1.00209 0.71544 -0.50000
v -1.00209 0.71544 -0.47000
v -0.89791 0.71544 -0.47000
v -1.00209 0.71544 -0.50000
v -1.10000 0.67981 -0.50000
v -1.10000 0.67981 -0.47000
v -1.00209 0.71544 -0.47000
v -1.10000 0.67981 -0.50000
v -1.17981 0.61284 -0.50000
v -1.17981 0.61284 -0.47000
v -1.10000 0.67981 -0.47000
v -1.17981 0.61284 -0.50000
v -1.23191 0.52261 -0.50000
v -1.23191 0.52261 -0.47000
v -1.17981 0.61284 -0.47000
v -1.23191 0.52261 -0.50000
v -1.25000 0.42000 -0.50000
v -1.25000 0.42000 -0.47000
v -1.23191 0.52261 -0.47000
v -1.25000 0.42000 -0.50000
v -1.23191 0.31739 -0.50000
v -1.23191 0.31739 -0.47000
v -1.25000 0.42000 -0.47000
v -1.23191 0.31739 -0.50000
v -1.17981 0.22716 -0.50000
v -1.17981 0.22716 -0.47000
v -1.23191 0.31739 -0.47000
v -1.17981 0.22716 -0.50000
v -1.10000 0.16019 -0.50000
v -1.10000 0.16019 -0.47000
v -1.17981 0.22716 -0.47000
v -1.10000 0.16019 -0.50000
v -1.00209 0.12456 -0.50000
v -1.00209 0.12456 -0.47000
v -1.10000 0.16019 -0.47000
v -1.00209 0.12456 -0.50000
v -0.89791 0.12456 -0.50000
v -0.89791 0.12456 -0.47000
v -1.00209 0.12456 -0.47000
v -0.89791 0.12456 -0.50000
v -0.80000 0.16019 -0.50000
v -0.80000 0.16019 -0.47000
v -0.89791 0.12456 -0.47000
v -0.80000 0.16019 -0.50000
v -0.72019 0.22716 -0.50000
v -0.72019 0.22716 -0.47000
v -0.80000 0.16019 -0.47000
v -0.72019 0.22716 -0.50000
v -0.66809 0.31739 -0.50000
v -0.66809 0.31739 -0.47000
v -0.72019 0.22716 -0.47000
v -0.66809 0.31739 -0.50000
v -0.65000 0.42000 -0.50000
v -0.65000 0.42000 -0.47000
v -0.66809 0.31739 -0.47000
v -0.65000 0.42000 -0.47000
v -0.66809 0.52261 -0.47000
v -0.95000 0.42000 -0.47000
v -0.95000 0.42000 -0.47000
v -0.66809 0.52261 -0.47000
v -0.72019 0.61284 -0.47000
v -0.95000 0.42000 -0.47000
v -0.95000 0.42000 -0.47000
v -0.72019 0.61284 -0.47000
v -0.80000 0.67981 -0.47000
v -0.95000 0.42000 -0.47000
v -0.95000 0.42000 -0.47000
v -0.80000 0.67981 -0.47000
v -0.89791 0.71544 -0.47000
v -0.95000 0.42000 -0.47000
v -0.95000 0.42000 -0.47000
v -0.89791 0.71544 -0.47000
v -1.00209 0.71544 -0.47000
v -0.95000 0.42000 -0.47000
v -0.95000 0.42000 -0.47000
v -1.00209 0.71544 -0.47000
v -1.10000 0.67981 -0.47000
v -0.95000 0.42000 -0.47000
v -0.95000 0.42000 -0.47000
v -1.10000 0.67981 -0.47000
v -1.17981 0.61284 -0.47000
v -0.95000 0.42000 -0.47000
v -0.95000 0.42000 -0.47000
v -1.17981 0.61284 -0.47000
v -1.23191 0.52261 -0.47000
v -0.95000 0.42000 -0.47000
v -0.95000 0.42000 -0.47000
v -1.23191 0.52261 -0.47000
v -1.25000 0.42000 -0.47000
v -0.95000 0.42000 -0.47000
v -0.95000 0.42000 -0.47000
v -1.25000 0.42000 -0.47000
v -1.23191 0.31739 -0.47000
v -0.95000 0.42000 -0.47000
v -0.95000 0.42000 -0.47000
v -1.23191 0.31739 -0.47000
v -1.17981 0.22716 -0.47000
v -0.95000 0.42000 -0.47000
v -0.95000 0.42000 -0.47000
v -1.17981 0.22716 -0.47000
v -1.10000 0.16019 -0.47000
v -0.95000 0.42000 -0.47000
v -0.95000 0.42000 -0.47000
v -1.10000 0.16019 -0.47000
v -1.00209 0.12456 -0.47000
v -0.95000 0.42000 -0.47000
v -0.95000 0.42000 -0.47000
v -1.00209 0.12456 -0.47000
v -0.89791 0.12456 -0.47000
v -0.95000 0.42000 -0.47000
v -0.95000 0.42000 -0.47000
v -0.89791 0.12456 -0.47000
v -0.80000 0.16019 -0.47000
v -0.95000 0.42000 -0.47000
v -0.95000 0.42000 -0.47000
v -0.80000 0.16019 -0.47000
v -0.72019 0.22716 -0.47000
v -0.95000 0.42000 -0.47000
v -0.95000 0.42000 -0.47000
v -0.72019 0.22716 -0.47000
v -0.66809 0.31739 -0.47000
v -0.95000 0.42000 -0.47000
v -0.95000 0.42000 -0.47000
v -0.66809 0.31739 -0.47000
v -0.65000 0.42000 -0.47000
v -0.95000 0.42000 -0.47000
v -0.95000 0.42000 -0.47000
v -0.55000 0.42000 0.65500
v -0.56363 0.52353 0.65500
v -0.54431 0.52870 0.67500
v -0.53000 0.42000 0.67500
v -0.56363 0.52353 0.65500
v -0.60359 0.62000 0.65500
v -0.58627 0.63000 0.67500
v -0.54431 0.52870 0.67500
v -0.60359 0.62000 0.65500
v -0.66716 0.70284 0.65500
v -0.65302 0.71698 0.67500
v -0.58627 0.63000 0.67500
v -0.66716 0.70284 0.65500
v -0.75000 0.76641 0.65500
v -0.74000 0.78373 0.67500
v -0.65302 0.71698 0.67500
v -0.75000 0.76641 0.65500
v -0.84647 0.80637 0.65500
v -0.84130 0.82569 0.67500
v -0.74000 0.78373 0.67500
v -0.84647 0.80637 0.65500
v -0.95000 0.82000 0.65500
v -0.95000 0.84000 0.67500
v -0.84130 0.82569 0.67500
v -0.95000 0.82000 0.65500
v -1.05353 0.80637 0.65500
v -1.05870 0.82569 0.67500
v -0.95000 0.84000 0.67500
v -1.05353 0.80637 0.65500
v -1.15000 0.76641 0.65500
v -1.16000 0.78373 0.67500
v -1.05870 0.82569 0.67500
v -1.15000 0.76641 0.65500
v -1.23284 0.70284 0.65500
v -1.24698 0.71698 0.67500
v -1.16000 0.78373 0.67500
v -1.23284 0.70284 0.65500
v -1.29641 0.62000 0.65500
v -1.31373 0.63000 0.67500
v -1.24698 0.71698 0.67500
v -1.29641 0.62000 0.65500
v -1.33637 0.52353 0.65500
v -1.35569 0.52870 0.67500
v -1.31373 0.63000 0.67500
v -1.33637 0.52353 0.65500
v -1.35000 0.42000 0.65500
v -1.37000 0.42000 0.67500
v -1.35569 0.52870 0.67500
v -1.35000 0.42000 0.65500
v -1.33637 0.31647 0.65500
v -1.35569 0.31130 0.67500
v -1.37000 0.42000 0.67500
v -1.33637 0.31647 0.65500
v -1.29641 0.22000 0.65500
v -1.31373 0.21000 0.67500
v -1.35569 0.31130 0.67500
v -1.29641 0.22000 0.65500
v -1.23284 0.13716 0.65500
v -1.24698 0.12302 0.67500
v -1.31373 0.21000 0.67500
v -1.23284 0.13716 0.65500
v -1.15000 0.07359 0.65500
v -1.16000 0.05627 0.67500
v -1.24698 0.12302 0.67500
v -1.15000 0.07359 0.65500
v -1.05353 0.03363 0.65500
v -1.05870 0.01431 0.67500
v -1.16000 0.05627 0.67500
v -1.05353 0.03363 0.65500
v -0.95000 0.02000 0.65500
v -0.95000 0.00000 0.67500
v -1.05870 0.01431 0.67500
v -0.95000 0.02000 0.65500
v -0.84647 0.03363 0.65500
v -0.84130 0.01431 0.67500
v -0.95000 0.00000 0.67500
v -0.84647 0.03363 0.65500
v -0.75000 0.07359 0.65500
v -0.74000 0.05627 0.67500
v -0.84130 0.01431 0.67500
v -0.75000 0.07359 0.65500
v -0.66716 0.13716 0.65500
v -0.65302 0.12302 0.67500
v -0.74000 0.05627 0.67500
v -0.66716 0.13716 0.65500
v -0.60359 0.22000 0.65500
v -0.58627 0.21000 0.67500
v -0.65302 0.12302 0.67500
v -0.60359 0.22000 0.65500
v -0.56363 0.31647 0.65500
v -0.54431 0.31130 0.67500
v -0.58627 0.21000 0.67500
v -0.56363 0.31647 0.65500
v -0.55000 0.42000 0.65500
v -0.53000 0.42000 0.67500
v -0.54431 0.31130 0.67500
v -0.53000 0.42000 0.67500
v -0.54431 0.52870 0.67500
v -0.54431 0.52870 0.76500
v -0.53000 0.42000 0.76500
v -0.54431 0.52870 0.67500
v -0.58627 0.63000 0.67500
v -0.58627 0.63000 0.76500
v -0.54431 0.52870 0.76500
v -0.58627 0.63000 0.67500
v -0.65302 0.71698 0.67500
v -0.65302 0.71698 0.76500
v -0.58627 0.63000 0.76500
v -0.65302 0.71698 0.67500
v -0.74000 0.78373 0.67500
v -0.74000 0.78373 0.76500
v -0.65302 0.71698 0.76500
v -0.74000 0.78373 0.67500
v -0.84130 0.82569 0.67500
v -0.84130 0.82569 0.76500
v -0.74000 0.78373 0.76500
v -0.84130 0.82569 0.67500
v -0.95000 0.84000 0.67500
v -0.95000 0.84000 0.76500
v -0.84130 0.82569 0.76500
v -0.95000 0.84000 0.67500
v -1.05870 0.82569 0.67500
v -1.05870 0.82569 0.76500
v -0.95000 0.84000 0.76500
v -1.05870 0.82569 0.67500
v -1.16000 0.78373 0.67500
v -1.16000 0.78373 0.76500
v -1.05870 0.82569 0.76500
v -1.16000 0.78373 0.67500
v -1.24698 0.71698 0.67500
v -1.24698 0.71698 0.76500
v -1.16000 0.78373 0.76500
v -1.24698 0.71698 0.67500
v -1.31373 0.63000 0.67500
v -1.31373 0.63000 0.76500
v -1.24698 0.71698 0.76500
v -1.31373 0.63000 0.67500
v -1.35569 0.52870 0.67500
v -1.35569 0.52870 0.76500
v -1.31373 0.63000 0.76500
v -1.35569 0.52870 0.67500
v -1.37000 0.42000 0.67500
v -1.37000 0.42000 0.76500
v -1.35569 0.52870 0.76500
v -1.37000 0.42000 0.67500
v -1.35569 0.31130 0.67500
v -1.35569 0.31130 0.76500
v -1.37000 0.42000 0.76500
v -1.35569 0.31130 0.67500
v -1.31373 0.21000 0.67500
v -1.31373 0.21000 0.76500
v -1.35569 0.31130 0.76500
v -1.31373 0.21000 0.67500
v -1.24698 0.12302 0.67500
v -1.24698 0.12302 0.76500
v -1.31373 0.21000 0.76500
v -1.24698 0.12302 0.67500
v -1.16000 0.05627 0.67500
v -1.16000 0.05627 0.76500
v -1.24698 0.12302 0.76500
v -1.16000 0.05627 0.67500
v -1.05870 0.01431 0.67500
v -1.05870 0.01431 0.76500
v -1.16000 0.05627 0.76500
v -1.05870 0.01431 0.67500
v -0.95000 0.00000 0.67500
v -0.95000 0.00000 0.76500
v -1.05870 0.01431 0.76500
v -0.95000 0.00000 0.67500
v -0.84130 0.01431 0.67500
v -0.84130 0.01431 0.76500
v -0.95000 0.00000 0.76500
v -0.84130 0.01431 0.67500
v -0.74000 0.05627 0.67500
v -0.74000 0.05627 0.76500
v -0.84130 0.01431 0.76500
v -0.74000 0.05627 0.67500
v -0.65302 0.12302 0.67500
v -0.65302 0.12302 0.76500
v -0.74000 0.05627 0.76500
v -0.65302 0.12302 0.67500
v -0.58627 0.21000 0.67500
v -0.58627 0.21000 0.76500
v -0.65302 0.12302 0.76500
v -0.58627 0.21000 0.67500
v -0.54431 0.31130 0.67500
v -0.54431 0.31130 0.76500
v -0.58627 0.21000 0.76500
v -0.54431 0.31130 0.67500
v -0.53000 0.42000 0.67500
v -0.53000 0.42000 0.76500
v -0.54431 0.31130 0.76500
v -0.53000 0.42000 0.76500
v -0.54431 0.52870 0.76500
v -0.56363 0.52353 0.78500
v -0.55000 0.42000 0.78500
v -0.54431 0.52870 0.76500
v -0.58627 0.63000 0.76500
v -0.60359 0.62000 0.78500
v -0.56363 0.52353 0.78500
v -0.58627 0.63000 0.76500
v -0.65302 0.71698 0.76500
v -0.66716 0.70284 0.78500
v -0.60359 0.62000 0.78500
v -0.65302 0.71698 0.76500
v -0.74000 0.78373 0.76500
v -0.75000 0.76641 0.78500
v -0.66716 0.70284 0.78500
v -0.74000 0.78373 0.76500
v -0.84130 0.82569 0.76500
v -0.84647 0.80637 0.78500
v -0.75000 0.76641 0.78500
v -0.84130 0.82569 0.76500
v -0.95000 0.84000 0.76500
v -0.95000 0.82000 0.78500
v -0.84647 0.80637 0.78500
v -0.95000 0.84000 0.76500
v -1.05870 0.82569 0.76500
v -1.05353 0.80637 0.78500
v -0.95000 0.82000 0.78500
v -1.05870 0.82569 0.76500
v -1.16000 0.78373 0.76500
v -1.15000 0.76641 0.78500
v -1.05353 0.80637 0.78500
v -1.16000 0.78373 0.76500
v -1.24698 0.71698 0.76500
v -1.23284 0.70284 0.78500
v -1.15000 0.76641 0.78500
v -1.24698 0.71698 0.76500
v -1.31373 0.63000 0.76500
v -1.29641 0.62000 0.78500
v -1.23284 0.70284 0.78500
v -1.31373 0.63000 0.76500
v -1.35569 0.52870 0.76500
v -1.33637 0.52353 0.78500
v -1.29641 0.62000 0.78500
v -1.35569 0.52870 0.76500
v -1.37000 0.42000 0.76500
v -1.35000 0.42000 0.78500
v -1.33637 0.52353 0.78500
v -1.37000 0.42000 0.76500
v -1.35569 0.31130 0.76500
v -1.33637 0.31647 0.78500
v -1.35000 0.42000 0.78500
v -1.35569 0.31130 0.76500
v -1.31373 0.21000 0.76500
v -1.29641 0.22000 0.78500
v -1.33637 0.31647 0.78500
v -1.31373 0.21000 0.76500
v -1.24698 0.12302 0.76500
v -1.23284 0.13716 0.78500
v -1.29641 0.22000 0.78500
v -1.24698 0.12302 0.76500
v -1.16000 0.05627 0.76500
v -1.15000 0.07359 0.78500
v -1.23284 0.13716 0.78500
v -1.16000 0.05627 0.76500
v -1.05870 0.01431 0.76500
v -1.05353 0.03363 0.78500
v -1.15000 0.07359 0.78500
v -1.05870 0.01431 0.76500
v -0.95000 0.00000 0.76500
v -0.95000 0.02000 0.78500
v -1.05353 0.03363 0.78500
v -0.95000 0.00000 0.76500
v -0.84130 0.01431 0.76500
v -0.84647 0.03363 0.78500
v -0.95000 0.02000 0.78500
v -0.84130 0.01431 0.76500
v -0.74000 0.05627 0.76500
v -0.75000 0.07359 0.78500
v -0.84647 0.03363 0.78500
v -0.74000 0.05627 0.76500
v -0.65302 0.12302 0.76500
v -0.66716 0.13716 0.78500
v -0.75000 0.07359 0.78500
v -0.65302 0.12302 0.76500
v -0.58627 0.21000 0.76500
v -0.60359 0.22000 0.78500
v -0.66716 0.13716 0.78500
v -0.58627 0.21000 0.76500
v -0.54431 0.31130 0.76500
v -0.56363 0.31647 0.78500
v -0.60359 0.22000 0.78500
v -0.54431 0.31130 0.76500
v -0.53000 0.42000 0.76500
v -0.55000 0.42000 0.78500
v -0.56363 0.31647 0.78500
v -0.95000 0.42000 0.65500
v -0.95000 0.42000 0.65500
v -0.56363 0.52353 0.65500
v -0.55000 0.42000 0.65500
v -0.95000 0.42000 0.65500
v -0.95000 0.42000 0.65500
v -0.60359 0.62000 0.65500
v -0.56363 0.52353 0.65500
v -0.95000 0.42000 0.65500
v -0.95000 0.42000 0.65500
v -0.66716 0.70284 0.65500
v -0.60359 0.62000 0.65500
v -0.95000 0.42000 0.65500
v -0.95000 0.42000 0.65500
v -0.75000 0.76641 0.65500
v -0.66716 0.70284 0.65500
v -0.95000 0.42000 0.65500
v -0.95000 0.42000 0.65500
v -0.84647 0.80637 0.65500
v -0.75000 0.76641 0.65500
v -0.95000 0.42000 0.65500
v -0.95000 0.42000 0.65500
v -0.95000 0.82000 0.65500
v -0.84647 0.80637 0.65500
v -0.95000 0.42000 0.65500
v -0.95000 0.42000 0.65500
v -1.05353 0.80637 0.65500
v -0.95000 0.82000 0.65500
v -0.95000 0.42000 0.65500
v -0.95000 0.42000 0.65500
v -1.15000 0.76641 0.65500
v -1.05353 0.80637 0.65500
v -0.95000 0.42000 0.65500
v -0.95000 0.42000 0.65500
v -1.23284 0.70284 0.65500
v -1.15000 0.76641 0.65500
v -0.95000 0.42000 0.65500
v -0.95000 0.42000 0.65500
v -1.29641 0.62000 0.65500
v -1.23284 0.70284 0.65500
v -0.95000 0.42000 0.65500
v -0.95000 0.42000 0.65500
v -1.33637 0.52353 0.65500
v -1.29641 0.62000 0.65500
v -0.95000 0.42000 0.65500
v -0.95000 0.42000 0.65500
v -1.35000 0.42000 0.65500
v -1.33637 0.52353 0.65500
v -0.95000 0.42000 0.65500
v -0.95000 0.42000 0.65500
v -1.33637 0.31647 0.65500
v -1.35000 0.42000 0.65500
v -0.95000 0.42000 0.65500
v -0.95000 0.42000 0.65500
v -1.29641 0.22000 0.65500
v -1.33637 0.31647 0.65500
v -0.95000 0.42000 0.65500
v -0.95000 0.42000 0.65500
v -1.23284 0.13716 0.65500
v -1.29641 0.22000 0.65500
v -0.95000 0.42000 0.65500
v -0.95000 0.42000 0.65500
v -1.15000 0.07359 0.65500
v -1.23284 0.13716 0.65500
v -0.95000 0.42000 0.65500
v -0.95000 0.42000 0.65500
v -1.05353 0.03363 0.65500
v -1.15000 0.07359 0.65500
v -0.95000 0.42000 0.65500
v -0.95000 0.42000 0.65500
v -0.95000 0.02000 0.65500
v -1.05353 0.03363 0.65500
v -0.95000 0.42000 0.65500
v -0.95000 0.42000 0.65500
v -0.84647 0.03363 0.65500
v -0.95000 0.02000 0.65500
v -0.95000 0.42000 0.65500
v -0.95000 0.42000 0.65500
v -0.75000 0.07359 0.65500
v -0.84647 0.03363 0.65500
v -0.95000 0.42000 0.65500
v -0.95000 0.42000 0.65500
v -0.66716 0.13716 0.65500
v -0.75000 0.07359 0.65500
v -0.95000 0.42000 0.65500
v -0.95000 0.42000 0.65500
v -0.60359 0.22000 0.65500
v -0.66716 0.13716 0.65500
v -0.95000 0.42000 0.65500
v -0.95000 0.42000 0.65500
v -0.56363 0.31647 0.65500
v -0.60359 0.22000 0.65500
v -0.95000 0.42000 0.65500
v -0.95000 0.42000 0.65500
v -0.55000 0.42000 0.65500
v -0.56363 0.31647 0.65500
v -0.55000 0.42000 0.65500
v -0.56363 0.52353 0.65500
v -0.59261 0.51576 0.68500
v -0.58000 0.42000 0.68500
v -0.56363 0.52353 0.65500
v -0.60359 0.62000 0.65500
v -0.62957 0.60500 0.68500
v -0.59261 0.51576 0.68500
v -0.60359 0.62000 0.65500
v -0.66716 0.70284 0.65500
v -0.68837 0.68163 0.68500
v -0.62957 0.60500 0.68500
v -0.66716 0.70284 0.65500
v -0.75000 0.76641 0.65500
v -0.76500 0.74043 0.68500
v -0.68837 0.68163 0.68500
v -0.75000 0.76641 0.65500
v -0.84647 0.80637 0.65500
v -0.85424 0.77739 0.68500
v -0.76500 0.74043 0.68500
v -0.84647 0.80637 0.65500
v -0.95000 0.82000 0.65500
v -0.95000 0.79000 0.68500
v -0.85424 0.77739 0.68500
v -0.95000 0.82000 0.65500
v -1.05353 0.80637 0.65500
v -1.04576 0.77739 0.68500
v -0.95000 0.79000 0.68500
v -1.05353 0.80637 0.65500
v -1.15000 0.76641 0.65500
v -1.13500 0.74043 0.68500
v -1.04576 0.77739 0.68500
v -1.15000 0.76641 0.65500
v -1.23284 0.70284 0.65500
v -1.21163 0.68163 0.68500
v -1.13500 0.74043 0.68500
v -1.23284 0.70284 0.65500
v -1.29641 0.62000 0.65500
v -1.27043 0.60500 0.68500
v -1.21163 0.68163 0.68500
v -1.29641 0.62000 0.65500
v -1.33637 0.52353 0.65500
v -1.30739 0.51576 0.68500
v -1.27043 0.60500 0.68500
v -1.33637 0.52353 0.65500
v -1.35000 0.42000 0.65500
v -1.32000 0.42000 0.68500
v -1.30739 0.51576 0.68500
v -1.35000 0.42000 0.65500
v -1.33637 0.31647 0.65500
v -1.30739 0.32424 0.68500
v -1.32000 0.42000 0.68500
v -1.33637 0.31647 0.65500
v -1.29641 0.22000 0.65500
v -1.27043 0.23500 0.68500
v -1.30739 0.32424 0.68500
v -1.29641 0.22000 0.65500
v -1.23284 0.13716 0.65500
v -1.21163 0.15837 0.68500
v -1.27043 0.23500 0.68500
v -1.23284 0.13716 0.65500
v -1.15000 0.07359 0.65500
v -1.13500 0.09957 0.68500
v -1.21163 0.15837 0.68500
v -1.15000 0.07359 0.65500
v -1.05353 0.03363 0.65500
v -1.04576 0.06261 0.68500
v -1.13500 0.09957 0.68500
v -1.05353 0.03363 0.65500
v -0.95000 0.02000 0.65500
v -0.95000 0.05000 0.68500
v -1.04576 0.06261 0.68500
v -0.95000 0.02000 0.65500
v -0.84647 0.03363 0.65500
v -0.85424 0.06261 0.68500
v -0.95000 0.05000 0.68500
v -0.84647 0.03363 0.65500
v -0.75000 0.07359 0.65500
v -0.76500 0.09957 0.68500
v -0.85424 0.06261 0.68500
v -0.75000 0.07359 0.65500
v -0.66716 0.13716 0.65500
v -0.68837 0.15837 0.68500
v -0.76500 0.09957 0.68500
v -0.66716 0.13716 0.65500
v -0.60359 0.22000 0.65500
v -0.62957 0.23500 0.68500
v -0.68837 0.15837 0.68500
v -0.60359 0.22000 0.65500
v -0.56363 0.31647 0.65500
v -0.59261 0.32424 0.68500
v -0.62957 0.23500 0.68500
v -0.56363 0.31647 0.65500
v -0.55000 0.42000 0.65500
v -0.58000 0.42000 0.68500
v -0.59261 0.32424 0.68500
v -0.58000 0.42000 0.68500
v -0.59261 0.51576 0.68500
v -0.59261 0.51576 0.75500
v -0.58000 0.42000 0.75500
v -0.59261 0.51576 0.68500
v -0.62957 0.60500 0.68500
v -0.62957 0.60500 0.75500
v -0.59261 0.51576 0.75500
v -0.62957 0.60500 0.68500
v -0.68837 0.68163 0.68500
v -0.68837 0.68163 0.75500
v -0.62957 0.60500 0.75500
v -0.68837 0.68163 0.68500
v -0.76500 0.74043 0.68500
v -0.76500 0.74043 0.75500
v -0.68837 0.68163 0.75500
v -0.76500 0.74043 0.68500
v -0.85424 0.77739 0.68500
v -0.85424 0.77739 0.75500
v -0.76500 0.74043 0.75500
v -0.85424 0.77739 0.68500
v -0.95000 0.79000 0.68500
v -0.95000 0.79000 0.75500
v -0.85424 0.77739 0.75500
v -0.95000 0.79000 0.68500
v -1.04576 0.77739 0.68500
v -1.04576 0.77739 0.75500
v -0.95000 0.79000 0.75500
v -1.04576 0.77739 0.68500
v -1.13500 0.74043 0.68500
v -1.13500 0.74043 0.75500
v -1.04576 0.77739 0.75500
v -1.13500 0.74043 0.68500
v -1.21163 0.68163 0.68500
v -1.21163 0.68163 0.75500
v -1.13500 0.74043 0.75500
v -1.21163 0.68163 0.68500
v -1.27043 0.60500 0.68500
v -1.27043 0.60500 0.75500
v -1.21163 0.68163 0.75500
v -1.27043 0.60500 0.68500
v -1.30739 0.51576 0.68500
v -1.30739 0.51576 0.75500
v -1.27043 0.60500 0.75500
v -1.30739 0.51576 0.68500
v -1.32000 0.42000 0.68500
v -1.32000 0.42000 0.75500
v -1.30739 0.51576 0.75500
v -1.32000 0.42000 0.68500
v -1.30739 0.32424 0.68500
v -1.30739 0.32424 0.75500
v -1.32000 0.42000 0.75500
v -1.30739 0.32424 0.68500
v -1.27043 0.23500 0.68500
v -1.27043 0.23500 0.75500
v -1.30739 0.32424 0.75500
v -1.27043 0.23500 0.68500
v -1.21163 0.15837 0.68500
v -1.21163 0.15837 0.75500
v -1.27043 0.23500 0.75500
v -1.21163 0.15837 0.68500
v -1.13500 0.09957 0.68500
v -1.13500 0.09957 0.75500
v -1.21163 0.15837 0.75500
v -1.13500 0.09957 0.68500
v -1.04576 0.06261 0.68500
v -1.04576 0.06261 0.75500
v -1.13500 0.09957 0.75500
v -1.04576 0.06261 0.68500
v -0.95000 0.05000 0.68500
v -0.95000 0.05000 0.75500
v -1.04576 0.06261 0.75500
v -0.95000 0.05000 0.68500
v -0.85424 0.06261 0.68500
v -0.85424 0.06261 0.75500
v -0.95000 0.05000 0.75500
v -0.85424 0.06261 0.68500
v -0.76500 0.09957 0.68500
v -0.76500 0.09957 0.75500
v -0.85424 0.06261 0.75500
v -0.76500 0.09957 0.68500
v -0.68837 0.15837 0.68500
v -0.68837 0.15837 0.75500
v -0.76500 0.09957 0.75500
v -0.68837 0.15837 0.68500
v -0.62957 0.23500 0.68500
v -0.62957 0.23500 0.75500
v -0.68837 0.15837 0.75500
v -0.62957 0.23500 0.68500
v -0.59261 0.32424 0.68500
v -0.59261 0.32424 0.75500
v -0.62957 0.23500 0.75500
v -0.59261 0.32424 0.68500
v -0.58000 0.42000 0.68500
v -0.58000 0.42000 0.75500
v -0.59261 0.32424 0.75500
v -0.58000 0.42000 0.75500
v -0.59261 0.51576 0.75500
v -0.56363 0.52353 0.78500
v -0.55000 0.42000 0.78500
v -0.59261 0.51576 0.75500
v -0.62957 0.60500 0.75500
v -0.60359 0.62000 0.78500
v -0.56363 0.52353 0.78500
v -0.62957 0.60500 0.75500
v -0.68837 0.68163 0.75500
v -0.66716 0.70284 0.78500
v -0.60359 0.62000 0.78500
v -0.68837 0.68163 0.75500
v -0.76500 0.74043 0.75500
v -0.75000 0.76641 0.78500
v -0.66716 0.70284 0.78500
v -0.76500 0.74043 0.75500
v -0.85424 0.77739 0.75500
v -0.84647 0.80637 0.78500
v -0.75000 0.76641 0.78500
v -0.85424 0.77739 0.75500
v -0.95000 0.79000 0.75500
v -0.95000 0.82000 0.78500
v -0.84647 0.80637 0.78500
v -0.95000 0.79000 0.75500
v -1.04576 0.77739 0.75500
v -1.05353 0.80637 0.78500
v -0.95000 0.82000 0.78500
v -1.04576 0.77739 0.75500
v -1.13500 0.74043 0.75500
v -1.15000 0.76641 0.78500
v -1.05353 0.80637 0.78500
v -1.13500 0.74043 0.75500
v -1.21163 0.68163 0.75500
v -1.23284 0.70284 0.78500
v -1.15000 0.76641 0.78500
v -1.21163 0.68163 0.75500
v -1.27043 0.60500 0.75500
v -1.29641 0.62000 0.78500
v -1.23284 0.70284 0.78500
v -1.27043 0.60500 0.75500
v -1.30739 0.51576 0.75500
v -1.33637 0.52353 0.78500
v -1.29641 0.62000 0.78500
v -1.30739 0.51576 0.75500
v -1.32000 0.42000 0.75500
v -1.35000 0.42000 0.78500
v -1.33637 0.52353 0.78500
v -1.32000 0.42000 0.75500
v -1.30739 0.32424 0.75500
v -1.33637 0.31647 0.78500
v -1.35000 0.42000 0.78500
v -1.30739 0.32424 0.75500
v -1.27043 0.23500 0.75500
v -1.29641 0.22000 0.78500
v -1.33637 0.31647 0.78500
v -1.27043 0.23500 0.75500
v -1.21163 0.15837 0.75500
v -1.23284 0.13716 0.78500
v -1.29641 0.22000 0.78500
v -1.21163 0.15837 0.75500
v -1.13500 0.09957 0.75500
v -1.15000 0.07359 0.78500
v -1.23284 0.13716 0.78500
v -1.13500 0.09957 0.75500
v -1.04576 0.06261 0.75500
v -1.05353 0.03363 0.78500
v -1.15000 0.07359 0.78500
v -1.04576 0.06261 0.75500
v -0.95000 0.05000 0.75500
v -0.95000 0.02000 0.78500
v -1.05353 0.03363 0.78500
v -0.95000 0.05000 0.75500
v -0.85424 0.06261 0.75500
v -0.84647 0.03363 0.78500
v -0.95000 0.02000 0.78500
v -0.85424 0.06261 0.75500
v -0.76500 0.09957 0.75500
v -0.75000 0.07359 0.78500
v -0.84647 0.03363 0.78500
v -0.76500 0.09957 0.75500
v -0.68837 0.15837 0.75500
v -0.66716 0.13716 0.78500
v -0.75000 0.07359 0.78500
v -0.68837 0.15837 0.75500
v -0.62957 0.23500 0.75500
v -0.60359 0.22000 0.78500
v -0.66716 0.13716 0.78500
v -0.62957 0.23500 0.75500
v -0.59261 0.32424 0.75500
v -0.56363 0.31647 0.78500
v -0.60359 0.22000 0.78500
v -0.59261 0.32424 0.75500
v -0.58000 0.42000 0.75500
v -0.55000 0.42000 0.78500
v -0.56363 0.31647 0.78500
v -0.55000 0.42000 0.78500
v -0.56363 0.52353 0.78500
v -0.95000 0.42000 0.78500
v -0.95000 0.42000 0.78500
v -0.56363 0.52353 0.78500
v -0.60359 0.62000 0.78500
v -0.95000 0.42000 0.78500
v -0.95000 0.42000 0.78500
v -0.60359 0.62000 0.78500
v -0.66716 0.70284 0.78500
v -0.95000 0.42000 0.78500
v -0.95000 0.42000 0.78500
v -0.66716 0.70284 0.78500
v -0.75000 0.76641 0.78500
v -0.95000 0.42000 0.78500
v -0.95000 0.42000 0.78500
v -0.75000 0.76641 0.78500
v -0.84647 0.80637 0.78500
v -0.95000 0.42000 0.78500
v -0.95000 0.42000 0.78500
v -0.84647 0.80637 0.78500
v -0.95000 0.82000 0.78500
v -0.95000 0.42000 0.78500
v -0.95000 0.42000 0.78500
v -0.95000 0.82000 0.78500
v -1.05353 0.80637 0.78500
v -0.95000 0.42000 0.78500
v -0.95000 0.42000 0.78500
v -1.05353 0.80637 0.78500
v -1.15000 0.76641 0.78500
v -0.95000 0.42000 0.78500
v -0.95000 0.42000 0.78500
v -1.15000 0.76641 0.78500
v -1.23284 0.70284 0.78500
v -0.95000 0.42000 0.78500
v -0.95000 0.42000 0.78500
v -1.23284 0.70284 0.78500
v -1.29641 0.62000 0.78500
v -0.95000 0.42000 0.78500
v -0.95000 0.42000 0.78500
v -1.29641 0.62000 0.78500
v -1.33637 0.52353 0.78500
v -0.95000 0.42000 0.78500
v -0.95000 0.42000 0.78500
v -1.33637 0.52353 0.78500
v -1.35000 0.42000 0.78500
v -0.95000 0.42000 0.78500
v -0.95000 0.42000 0.78500
v -1.35000 0.42000 0.78500
v -1.33637 0.31647 0.78500
v -0.95000 0.42000 0.78500
v -0.95000 0.42000 0.78500
v -1.33637 0.31647 0.78500
v -1.29641 0.22000 0.78500
v -0.95000 0.42000 0.78500
v -0.95000 0.42000 0.78500
v -1.29641 0.22000 0.78500
v -1.23284 0.13716 0.78500
v -0.95000 0.42000 0.78500
v -0.95000 0.42000 0.78500
v -1.23284 0.13716 0.78500
v -1.15000 0.07359 0.78500
v -0.95000 0.42000 0.78500
v -0.95000 0.42000 0.78500
v -1.15000 0.07359 0.78500
v -1.05353 0.03363 0.78500
v -0.95000 0.42000 0.78500
v -0.95000 0.42000 0.78500
v -1.05353 0.03363 0.78500
v -0.95000 0.02000 0.78500
v -0.95000 0.42000 0.78500
v -0.95000 0.42000 0.78500
v -0.95000 0.02000 0.78500
v -0.84647 0.03363 0.78500
v -0.95000 0.42000 0.78500
v -0.95000 0.42000 0.78500
v -0.84647 0.03363 0.78500
v -0.75000 0.07359 0.78500
v -0.95000 0.42000 0.78500
v -0.95000 0.42000 0.78500
v -0.75000 0.07359 0.78500
v -0.66716 0.13716 0.78500
v -0.95000 0.42000 0.78500
v -0.95000 0.42000 0.78500
v -0.66716 0.13716 0.78500
v -0.60359 0.22000 0.78500
v -0.95000 0.42000 0.78500
v -0.95000 0.42000 0.78500
v -0.60359 0.22000 0.78500
v -0.56363 0.31647 0.78500
v -0.95000 0.42000 0.78500
v -0.95000 0.42000 0.78500
v -0.56363 0.31647 0.78500
v -0.55000 0.42000 0.78500
v -0.95000 0.42000 0.78500
v -0.95000 0.42000 0.78500
v -0.53000 0.42000 0.76500
v -0.54431 0.52870 0.76500
v -0.51533 0.53647 0.78500
v -0.50000 0.42000 0.78500
v -0.54431 0.52870 0.76500
v -0.58627 0.63000 0.76500
v -0.56029 0.64500 0.78500
v -0.51533 0.53647 0.78500
v -0.58627 0.63000 0.76500
v -0.65302 0.71698 0.76500
v -0.63180 0.73820 0.78500
v -0.56029 0.64500 0.78500
v -0.65302 0.71698 0.76500
v -0.74000 0.78373 0.76500
v -0.72500 0.80971 0.78500
v -0.63180 0.73820 0.78500
v -0.74000 0.78373 0.76500
v -0.84130 0.82569 0.76500
v -0.83353 0.85467 0.78500
v -0.72500 0.80971 0.78500
v -0.84130 0.82569 0.76500
v -0.95000 0.84000 0.76500
v -0.95000 0.87000 0.78500
v -0.83353 0.85467 0.78500
v -0.95000 0.84000 0.76500
v -1.05870 0.82569 0.76500
v -1.06647 0.85467 0.78500
v -0.95000 0.87000 0.78500
v -1.05870 0.82569 0.76500
v -1.16000 0.78373 0.76500
v -1.17500 0.80971 0.78500
v -1.06647 0.85467 0.78500
v -1.16000 0.78373 0.76500
v -1.24698 0.71698 0.76500
v -1.26820 0.73820 0.78500
v -1.17500 0.80971 0.78500
v -1.24698 0.71698 0.76500
v -1.31373 0.63000 0.76500
v -1.33971 0.64500 0.78500
v -1.26820 0.73820 0.78500
v -1.31373 0.63000 0.76500
v -1.35569 0.52870 0.76500
v -1.38467 0.53647 0.78500
v -1.33971 0.64500 0.78500
v -1.35569 0.52870 0.76500
v -1.37000 0.42000 0.76500
v -1.40000 0.42000 0.78500
v -1.38467 0.53647 0.78500
v -1.37000 0.42000 0.76500
v -1.35569 0.31130 0.76500
v -1.38467 0.30353 0.78500
v -1.40000 0.42000 0.78500
v -1.35569 0.31130 0.76500
v -1.31373 0.21000 0.76500
v -1.33971 0.19500 0.78500
v -1.38467 0.30353 0.78500
v -1.31373 0.21000 0.76500
v -1.24698 0.12302 0.76500
v -1.26820 0.10180 0.78500
v -1.33971 0.19500 0.78500
v -1.24698 0.12302 0.76500
v -1.16000 0.05627 0.76500
v -1.17500 0.03029 0.78500
v -1.26820 0.10180 0.78500
v -1.16000 0.05627 0.76500
v -1.05870 0.01431 0.76500
v -1.06647 -0.01467 0.78500
v -1.17500 0.03029 0.78500
v -1.05870 0.01431 0.76500
v -0.95000 0.00000 0.76500
v -0.95000 -0.03000 0.78500
v -1.06647 -0.01467 0.78500
v -0.95000 0.00000 0.76500
v -0.84130 0.01431 0.76500
v -0.83353 -0.01467 0.78500
v -0.95000 -0.03000 0.78500
v -0.84130 0.01431 0.76500
v -0.74000 0.05627 0.76500
v -0.72500 0.03029 0.78500
v -0.83353 -0.01467 0.78500
v -0.74000 0.05627 0.76500
v -0.65302 0.12302 0.76500
v -0.63180 0.10180 0.78500
v -0.72500 0.03029 0.78500
v -0.65302 0.12302 0.76500
v -0.58627 0.21000 0.76500
v -0.56029 0.19500 0.78500
v -0.63180 0.10180 0.78500
v -0.58627 0.21000 0.76500
v -0.54431 0.31130 0.76500
v -0.51533 0.30353 0.78500
v -0.56029 0.19500 0.78500
v -0.54431 0.31130 0.76500
v -0.53000 0.42000 0.76500
v -0.50000 0.42000 0.78500
v -0.51533 0.30353 0.78500
v -0.50000 0.42000 0.78500
v -0.51533 0.53647 0.78500
v -0.51533 0.53647 0.80500
v -0.50000 0.42000 0.80500
v -0.51533 0.53647 0.78500
v -0.56029 0.64500 0.78500
v -0.56029 0.64500 0.80500
v -0.51533 0.53647 0.80500
v -0.56029 0.64500 0.78500
v -0.63180 0.73820 0.78500
v -0.63180 0.73820 0.80500
v -0.56029 0.64500 0.80500
v -0.63180 0.73820 0.78500
v -0.72500 0.80971 0.78500
v -0.72500 0.80971 0.80500
v -0.63180 0.73820 0.80500
v -0.72500 0.80971 0.78500
v -0.83353 0.85467 0.78500
v -0.83353 0.85467 0.80500
v -0.72500 0.80971 0.80500
v -0.83353 0.85467 0.78500
v -0.95000 0.87000 0.78500
v -0.95000 0.87000 0.80500
v -0.83353 0.85467 0.80500
v -0.95000 0.87000 0.78500
v -1.06647 0.85467 0.78500
v -1.06647 0.85467 0.80500
v -0.95000 0.87000 0.80500
v -1.06647 0.85467 0.78500
v -1.17500 0.80971 0.78500
v -1.17500 0.80971 0.80500
v -1.06647 0.85467 0.80500
v -1.17500 0.80971 0.78500
v -1.26820 0.73820 0.78500
v -1.26820 0.73820 0.80500
v -1.17500 0.80971 0.80500
v -1.26820 0.73820 0.78500
v -1.33971 0.64500 0.78500
v -1.33971 0.64500 0.80500
v -1.26820 0.73820 0.80500
v -1.33971 0.64500 0.78500
v -1.38467 0.53647 0.78500
v -1.38467 0.53647 0.80500
v -1.33971 0.64500 0.80500
v -1.38467 0.53647 0.78500
v -1.40000 0.42000 0.78500
v -1.40000 0.42000 0.80500
v -1.38467 0.53647 0.80500
v -1.40000 0.42000 0.78500
v -1.38467 0.30353 0.78500
v -1.38467 0.30353 0.80500
v -1.40000 0.42000 0.80500
v -1.38467 0.30353 0.78500
v -1.33971 0.19500 0.78500
v -1.33971 0.19500 0.80500
v -1.38467 0.30353 0.80500
v -1.33971 0.19500 0.78500
v -1.26820 0.10180 0.78500
v -1.26820 0.10180 0.80500
v -1.33971 0.19500 0.80500
v -1.26820 0.10180 0.78500
v -1.17500 0.03029 0.78500
v -1.17500 0.03029 0.80500
v -1.26820 0.10180 0.80500
v -1.17500 0.03029 0.78500
v -1.06647 -0.01467 0.78500
v -1.06647 -0.01467 0.80500
v -1.17500 0.03029 0.80500
v -1.06647 -0.01467 0.78500
v -0.95000 -0.03000 0.78500
v -0.95000 -0.03000 0.80500
v -1.06647 -0.01467 0.80500
v -0.95000 -0.03000 0.78500
v -0.83353 -0.01467 0.78500
v -0.83353 -0.01467 0.80500
v -0.95000 -0.03000 0.80500
v -0.83353 -0.01467 0.78500
v -0.72500 0.03029 0.78500
v -0.72500 0.03029 0.80500
v -0.83353 -0.01467 0.80500
v -0.72500 0.03029 0.78500
v -0.63180 0.10180 0.78500
v -0.63180 0.10180 0.80500
v -0.72500 0.03029 0.80500
v -0.63180 0.10180 0.78500
v -0.56029 0.19500 0.78500
v -0.56029 0.19500 0.80500
v -0.63180 0.10180 0.80500
v -0.56029 0.19500 0.78500
v -0.51533 0.30353 0.78500
v -0.51533 0.30353 0.80500
v -0.56029 0.19500 0.80500
v -0.51533 0.30353 0.78500
v -0.50000 0.42000 0.78500
v -0.50000 0.42000 0.80500
v -0.51533 0.30353 0.80500
v -0.50000 0.42000 0.80500
v -0.51533 0.53647 0.80500
v -0.55397 0.52612 0.80500
v -0.54000 0.42000 0.80500
v -0.51533 0.53647 0.80500
v -0.56029 0.64500 0.80500
v -0.59493 0.62500 0.80500
v -0.55397 0.52612 0.80500
v -0.56029 0.64500 0.80500
v -0.63180 0.73820 0.80500
v -0.66009 0.70991 0.80500
v -0.59493 0.62500 0.80500
v -0.63180 0.73820 0.80500
v -0.72500 0.80971 0.80500
v -0.74500 0.77507 0.80500
v -0.66009 0.70991 0.80500
v -0.72500 0.80971 0.80500
v -0.83353 0.85467 0.80500
v -0.84388 0.81603 0.80500
v -0.74500 0.77507 0.80500
v -0.83353 0.85467 0.80500
v -0.95000 0.87000 0.80500
v -0.95000 0.83000 0.80500
v -0.84388 0.81603 0.80500
v -0.95000 0.87000 0.80500
v -1.06647 0.85467 0.80500
v -1.05612 0.81603 0.80500
v -0.95000 0.83000 0.80500
v -1.06647 0.85467 0.80500
v -1.17500 0.80971 0.80500
v -1.15500 0.77507 0.80500
v -1.05612 0.81603 0.80500
v -1.17500 0.80971 0.80500
v -1.26820 0.73820 0.80500
v -1.23991 0.70991 0.80500
v -1.15500 0.77507 0.80500
v -1.26820 0.73820 0.80500
v -1.33971 0.64500 0.80500
v -1.30507 0.62500 0.80500
v -1.23991 0.70991 0.80500
v -1.33971 0.64500 0.80500
v -1.38467 0.53647 0.80500
v -1.34603 0.52612 0.80500
v -1.30507 0.62500 0.80500
v -1.38467 0.53647 0.80500
v -1.40000 0.42000 0.80500
v -1.36000 0.42000 0.80500
v -1.34603 0.52612 0.80500
v -1.40000 0.42000 0.80500
v -1.38467 0.30353 0.80500
v -1.34603 0.31388 0.80500
v -1.36000 0.42000 0.80500
v -1.38467 0.30353 0.80500
v -1.33971 0.19500 0.80500
v -1.30507 0.21500 0.80500
v -1.34603 0.31388 0.80500
v -1.33971 0.19500 0.80500
v -1.26820 0.10180 0.80500
v -1.23991 0.13009 0.80500
v -1.30507 0.21500 0.80500
v -1.26820 0.10180 0.80500
v -1.17500 0.03029 0.80500
v -1.15500 0.06493 0.80500
v -1.23991 0.13009 0.80500
v -1.17500 0.03029 0.80500
v -1.06647 -0.01467 0.80500
v -1.05612 0.02397 0.80500
v -1.15500 0.06493 0.80500
v -1.06647 -0.01467 0.80500
v -0.95000 -0.03000 0.80500
v -0.95000 0.01000 0.80500
v -1.05612 0.02397 0.80500
v -0.95000 -0.03000 0.80500
v -0.83353 -0.01467 0.80500
v -0.84388 0.02397 0.80500
v -0.95000 0.01000 0.80500
v -0.83353 -0.01467 0.80500
v -0.72500 0.03029 0.80500
v -0.74500 0.06493 0.80500
v -0.84388 0.02397 0.80500
v -0.72500 0.03029 0.80500
v -0.63180 0.10180 0.80500
v -0.66009 0.13009 0.80500
v -0.74500 0.06493 0.80500
v -0.63180 0.10180 0.80500
v -0.56029 0.19500 0.80500
v -0.59493 0.21500 0.80500
v -0.66009 0.13009 0.80500
v -0.56029 0.19500 0.80500
v -0.51533 0.30353 0.80500
v -0.55397 0.31388 0.80500
v -0.59493 0.21500 0.80500
v -0.51533 0.30353 0.80500
v -0.50000 0.42000 0.80500
v -0.54000 0.42000 0.80500
v -0.55397 0.31388 0.80500
v -0.81000 0.29000 1.09000
v -0.81000 0.29000 0.87000
v -0.81000 0.55000 0.87000
v -0.81000 0.55000 1.09000
v -1.09000 0.29000 0.87000
v -1.09000 0.29000 1.09000
v -1.09000 0.55000 1.09000
v -1.09000 0.55000 0.87000
v -1.09000 0.55000 1.09000
v -0.81000 0.55000 1.09000
v -0.81000 0.55000 0.87000
v -1.09000 0.55000 0.87000
v -1.09000 0.29000 0.87000
v -0.81000 0.29000 0.87000
v -0.81000 0.29000 1.09000
v -1.09000 0.29000 1.09000
v -1.09000 0.29000 1.09000
v -0.81000 0.29000 1.09000
v -0.81000 0.55000 1.09000
v -1.09000 0.55000 1.09000
v -0.81000 0.29000 0.87000
v -1.09000 0.29000 0.87000
v -1.09000 0.55000 0.87000
v -0.81000 0.55000 0.87000
v -0.88000 0.78000 1.02000
v -0.89337 0.78000 1.06114
v -0.89337 0.56000 1.06114
v -0.88000 0.56000 1.02000
v -0.89337 0.78000 1.06114
v -0.92837 0.78000 1.08657
v -0.92837 0.56000 1.08657
v -0.89337 0.56000 1.06114
v -0.92837 0.78000 1.08657
v -0.97163 0.78000 1.08657
v -0.97163 0.56000 1.08657
v -0.92837 0.56000 1.08657
v -0.97163 0.78000 1.08657
v -1.00663 0.78000 1.06114
v -1.00663 0.56000 1.06114
v -0.97163 0.56000 1.08657
v -1.00663 0.78000 1.06114
v -1.02000 0.78000 1.02000
v -1.02000 0.56000 1.02000
v -1.00663 0.56000 1.06114
v -1.02000 0.78000 1.02000
v -1.00663 0.78000 0.97886
v -1.00663 0.56000 0.97886
v -1.02000 0.56000 1.02000
v -1.00663 0.78000 0.97886
v -0.97163 0.78000 0.95343
v -0.97163 0.56000 0.95343
v -1.00663 0.56000 0.97886
v -0.97163 0.78000 0.95343
v -0.92837 0.78000 0.95343
v -0.92837 0.56000 0.95343
v -0.97163 0.56000 0.95343
v -0.92837 0.78000 0.95343
v -0.89337 0.78000 0.97886
v -0.89337 0.56000 0.97886
v -0.92837 0.56000 0.95343
v -0.89337 0.78000 0.97886
v -0.88000 0.78000 1.02000
v -0.88000 0.56000 1.02000
v -0.89337 0.56000 0.97886
v -0.95000 0.42000 0.50000
v -0.95000 0.42000 0.50000
v -0.66809 0.52261 0.50000
v -0.65000 0.42000 0.50000
v -0.95000 0.42000 0.50000
v -0.95000 0.42000 0.50000
v -0.72019 0.61284 0.50000
v -0.66809 0.52261 0.50000
v -0.95000 0.42000 0.50000
v -0.95000 0.42000 0.50000
v -0.80000 0.67981 0.50000
v -0.72019 0.61284 0.50000
v -0.95000 0.42000 0.50000
v -0.95000 0.42000 0.50000
v -0.89791 0.71544 0.50000
v -0.80000 0.67981 0.50000
v -0.95000 0.42000 0.50000
v -0.95000 0.42000 0.50000
v -1.00209 0.71544 0.50000
v -0.89791 0.71544 0.50000
v -0.95000 0.42000 0.50000
v -0.95000 0.42000 0.50000
v -1.10000 0.67981 0.50000
v -1.00209 0.71544 0.50000
v -0.95000 0.42000 0.50000
v -0.95000 0.42000 0.50000
v -1.17981 0.61284 0.50000
v -1.10000 0.67981 0.50000
v -0.95000 0.42000 0.50000
v -0.95000 0.42000 0.50000
v -1.23191 0.52261 0.50000
v -1.17981 0.61284 0.50000
v -0.95000 0.42000 0.50000
v -0.95000 0.42000 0.50000
v -1.25000 0.42000 0.50000
v -1.23191 0.52261 0.50000
v -0.95000 0.42000 0.50000
v -0.95000 0.42000 0.50000
v -1.23191 0.31739 0.50000
v -1.25000 0.42000 0.50000
v -0.95000 0.42000 0.50000
v -0.95000 0.42000 0.50000
v -1.17981 0.22716 0.50000
v -1.23191 0.31739 0.50000
v -0.95000 0.42000 0.50000
v -0.95000 0.42000 0.50000
v -1.10000 0.16019 0.50000
v -1.17981 0.22716 0.50000
v -0.95000 0.42000 0.50000
v -0.95000 0.42000 0.50000
v -1.00209 0.12456 0.50000
v -1.10000 0.16019 0.50000
v -0.95000 0.42000 0.50000
v -0.95000 0.42000 0.50000
v -0.89791 0.12456 0.50000
v -1.00209 0.12456 0.50000
v -0.95000 0.42000 0.50000
v -0.95000 0.42000 0.50000
v -0.80000 0.16019 0.50000
v -0.89791 0.12456 0.50000
v -0.95000 0.42000 0.50000
v -0.95000 0.42000 0.50000
v -0.72019 0.22716 0.50000
v -0.80000 0.16019 0.50000
v -0.95000 0.42000 0.50000
v -0.95000 0.42000 0.50000
v -0.66809 0.31739 0.50000
v -0.72019 0.22716 0.50000
v -0.95000 0.42000 0.50000
v -0.95000 0.42000 0.50000
v -0.65000 0.42000 0.50000
v -0.66809 0.31739 0.50000
v -0.65000 0.42000 0.50000
v -0.66809 0.52261 0.50000
v -0.66809 0.52261 0.53000
v -0.65000 0.42000 0.53000
v -0.66809 0.52261 0.50000
v -0.72019 0.61284 0.50000
v -0.72019 0.61284 0.53000
v -0.66809 0.52261 0.53000
v -0.72019 0.61284 0.50000
v -0.80000 0.67981 0.50000
v -0.80000 0.67981 0.53000
v -0.72019 0.61284 0.53000
v -0.80000 0.67981 0.50000
v -0.89791 0.71544 0.50000
v -0.89791 0.71544 0.53000
v -0.80000 0.67981 0.53000
v -0.89791 0.71544 0.50000
v -1.00209 0.71544 0.50000
v -1.00209 0.71544 0.53000
v -0.89791 0.71544 0.53000
v -1.00209 0.71544 0.50000
v -1.10000 0.67981 0.50000
v -1.10000 0.67981 0.53000
v -1.00209 0.71544 0.53000
v -1.10000 0.67981 0.50000
v -1.17981 0.61284 0.50000
v -1.17981 0.61284 0.53000
v -1.10000 0.67981 0.53000
v -1.17981 0.61284 0.50000
v -1.23191 0.52261 0.50000
v -1.23191 0.52261 0.53000
v -1.17981 0.61284 0.53000
v -1.23191 0.52261 0.50000
v -1.25000 0.42000 0.50000
v -1.25000 0.42000 0.53000
v -1.23191 0.52261 0.53000
v -1.25000 0.42000 0.50000
v -1.23191 0.31739 0.50000
v -1.23191 0.31739 0.53000
v -1.25000 0.42000 0.53000
v -1.23191 0.31739 0.50000
v -1.17981 0.22716 0.50000
v -1.17981 0.22716 0.53000
v -1.23191 0.31739 0.53000
v -1.17981 0.22716 0.50000
v -1.10000 0.16019 0.50000
v -1.10000 0.16019 0.53000
v -1.17981 0.22716 0.53000
v -1.10000 0.16019 0.50000
v -1.00209 0.12456 0.50000
v -1.00209 0.12456 0.53000
v -1.10000 0.16019 0.53000
v -1.00209 0.12456 0.50000
v -0.89791 0.12456 0.50000
v -0.89791 0.12456 0.53000
v -1.00209 0.12456 0.53000
v -0.89791 0.12456 0.50000
v -0.80000 0.16019 0.50000
v -0.80000 0.16019 0.53000
v -0.89791 0.12456 0.53000
v -0.80000 0.16019 0.50000
v -0.72019 0.22716 0.50000
v -0.72019 0.22716 0.53000
v -0.80000 0.16019 0.53000
v -0.72019 0.22716 0.50000
v -0.66809 0.31739 0.50000
v -0.66809 0.31739 0.53000
v -0.72019 0.22716 0.53000
v -0.66809 0.31739 0.50000
v -0.65000 0.42000 0.50000
v -0.65000 0.42000 0.53000
v -0.66809 0.31739 0.53000
v -0.65000 0.42000 0.53000
v -0.66809 0.52261 0.53000
v -0.95000 0.42000 0.53000
v -0.95000 0.42000 0.53000
v -0.66809 0.52261 0.53000
v -0.72019 0.61284 0.53000
v -0.95000 0.42000 0.53000
v -0.95000 0.42000 0.53000
v -0.72019 0.61284 0.53000
v -0.80000 0.67981 0.53000
v -0.95000 0.42000 0.53000
v -0.95000 0.42000 0.53000
v -0.80000 0.67981 0.53000
v -0.89791 0.71544 0.53000
v -0.95000 0.42000 0.53000
v -0.95000 0.42000 0.53000
v -0.89791 0.71544 0.53000
v -1.00209 0.71544 0.53000
v -0.95000 0.42000 0.53000
v -0.95000 0.42000 0.53000
v -1.00209 0.71544 0.53000
v -1.10000 0.67981 0.53000
v -0.95000 0.42000 0.53000
v -0.95000 0.42000 0.53000
v -1.10000 0.67981 0.53000
v -1.17981 0.61284 0.53000
v -0.95000 0.42000 0.53000
v -0.95000 0.42000 0.53000
v -1.17981 0.61284 0.53000
v -1.23191 0.52261 0.53000
v -0.95000 0.42000 0.53000
v -0.95000 0.42000 0.53000
v -1.23191 0.52261 0.53000
v -1.25000 0.42000 0.53000
v -0.95000 0.42000 0.53000
v -0.95000 0.42000 0.53000
v -1.25000 0.42000 0.53000
v -1.23191 0.31739 0.53000
v -0.95000 0.42000 0.53000
v -0.95000 0.42000 0.53000
v -1.23191 0.31739 0.53000
v -1.17981 0.22716 0.53000
v -0.95000 0.42000 0.53000
v -0.95000 0.42000 0.53000
v -1.17981 0.22716 0.53000
v -1.10000 0.16019 0.53000
v -0.95000 0.42000 0.53000
v -0.95000 0.42000 0.53000
v -1.10000 0.16019 0.53000
v -1.00209 0.12456 0.53000
v -0.95000 0.42000 0.53000
v -0.95000 0.42000 0.53000
v -1.00209 0.12456 0.53000
v -0.89791 0.12456 0.53000
v -0.95000 0.42000 0.53000
v -0.95000 0.42000 0.53000
v -0.89791 0.12456 0.53000
v -0.80000 0.16019 0.53000
v -0.95000 0.42000 0.53000
v -0.95000 0.42000 0.53000
v -0.80000 0.16019 0.53000
v -0.72019 0.22716 0.53000
v -0.95000 0.42000 0.53000
v -0.95000 0.42000 0.53000
v -0.72019 0.22716 0.53000
v -0.66809 0.31739 0.53000
v -0.95000 0.42000 0.53000
v -0.95000 0.42000 0.53000
v -0.66809 0.31739 0.53000
v -0.65000 0.42000 0.53000
v -0.95000 0.42000 0.53000
v -0.95000 0.42000 0.53000
v -0.87500 0.42000 -0.60000
v -0.88932 0.46408 -0.60000
v -0.88932 0.46408 0.60000
v -0.87500 0.42000 0.60000
v -0.88932 0.46408 -0.60000
v -0.92682 0.49133 -0.60000
v -0.92682 0.49133 0.60000
v -0.88932 0.46408 0.60000
v -0.92682 0.49133 -0.60000
v -0.97318 0.49133 -0.60000
v -0.97318 0.49133 0.60000
v -0.92682 0.49133 0.60000
v -0.97318 0.49133 -0.60000
v -1.01068 0.46408 -0.60000
v -1.01068 0.46408 0.60000
v -0.97318 0.49133 0.60000
v -1.01068 0.46408 -0.60000
v -1.02500 0.42000 -0.60000
v -1.02500 0.42000 0.60000
v -1.01068 0.46408 0.60000
v -1.02500 0.42000 -0.60000
v -1.01068 0.37592 -0.60000
v -1.01068 0.37592 0.60000
v -1.02500 0.42000 0.60000
v -1.01068 0.37592 -0.60000
v -0.97318 0.34867 -0.60000
v -0.97318 0.34867 0.60000
v -1.01068 0.37592 0.60000
v -0.97318 0.34867 -0.60000
v -0.92682 0.34867 -0.60000
v -0.92682 0.34867 0.60000
v -0.97318 0.34867 0.60000
v -0.92682 0.34867 -0.60000
v -0.88932 0.37592 -0.60000
v -0.88932 0.37592 0.60000
v -0.92682 0.34867 0.60000
v -0.88932 0.37592 -0.60000
v -0.87500 0.42000 -0.60000
v -0.87500 0.42000 0.60000
v -0.88932 0.37592 0.60000
v -0.88932 0.37592 -0.60000
v -0.92682 0.34867 -0.60000
v -0.97318 0.34867 -0.60000
v -1.01068 0.37592 -0.60000
v -1.02500 0.42000 -0.60000
v -1.01068 0.46408 -0.60000
v -0.97318 0.49133 -0.60000
v -0.92682 0.49133 -0.60000
v -0.88932 0.46408 -0.60000
v -0.87500 0.42000 -0.60000
v -0.87500 0.42000 0.60000
v -0.88932 0.46408 0.60000
v -0.92682 0.49133 0.60000
v -0.97318 0.49133 0.60000
v -1.01068 0.46408 0.60000
v -1.02500 0.42000 0.60000
v -1.01068 0.37592 0.60000
v -0.97318 0.34867 0.60000
v -0.92682 0.34867 0.60000
v -0.88932 0.37592 0.60000
v 1.35000 0.42000 -0.78500
v 1.33637 0.52353 -0.78500
v 1.35569 0.52870 -0.76500
v 1.37000 0.42000 -0.76500
v 1.33637 0.52353 -0.78500
v 1.29641 0.62000 -0.78500
v 1.31373 0.63000 -0.76500
v 1.35569 0.52870 -0.76500
v 1.29641 0.62000 -0.78500
v 1.23284 0.70284 -0.78500
v 1.24698 0.71698 -0.76500
v 1.31373 0.63000 -0.76500
v 1.23284 0.70284 -0.78500
v 1.15000 0.76641 -0.78500
v 1.16000 0.78373 -0.76500
v 1.24698 0.71698 -0.76500
v 1.15000 0.76641 -0.78500
v 1.05353 0.80637 -0.78500
v 1.05870 0.82569 -0.76500
v 1.16000 0.78373 -0.76500
v 1.05353 0.80637 -0.78500
v 0.95000 0.82000 -0.78500
v 0.95000 0.84000 -0.76500
v 1.05870 0.82569 -0.76500
v 0.95000 0.82000 -0.78500
v 0.84647 0.80637 -0.78500
v 0.84130 0.82569 -0.76500
v 0.95000 0.84000 -0.76500
v 0.84647 0.80637 -0.78500
v 0.75000 0.76641 -0.78500
v 0.74000 0.78373 -0.76500
v 0.84130 0.82569 -0.76500
v 0.75000 0.76641 -0.78500
v 0.66716 0.70284 -0.78500
v 0.65302 0.71698 -0.76500
v 0.74000 0.78373 -0.76500
v 0.66716 0.70284 -0.78500
v 0.60359 0.62000 -0.78500
v 0.58627 0.63000 -0.76500
v 0.65302 0.71698 -0.76500
v 0.60359 0.62000 -0.78500
v 0.56363 0.52353 -0.78500
v 0.54431 0.52870 -0.76500
v 0.58627 0.63000 -0.76500
v 0.56363 0.52353 -0.78500
v 0.55000 0.42000 -0.78500
v 0.53000 0.42000 -0.76500
v 0.54431 0.52870 -0.76500
v 0.55000 0.42000 -0.78500
v 0.56363 0.31647 -0.78500
v 0.54431 0.31130 -0.76500
v 0.53000 0.42000 -0.76500
v 0.56363 0.31647 -0.78500
v 0.60359 0.22000 -0.78500
v 0.58627 0.21000 -0.76500
v 0.54431 0.31130 -0.76500
v 0.60359 0.22000 -0.78500
v 0.66716 0.13716 -0.78500
v 0.65302 0.12302 -0.76500
v 0.58627 0.21000 -0.76500
v 0.66716 0.13716 -0.78500
v 0.75000 0.07359 -0.78500
v 0.74000 0.05627 -0.76500
v 0.65302 0.12302 -0.76500
v 0.75000 0.07359 -0.78500
v 0.84647 0.03363 -0.78500
v 0.84130 0.01431 -0.76500
v 0.74000 0.05627 -0.76500
v 0.84647 0.03363 -0.78500
v 0.95000 0.02000 -0.78500
v 0.95000 0.00000 -0.76500
v 0.84130 0.01431 -0.76500
v 0.95000 0.02000 -0.78500
v 1.05353 0.03363 -0.78500
v 1.05870 0.01431 -0.76500
v 0.95000 0.00000 -0.76500
v 1.05353 0.03363 -0.78500
v 1.15000 0.07359 -0.78500
v 1.16000 0.05627 -0.76500
v 1.05870 0.01431 -0.76500
v 1.15000 0.07359 -0.78500
v 1.23284 0.13716 -0.78500
v 1.24698 0.12302 -0.76500
v 1.16000 0.05627 -0.76500
v 1.23284 0.13716 -0.78500
v 1.29641 0.22000 -0.78500
v 1.31373 0.21000 -0.76500
v 1.24698 0.12302 -0.76500
v 1.29641 0.22000 -0.78500
v 1.33637 0.31647 -0.78500
v 1.35569 0.31130 -0.76500
v 1.31373 0.21000 -0.76500
v 1.33637 0.31647 -0.78500
v 1.35000 0.42000 -0.78500
v 1.37000 0.42000 -0.76500
v 1.35569 0.31130 -0.76500
v 1.37000 0.42000 -0.76500
v 1.35569 0.52870 -0.76500
v 1.35569 0.52870 -0.67500
v 1.37000 0.42000 -0.67500
v 1.35569 0.52870 -0.76500
v 1.31373 0.63000 -0.76500
v 1.31373 0.63000 -0.67500
v 1.35569 0.52870 -0.67500
v 1.31373 0.63000 -0.76500
v 1.24698 0.71698 -0.76500
v 1.24698 0.71698 -0.67500
v 1.31373 0.63000 -0.67500
v 1.24698 0.71698 -0.76500
v 1.16000 0.78373 -0.76500
v 1.16000 0.78373 -0.67500
v 1.24698 0.71698 -0.67500
v 1.16000 0.78373 -0.76500
v 1.05870 0.82569 -0.76500
v 1.05870 0.82569 -0.67500
v 1.16000 0.78373 -0.67500
v 1.05870 0.82569 -0.76500
v 0.95000 0.84000 -0.76500
v 0.95000 0.84000 -0.67500
v 1.05870 0.82569 -0.67500
v 0.95000 0.84000 -0.76500
v 0.84130 0.82569 -0.76500
v 0.84130 0.82569 -0.67500
v 0.95000 0.84000 -0.67500
v 0.84130 0.82569 -0.76500
v 0.74000 0.78373 -0.76500
v 0.74000 0.78373 -0.67500
v 0.84130 0.82569 -0.67500
v 0.74000 0.78373 -0.76500
v 0.65302 0.71698 -0.76500
v 0.65302 0.71698 -0.67500
v 0.74000 0.78373 -0.67500
v 0.65302 0.71698 -0.76500
v 0.58627 0.63000 -0.76500
v 0.58627 0.63000 -0.67500
v 0.65302 0.71698 -0.67500
v 0.58627 0.63000 -0.76500
v 0.54431 0.52870 -0.76500
v 0.54431 0.52870 -0.67500
v 0.58627 0.63000 -0.67500
v 0.54431 0.52870 -0.76500
v 0.53000 0.42000 -0.76500
v 0.53000 0.42000 -0.67500
v 0.54431 0.52870 -0.67500
v 0.53000 0.42000 -0.76500
v 0.54431 0.31130 -0.76500
v 0.54431 0.31130 -0.67500
v 0.53000 0.42000 -0.67500
v 0.54431 0.31130 -0.76500
v 0.58627 0.21000 -0.76500
v 0.58627 0.21000 -0.67500
v 0.54431 0.31130 -0.67500
v 0.58627 0.21000 -0.76500
v 0.65302 0.12302 -0.76500
v 0.65302 0.12302 -0.67500
v 0.58627 0.21000 -0.67500
v 0.65302 0.12302 -0.76500
v 0.74000 0.05627 -0.76500
v 0.74000 0.05627 -0.67500
v 0.65302 0.12302 -0.67500
v 0.74000 0.05627 -0.76500
v 0.84130 0.01431 -0.76500
v 0.84130 0.01431 -0.67500
v 0.74000 0.05627 -0.67500
v 0.84130 0.01431 -0.76500
v 0.95000 0.00000 -0.76500
v 0.95000 0.00000 -0.67500
v 0.84130 0.01431 -0.67500
v 0.95000 0.00000 -0.76500
v 1.05870 0.01431 -0.76500
v 1.05870 0.01431 -0.67500
v 0.95000 0.00000 -0.67500
v 1.05870 0.01431 -0.76500
v 1.16000 0.05627 -0.76500
v 1.16000 0.05627 -0.67500
v 1.05870 0.01431 -0.67500
v 1.16000 0.05627 -0.76500
v 1.24698 0.12302 -0.76500
v 1.24698 0.12302 -0.67500
v 1.16000 0.05627 -0.67500
v 1.24698 0.12302 -0.76500
v 1.31373 0.21000 -0.76500
v 1.31373 0.21000 -0.67500
v 1.24698 0.12302 -0.67500
v 1.31373 0.21000 -0.76500
v 1.35569 0.31130 -0.76500
v 1.35569 0.31130 -0.67500
v 1.31373 0.21000 -0.67500
v 1.35569 0.31130 -0.76500
v 1.37000 0.42000 -0.76500
v 1.37000 0.42000 -0.67500
v 1.35569 0.31130 -0.67500
v 1.37000 0.42000 -0.67500
v 1.35569 0.52870 -0.67500
v 1.33637 0.52353 -0.65500
v 1.35000 0.42000 -0.65500
v 1.35569 0.52870 -0.67500
v 1.31373 0.63000 -0.67500
v 1.29641 0.62000 -0.65500
v 1.33637 0.52353 -0.65500
v 1.31373 0.63000 -0.67500
v 1.24698 0.71698 -0.67500
v 1.23284 0.70284 -0.65500
v 1.29641 0.62000 -0.65500
v 1.24698 0.71698 -0.67500
v 1.16000 0.78373 -0.67500
v 1.15000 0.76641 -0.65500
v 1.23284 0.70284 -0.65500
v 1.16000 0.78373 -0.67500
v 1.05870 0.82569 -0.67500
v 1.05353 0.80637 -0.65500
v 1.15000 0.76641 -0.65500
v 1.05870 0.82569 -0.67500
v 0.95000 0.84000 -0.67500
v 0.95000 0.82000 -0.65500
v 1.05353 0.80637 -0.65500
v 0.95000 0.84000 -0.67500
v 0.84130 0.82569 -0.67500
v 0.84647 0.80637 -0.65500
v 0.95000 0.82000 -0.65500
v 0.84130 0.82569 -0.67500
v 0.74000 0.78373 -0.67500
v 0.75000 0.76641 -0.65500
v 0.84647 0.80637 -0.65500
v 0.74000 0.78373 -0.67500
v 0.65302 0.71698 -0.67500
v 0.66716 0.70284 -0.65500
v 0.75000 0.76641 -0.65500
v 0.65302 0.71698 -0.67500
v 0.58627 0.63000 -0.67500
v 0.60359 0.62000 -0.65500
v 0.66716 0.70284 -0.65500
v 0.58627 0.63000 -0.67500
v 0.54431 0.52870 -0.67500
v 0.56363 0.52353 -0.65500
v 0.60359 0.62000 -0.65500
v 0.54431 0.52870 -0.67500
v 0.53000 0.42000 -0.67500
v 0.55000 0.42000 -0.65500
v 0.56363 0.52353 -0.65500
v 0.53000 0.42000 -0.67500
v 0.54431 0.31130 -0.67500
v 0.56363 0.31647 -0.65500
v 0.55000 0.42000 -0.65500
v 0.54431 0.31130 -0.67500
v 0.58627 0.21000 -0.67500
v 0.60359 0.22000 -0.65500
v 0.56363 0.31647 -0.65500
v 0.58627 0.21000 -0.67500
v 0.65302 0.12302 -0.67500
v 0.66716 0.13716 -0.65500
v 0.60359 0.22000 -0.65500
v 0.65302 0.12302 -0.67500
v 0.74000 0.05627 -0.67500
v 0.75000 0.07359 -0.65500
v 0.66716 0.13716 -0.65500
v 0.74000 0.05627 -0.67500
v 0.84130 0.01431 -0.67500
v 0.84647 0.03363 -0.65500
v 0.75000 0.07359 -0.65500
v 0.84130 0.01431 -0.67500
v 0.95000 0.00000 -0.67500
v 0.95000 0.02000 -0.65500
v 0.84647 0.03363 -0.65500
v 0.95000 0.00000 -0.67500
v 1.05870 0.01431 -0.67500
v 1.05353 0.03363 -0.65500
v 0.95000 0.02000 -0.65500
v 1.05870 0.01431 -0.67500
v 1.16000 0.05627 -0.67500
v 1.15000 0.07359 -0.65500
v 1.05353 0.03363 -0.65500
v 1.16000 0.05627 -0.67500
v 1.24698 0.12302 -0.67500
v 1.23284 0.13716 -0.65500
v 1.15000 0.07359 -0.65500
v 1.24698 0.12302 -0.67500
v 1.31373 0.21000 -0.67500
v 1.29641 0.22000 -0.65500
v 1.23284 0.13716 -0.65500
v 1.31373 0.21000 -0.67500
v 1.35569 0.31130 -0.67500
v 1.33637 0.31647 -0.65500
v 1.29641 0.22000 -0.65500
v 1.35569 0.31130 -0.67500
v 1.37000 0.42000 -0.67500
v 1.35000 0.42000 -0.65500
v 1.33637 0.31647 -0.65500
v 0.95000 0.42000 -0.78500
v 0.95000 0.42000 -0.78500
v 1.33637 0.52353 -0.78500
v 1.35000 0.42000 -0.78500
v 0.95000 0.42000 -0.78500
v 0.95000 0.42000 -0.78500
v 1.29641 0.62000 -0.78500
v 1.33637 0.52353 -0.78500
v 0.95000 0.42000 -0.78500
v 0.95000 0.42000 -0.78500
v 1.23284 0.70284 -0.78500
v 1.29641 0.62000 -0.78500
v 0.95000 0.42000 -0.78500
v 0.95000 0.42000 -0.78500
v 1.15000 0.76641 -0.78500
v 1.23284 0.70284 -0.78500
v 0.95000 0.42000 -0.78500
v 0.95000 0.42000 -0.78500
v 1.05353 0.80637 -0.78500
v 1.15000 0.76641 -0.78500
v 0.95000 0.42000 -0.78500
v 0.95000 0.42000 -0.78500
v 0.95000 0.82000 -0.78500
v 1.05353 0.80637 -0.78500
v 0.95000 0.42000 -0.78500
v 0.95000 0.42000 -0.78500
v 0.84647 0.80637 -0.78500
v 0.95000 0.82000 -0.78500
v 0.95000 0.42000 -0.78500
v 0.95000 0.42000 -0.78500
v 0.75000 0.76641 -0.78500
v 0.84647 0.80637 -0.78500
v 0.95000 0.42000 -0.78500
v 0.95000 0.42000 -0.78500
v 0.66716 0.70284 -0.78500
v 0.75000 0.76641 -0.78500
v 0.95000 0.42000 -0.78500
v 0.95000 0.42000 -0.78500
v 0.60359 0.62000 -0.78500
v 0.66716 0.70284 -0.78500
v 0.95000 0.42000 -0.78500
v 0.95000 0.42000 -0.78500
v 0.56363 0.52353 -0.78500
v 0.60359 0.62000 -0.78500
v 0.95000 0.42000 -0.78500
v 0.95000 0.42000 -0.78500
v 0.55000 0.42000 -0.78500
v 0.56363 0.52353 -0.78500
v 0.95000 0.42000 -0.78500
v 0.95000 0.42000 -0.78500
v 0.56363 0.31647 -0.78500
v 0.55000 0.42000 -0.78500
v 0.95000 0.42000 -0.78500
v 0.95000 0.42000 -0.78500
v 0.60359 0.22000 -0.78500
v 0.56363 0.31647 -0.78500
v 0.95000 0.42000 -0.78500
v 0.95000 0.42000 -0.78500
v 0.66716 0.13716 -0.78500
v 0.60359 0.22000 -0.78500
v 0.95000 0.42000 -0.78500
v 0.95000 0.42000 -0.78500
v 0.75000 0.07359 -0.78500
v 0.66716 0.13716 -0.78500
v 0.95000 0.42000 -0.78500
v 0.95000 0.42000 -0.78500
v 0.84647 0.03363 -0.78500
v 0.75000 0.07359 -0.78500
v 0.95000 0.42000 -0.78500
v 0.95000 0.42000 -0.78500
v 0.95000 0.02000 -0.78500
v 0.84647 0.03363 -0.78500
v 0.95000 0.42000 -0.78500
v 0.95000 0.42000 -0.78500
v 1.05353 0.03363 -0.78500
v 0.95000 0.02000 -0.78500
v 0.95000 0.42000 -0.78500
v 0.95000 0.42000 -0.78500
v 1.15000 0.07359 -0.78500
v 1.05353 0.03363 -0.78500
v 0.95000 0.42000 -0.78500
v 0.95000 0.42000 -0.78500
v 1.23284 0.13716 -0.78500
v 1.15000 0.07359 -0.78500
v 0.95000 0.42000 -0.78500
v 0.95000 0.42000 -0.78500
v 1.29641 0.22000 -0.78500
v 1.23284 0.13716 -0.78500
v 0.95000 0.42000 -0.78500
v 0.95000 0.42000 -0.78500
v 1.33637 0.31647 -0.78500
v 1.29641 0.22000 -0.78500
v 0.95000 0.42000 -0.78500
v 0.95000 0.42000 -0.78500
v 1.35000 0.42000 -0.78500
v 1.33637 0.31647 -0.78500
v 1.35000 0.42000 -0.78500
v 1.33637 0.52353 -0.78500
v 1.30739 0.51576 -0.75500
v 1.32000 0.42000 -0.75500
v 1.33637 0.52353 -0.78500
v 1.29641 0.62000 -0.78500
v 1.27043 0.60500 -0.75500
v 1.30739 0.51576 -0.75500
v 1.29641 0.62000 -0.78500
v 1.23284 0.70284 -0.78500
v 1.21163 0.68163 -0.75500
v 1.27043 0.60500 -0.75500
v 1.23284 0.70284 -0.78500
v 1.15000 0.76641 -0.78500
v 1.13500 0.74043 -0.75500
v 1.21163 0.68163 -0.75500
v 1.15000 0.76641 -0.78500
v 1.05353 0.80637 -0.78500
v 1.04576 0.77739 -0.75500
v 1.13500 0.74043 -0.75500
v 1.05353 0.80637 -0.78500
v 0.95000 0.82000 -0.78500
v 0.95000 0.79000 -0.75500
v 1.04576 0.77739 -0.75500
v 0.95000 0.82000 -0.78500
v 0.84647 0.80637 -0.78500
v 0.85424 0.77739 -0.75500
v 0.95000 0.79000 -0.75500
v 0.84647 0.80637 -0.78500
v 0.75000 0.76641 -0.78500
v 0.76500 0.74043 -0.75500
v 0.85424 0.77739 -0.75500
v 0.75000 0.76641 -0.78500
v 0.66716 0.70284 -0.78500
v 0.68837 0.68163 -0.75500
v 0.76500 0.74043 -0.75500
v 0.66716 0.70284 -0.78500
v 0.60359 0.62000 -0.78500
v 0.62957 0.60500 -0.75500
v 0.68837 0.68163 -0.75500
v 0.60359 0.62000 -0.78500
v 0.56363 0.52353 -0.78500
v 0.59261 0.51576 -0.75500
v 0.62957 0.60500 -0.75500
v 0.56363 0.52353 -0.78500
v 0.55000 0.42000 -0.78500
v 0.58000 0.42000 -0.75500
v 0.59261 0.51576 -0.75500
v 0.55000 0.42000 -0.78500
v 0.56363 0.31647 -0.78500
v 0.59261 0.32424 -0.75500
v 0.58000 0.42000 -0.75500
v 0.56363 0.31647 -0.78500
v 0.60359 0.22000 -0.78500
v 0.62957 0.23500 -0.75500
v 0.59261 0.32424 -0.75500
v 0.60359 0.22000 -0.78500
v 0.66716 0.13716 -0.78500
v 0.68837 0.15837 -0.75500
v 0.62957 0.23500 -0.75500
v 0.66716 0.13716 -0.78500
v 0.75000 0.07359 -0.78500
v 0.76500 0.09957 -0.75500
v 0.68837 0.15837 -0.75500
v 0.75000 0.07359 -0.78500
v 0.84647 0.03363 -0.78500
v 0.85424 0.06261 -0.75500
v 0.76500 0.09957 -0.75500
v 0.84647 0.03363 -0.78500
v 0.95000 0.02000 -0.78500
v 0.95000 0.05000 -0.75500
v 0.85424 0.06261 -0.75500
v 0.95000 0.02000 -0.78500
v 1.05353 0.03363 -0.78500
v 1.04576 0.06261 -0.75500
v 0.95000 0.05000 -0.75500
v 1.05353 0.03363 -0.78500
v 1.15000 0.07359 -0.78500
v 1.13500 0.09957 -0.75500
v 1.04576 0.06261 -0.75500
v 1.15000 0.07359 -0.78500
v 1.23284 0.13716 -0.78500
v 1.21163 0.15837 -0.75500
v 1.13500 0.09957 -0.75500
v 1.23284 0.13716 -0.78500
v 1.29641 0.22000 -0.78500
v 1.27043 0.23500 -0.75500
v 1.21163 0.15837 -0.75500
v 1.29641 0.22000 -0.78500
v 1.33637 0.31647 -0.78500
v 1.30739 0.32424 -0.75500
v 1.27043 0.23500 -0.75500
v 1.33637 0.31647 -0.78500
v 1.35000 0.42000 -0.78500
v 1.32000 0.42000 -0.75500
v 1.30739 0.32424 -0.75500
v 1.32000 0.42000 -0.75500
v 1.30739 0.51576 -0.75500
v 1.30739 0.51576 -0.68500
v 1.32000 0.42000 -0.68500
v 1.30739 0.51576 -0.75500
v 1.27043 0.60500 -0.75500
v 1.27043 0.60500 -0.68500
v 1.30739 0.51576 -0.68500
v 1.27043 0.60500 -0.75500
v 1.21163 0.68163 -0.75500
v 1.21163 0.68163 -0.68500
v 1.27043 0.60500 -0.68500
v 1.21163 0.68163 -0.75500
v 1.13500 0.74043 -0.75500
v 1.13500 0.74043 -0.68500
v 1.21163 0.68163 -0.68500
v 1.13500 0.74043 -0.75500
v 1.04576 0.77739 -0.75500
v 1.04576 0.77739 -0.68500
v 1.13500 0.74043 -0.68500
v 1.04576 0.77739 -0.75500
v 0.95000 0.79000 -0.75500
v 0.95000 0.79000 -0.68500
v 1.04576 0.77739 -0.68500
v 0.95000 0.79000 -0.75500
v 0.85424 0.77739 -0.75500
v 0.85424 0.77739 -0.68500
v 0.95000 0.79000 -0.68500
v 0.85424 0.77739 -0.75500
v 0.76500 0.74043 -0.75500
v 0.76500 0.74043 -0.68500
v 0.85424 0.77739 -0.68500
v 0.76500 0.74043 -0.75500
v 0.68837 0.68163 -0.75500
v 0.68837 0.68163 -0.68500
v 0.76500 0.74043 -0.68500
v 0.68837 0.68163 -0.75500
v 0.62957 0.60500 -0.75500
v 0.62957 0.60500 -0.68500
v 0.68837 0.68163 -0.68500
v 0.62957 0.60500 -0.75500
v 0.59261 0.51576 -0.75500
v 0.59261 0.51576 -0.68500
v 0.62957 0.60500 -0.68500
v 0.59261 0.51576 -0.75500
v 0.58000 0.42000 -0.75500
v 0.58000 0.42000 -0.68500
v 0.59261 0.51576 -0.68500
v 0.58000 0.42000 -0.75500
v 0.59261 0.32424 -0.75500
v 0.59261 0.32424 -0.68500
v 0.58000 0.42000 -0.68500
v 0.59261 0.32424 -0.75500
v 0.62957 0.23500 -0.75500
v 0.62957 0.23500 -0.68500
v 0.59261 0.32424 -0.68500
v 0.62957 0.23500 -0.75500
v 0.68837 0.15837 -0.75500
v 0.68837 0.15837 -0.68500
v 0.62957 0.23500 -0.68500
v 0.68837 0.15837 -0.75500
v 0.76500 0.09957 -0.75500
v 0.76500 0.09957 -0.68500
v 0.68837 0.15837 -0.68500
v 0.76500 0.09957 -0.75500
v 0.85424 0.06261 -0.75500
v 0.85424 0.06261 -0.68500
v 0.76500 0.09957 -0.68500
v 0.85424 0.06261 -0.75500
v 0.95000 0.05000 -0.75500
v 0.95000 0.05000 -0.68500
v 0.85424 0.06261 -0.68500
v 0.95000 0.05000 -0.75500
v 1.04576 0.06261 -0.75500
v 1.04576 0.06261 -0.68500
v 0.95000 0.05000 -0.68500
v 1.04576 0.06261 -0.75500
v 1.13500 0.09957 -0.75500
v 1.13500 0.09957 -0.68500
v 1.04576 0.06261 -0.68500
v 1.13500 0.09957 -0.75500
v 1.21163 0.15837 -0.75500
v 1.21163 0.15837 -0.68500
v 1.13500 0.09957 -0.68500
v 1.21163 0.15837 -0.75500
v 1.27043 0.23500 -0.75500
v 1.27043 0.23500 -0.68500
v 1.21163 0.15837 -0.68500
v 1.27043 0.23500 -0.75500
v 1.30739 0.32424 -0.75500
v 1.30739 0.32424 -0.68500
v 1.27043 0.23500 -0.68500
v 1.30739 0.32424 -0.75500
v 1.32000 0.42000 -0.75500
v 1.32000 0.42000 -0.68500
v 1.30739 0.32424 -0.68500
v 1.32000 0.42000 -0.68500
v 1.30739 0.51576 -0.68500
v 1.33637 0.52353 -0.65500
v 1.35000 0.42000 -0.65500
v 1.30739 0.51576 -0.68500
v 1.27043 0.60500 -0.68500
v 1.29641 0.62000 -0.65500
v 1.33637 0.52353 -0.65500
v 1.27043 0.60500 -0.68500
v 1.21163 0.68163 -0.68500
v 1.23284 0.70284 -0.65500
v 1.29641 0.62000 -0.65500
v 1.21163 0.68163 -0.68500
v 1.13500 0.74043 -0.68500
v 1.15000 0.76641 -0.65500
v 1.23284 0.70284 -0.65500
v 1.13500 0.74043 -0.68500
v 1.04576 0.77739 -0.68500
v 1.05353 0.80637 -0.65500
v 1.15000 0.76641 -0.65500
v 1.04576 0.77739 -0.68500
v 0.95000 0.79000 -0.68500
v 0.95000 0.82000 -0.65500
v 1.05353 0.80637 -0.65500
v 0.95000 0.79000 -0.68500
v 0.85424 0.77739 -0.68500
v 0.84647 0.80637 -0.65500
v 0.95000 0.82000 -0.65500
v 0.85424 0.77739 -0.68500
v 0.76500 0.74043 -0.68500
v 0.75000 0.76641 -0.65500
v 0.84647 0.80637 -0.65500
v 0.76500 0.74043 -0.68500
v 0.68837 0.68163 -0.68500
v 0.66716 0.70284 -0.65500
v 0.75000 0.76641 -0.65500
v 0.68837 0.68163 -0.68500
v 0.62957 0.60500 -0.68500
v 0.60359 0.62000 -0.65500
v 0.66716 0.70284 -0.65500
v 0.62957 0.60500 -0.68500
v 0.59261 0.51576 -0.68500
v 0.56363 0.52353 -0.65500
v 0.60359 0.62000 -0.65500
v 0.59261 0.51576 -0.68500
v 0.58000 0.42000 -0.68500
v 0.55000 0.42000 -0.65500
v 0.56363 0.52353 -0.65500
v 0.58000 0.42000 -0.68500
v 0.59261 0.32424 -0.68500
v 0.56363 0.31647 -0.65500
v 0.55000 0.42000 -0.65500
v 0.59261 0.32424 -0.68500
v 0.62957 0.23500 -0.68500
v 0.60359 0.22000 -0.65500
v 0.56363 0.31647 -0.65500
v 0.62957 0.23500 -0.68500
v 0.68837 0.15837 -0.68500
v 0.66716 0.13716 -0.65500
v 0.60359 0.22000 -0.65500
v 0.68837 0.15837 -0.68500
v 0.76500 0.09957 -0.68500
v 0.75000 0.07359 -0.65500
v 0.66716 0.13716 -0.65500
v 0.76500 0.09957 -0.68500
v 0.85424 0.06261 -0.68500
v 0.84647 0.03363 -0.65500
v 0.75000 0.07359 -0.65500
v 0.85424 0.06261 -0.68500
v 0.95000 0.05000 -0.68500
v 0.95000 0.02000 -0.65500
v 0.84647 0.03363 -0.65500
v 0.95000 0.05000 -0.68500
v 1.04576 0.06261 -0.68500
v 1.05353 0.03363 -0.65500
v 0.95000 0.02000 -0.65500
v 1.04576 0.06261 -0.68500
v 1.13500 0.09957 -0.68500
v 1.15000 0.07359 -0.65500
v 1.05353 0.03363 -0.65500
v 1.13500 0.09957 -0.68500
v 1.21163 0.15837 -0.68500
v 1.23284 0.13716 -0.65500
v 1.15000 0.07359 -0.65500
v 1.21163 0.15837 -0.68500
v 1.27043 0.23500 -0.68500
v 1.29641 0.22000 -0.65500
v 1.23284 0.13716 -0.65500
v 1.27043 0.23500 -0.68500
v 1.30739 0.32424 -0.68500
v 1.33637 0.31647 -0.65500
v 1.29641 0.22000 -0.65500
v 1.30739 0.32424 -0.68500
v 1.32000 0.42000 -0.68500
v 1.35000 0.42000 -0.65500
v 1.33637 0.31647 -0.65500
v 1.35000 0.42000 -0.65500
v 1.33637 0.52353 -0.65500
v 0.95000 0.42000 -0.65500
v 0.95000 0.42000 -0.65500
v 1.33637 0.52353 -0.65500
v 1.29641 0.62000 -0.65500
v 0.95000 0.42000 -0.65500
v 0.95000 0.42000 -0.65500
v 1.29641 0.62000 -0.65500
v 1.23284 0.70284 -0.65500
v 0.95000 0.42000 -0.65500
v 0.95000 0.42000 -0.65500
v 1.23284 0.70284 -0.65500
v 1.15000 0.76641 -0.65500
v 0.95000 0.42000 -0.65500
v 0.95000 0.42000 -0.65500
v 1.15000 0.76641 -0.65500
v 1.05353 0.80637 -0.65500
v 0.95000 0.42000 -0.65500
v 0.95000 0.42000 -0.65500
v 1.05353 0.80637 -0.65500
v 0.95000 0.82000 -0.65500
v 0.95000 0.42000 -0.65500
v 0.95000 0.42000 -0.65500
v 0.95000 0.82000 -0.65500
v 0.84647 0.80637 -0.65500
v 0.95000 0.42000 -0.65500
v 0.95000 0.42000 -0.65500
v 0.84647 0.80637 -0.65500
v 0.75000 0.76641 -0.65500
v 0.95000 0.42000 -0.65500
v 0.95000 0.42000 -0.65500
v 0.75000 0.76641 -0.65500
v 0.66716 0.70284 -0.65500
v 0.95000 0.42000 -0.65500
v 0.95000 0.42000 -0.65500
v 0.66716 0.70284 -0.65500
v 0.60359 0.62000 -0.65500
v 0.95000 0.42000 -0.65500
v 0.95000 0.42000 -0.65500
v 0.60359 0.62000 -0.65500
v 0.56363 0.52353 -0.65500
v 0.95000 0.42000 -0.65500
v 0.95000 0.42000 -0.65500
v 0.56363 0.52353 -0.65500
v 0.55000 0.42000 -0.65500
v 0.95000 0.42000 -0.65500
v 0.95000 0.42000 -0.65500
v 0.55000 0.42000 -0.65500
v 0.56363 0.31647 -0.65500
v 0.95000 0.42000 -0.65500
v 0.95000 0.42000 -0.65500
v 0.56363 0.31647 -0.65500
v 0.60359 0.22000 -0.65500
v 0.95000 0.42000 -0.65500
v 0.95000 0.42000 -0.65500
v 0.60359 0.22000 -0.65500
v 0.66716 0.13716 -0.65500
v 0.95000 0.42000 -0.65500
v 0.95000 0.42000 -0.65500
v 0.66716 0.13716 -0.65500
v 0.75000 0.07359 -0.65500
v 0.95000 0.42000 -0.65500
v 0.95000 0.42000 -0.65500
v 0.75000 0.07359 -0.65500
v 0.84647 0.03363 -0.65500
v 0.95000 0.42000 -0.65500
v 0.95000 0.42000 -0.65500
v 0.84647 0.03363 -0.65500
v 0.95000 0.02000 -0.65500
v 0.95000 0.42000 -0.65500
v 0.95000 0.42000 -0.65500
v 0.95000 0.02000 -0.65500
v 1.05353 0.03363 -0.65500
v 0.95000 0.42000 -0.65500
v 0.95000 0.42000 -0.65500
v 1.05353 0.03363 -0.65500
v 1.15000 0.07359 -0.65500
v 0.95000 0.42000 -0.65500
v 0.95000 0.42000 -0.65500
v 1.15000 0.07359 -0.65500
v 1.23284 0.13716 -0.65500
v 0.95000 0.42000 -0.65500
v 0.95000 0.42000 -0.65500
v 1.23284 0.13716 -0.65500
v 1.29641 0.22000 -0.65500
v 0.95000 0.42000 -0.65500
v 0.95000 0.42000 -0.65500
v 1.29641 0.22000 -0.65500
v 1.33637 0.31647 -0.65500
v 0.95000 0.42000 -0.65500
v 0.95000 0.42000 -0.65500
v 1.33637 0.31647 -0.65500
v 1.35000 0.42000 -0.65500
v 0.95000 0.42000 -0.65500
v 0.95000 0.42000 -0.65500
v 1.37000 0.42000 -0.67500
v 1.35569 0.52870 -0.67500
v 1.38467 0.53647 -0.65500
v 1.40000 0.42000 -0.65500
v 1.35569 0.52870 -0.67500
v 1.31373 0.63000 -0.67500
v 1.33971 0.64500 -0.65500
v 1.38467 0.53647 -0.65500
v 1.31373 0.63000 -0.67500
v 1.24698 0.71698 -0.67500
v 1.26820 0.73820 -0.65500
v 1.33971 0.64500 -0.65500
v 1.24698 0.71698 -0.67500
v 1.16000 0.78373 -0.67500
v 1.17500 0.80971 -0.65500
v 1.26820 0.73820 -0.65500
v 1.16000 0.78373 -0.67500
v 1.05870 0.82569 -0.67500
v 1.06647 0.85467 -0.65500
v 1.17500 0.80971 -0.65500
v 1.05870 0.82569 -0.67500
v 0.95000 0.84000 -0.67500
v 0.95000 0.87000 -0.65500
v 1.06647 0.85467 -0.65500
v 0.95000 0.84000 -0.67500
v 0.84130 0.82569 -0.67500
v 0.83353 0.85467 -0.65500
v 0.95000 0.87000 -0.65500
v 0.84130 0.82569 -0.67500
v 0.74000 0.78373 -0.67500
v 0.72500 0.80971 -0.65500
v 0.83353 0.85467 -0.65500
v 0.74000 0.78373 -0.67500
v 0.65302 0.71698 -0.67500
v 0.63180 0.73820 -0.65500
v 0.72500 0.80971 -0.65500
v 0.65302 0.71698 -0.67500
v 0.58627 0.63000 -0.67500
v 0.56029 0.64500 -0.65500
v 0.63180 0.73820 -0.65500
v 0.58627 0.63000 -0.67500
v 0.54431 0.52870 -0.67500
v 0.51533 0.53647 -0.65500
v 0.56029 0.64500 -0.65500
v 0.54431 0.52870 -0.67500
v 0.53000 0.42000 -0.67500
v 0.50000 0.42000 -0.65500
v 0.51533 0.53647 -0.65500
v 0.53000 0.42000 -0.67500
v 0.54431 0.31130 -0.67500
v 0.51533 0.30353 -0.65500
v 0.50000 0.42000 -0.65500
v 0.54431 0.31130 -0.67500
v 0.58627 0.21000 -0.67500
v 0.56029 0.19500 -0.65500
v 0.51533 0.30353 -0.65500
v 0.58627 0.21000 -0.67500
v 0.65302 0.12302 -0.67500
v 0.63180 0.10180 -0.65500
v 0.56029 0.19500 -0.65500
v 0.65302 0.12302 -0.67500
v 0.74000 0.05627 -0.67500
v 0.72500 0.03029 -0.65500
v 0.63180 0.10180 -0.65500
v 0.74000 0.05627 -0.67500
v 0.84130 0.01431 -0.67500
v 0.83353 -0.01467 -0.65500
v 0.72500 0.03029 -0.65500
v 0.84130 0.01431 -0.67500
v 0.95000 0.00000 -0.67500
v 0.95000 -0.03000 -0.65500
v 0.83353 -0.01467 -0.65500
v 0.95000 0.00000 -0.67500
v 1.05870 0.01431 -0.67500
v 1.06647 -0.01467 -0.65500
v 0.95000 -0.03000 -0.65500
v 1.05870 0.01431 -0.67500
v 1.16000 0.05627 -0.67500
v 1.17500 0.03029 -0.65500
v 1.06647 -0.01467 -0.65500
v 1.16000 0.05627 -0.67500
v 1.24698 0.12302 -0.67500
v 1.26820 0.10180 -0.65500
v 1.17500 0.03029 -0.65500
v 1.24698 0.12302 -0.67500
v 1.31373 0.21000 -0.67500
v 1.33971 0.19500 -0.65500
v 1.26820 0.10180 -0.65500
v 1.31373 0.21000 -0.67500
v 1.35569 0.31130 -0.67500
v 1.38467 0.30353 -0.65500
v 1.33971 0.19500 -0.65500
v 1.35569 0.31130 -0.67500
v 1.37000 0.42000 -0.67500
v 1.40000 0.42000 -0.65500
v 1.38467 0.30353 -0.65500
v 1.40000 0.42000 -0.65500
v 1.38467 0.53647 -0.65500
v 1.38467 0.53647 -0.63500
v 1.40000 0.42000 -0.63500
v 1.38467 0.53647 -0.65500
v 1.33971 0.64500 -0.65500
v 1.33971 0.64500 -0.63500
v 1.38467 0.53647 -0.63500
v 1.33971 0.64500 -0.65500
v 1.26820 0.73820 -0.65500
v 1.26820 0.73820 -0.63500
v 1.33971 0.64500 -0.63500
v 1.26820 0.73820 -0.65500
v 1.17500 0.80971 -0.65500
v 1.17500 0.80971 -0.63500
v 1.26820 0.73820 -0.63500
v 1.17500 0.80971 -0.65500
v 1.06647 0.85467 -0.65500
v 1.06647 0.85467 -0.63500
v 1.17500 0.80971 -0.63500
v 1.06647 0.85467 -0.65500
v 0.95000 0.87000 -0.65500
v 0.95000 0.87000 -0.63500
v 1.06647 0.85467 -0.63500
v 0.95000 0.87000 -0.65500
v 0.83353 0.85467 -0.65500
v 0.83353 0.85467 -0.63500
v 0.95000 0.87000 -0.63500
v 0.83353 0.85467 -0.65500
v 0.72500 0.80971 -0.65500
v 0.72500 0.80971 -0.63500
v 0.83353 0.85467 -0.63500
v 0.72500 0.80971 -0.65500
v 0.63180 0.73820 -0.65500
v 0.63180 0.73820 -0.63500
v 0.72500 0.80971 -0.63500
v 0.63180 0.73820 -0.65500
v 0.56029 0.64500 -0.65500
v 0.56029 0.64500 -0.63500
v 0.63180 0.73820 -0.63500
v 0.56029 0.64500 -0.65500
v 0.51533 0.53647 -0.65500
v 0.51533 0.53647 -0.63500
v 0.56029 0.64500 -0.63500
v 0.51533 0.53647 -0.65500
v 0.50000 0.42000 -0.65500
v 0.50000 0.42000 -0.63500
v 0.51533 0.53647 -0.63500
v 0.50000 0.42000 -0.65500
v 0.51533 0.30353 -0.65500
v 0.51533 0.30353 -0.63500
v 0.50000 0.42000 -0.63500
v 0.51533 0.30353 -0.65500
v 0.56029 0.19500 -0.65500
v 0.56029 0.19500 -0.63500
v 0.51533 0.30353 -0.63500
v 0.56029 0.19500 -0.65500
v 0.63180 0.10180 -0.65500
v 0.63180 0.10180 -0.63500
v 0.56029 0.19500 -0.63500
v 0.63180 0.10180 -0.65500
v 0.72500 0.03029 -0.65500
v 0.72500 0.03029 -0.63500
v 0.63180 0.10180 -0.63500
v 0.72500 0.03029 -0.65500
v 0.83353 -0.01467 -0.65500
v 0.83353 -0.01467 -0.63500
v 0.72500 0.03029 -0.63500
v 0.83353 -0.01467 -0.65500
v 0.95000 -0.03000 -0.65500
v 0.95000 -0.03000 -0.63500
v 0.83353 -0.01467 -0.63500
v 0.95000 -0.03000 -0.65500
v 1.06647 -0.01467 -0.65500
v 1.06647 -0.01467 -0.63500
v 0.95000 -0.03000 -0.63500
v 1.06647 -0.01467 -0.65500
v 1.17500 0.03029 -0.65500
v 1.17500 0.03029 -0.63500
v 1.06647 -0.01467 -0.63500
v 1.17500 0.03029 -0.65500
v 1.26820 0.10180 -0.65500
v 1.26820 0.10180 -0.63500
v 1.17500 0.03029 -0.63500
v 1.26820 0.10180 -0.65500
v 1.33971 0.19500 -0.65500
v 1.33971 0.19500 -0.63500
v 1.26820 0.10180 -0.63500
v 1.33971 0.19500 -0.65500
v 1.38467 0.30353 -0.65500
v 1.38467 0.30353 -0.63500
v 1.33971 0.19500 -0.63500
v 1.38467 0.30353 -0.65500
v 1.40000 0.42000 -0.65500
v 1.40000 0.42000 -0.63500
v 1.38467 0.30353 -0.63500
v 1.40000 0.42000 -0.63500
v 1.38467 0.53647 -0.63500
v 1.34603 0.52612 -0.63500
v 1.36000 0.42000 -0.63500
v 1.38467 0.53647 -0.63500
v 1.33971 0.64500 -0.63500
v 1.30507 0.62500 -0.63500
v 1.34603 0.52612 -0.63500
v 1.33971 0.64500 -0.63500
v 1.26820 0.73820 -0.63500
v 1.23991 0.70991 -0.63500
v 1.30507 0.62500 -0.63500
v 1.26820 0.73820 -0.63500
v 1.17500 0.80971 -0.63500
v 1.15500 0.77507 -0.63500
v 1.23991 0.70991 -0.63500
v 1.17500 0.80971 -0.63500
v 1.06647 0.85467 -0.63500
v 1.05612 0.81603 -0.63500
v 1.15500 0.77507 -0.63500
v 1.06647 0.85467 -0.63500
v 0.95000 0.87000 -0.63500
v 0.95000 0.83000 -0.63500
v 1.05612 0.81603 -0.63500
v 0.95000 0.87000 -0.63500
v 0.83353 0.85467 -0.63500
v 0.84388 0.81603 -0.63500
v 0.95000 0.83000 -0.63500
v 0.83353 0.85467 -0.63500
v 0.72500 0.80971 -0.63500
v 0.74500 0.77507 -0.63500
v 0.84388 0.81603 -0.63500
v 0.72500 0.80971 -0.63500
v 0.63180 0.73820 -0.63500
v 0.66009 0.70991 -0.63500
v 0.74500 0.77507 -0.63500
v 0.63180 0.73820 -0.63500
v 0.56029 0.64500 -0.63500
v 0.59493 0.62500 -0.63500
v 0.66009 0.70991 -0.63500
v 0.56029 0.64500 -0.63500
v 0.51533 0.53647 -0.63500
v 0.55397 0.52612 -0.63500
v 0.59493 0.62500 -0.63500
v 0.51533 0.53647 -0.63500
v 0.50000 0.42000 -0.63500
v 0.54000 0.42000 -0.63500
v 0.55397 0.52612 -0.63500
v 0.50000 0.42000 -0.63500
v 0.51533 0.30353 -0.63500
v 0.55397 0.31388 -0.63500
v 0.54000 0.42000 -0.63500
v 0.51533 0.30353 -0.63500
v 0.56029 0.19500 -0.63500
v 0.59493 0.21500 -0.63500
v 0.55397 0.31388 -0.63500
v 0.56029 0.19500 -0.63500
v 0.63180 0.10180 -0.63500
v 0.66009 0.13009 -0.63500
v 0.59493 0.21500 -0.63500
v 0.63180 0.10180 -0.63500
v 0.72500 0.03029 -0.63500
v 0.74500 0.06493 -0.63500
v 0.66009 0.13009 -0.63500
v 0.72500 0.03029 -0.63500
v 0.83353 -0.01467 -0.63500
v 0.84388 0.02397 -0.63500
v 0.74500 0.06493 -0.63500
v 0.83353 -0.01467 -0.63500
v 0.95000 -0.03000 -0.63500
v 0.95000 0.01000 -0.63500
v 0.84388 0.02397 -0.63500
v 0.95000 -0.03000 -0.63500
v 1.06647 -0.01467 -0.63500
v 1.05612 0.02397 -0.63500
v 0.95000 0.01000 -0.63500
v 1.06647 -0.01467 -0.63500
v 1.17500 0.03029 -0.63500
v 1.15500 0.06493 -0.63500
v 1.05612 0.02397 -0.63500
v 1.17500 0.03029 -0.63500
v 1.26820 0.10180 -0.63500
v 1.23991 0.13009 -0.63500
v 1.15500 0.06493 -0.63500
v 1.26820 0.10180 -0.63500
v 1.33971 0.19500 -0.63500
v 1.30507 0.21500 -0.63500
v 1.23991 0.13009 -0.63500
v 1.33971 0.19500 -0.63500
v 1.38467 0.30353 -0.63500
v 1.34603 0.31388 -0.63500
v 1.30507 0.21500 -0.63500
v 1.38467 0.30353 -0.63500
v 1.40000 0.42000 -0.63500
v 1.36000 0.42000 -0.63500
v 1.34603 0.31388 -0.63500
v 1.09000 0.29000 -0.87000
v 1.09000 0.29000 -1.09000
v 1.09000 0.55000 -1.09000
v 1.09000 0.55000 -0.87000
v 0.81000 0.29000 -1.09000
v 0.81000 0.29000 -0.87000
v 0.81000 0.55000 -0.87000
v 0.81000 0.55000 -1.09000
v 0.81000 0.55000 -0.87000
v 1.09000 0.55000 -0.87000
v 1.09000 0.55000 -1.09000
v 0.81000 0.55000 -1.09000
v 0.81000 0.29000 -1.09000
v 1.09000 0.29000 -1.09000
v 1.09000 0.29000 -0.87000
v 0.81000 0.29000 -0.87000
v 0.81000 0.29000 -0.87000
v 1.09000 0.29000 -0.87000
v 1.09000 0.55000 -0.87000
v 0.81000 0.55000 -0.87000
v 1.09000 0.29000 -1.09000
v 0.81000 0.29000 -1.09000
v 0.81000 0.55000 -1.09000
v 1.09000 0.55000 -1.09000
v 1.02000 0.78000 -1.02000
v 1.00663 0.78000 -0.97886
v 1.00663 0.56000 -0.97886
v 1.02000 0.56000 -1.02000
v 1.00663 0.78000 -0.97886
v 0.97163 0.78000 -0.95343
v 0.97163 0.56000 -0.95343
v 1.00663 0.56000 -0.97886
v 0.97163 0.78000 -0.95343
v 0.92837 0.78000 -0.95343
v 0.92837 0.56000 -0.95343
v 0.97163 0.56000 -0.95343
v 0.92837 0.78000 -0.95343
v 0.89337 0.78000 -0.97886
v 0.89337 0.56000 -0.97886
v 0.92837 0.56000 -0.95343
v 0.89337 0.78000 -0.97886
v 0.88000 0.78000 -1.02000
v 0.88000 0.56000 -1.02000
v 0.89337 0.56000 -0.97886
v 0.88000 0.78000 -1.02000
v 0.89337 0.78000 -1.06114
v 0.89337 0.56000 -1.06114
v 0.88000 0.56000 -1.02000
v 0.89337 0.78000 -1.06114
v 0.92837 0.78000 -1.08657
v 0.92837 0.56000 -1.08657
v 0.89337 0.56000 -1.06114
v 0.92837 0.78000 -1.08657
v 0.97163 0.78000 -1.08657
v 0.97163 0.56000 -1.08657
v 0.92837 0.56000 -1.08657
v 0.97163 0.78000 -1.08657
v 1.00663 0.78000 -1.06114
v 1.00663 0.56000 -1.06114
v 0.97163 0.56000 -1.08657
v 1.00663 0.78000 -1.06114
v 1.02000 0.78000 -1.02000
v 1.02000 0.56000 -1.02000
v 1.00663 0.56000 -1.06114
v 0.95000 0.42000 -0.50000
v 0.95000 0.42000 -0.50000
v 1.23191 0.52261 -0.50000
v 1.25000 0.42000 -0.50000
v 0.95000 0.42000 -0.50000
v 0.95000 0.42000 -0.50000
v 1.17981 0.61284 -0.50000
v 1.23191 0.52261 -0.50000
v 0.95000 0.42000 -0.50000
v 0.95000 0.42000 -0.50000
v 1.10000 0.67981 -0.50000
v 1.17981 0.61284 -0.50000
v 0.95000 0.42000 -0.50000
v 0.95000 0.42000 -0.50000
v 1.00209 0.71544 -0.50000
v 1.10000 0.67981 -0.50000
v 0.95000 0.42000 -0.50000
v 0.95000 0.42000 -0.50000
v 0.89791 0.71544 -0.50000
v 1.00209 0.71544 -0.50000
v 0.95000 0.42000 -0.50000
v 0.95000 0.42000 -0.50000
v 0.80000 0.67981 -0.50000
v 0.89791 0.71544 -0.50000
v 0.95000 0.42000 -0.50000
v 0.95000 0.42000 -0.50000
v 0.72019 0.61284 -0.50000
v 0.80000 0.67981 -0.50000
v 0.95000 0.42000 -0.50000
v 0.95000 0.42000 -0.50000
v 0.66809 0.52261 -0.50000
v 0.72019 0.61284 -0.50000
v 0.95000 0.42000 -0.50000
v 0.95000 0.42000 -0.50000
v 0.65000 0.42000 -0.50000
v 0.66809 0.52261 -0.50000
v 0.95000 0.42000 -0.50000
v 0.95000 0.42000 -0.50000
v 0.66809 0.31739 -0.50000
v 0.65000 0.42000 -0.50000
v 0.95000 0.42000 -0.50000
v 0.95000 0.42000 -0.50000
v 0.72019 0.22716 -0.50000
v 0.66809 0.31739 -0.50000
v 0.95000 0.42000 -0.50000
v 0.95000 0.42000 -0.50000
v 0.80000 0.16019 -0.50000
v 0.72019 0.22716 -0.50000
v 0.95000 0.42000 -0.50000
v 0.95000 0.42000 -0.50000
v 0.89791 0.12456 -0.50000
v 0.80000 0.16019 -0.50000
v 0.95000 0.42000 -0.50000
v 0.95000 0.42000 -0.50000
v 1.00209 0.12456 -0.50000
v 0.89791 0.12456 -0.50000
v 0.95000 0.42000 -0.50000
v 0.95000 0.42000 -0.50000
v 1.10000 0.16019 -0.50000
v 1.00209 0.12456 -0.50000
v 0.95000 0.42000 -0.50000
v 0.95000 0.42000 -0.50000
v 1.17981 0.22716 -0.50000
v 1.10000 0.16019 -0.50000
v 0.95000 0.42000 -0.50000
v 0.95000 0.42000 -0.50000
v 1.23191 0.31739 -0.50000
v 1.17981 0.22716 -0.50000
v 0.95000 0.42000 -0.50000
v 0.95000 0.42000 -0.50000
v 1.25000 0.42000 -0.50000
v 1.23191 0.31739 -0.50000
v 1.25000 0.42000 -0.50000
v 1.23191 0.52261 -0.50000
v 1.23191 0.52261 -0.47000
v 1.25000 0.42000 -0.47000
v 1.23191 0.52261 -0.50000
v 1.17981 0.61284 -0.50000
v 1.17981 0.61284 -0.47000
v 1.23191 0.52261 -0.47000
v 1.17981 0.61284 -0.50000
v 1.10000 0.67981 -0.50000
v 1.10000 0.67981 -0.47000
v 1.17981 0.61284 -0.47000
v 1.10000 0.67981 -0.50000
v 1.00209 0.71544 -0.50000
v 1.00209 0.71544 -0.47000
v 1.10000 0.67981 -0.47000
v 1.00209 0.71544 -0.50000
v 0.89791 0.71544 -0.50000
v 0.89791 0.71544 -0.47000
v 1.00209 0.71544 -0.47000
v 0.89791 0.71544 -0.50000
v 0.80000 0.67981 -0.50000
v 0.80000 0.67981 -0.47000
v 0.89791 0.71544 -0.47000
v 0.80000 0.67981 -0.50000
v 0.72019 0.61284 -0.50000
v 0.72019 0.61284 -0.47000
v 0.80000 0.67981 -0.47000
v 0.72019 0.61284 -0.50000
v 0.66809 0.52261 -0.50000
v 0.66809 0.52261 -0.47000
v 0.72019 0.61284 -0.47000
v 0.66809 0.52261 -0.50000
v 0.65000 0.42000 -0.50000
v 0.65000 0.42000 -0.47000
v 0.66809 0.52261 -0.47000
v 0.65000 0.42000 -0.50000
v 0.66809 0.31739 -0.50000
v 0.66809 0.31739 -0.47000
v 0.65000 0.42000 -0.47000
v 0.66809 0.31739 -0.50000
v 0.72019 0.22716 -0.50000
v 0.72019 0.22716 -0.47000
v 0.66809 0.31739 -0.47000
v 0.72019 0.22716 -0.50000
v 0.80000 0.16019 -0.50000
v 0.80000 0.16019 -0.47000
v 0.72019 0.22716 -0.47000
v 0.80000 0.16019 -0.50000
v 0.89791 0.12456 -0.50000
v 0.89791 0.12456 -0.47000
v 0.80000 0.16019 -0.47000
v 0.89791 0.12456 -0.50000
v 1.00209 0.12456 -0.50000
v 1.00209 0.12456 -0.47000
v 0.89791 0.12456 -0.47000
v 1.00209 0.12456 -0.50000
v 1.10000 0.16019 -0.50000
v 1.10000 0.16019 -0.47000
v 1.00209 0.12456 -0.47000
v 1.10000 0.16019 -0.50000
v 1.17981 0.22716 -0.50000
v 1.17981 0.22716 -0.47000
v 1.10000 0.16019 -0.47000
v 1.17981 0.22716 -0.50000
v 1.23191 0.31739 -0.50000
v 1.23191 0.31739 -0.47000
v 1.17981 0.22716 -0.47000
v 1.23191 0.31739 -0.50000
v 1.25000 0.42000 -0.50000
v 1.25000 0.42000 -0.47000
v 1.23191 0.31739 -0.47000
v 1.25000 0.42000 -0.47000
v 1.23191 0.52261 -0.47000
v 0.95000 0.42000 -0.47000
v 0.95000 0.42000 -0.47000
v 1.23191 0.52261 -0.47000
v 1.17981 0.61284 -0.47000
v 0.95000 0.42000 -0.47000
v 0.95000 0.42000 -0.47000
v 1.17981 0.61284 -0.47000
v 1.10000 0.67981 -0.47000
v 0.95000 0.42000 -0.47000
v 0.95000 0.42000 -0.47000
v 1.10000 0.67981 -0.47000
v 1.00209 0.71544 -0.47000
v 0.95000 0.42000 -0.47000
v 0.95000 0.42000 -0.47000
v 1.00209 0.71544 -0.47000
v 0.89791 0.71544 -0.47000
v 0.95000 0.42000 -0.47000
v 0.95000 0.42000 -0.47000
v 0.89791 0.71544 -0.47000
v 0.80000 0.67981 -0.47000
v 0.95000 0.42000 -0.47000
v 0.95000 0.42000 -0.47000
v 0.80000 0.67981 -0.47000
v 0.72019 0.61284 -0.47000
v 0.95000 0.42000 -0.47000
v 0.95000 0.42000 -0.47000
v 0.72019 0.61284 -0.47000
v 0.66809 0.52261 -0.47000
v 0.95000 0.42000 -0.47000
v 0.95000 0.42000 -0.47000
v 0.66809 0.52261 -0.47000
v 0.65000 0.42000 -0.47000
v 0.95000 0.42000 -0.47000
v 0.95000 0.42000 -0.47000
v 0.65000 0.42000 -0.47000
v 0.66809 0.31739 -0.47000
v 0.95000 0.42000 -0.47000
v 0.95000 0.42000 -0.47000
v 0.66809 0.31739 -0.47000
v 0.72019 0.22716 -0.47000
v 0.95000 0.42000 -0.47000
v 0.95000 0.42000 -0.47000
v 0.72019 0.22716 -0.47000
v 0.80000 0.16019 -0.47000
v 0.95000 0.42000 -0.47000
v 0.95000 0.42000 -0.47000
v 0.80000 0.16019 -0.47000
v 0.89791 0.12456 -0.47000
v 0.95000 0.42000 -0.47000
v 0.95000 0.42000 -0.47000
v 0.89791 0.12456 -0.47000
v 1.00209 0.12456 -0.47000
v 0.95000 0.42000 -0.47000
v 0.95000 0.42000 -0.47000
v 1.00209 0.12456 -0.47000
v 1.10000 0.16019 -0.47000
v 0.95000 0.42000 -0.47000
v 0.95000 0.42000 -0.47000
v 1.10000 0.16019 -0.47000
v 1.17981 0.22716 -0.47000
v 0.95000 0.42000 -0.47000
v 0.95000 0.42000 -0.47000
v 1.17981 0.22716 -0.47000
v 1.23191 0.31739 -0.47000
v 0.95000 0.42000 -0.47000
v 0.95000 0.42000 -0.47000
v 1.23191 0.31739 -0.47000
v 1.25000 0.42000 -0.47000
v 0.95000 0.42000 -0.47000
v 0.95000 0.42000 -0.47000
v 1.35000 0.42000 0.65500
v 1.33637 0.52353 0.65500
v 1.35569 0.52870 0.67500
v 1.37000 0.42000 0.67500
v 1.33637 0.52353 0.65500
v 1.29641 0.62000 0.65500
v 1.31373 0.63000 0.67500
v 1.35569 0.52870 0.67500
v 1.29641 0.62000 0.65500
v 1.23284 0.70284 0.65500
v 1.24698 0.71698 0.67500
v 1.31373 0.63000 0.67500
v 1.23284 0.70284 0.65500
v 1.15000 0.76641 0.65500
v 1.16000 0.78373 0.67500
v 1.24698 0.71698 0.67500
v 1.15000 0.76641 0.65500
v 1.05353 0.80637 0.65500
v 1.05870 0.82569 0.67500
v 1.16000 0.78373 0.67500
v 1.05353 0.80637 0.65500
v 0.95000 0.82000 0.65500
v 0.95000 0.84000 0.67500
v 1.05870 0.82569 0.67500
v 0.95000 0.82000 0.65500
v 0.84647 0.80637 0.65500
v 0.84130 0.82569 0.67500
v 0.95000 0.84000 0.67500
v 0.84647 0.80637 0.65500
v 0.75000 0.76641 0.65500
v 0.74000 0.78373 0.67500
v 0.84130 0.82569 0.67500
v 0.75000 0.76641 0.65500
v 0.66716 0.70284 0.65500
v 0.65302 0.71698 0.67500
v 0.74000 0.78373 0.67500
v 0.66716 0.70284 0.65500
v 0.60359 0.62000 0.65500
v 0.58627 0.63000 0.67500
v 0.65302 0.71698 0.67500
v 0.60359 0.62000 0.65500
v 0.56363 0.52353 0.65500
v 0.54431 0.52870 0.67500
v 0.58627 0.63000 0.67500
v 0.56363 0.52353 0.65500
v 0.55000 0.42000 0.65500
v 0.53000 0.42000 0.67500
v 0.54431 0.52870 0.67500
v 0.55000 0.42000 0.65500
v 0.56363 0.31647 0.65500
v 0.54431 0.31130 0.67500
v 0.53000 0.42000 0.67500
v 0.56363 0.31647 0.65500
v 0.60359 0.22000 0.65500
v 0.58627 0.21000 0.67500
v 0.54431 0.31130 0.67500
v 0.60359 0.22000 0.65500
v 0.66716 0.13716 0.65500
v 0.65302 0.12302 0.67500
v 0.58627 0.21000 0.67500
v 0.66716 0.13716 0.65500
v 0.75000 0.07359 0.65500
v 0.74000 0.05627 0.67500
v 0.65302 0.12302 0.67500
v 0.75000 0.07359 0.65500
v 0.84647 0.03363 0.65500
v 0.84130 0.01431 0.67500
v 0.74000 0.05627 0.67500
v 0.84647 0.03363 0.65500
v 0.95000 0.02000 0.65500
v 0.95000 0.00000 0.67500
v 0.84130 0.01431 0.67500
v 0.95000 0.02000 0.65500
v 1.05353 0.03363 0.65500
v 1.05870 0.01431 0.67500
v 0.95000 0.00000 0.67500
v 1.05353 0.03363 0.65500
v 1.15000 0.07359 0.65500
v 1.16000 0.05627 0.67500
v 1.05870 0.01431 0.67500
v 1.15000 0.07359 0.65500
v 1.23284 0.13716 0.65500
v 1.24698 0.12302 0.67500
v 1.16000 0.05627 0.67500
v 1.23284 0.13716 0.65500
v 1.29641 0.22000 0.65500
v 1.31373 0.21000 0.67500
v 1.24698 0.12302 0.67500
v 1.29641 0.22000 0.65500
v 1.33637 0.31647 0.65500
v 1.35569 0.31130 0.67500
v 1.31373 0.21000 0.67500
v 1.33637 0.31647 0.65500
v 1.35000 0.42000 0.65500
v 1.37000 0.42000 0.67500
v 1.35569 0.31130 0.67500
v 1.37000 0.42000 0.67500
v 1.35569 0.52870 0.67500
v 1.35569 0.52870 0.76500
v 1.37000 0.42000 0.76500
v 1.35569 0.52870 0.67500
v 1.31373 0.63000 0.67500
v 1.31373 0.63000 0.76500
v 1.35569 0.52870 0.76500
v 1.31373 0.63000 0.67500
v 1.24698 0.71698 0.67500
v 1.24698 0.71698 0.76500
v 1.31373 0.63000 0.76500
v 1.24698 0.71698 0.67500
v 1.16000 0.78373 0.67500
v 1.16000 0.78373 0.76500
v 1.24698 0.71698 0.76500
v 1.16000 0.78373 0.67500
v 1.05870 0.82569 0.67500
v 1.05870 0.82569 0.76500
v 1.16000 0.78373 0.76500
v 1.05870 0.82569 0.67500
v 0.95000 0.84000 0.67500
v 0.95000 0.84000 0.76500
v 1.05870 0.82569 0.76500
v 0.95000 0.84000 0.67500
v 0.84130 0.82569 0.67500
v 0.84130 0.82569 0.76500
v 0.95000 0.84000 0.76500
v 0.84130 0.82569 0.67500
v 0.74000 0.78373 0.67500
v 0.74000 0.78373 0.76500
v 0.84130 0.82569 0.76500
v 0.74000 0.78373 0.67500
v 0.65302 0.71698 0.67500
v 0.65302 0.71698 0.76500
v 0.74000 0.78373 0.76500
v 0.65302 0.71698 0.67500
v 0.58627 0.63000 0.67500
v 0.58627 0.63000 0.76500
v 0.65302 0.71698 0.76500
v 0.58627 0.63000 0.67500
v 0.54431 0.52870 0.67500
v 0.54431 0.52870 0.76500
v 0.58627 0.63000 0.76500
v 0.54431 0.52870 0.67500
v 0.53000 0.42000 0.67500
v 0.53000 0.42000 0.76500
v 0.54431 0.52870 0.76500
v 0.53000 0.42000 0.67500
v 0.54431 0.31130 0.67500
v 0.54431 0.31130 0.76500
v 0.53000 0.42000 0.76500
v 0.54431 0.31130 0.67500
v 0.58627 0.21000 0.67500
v 0.58627 0.21000 0.76500
v 0.54431 0.31130 0.76500
v 0.58627 0.21000 0.67500
v 0.65302 0.12302 0.67500
v 0.65302 0.12302 0.76500
v 0.58627 0.21000 0.76500
v 0.65302 0.12302 0.67500
v 0.74000 0.05627 0.67500
v 0.74000 0.05627 0.76500
v 0.65302 0.12302 0.76500
v 0.74000 0.05627 0.67500
v 0.84130 0.01431 0.67500
v 0.84130 0.01431 0.76500
v 0.74000 0.05627 0.76500
v 0.84130 0.01431 0.67500
v 0.95000 0.00000 0.67500
v 0.95000 0.00000 0.76500
v 0.84130 0.01431 0.76500
v 0.95000 0.00000 0.67500
v 1.05870 0.01431 0.67500
v 1.05870 0.01431 0.76500
v 0.95000 0.00000 0.76500
v 1.05870 0.01431 0.67500
v 1.16000 0.05627 0.67500
v 1.16000 0.05627 0.76500
v 1.05870 0.01431 0.76500
v 1.16000 0.05627 0.67500
v 1.24698 0.12302 0.67500
v 1.24698 0.12302 0.76500
v 1.16000 0.05627 0.76500
v 1.24698 0.12302 0.67500
v 1.31373 0.21000 0.67500
v 1.31373 0.21000 0.76500
v 1.24698 0.12302 0.76500
v 1.31373 0.21000 0.67500
v 1.35569 0.31130 0.67500
v 1.35569 0.31130 0.76500
v 1.31373 0.21000 0.76500
v 1.35569 0.31130 0.67500
v 1.37000 0.42000 0.67500
v 1.37000 0.42000 0.76500
v 1.35569 0.31130 0.76500
v 1.37000 0.42000 0.76500
v 1.35569 0.52870 0.76500
v 1.33637 0.52353 0.78500
v 1.35000 0.42000 0.78500
v 1.35569 0.52870 0.76500
v 1.31373 0.63000 0.76500
v 1.29641 0.62000 0.78500
v 1.33637 0.52353 0.78500
v 1.31373 0.63000 0.76500
v 1.24698 0.71698 0.76500
v 1.23284 0.70284 0.78500
v 1.29641 0.62000 0.78500
v 1.24698 0.71698 0.76500
v 1.16000 0.78373 0.76500
v 1.15000 0.76641 0.78500
v 1.23284 0.70284 0.78500
v 1.16000 0.78373 0.76500
v 1.05870 0.82569 0.76500
v 1.05353 0.80637 0.78500
v 1.15000 0.76641 0.78500
v 1.05870 0.82569 0.76500
v 0.95000 0.84000 0.76500
v 0.95000 0.82000 0.78500
v 1.05353 0.80637 0.78500
v 0.95000 0.84000 0.76500
v 0.84130 0.82569 0.76500
v 0.84647 0.80637 0.78500
v 0.95000 0.82000 0.78500
v 0.84130 0.82569 0.76500
v 0.74000 0.78373 0.76500
v 0.75000 0.76641 0.78500
v 0.84647 0.80637 0.78500
v 0.74000 0.78373 0.76500
v 0.65302 0.71698 0.76500
v 0.66716 0.70284 0.78500
v 0.75000 0.76641 0.78500
v 0.65302 0.71698 0.76500
v 0.58627 0.63000 0.76500
v 0.60359 0.62000 0.78500
v 0.66716 0.70284 0.78500
v 0.58627 0.63000 0.76500
v 0.54431 0.52870 0.76500
v 0.56363 0.52353 0.78500
v 0.60359 0.62000 0.78500
v 0.54431 0.52870 0.76500
v 0.53000 0.42000 0.76500
v 0.55000 0.42000 0.78500
v 0.56363 0.52353 0.78500
v 0.53000 0.42000 0.76500
v 0.54431 0.31130 0.76500
v 0.56363 0.31647 0.78500
v 0.55000 0.42000 0.78500
v 0.54431 0.31130 0.76500
v 0.58627 0.21000 0.76500
v 0.60359 0.22000 0.78500
v 0.56363 0.31647 0.78500
v 0.58627 0.21000 0.76500
v 0.65302 0.12302 0.76500
v 0.66716 0.13716 0.78500
v 0.60359 0.22000 0.78500
v 0.65302 0.12302 0.76500
v 0.74000 0.05627 0.76500
v 0.75000 0.07359 0.78500
v 0.66716 0.13716 0.78500
v 0.74000 0.05627 0.76500
v 0.84130 0.01431 0.76500
v 0.84647 0.03363 0.78500
v 0.75000 0.07359 0.78500
v 0.84130 0.01431 0.76500
v 0.95000 0.00000 0.76500
v 0.95000 0.02000 0.78500
v 0.84647 0.03363 0.78500
v 0.95000 0.00000 0.76500
v 1.05870 0.01431 0.76500
v 1.05353 0.03363 0.78500
v 0.95000 0.02000 0.78500
v 1.05870 0.01431 0.76500
v 1.16000 0.05627 0.76500
v 1.15000 0.07359 0.78500
v 1.05353 0.03363 0.78500
v 1.16000 0.05627 0.76500
v 1.24698 0.12302 0.76500
v 1.23284 0.13716 0.78500
v 1.15000 0.07359 0.78500
v 1.24698 0.12302 0.76500
v 1.31373 0.21000 0.76500
v 1.29641 0.22000 0.78500
v 1.23284 0.13716 0.78500
v 1.31373 0.21000 0.76500
v 1.35569 0.31130 0.76500
v 1.33637 0.31647 0.78500
v 1.29641 0.22000 0.78500
v 1.35569 0.31130 0.76500
v 1.37000 0.42000 0.76500
v 1.35000 0.42000 0.78500
v 1.33637 0.31647 0.78500
v 0.95000 0.42000 0.65500
v 0.95000 0.42000 0.65500
v 1.33637 0.52353 0.65500
v 1.35000 0.42000 0.65500
v 0.95000 0.42000 0.65500
v 0.95000 0.42000 0.65500
v 1.29641 0.62000 0.65500
v 1.33637 0.52353 0.65500
v 0.95000 0.42000 0.65500
v 0.95000 0.42000 0.65500
v 1.23284 0.70284 0.65500
v 1.29641 0.62000 0.65500
v 0.95000 0.42000 0.65500
v 0.95000 0.42000 0.65500
v 1.15000 0.76641 0.65500
v 1.23284 0.70284 0.65500
v 0.95000 0.42000 0.65500
v 0.95000 0.42000 0.65500
v 1.05353 0.80637 0.65500
v 1.15000 0.76641 0.65500
v 0.95000 0.42000 0.65500
v 0.95000 0.42000 0.65500
v 0.95000 0.82000 0.65500
v 1.05353 0.80637 0.65500
v 0.95000 0.42000 0.65500
v 0.95000 0.42000 0.65500
v 0.84647 0.80637 0.65500
v 0.95000 0.82000 0.65500
v 0.95000 0.42000 0.65500
v 0.95000 0.42000 0.65500
v 0.75000 0.76641 0.65500
v 0.84647 0.80637 0.65500
v 0.95000 0.42000 0.65500
v 0.95000 0.42000 0.65500
v 0.66716 0.70284 0.65500
v 0.75000 0.76641 0.65500
v 0.95000 0.42000 0.65500
v 0.95000 0.42000 0.65500
v 0.60359 0.62000 0.65500
v 0.66716 0.70284 0.65500
v 0.95000 0.42000 0.65500
v 0.95000 0.42000 0.65500
v 0.56363 0.52353 0.65500
v 0.60359 0.62000 0.65500
v 0.95000 0.42000 0.65500
v 0.95000 0.42000 0.65500
v 0.55000 0.42000 0.65500
v 0.56363 0.52353 0.65500
v 0.95000 0.42000 0.65500
v 0.95000 0.42000 0.65500
v 0.56363 0.31647 0.65500
v 0.55000 0.42000 0.65500
v 0.95000 0.42000 0.65500
v 0.95000 0.42000 0.65500
v 0.60359 0.22000 0.65500
v 0.56363 0.31647 0.65500
v 0.95000 0.42000 0.65500
v 0.95000 0.42000 0.65500
v 0.66716 0.13716 0.65500
v 0.60359 0.22000 0.65500
v 0.95000 0.42000 0.65500
v 0.95000 0.42000 0.65500
v 0.75000 0.07359 0.65500
v 0.66716 0.13716 0.65500
v 0.95000 0.42000 0.65500
v 0.95000 0.42000 0.65500
v 0.84647 0.03363 0.65500
v 0.75000 0.07359 0.65500
v 0.95000 0.42000 0.65500
v 0.95000 0.42000 0.65500
v 0.95000 0.02000 0.65500
v 0.84647 0.03363 0.65500
v 0.95000 0.42000 0.65500
v 0.95000 0.42000 0.65500
v 1.05353 0.03363 0.65500
v 0.95000 0.02000 0.65500
v 0.95000 0.42000 0.65500
v 0.95000 0.42000 0.65500
v 1.15000 0.07359 0.65500
v 1.05353 0.03363 0.65500
v 0.95000 0.42000 0.65500
v 0.95000 0.42000 0.65500
v 1.23284 0.13716 0.65500
v 1.15000 0.07359 0.65500
v 0.95000 0.42000 0.65500
v 0.95000 0.42000 0.65500
v 1.29641 0.22000 0.65500
v 1.23284 0.13716 0.65500
v 0.95000 0.42000 0.65500
v 0.95000 0.42000 0.65500
v 1.33637 0.31647 0.65500
v 1.29641 0.22000 0.65500
v 0.95000 0.42000 0.65500
v 0.95000 0.42000 0.65500
v 1.35000 0.42000 0.65500
v 1.33637 0.31647 0.65500
v 1.35000 0.42000 0.65500
v 1.33637 0.52353 0.65500
v 1.30739 0.51576 0.68500
v 1.32000 0.42000 0.68500
v 1.33637 0.52353 0.65500
v 1.29641 0.62000 0.65500
v 1.27043 0.60500 0.68500
v 1.30739 0.51576 0.68500
v 1.29641 0.62000 0.65500
v 1.23284 0.70284 0.65500
v 1.21163 0.68163 0.68500
v 1.27043 0.60500 0.68500
v 1.23284 0.70284 0.65500
v 1.15000 0.76641 0.65500
v 1.13500 0.74043 0.68500
v 1.21163 0.68163 0.68500
v 1.15000 0.76641 0.65500
v 1.05353 0.80637 0.65500
v 1.04576 0.77739 0.68500
v 1.13500 0.74043 0.68500
v 1.05353 0.80637 0.65500
v 0.95000 0.82000 0.65500
v 0.95000 0.79000 0.68500
v 1.04576 0.77739 0.68500
v 0.95000 0.82000 0.65500
v 0.84647 0.80637 0.65500
v 0.85424 0.77739 0.68500
v 0.95000 0.79000 0.68500
v 0.84647 0.80637 0.65500
v 0.75000 0.76641 0.65500
v 0.76500 0.74043 0.68500
v 0.85424 0.77739 0.68500
v 0.75000 0.76641 0.65500
v 0.66716 0.70284 0.65500
v 0.68837 0.68163 0.68500
v 0.76500 0.74043 0.68500
v 0.66716 0.70284 0.65500
v 0.60359 0.62000 0.65500
v 0.62957 0.60500 0.68500
v 0.68837 0.68163 0.68500
v 0.60359 0.62000 0.65500
v 0.56363 0.52353 0.65500
v 0.59261 0.51576 0.68500
v 0.62957 0.60500 0.68500
v 0.56363 0.52353 0.65500
v 0.55000 0.42000 0.65500
v 0.58000 0.42000 0.68500
v 0.59261 0.51576 0.68500
v 0.55000 0.42000 0.65500
v 0.56363 0.31647 0.65500
v 0.59261 0.32424 0.68500
v 0.58000 0.42000 0.68500
v 0.56363 0.31647 0.65500
v 0.60359 0.22000 0.65500
v 0.62957 0.23500 0.68500
v 0.59261 0.32424 0.68500
v 0.60359 0.22000 0.65500
v 0.66716 0.13716 0.65500
v 0.68837 0.15837 0.68500
v 0.62957 0.23500 0.68500
v 0.66716 0.13716 0.65500
v 0.75000 0.07359 0.65500
v 0.76500 0.09957 0.68500
v 0.68837 0.15837 0.68500
v 0.75000 0.07359 0.65500
v 0.84647 0.03363 0.65500
v 0.85424 0.06261 0.68500
v 0.76500 0.09957 0.68500
v 0.84647 0.03363 0.65500
v 0.95000 0.02000 0.65500
v 0.95000 0.05000 0.68500
v 0.85424 0.06261 0.68500
v 0.95000 0.02000 0.65500
v 1.05353 0.03363 0.65500
v 1.04576 0.06261 0.68500
v 0.95000 0.05000 0.68500
v 1.05353 0.03363 0.65500
v 1.15000 0.07359 0.65500
v 1.13500 0.09957 0.68500
v 1.04576 0.06261 0.68500
v 1.15000 0.07359 0.65500
v 1.23284 0.13716 0.65500
v 1.21163 0.15837 0.68500
v 1.13500 0.09957 0.68500
v 1.23284 0.13716 0.65500
v 1.29641 0.22000 0.65500
v 1.27043 0.23500 0.68500
v 1.21163 0.15837 0.68500
v 1.29641 0.22000 0.65500
v 1.33637 0.31647 0.65500
v 1.30739 0.32424 0.68500
v 1.27043 0.23500 0.68500
v 1.33637 0.31647 0.65500
v 1.35000 0.42000 0.65500
v 1.32000 0.42000 0.68500
v 1.30739 0.32424 0.68500
v 1.32000 0.42000 0.68500
v 1.30739 0.51576 0.68500
v 1.30739 0.51576 0.75500
v 1.32000 0.42000 0.75500
v 1.30739 0.51576 0.68500
v 1.27043 0.60500 0.68500
v 1.27043 0.60500 0.75500
v 1.30739 0.51576 0.75500
v 1.27043 0.60500 0.68500
v 1.21163 0.68163 0.68500
v 1.21163 0.68163 0.75500
v 1.27043 0.60500 0.75500
v 1.21163 0.68163 0.68500
v 1.13500 0.74043 0.68500
v 1.13500 0.74043 0.75500
v 1.21163 0.68163 0.75500
v 1.13500 0.74043 0.68500
v 1.04576 0.77739 0.68500
v 1.04576 0.77739 0.75500
v 1.13500 0.74043 0.75500
v 1.04576 0.77739 0.68500
v 0.95000 0.79000 0.68500
v 0.95000 0.79000 0.75500
v 1.04576 0.77739 0.75500
v 0.95000 0.79000 0.68500
v 0.85424 0.77739 0.68500
v 0.85424 0.77739 0.75500
v 0.95000 0.79000 0.75500
v 0.85424 0.77739 0.68500
v 0.76500 0.74043 0.68500
v 0.76500 0.74043 0.75500
v 0.85424 0.77739 0.75500
v 0.76500 0.74043 0.68500
v 0.68837 0.68163 0.68500
v 0.68837 0.68163 0.75500
v 0.76500 0.74043 0.75500
v 0.68837 0.68163 0.68500
v 0.62957 0.60500 0.68500
v 0.62957 0.60500 0.75500
v 0.68837 0.68163 0.75500
v 0.62957 0.60500 0.68500
v 0.59261 0.51576 0.68500
v 0.59261 0.51576 0.75500
v 0.62957 0.60500 0.75500
v 0.59261 0.51576 0.68500
v 0.58000 0.42000 0.68500
v 0.58000 0.42000 0.75500
v 0.59261 0.51576 0.75500
v 0.58000 0.42000 0.68500
v 0.59261 0.32424 0.68500
v 0.59261 0.32424 0.75500
v 0.58000 0.42000 0.75500
v 0.59261 0.32424 0.68500
v 0.62957 0.23500 0.68500
v 0.62957 0.23500 0.75500
v 0.59261 0.32424 0.75500
v 0.62957 0.23500 0.68500
v 0.68837 0.15837 0.68500
v 0.68837 0.15837 0.75500
v 0.62957 0.23500 0.75500
v 0.68837 0.15837 0.68500
v 0.76500 0.09957 0.68500
v 0.76500 0.09957 0.75500
v 0.68837 0.15837 0.75500
v 0.76500 0.09957 0.68500
v 0.85424 0.06261 0.68500
v 0.85424 0.06261 0.75500
v 0.76500 0.09957 0.75500
v 0.85424 0.06261 0.68500
v 0.95000 0.05000 0.68500
v 0.95000 0.05000 0.75500
v 0.85424 0.06261 0.75500
v 0.95000 0.05000 0.68500
v 1.04576 0.06261 0.68500
v 1.04576 0.06261 0.75500
v 0.95000 0.05000 0.75500
v 1.04576 0.06261 0.68500
v 1.13500 0.09957 0.68500
v 1.13500 0.09957 0.75500
v 1.04576 0.06261 0.75500
v 1.13500 0.09957 0.68500
v 1.21163 0.15837 0.68500
v 1.21163 0.15837 0.75500
v 1.13500 0.09957 0.75500
v 1.21163 0.15837 0.68500
v 1.27043 0.23500 0.68500
v 1.27043 0.23500 0.75500
v 1.21163 0.15837 0.75500
v 1.27043 0.23500 0.68500
v 1.30739 0.32424 0.68500
v 1.30739 0.32424 0.75500
v 1.27043 0.23500 0.75500
v 1.30739 0.32424 0.68500
v 1.32000 0.42000 0.68500
v 1.32000 0.42000 0.75500
v 1.30739 0.32424 0.75500
v 1.32000 0.42000 0.75500
v 1.30739 0.51576 0.75500
v 1.33637 0.52353 0.78500
v 1.35000 0.42000 0.78500
v 1.30739 0.51576 0.75500
v 1.27043 0.60500 0.75500
v 1.29641 0.62000 0.78500
v 1.33637 0.52353 0.78500
v 1.27043 0.60500 0.75500
v 1.21163 0.68163 0.75500
v 1.23284 0.70284 0.78500
v 1.29641 0.62000 0.78500
v 1.21163 0.68163 0.75500
v 1.13500 0.74043 0.75500
v 1.15000 0.76641 0.78500
v 1.23284 0.70284 0.78500
v 1.13500 0.74043 0.75500
v 1.04576 0.77739 0.75500
v 1.05353 0.80637 0.78500
v 1.15000 0.76641 0.78500
v 1.04576 0.77739 0.75500
v 0.95000 0.79000 0.75500
v 0.95000 0.82000 0.78500
v 1.05353 0.80637 0.78500
v 0.95000 0.79000 0.75500
v 0.85424 0.77739 0.75500
v 0.84647 0.80637 0.78500
v 0.95000 0.82000 0.78500
v 0.85424 0.77739 0.75500
v 0.76500 0.74043 0.75500
v 0.75000 0.76641 0.78500
v 0.84647 0.80637 0.78500
v 0.76500 0.74043 0.75500
v 0.68837 0.68163 0.75500
v 0.66716 0.70284 0.78500
v 0.75000 0.76641 0.78500
v 0.68837 0.68163 0.75500
v 0.62957 0.60500 0.75500
v 0.60359 0.62000 0.78500
v 0.66716 0.70284 0.78500
v 0.62957 0.60500 0.75500
v 0.59261 0.51576 0.75500
v 0.56363 0.52353 0.78500
v 0.60359 0.62000 0.78500
v 0.59261 0.51576 0.75500
v 0.58000 0.42000 0.75500
v 0.55000 0.42000 0.78500
v 0.56363 0.52353 0.78500
v 0.58000 0.42000 0.75500
v 0.59261 0.32424 0.75500
v 0.56363 0.31647 0.78500
v 0.55000 0.42000 0.78500
v 0.59261 0.32424 0.75500
v 0.62957 0.23500 0.75500
v 0.60359 0.22000 0.78500
v 0.56363 0.31647 0.78500
v 0.62957 0.23500 0.75500
v 0.68837 0.15837 0.75500
v 0.66716 0.13716 0.78500
v 0.60359 0.22000 0.78500
v 0.68837 0.15837 0.75500
v 0.76500 0.09957 0.75500
v 0.75000 0.07359 0.78500
v 0.66716 0.13716 0.78500
v 0.76500 0.09957 0.75500
v 0.85424 0.06261 0.75500
v 0.84647 0.03363 0.78500
v 0.75000 0.07359 0.78500
v 0.85424 0.06261 0.75500
v 0.95000 0.05000 0.75500
v 0.95000 0.02000 0.78500
v 0.84647 0.03363 0.78500
v 0.95000 0.05000 0.75500
v 1.04576 0.06261 0.75500
v 1.05353 0.03363 0.78500
v 0.95000 0.02000 0.78500
v 1.04576 0.06261 0.75500
v 1.13500 0.09957 0.75500
v 1.15000 0.07359 0.78500
v 1.05353 0.03363 0.78500
v 1.13500 0.09957 0.75500
v 1.21163 0.15837 0.75500
v 1.23284 0.13716 0.78500
v 1.15000 0.07359 0.78500
v 1.21163 0.15837 0.75500
v 1.27043 0.23500 0.75500
v 1.29641 0.22000 0.78500
v 1.23284 0.13716 0.78500
v 1.27043 0.23500 0.75500
v 1.30739 0.32424 0.75500
v 1.33637 0.31647 0.78500
v 1.29641 0.22000 0.78500
v 1.30739 0.32424 0.75500
v 1.32000 0.42000 0.75500
v 1.35000 0.42000 0.78500
v 1.33637 0.31647 0.78500
v 1.35000 0.42000 0.78500
v 1.33637 0.52353 0.78500
v 0.95000 0.42000 0.78500
v 0.95000 0.42000 0.78500
v 1.33637 0.52353 0.78500
v 1.29641 0.62000 0.78500
v 0.95000 0.42000 0.78500
v 0.95000 0.42000 0.78500
v 1.29641 0.62000 0.78500
v 1.23284 0.70284 0.78500
v 0.95000 0.42000 0.78500
v 0.95000 0.42000 0.78500
v 1.23284 0.70284 0.78500
v 1.15000 0.76641 0.78500
v 0.95000 0.42000 0.78500
v 0.95000 0.42000 0.78500
v 1.15000 0.76641 0.78500
v 1.05353 0.80637 0.78500
v 0.95000 0.42000 0.78500
v 0.95000 0.42000 0.78500
v 1.05353 0.80637 0.78500
v 0.95000 0.82000 0.78500
v 0.95000 0.42000 0.78500
v 0.95000 0.42000 0.78500
v 0.95000 0.82000 0.78500
v 0.84647 0.80637 0.78500
v 0.95000 0.42000 0.78500
v 0.95000 0.42000 0.78500
v 0.84647 0.80637 0.78500
v 0.75000 0.76641 0.78500
v 0.95000 0.42000 0.78500
v 0.95000 0.42000 0.78500
v 0.75000 0.76641 0.78500
v 0.66716 0.70284 0.78500
v 0.95000 0.42000 0.78500
v 0.95000 0.42000 0.78500
v 0.66716 0.70284 0.78500
v 0.60359 0.62000 0.78500
v 0.95000 0.42000 0.78500
v 0.95000 0.42000 0.78500
v 0.60359 0.62000 0.78500
v 0.56363 0.52353 0.78500
v 0.95000 0.42000 0.78500
v 0.95000 0.42000 0.78500
v 0.56363 0.52353 0.78500
v 0.55000 0.42000 0.78500
v 0.95000 0.42000 0.78500
v 0.95000 0.42000 0.78500
v 0.55000 0.42000 0.78500
v 0.56363 0.31647 0.78500
v 0.95000 0.42000 0.78500
v 0.95000 0.42000 0.78500
v 0.56363 0.31647 0.78500
v 0.60359 0.22000 0.78500
v 0.95000 0.42000 0.78500
v 0.95000 0.42000 0.78500
v 0.60359 0.22000 0.78500
v 0.66716 0.13716 0.78500
v 0.95000 0.42000 0.78500
v 0.95000 0.42000 0.78500
v 0.66716 0.13716 0.78500
v 0.75000 0.07359 0.78500
v 0.95000 0.42000 0.78500
v 0.95000 0.42000 0.78500
v 0.75000 0.07359 0.78500
v 0.84647 0.03363 0.78500
v 0.95000 0.42000 0.78500
v 0.95000 0.42000 0.78500
v 0.84647 0.03363 0.78500
v 0.95000 0.02000 0.78500
v 0.95000 0.42000 0.78500
v 0.95000 0.42000 0.78500
v 0.95000 0.02000 0.78500
v 1.05353 0.03363 0.78500
v 0.95000 0.42000 0.78500
v 0.95000 0.42000 0.78500
v 1.05353 0.03363 0.78500
v 1.15000 0.07359 0.78500
v 0.95000 0.42000 0.78500
v 0.95000 0.42000 0.78500
v 1.15000 0.07359 0.78500
v 1.23284 0.13716 0.78500
v 0.95000 0.42000 0.78500
v 0.95000 0.42000 0.78500
v 1.23284 0.13716 0.78500
v 1.29641 0.22000 0.78500
v 0.95000 0.42000 0.78500
v 0.95000 0.42000 0.78500
v 1.29641 0.22000 0.78500
v 1.33637 0.31647 0.78500
v 0.95000 0.42000 0.78500
v 0.95000 0.42000 0.78500
v 1.33637 0.31647 0.78500
v 1.35000 0.42000 0.78500
v 0.95000 0.42000 0.78500
v 0.95000 0.42000 0.78500
v 1.37000 0.42000 0.76500
v 1.35569 0.52870 0.76500
v 1.38467 0.53647 0.78500
v 1.40000 0.42000 0.78500
v 1.35569 0.52870 0.76500
v 1.31373 0.63000 0.76500
v 1.33971 0.64500 0.78500
v 1.38467 0.53647 0.78500
v 1.31373 0.63000 0.76500
v 1.24698 0.71698 0.76500
v 1.26820 0.73820 0.78500
v 1.33971 0.64500 0.78500
v 1.24698 0.71698 0.76500
v 1.16000 0.78373 0.76500
v 1.17500 0.80971 0.78500
v 1.26820 0.73820 0.78500
v 1.16000 0.78373 0.76500
v 1.05870 0.82569 0.76500
v 1.06647 0.85467 0.78500
v 1.17500 0.80971 0.78500
v 1.05870 0.82569 0.76500
v 0.95000 0.84000 0.76500
v 0.95000 0.87000 0.78500
v 1.06647 0.85467 0.78500
v 0.95000 0.84000 0.76500
v 0.84130 0.82569 0.76500
v 0.83353 0.85467 0.78500
v 0.95000 0.87000 0.78500
v 0.84130 0.82569 0.76500
v 0.74000 0.78373 0.76500
v 0.72500 0.80971 0.78500
v 0.83353 0.85467 0.78500
v 0.74000 0.78373 0.76500
v 0.65302 0.71698 0.76500
v 0.63180 0.73820 0.78500
v 0.72500 0.80971 0.78500
v 0.65302 0.71698 0.76500
v 0.58627 0.63000 0.76500
v 0.56029 0.64500 0.78500
v 0.63180 0.73820 0.78500
v 0.58627 0.63000 0.76500
v 0.54431 0.52870 0.76500
v 0.51533 0.53647 0.78500
v 0.56029 0.64500 0.78500
v 0.54431 0.52870 0.76500
v 0.53000 0.42000 0.76500
v 0.50000 0.42000 0.78500
v 0.51533 0.53647 0.78500
v 0.53000 0.42000 0.76500
v 0.54431 0.31130 0.76500
v 0.51533 0.30353 0.78500
v 0.50000 0.42000 0.78500
v 0.54431 0.31130 0.76500
v 0.58627 0.21000 0.76500
v 0.56029 0.19500 0.78500
v 0.51533 0.30353 0.78500
v 0.58627 0.21000 0.76500
v 0.65302 0.12302 0.76500
v 0.63180 0.10180 0.78500
v 0.56029 0.19500 0.78500
v 0.65302 0.12302 0.76500
v 0.74000 0.05627 0.76500
v 0.72500 0.03029 0.78500
v 0.63180 0.10180 0.78500
v 0.74000 0.05627 0.76500
v 0.84130 0.01431 0.76500
v 0.83353 -0.01467 0.78500
v 0.72500 0.03029 0.78500
v 0.84130 0.01431 0.76500
v 0.95000 0.00000 0.76500
v 0.95000 -0.03000 0.78500
v 0.83353 -0.01467 0.78500
v 0.95000 0.00000 0.76500
v 1.05870 0.01431 0.76500
v 1.06647 -0.01467 0.78500
v 0.95000 -0.03000 0.78500
v 1.05870 0.01431 0.76500
v 1.16000 0.05627 0.76500
v 1.17500 0.03029 0.78500
v 1.06647 -0.01467 0.78500
v 1.16000 0.05627 0.76500
v 1.24698 0.12302 0.76500
v 1.26820 0.10180 0.78500
v 1.17500 0.03029 0.78500
v 1.24698 0.12302 0.76500
v 1.31373 0.21000 0.76500
v 1.33971 0.19500 0.78500
v 1.26820 0.10180 0.78500
v 1.31373 0.21000 0.76500
v 1.35569 0.31130 0.76500
v 1.38467 0.30353 0.78500
v 1.33971 0.19500 0.78500
v 1.35569 0.31130 0.76500
v 1.37000 0.42000 0.76500
v 1.40000 0.42000 0.78500
v 1.38467 0.30353 0.78500
v 1.40000 0.42000 0.78500
v 1.38467 0.53647 0.78500
v 1.38467 0.53647 0.80500
v 1.40000 0.42000 0.80500
v 1.38467 0.53647 0.78500
v 1.33971 0.64500 0.78500
v 1.33971 0.64500 0.80500
v 1.38467 0.53647 0.80500
v 1.33971 0.64500 0.78500
v 1.26820 0.73820 0.78500
v 1.26820 0.73820 0.80500
v 1.33971 0.64500 0.80500
v 1.26820 0.73820 0.78500
v 1.17500 0.80971 0.78500
v 1.17500 0.80971 0.80500
v 1.26820 0.73820 0.80500
v 1.17500 0.80971 0.78500
v 1.06647 0.85467 0.78500
v 1.06647 0.85467 0.80500
v 1.17500 0.80971 0.80500
v 1.06647 0.85467 0.78500
v 0.95000 0.87000 0.78500
v 0.95000 0.87000 0.80500
v 1.06647 0.85467 0.80500
v 0.95000 0.87000 0.78500
v 0.83353 0.85467 0.78500
v 0.83353 0.85467 0.80500
v 0.95000 0.87000 0.80500
v 0.83353 0.85467 0.78500
v 0.72500 0.80971 0.78500
v 0.72500 0.80971 0.80500
v 0.83353 0.85467 0.80500
v 0.72500 0.80971 0.78500
v 0.63180 0.73820 0.78500
v 0.63180 0.73820 0.80500
v 0.72500 0.80971 0.80500
v 0.63180 0.73820 0.78500
v 0.56029 0.64500 0.78500
v 0.56029 0.64500 0.80500
v 0.63180 0.73820 0.80500
v 0.56029 0.64500 0.78500
v 0.51533 0.53647 0.78500
v 0.51533 0.53647 0.80500
v 0.56029 0.64500 0.80500
v 0.51533 0.53647 0.78500
v 0.50000 0.42000 0.78500
v 0.50000 0.42000 0.80500
v 0.51533 0.53647 0.80500
v 0.50000 0.42000 0.78500
v 0.51533 0.30353 0.78500
v 0.51533 0.30353 0.80500
v 0.50000 0.42000 0.80500
v 0.51533 0.30353 0.78500
v 0.56029 0.19500 0.78500
v 0.56029 0.19500 0.80500
v 0.51533 0.30353 0.80500
v 0.56029 0.19500 0.78500
v 0.63180 0.10180 0.78500
v 0.63180 0.10180 0.80500
v 0.56029 0.19500 0.80500
v 0.63180 0.10180 0.78500
v 0.72500 0.03029 0.78500
v 0.72500 0.03029 0.80500
v 0.63180 0.10180 0.80500
v 0.72500 0.03029 0.78500
v 0.83353 -0.01467 0.78500
v 0.83353 -0.01467 0.80500
v 0.72500 0.03029 0.80500
v 0.83353 -0.01467 0.78500
v 0.95000 -0.03000 0.78500
v 0.95000 -0.03000 0.80500
v 0.83353 -0.01467 0.80500
v 0.95000 -0.03000 0.78500
v 1.06647 -0.01467 0.78500
v 1.06647 -0.01467 0.80500
v 0.95000 -0.03000 0.80500
v 1.06647 -0.01467 0.78500
v 1.17500 0.03029 0.78500
v 1.17500 0.03029 0.80500
v 1.06647 -0.01467 0.80500
v 1.17500 0.03029 0.78500
v 1.26820 0.10180 0.78500
v 1.26820 0.10180 0.80500
v 1.17500 0.03029 0.80500
v 1.26820 0.10180 0.78500
v 1.33971 0.19500 0.78500
v 1.33971 0.19500 0.80500
v 1.26820 0.10180 0.80500
v 1.33971 0.19500 0.78500
v 1.38467 0.30353 0.78500
v 1.38467 0.30353 0.80500
v 1.33971 0.19500 0.80500
v 1.38467 0.30353 0.78500
v 1.40000 0.42000 0.78500
v 1.40000 0.42000 0.80500
v 1.38467 0.30353 0.80500
v 1.40000 0.42000 0.80500
v 1.38467 0.53647 0.80500
v 1.34603 0.52612 0.80500
v 1.36000 0.42000 0.80500
v 1.38467 0.53647 0.80500
v 1.33971 0.64500 0.80500
v 1.30507 0.62500 0.80500
v 1.34603 0.52612 0.80500
v 1.33971 0.64500 0.80500
v 1.26820 0.73820 0.80500
v 1.23991 0.70991 0.80500
v 1.30507 0.62500 0.80500
v 1.26820 0.73820 0.80500
v 1.17500 0.80971 0.80500
v 1.15500 0.77507 0.80500
v 1.23991 0.70991 0.80500
v 1.17500 0.80971 0.80500
v 1.06647 0.85467 0.80500
v 1.05612 0.81603 0.80500
v 1.15500 0.77507 0.80500
v 1.06647 0.85467 0.80500
v 0.95000 0.87000 0.80500
v 0.95000 0.83000 0.80500
v 1.05612 0.81603 0.80500
v 0.95000 0.87000 0.80500
v 0.83353 0.85467 0.80500
v 0.84388 0.81603 0.80500
v 0.95000 0.83000 0.80500
v 0.83353 0.85467 0.80500
v 0.72500 0.80971 0.80500
v 0.74500 0.77507 0.80500
v 0.84388 0.81603 0.80500
v 0.72500 0.80971 0.80500
v 0.63180 0.73820 0.80500
v 0.66009 0.70991 0.80500
v 0.74500 0.77507 0.80500
v 0.63180 0.73820 0.80500
v 0.56029 0.64500 0.80500
v 0.59493 0.62500 0.80500
v 0.66009 0.70991 0.80500
v 0.56029 0.64500 0.80500
v 0.51533 0.53647 0.80500
v 0.55397 0.52612 0.80500
v 0.59493 0.62500 0.80500
v 0.51533 0.53647 0.80500
v 0.50000 0.42000 0.80500
v 0.54000 0.42000 0.80500
v 0.55397 0.52612 0.80500
v 0.50000 0.42000 0.80500
v 0.51533 0.30353 0.80500
v 0.55397 0.31388 0.80500
v 0.54000 0.42000 0.80500
v 0.51533 0.30353 0.80500
v 0.56029 0.19500 0.80500
v 0.59493 0.21500 0.80500
v 0.55397 0.31388 0.80500
v 0.56029 0.19500 0.80500
v 0.63180 0.10180 0.80500
v 0.66009 0.13009 0.80500
v 0.59493 0.21500 0.80500
v 0.63180 0.10180 0.80500
v 0.72500 0.03029 0.80500
v 0.74500 0.06493 0.80500
v 0.66009 0.13009 0.80500
v 0.72500 0.03029 0.80500
v 0.83353 -0.01467 0.80500
v 0.84388 0.02397 0.80500
v 0.74500 0.06493 0.80500
v 0.83353 -0.01467 0.80500
v 0.95000 -0.03000 0.80500
v 0.95000 0.01000 0.80500
v 0.84388 0.02397 0.80500
v 0.95000 -0.03000 0.80500
v 1.06647 -0.01467 0.80500
v 1.05612 0.02397 0.80500
v 0.95000 0.01000 0.80500
v 1.06647 -0.01467 0.80500
v 1.17500 0.03029 0.80500
v 1.15500 0.06493 0.80500
v 1.05612 0.02397 0.80500
v 1.17500 0.03029 0.80500
v 1.26820 0.10180 0.80500
v 1.23991 0.13009 0.80500
v 1.15500 0.06493 0.80500
v 1.26820 0.10180 0.80500
v 1.33971 0.19500 0.80500
v 1.30507 0.21500 0.80500
v 1.23991 0.13009 0.80500
v 1.33971 0.19500 0.80500
v 1.38467 0.30353 0.80500
v 1.34603 0.31388 0.80500
v 1.30507 0.21500 0.80500
v 1.38467 0.30353 0.80500
v 1.40000 0.42000 0.80500
v 1.36000 0.42000 0.80500
v 1.34603 0.31388 0.80500
v 1.09000 0.29000 1.09000
v 1.09000 0.29000 0.87000
v 1.09000 0.55000 0.87000
v 1.09000 0.55000 1.09000
v 0.81000 0.29000 0.87000
v 0.81000 0.29000 1.09000
v 0.81000 0.55000 1.09000
v 0.81000 0.55000 0.87000
v 0.81000 0.55000 1.09000
v 1.09000 0.55000 1.09000
v 1.09000 0.55000 0.87000
v 0.81000 0.55000 0.87000
v 0.81000 0.29000 0.87000
v 1.09000 0.29000 0.87000
v 1.09000 0.29000 1.09000
v 0.81000 0.29000 1.09000
v 0.81000 0.29000 1.09000
v 1.09000 0.29000 1.09000
v 1.09000 0.55000 1.09000
v 0.81000 0.55000 1.09000
v 1.09000 0.29000 0.87000
v 0.81000 0.29000 0.87000
v 0.81000 0.55000 0.87000
v 1.09000 0.55000 0.87000
v 1.02000 0.78000 1.02000
v 1.00663 0.78000 1.06114
v 1.00663 0.56000 1.06114
v 1.02000 0.56000 1.02000
v 1.00663 0.78000 1.06114
v 0.97163 0.78000 1.08657
v 0.97163 0.56000 1.08657
v 1.00663 0.56000 1.06114
v 0.97163 0.78000 1.08657
v 0.92837 0.78000 1.08657
v 0.92837 0.56000 1.08657
v 0.97163 0.56000 1.08657
v 0.92837 0.78000 1.08657
v 0.89337 0.78000 1.06114
v 0.89337 0.56000 1.06114
v 0.92837 0.56000 1.08657
v 0.89337 0.78000 1.06114
v 0.88000 0.78000 1.02000
v 0.88000 0.56000 1.02000
v 0.89337 0.56000 1.06114
v 0.88000 0.78000 1.02000
v 0.89337 0.78000 0.97886
v 0.89337 0.56000 0.97886
v 0.88000 0.56000 1.02000
v 0.89337 0.78000 0.97886
v 0.92837 0.78000 0.95343
v 0.92837 0.56000 0.95343
v 0.89337 0.56000 0.97886
v 0.92837 0.78000 0.95343
v 0.97163 0.78000 0.95343
v 0.97163 0.56000 0.95343
v 0.92837 0.56000 0.95343
v 0.97163 0.78000 0.95343
v 1.00663 0.78000 0.97886
v 1.00663 0.56000 0.97886
v 0.97163 0.56000 0.95343
v 1.00663 0.78000 0.97886
v 1.02000 0.78000 1.02000
v 1.02000 0.56000 1.02000
v 1.00663 0.56000 0.97886
v 0.95000 0.42000 0.50000
v 0.95000 0.42000 0.50000
v 1.23191 0.52261 0.50000
v 1.25000 0.42000 0.50000
v 0.95000 0.42000 0.50000
v 0.95000 0.42000 0.50000
v 1.17981 0.61284 0.50000
v 1.23191 0.52261 0.50000
v 0.95000 0.42000 0.50000
v 0.95000 0.42000 0.50000
v 1.10000 0.67981 0.50000
v 1.17981 0.61284 0.50000
v 0.95000 0.42000 0.50000
v 0.95000 0.42000 0.50000
v 1.00209 0.71544 0.50000
v 1.10000 0.67981 0.50000
v 0.95000 0.42000 0.50000
v 0.95000 0.42000 0.50000
v 0.89791 0.71544 0.50000
v 1.00209 0.71544 0.50000
v 0.95000 0.42000 0.50000
v 0.95000 0.42000 0.50000
v 0.80000 0.67981 0.50000
v 0.89791 0.71544 0.50000
v 0.95000 0.42000 0.50000
v 0.95000 0.42000 0.50000
v 0.72019 0.61284 0.50000
v 0.80000 0.67981 0.50000
v 0.95000 0.42000 0.50000
v 0.95000 0.42000 0.50000
v 0.66809 0.52261 0.50000
v 0.72019 0.61284 0.50000
v 0.95000 0.42000 0.50000
v 0.95000 0.42000 0.50000
v 0.65000 0.42000 0.50000
v 0.66809 0.52261 0.50000
v 0.95000 0.42000 0.50000
v 0.95000 0.42000 0.50000
v 0.66809 0.31739 0.50000
v 0.65000 0.42000 0.50000
v 0.95000 0.42000 0.50000
v 0.95000 0.42000 0.50000
v 0.72019 0.22716 0.50000
v 0.66809 0.31739 0.50000
v 0.95000 0.42000 0.50000
v 0.95000 0.42000 0.50000
v 0.80000 0.16019 0.50000
v 0.72019 0.22716 0.50000
v 0.95000 0.42000 0.50000
v 0.95000 0.42000 0.50000
v 0.89791 0.12456 0.50000
v 0.80000 0.16019 0.50000
v 0.95000 0.42000 0.50000
v 0.95000 0.42000 0.50000
v 1.00209 0.12456 0.50000
v 0.89791 0.12456 0.50000
v 0.95000 0.42000 0.50000
v 0.95000 0.42000 0.50000
v 1.10000 0.16019 0.50000
v 1.00209 0.12456 0.50000
v 0.95000 0.42000 0.50000
v 0.95000 0.42000 0.50000
v 1.17981 0.22716 0.50000
v 1.10000 0.16019 0.50000
v 0.95000 0.42000 0.50000
v 0.95000 0.42000 0.50000
v 1.23191 0.31739 0.50000
v 1.17981 0.22716 0.50000
v 0.95000 0.42000 0.50000
v 0.95000 0.42000 0.50000
v 1.25000 0.42000 0.50000
v 1.23191 0.31739 0.50000
v 1.25000 0.42000 0.50000
v 1.23191 0.52261 0.50000
v 1.23191 0.52261 0.53000
v 1.25000 0.42000 0.53000
v 1.23191 0.52261 0.50000
v 1.17981 0.61284 0.50000
v 1.17981 0.61284 0.53000
v 1.23191 0.52261 0.53000
v 1.17981 0.61284 0.50000
v 1.10000 0.67981 0.50000
v 1.10000 0.67981 0.53000
v 1.17981 0.61284 0.53000
v 1.10000 0.67981 0.50000
v 1.00209 0.71544 0.50000
v 1.00209 0.71544 0.53000
v 1.10000 0.67981 0.53000
v 1.00209 0.71544 0.50000
v 0.89791 0.71544 0.50000
v 0.89791 0.71544 0.53000
v 1.00209 0.71544 0.53000
v 0.89791 0.71544 0.50000
v 0.80000 0.67981 0.50000
v 0.80000 0.67981 0.53000
v 0.89791 0.71544 0.53000
v 0.80000 0.67981 0.50000
v 0.72019 0.61284 0.50000
v 0.72019 0.61284 0.53000
v 0.80000 0.67981 0.53000
v 0.72019 0.61284 0.50000
v 0.66809 0.52261 0.50000
v 0.66809 0.52261 0.53000
v 0.72019 0.61284 0.53000
v 0.66809 0.52261 0.50000
v 0.65000 0.42000 0.50000
v 0.65000 0.42000 0.53000
v 0.66809 0.52261 0.53000
v 0.65000 0.42000 0.50000
v 0.66809 0.31739 0.50000
v 0.66809 0.31739 0.53000
v 0.65000 0.42000 0.53000
v 0.66809 0.31739 0.50000
v 0.72019 0.22716 0.50000
v 0.72019 0.22716 0.53000
v 0.66809 0.31739 0.53000
v 0.72019 0.22716 0.50000
v 0.80000 0.16019 0.50000
v 0.80000 0.16019 0.53000
v 0.72019 0.22716 0.53000
v 0.80000 0.16019 0.50000
v 0.89791 0.12456 0.50000
v 0.89791 0.12456 0.53000
v 0.80000 0.16019 0.53000
v 0.89791 0.12456 0.50000
v 1.00209 0.12456 0.50000
v 1.00209 0.12456 0.53000
v 0.89791 0.12456 0.53000
v 1.00209 0.12456 0.50000
v 1.10000 0.16019 0.50000
v 1.10000 0.16019 0.53000
v 1.00209 0.12456 0.53000
v 1.10000 0.16019 0.50000
v 1.17981 0.22716 0.50000
v 1.17981 0.22716 0.53000
v 1.10000 0.16019 0.53000
v 1.17981 0.22716 0.50000
v 1.23191 0.31739 0.50000
v 1.23191 0.31739 0.53000
v 1.17981 0.22716 0.53000
v 1.23191 0.31739 0.50000
v 1.25000 0.42000 0.50000
v 1.25000 0.42000 0.53000
v 1.23191 0.31739 0.53000
v 1.25000 0.42000 0.53000
v 1.23191 0.52261 0.53000
v 0.95000 0.42000 0.53000
v 0.95000 0.42000 0.53000
v 1.23191 0.52261 0.53000
v 1.17981 0.61284 0.53000
v 0.95000 0.42000 0.53000
v 0.95000 0.42000 0.53000
v 1.17981 0.61284 0.53000
v 1.10000 0.67981 0.53000
v 0.95000 0.42000 0.53000
v 0.95000 0.42000 0.53000
v 1.10000 0.67981 0.53000
v 1.00209 0.71544 0.53000
v 0.95000 0.42000 0.53000
v 0.95000 0.42000 0.53000
v 1.00209 0.71544 0.53000
v 0.89791 0.71544 0.53000
v 0.95000 0.42000 0.53000
v 0.95000 0.42000 0.53000
v 0.89791 0.71544 0.53000
v 0.80000 0.67981 0.53000
v 0.95000 0.42000 0.53000
v 0.95000 0.42000 0.53000
v 0.80000 0.67981 0.53000
v 0.72019 0.61284 0.53000
v 0.95000 0.42000 0.53000
v 0.95000 0.42000 0.53000
v 0.72019 0.61284 0.53000
v 0.66809 0.52261 0.53000
v 0.95000 0.42000 0.53000
v 0.95000 0.42000 0.53000
v 0.66809 0.52261 0.53000
v 0.65000 0.42000 0.53000
v 0.95000 0.42000 0.53000
v 0.95000 0.42000 0.53000
v 0.65000 0.42000 0.53000
v 0.66809 0.31739 0.53000
v 0.95000 0.42000 0.53000
v 0.95000 0.42000 0.53000
v 0.66809 0.31739 0.53000
v 0.72019 0.22716 0.53000
v 0.95000 0.42000 0.53000
v 0.95000 0.42000 0.53000
v 0.72019 0.22716 0.53000
v 0.80000 0.16019 0.53000
v 0.95000 0.42000 0.53000
v 0.95000 0.42000 0.53000
v 0.80000 0.16019 0.53000
v 0.89791 0.12456 0.53000
v 0.95000 0.42000 0.53000
v 0.95000 0.42000 0.53000
v 0.89791 0.12456 0.53000
v 1.00209 0.12456 0.53000
v 0.95000 0.42000 0.53000
v 0.95000 0.42000 0.53000
v 1.00209 0.12456 0.53000
v 1.10000 0.16019 0.53000
v 0.95000 0.42000 0.53000
v 0.95000 0.42000 0.53000
v 1.10000 0.16019 0.53000
v 1.17981 0.22716 0.53000
v 0.95000 0.42000 0.53000
v 0.95000 0.42000 0.53000
v 1.17981 0.22716 0.53000
v 1.23191 0.31739 0.53000
v 0.95000 0.42000 0.53000
v 0.95000 0.42000 0.53000
v 1.23191 0.31739 0.53000
v 1.25000 0.42000 0.53000
v 0.95000 0.42000 0.53000
v 0.95000 0.42000 0.53000
v 1.02500 0.42000 -0.60000
v 1.01068 0.46408 -0.60000
v 1.01068 0.46408 0.60000
v 1.02500 0.42000 0.60000
v 1.01068 0.46408 -0.60000
v 0.97318 0.49133 -0.60000
v 0.97318 0.49133 0.60000
v 1.01068 0.46408 0.60000
v 0.97318 0.49133 -0.60000
v 0.92682 0.49133 -0.60000
v 0.92682 0.49133 0.60000
v 0.97318 0.49133 0.60000
v 0.92682 0.49133 -0.60000
v 0.88932 0.46408 -0.60000
v 0.88932 0.46408 0.60000
v 0.92682 0.49133 0.60000
v 0.88932 0.46408 -0.60000
v 0.87500 0.42000 -0.60000
v 0.87500 0.42000 0.60000
v 0.88932 0.46408 0.60000
v 0.87500 0.42000 -0.60000
v 0.88932 0.37592 -0.60000
v 0.88932 0.37592 0.60000
v 0.87500 0.42000 0.60000
v 0.88932 0.37592 -0.60000
v 0.92682 0.34867 -0.60000
v 0.92682 0.34867 0.60000
v 0.88932 0.37592 0.60000
v 0.92682 0.34867 -0.60000
v 0.97318 0.34867 -0.60000
v 0.97318 0.34867 0.60000
v 0.92682 0.34867 0.60000
v 0.97318 0.34867 -0.60000
v 1.01068 0.37592 -0.60000
v 1.01068 0.37592 0.60000
v 0.97318 0.34867 0.60000
v 1.01068 0.37592 -0.60000
v 1.02500 0.42000 -0.60000
v 1.02500 0.42000 0.60000
v 1.01068 0.37592 0.60000
v 1.01068 0.37592 -0.60000
v 0.97318 0.34867 -0.60000
v 0.92682 0.34867 -0.60000
v 0.88932 0.37592 -0.60000
v 0.87500 0.42000 -0.60000
v 0.88932 0.46408 -0.60000
v 0.92682 0.49133 -0.60000
v 0.97318 0.49133 -0.60000
v 1.01068 0.46408 -0.60000
v 1.02500 0.42000 -0.60000
v 1.02500 0.42000 0.60000
v 1.01068 0.46408 0.60000
v 0.97318 0.49133 0.60000
v 0.92682 0.49133 0.60000
v 0.88932 0.46408 0.60000
v 0.87500 0.42000 0.60000
v 0.88932 0.37592 0.60000
v 0.92682 0.34867 0.60000
v 0.97318 0.34867 0.60000
v 1.01068 0.37592 0.60000
v 0.24000 0.76000 -0.70000
v 0.21623 0.76000 -0.59587
v 0.18019 0.70000 -0.61322
v 0.20000 0.70000 -0.70000
v 0.21623 0.76000 -0.59587
v 0.14964 0.76000 -0.51236
v 0.12470 0.70000 -0.54363
v 0.18019 0.70000 -0.61322
v 0.14964 0.76000 -0.51236
v 0.05341 0.76000 -0.46602
v 0.04450 0.70000 -0.50501
v 0.12470 0.70000 -0.54363
v 0.05341 0.76000 -0.46602
v -0.05341 0.76000 -0.46602
v -0.04450 0.70000 -0.50501
v 0.04450 0.70000 -0.50501
v -0.05341 0.76000 -0.46602
v -0.14964 0.76000 -0.51236
v -0.12470 0.70000 -0.54363
v -0.04450 0.70000 -0.50501
v -0.14964 0.76000 -0.51236
v -0.21623 0.76000 -0.59587
v -0.18019 0.70000 -0.61322
v -0.12470 0.70000 -0.54363
v -0.21623 0.76000 -0.59587
v -0.24000 0.76000 -0.70000
v -0.20000 0.70000 -0.70000
v -0.18019 0.70000 -0.61322
v -0.24000 0.76000 -0.70000
v -0.21623 0.76000 -0.80413
v -0.18019 0.70000 -0.78678
v -0.20000 0.70000 -0.70000
v -0.21623 0.76000 -0.80413
v -0.14964 0.76000 -0.88764
v -0.12470 0.70000 -0.85637
v -0.18019 0.70000 -0.78678
v -0.14964 0.76000 -0.88764
v -0.05341 0.76000 -0.93398
v -0.04450 0.70000 -0.89499
v -0.12470 0.70000 -0.85637
v -0.05341 0.76000 -0.93398
v 0.05341 0.76000 -0.93398
v 0.04450 0.70000 -0.89499
v -0.04450 0.70000 -0.89499
v 0.05341 0.76000 -0.93398
v 0.14964 0.76000 -0.88764
v 0.12470 0.70000 -0.85637
v 0.04450 0.70000 -0.89499
v 0.14964 0.76000 -0.88764
v 0.21623 0.76000 -0.80413
v 0.18019 0.70000 -0.78678
v 0.12470 0.70000 -0.85637
v 0.21623 0.76000 -0.80413
v 0.24000 0.76000 -0.70000
v 0.20000 0.70000 -0.70000
v 0.18019 0.70000 -0.78678
v 0.24000 0.90000 -0.70000
v 0.21623 0.90000 -0.59587
v 0.21623 0.76000 -0.59587
v 0.24000 0.76000 -0.70000
v 0.21623 0.90000 -0.59587
v 0.14964 0.90000 -0.51236
v 0.14964 0.76000 -0.51236
v 0.21623 0.76000 -0.59587
v 0.14964 0.90000 -0.51236
v 0.05341 0.90000 -0.46602
v 0.05341 0.76000 -0.46602
v 0.14964 0.76000 -0.51236
v 0.05341 0.90000 -0.46602
v -0.05341 0.90000 -0.46602
v -0.05341 0.76000 -0.46602
v 0.05341 0.76000 -0.46602
v -0.05341 0.90000 -0.46602
v -0.14964 0.90000 -0.51236
v -0.14964 0.76000 -0.51236
v -0.05341 0.76000 -0.46602
v -0.14964 0.90000 -0.51236
v -0.21623 0.90000 -0.59587
v -0.21623 0.76000 -0.59587
v -0.14964 0.76000 -0.51236
v -0.21623 0.90000 -0.59587
v -0.24000 0.90000 -0.70000
v -0.24000 0.76000 -0.70000
v -0.21623 0.76000 -0.59587
v -0.24000 0.90000 -0.70000
v -0.21623 0.90000 -0.80413
v -0.21623 0.76000 -0.80413
v -0.24000 0.76000 -0.70000
v -0.21623 0.90000 -0.80413
v -0.14964 0.90000 -0.88764
v -0.14964 0.76000 -0.88764
v -0.21623 0.76000 -0.80413
v -0.14964 0.90000 -0.88764
v -0.05341 0.90000 -0.93398
v -0.05341 0.76000 -0.93398
v -0.14964 0.76000 -0.88764
v -0.05341 0.90000 -0.93398
v 0.05341 0.90000 -0.93398
v 0.05341 0.76000 -0.93398
v -0.05341 0.76000 -0.93398
v 0.05341 0.90000 -0.93398
v 0.14964 0.90000 -0.88764
v 0.14964 0.76000 -0.88764
v 0.05341 0.76000 -0.93398
v 0.14964 0.90000 -0.88764
v 0.21623 0.90000 -0.80413
v 0.21623 0.76000 -0.80413
v 0.14964 0.76000 -0.88764
v 0.21623 0.90000 -0.80413
v 0.24000 0.90000 -0.70000
v 0.24000 0.76000 -0.70000
v 0.21623 0.76000 -0.80413
v 0.20000 0.96000 -0.70000
v 0.18019 0.96000 -0.61322
v 0.21623 0.90000 -0.59587
v 0.24000 0.90000 -0.70000
v 0.18019 0.96000 -0.61322
v 0.12470 0.96000 -0.54363
v 0.14964 0.90000 -0.51236
v 0.21623 0.90000 -0.59587
v 0.12470 0.96000 -0.54363
v 0.04450 0.96000 -0.50501
v 0.05341 0.90000 -0.46602
v 0.14964 0.90000 -0.51236
v 0.04450 0.96000 -0.50501
v -0.04450 0.96000 -0.50501
v -0.05341 0.90000 -0.46602
v 0.05341 0.90000 -0.46602
v -0.04450 0.96000 -0.50501
v -0.12470 0.96000 -0.54363
v -0.14964 0.90000 -0.51236
v -0.05341 0.90000 -0.46602
v -0.12470 0.96000 -0.54363
v -0.18019 0.96000 -0.61322
v -0.21623 0.90000 -0.59587
v -0.14964 0.90000 -0.51236
v -0.18019 0.96000 -0.61322
v -0.20000 0.96000 -0.70000
v -0.24000 0.90000 -0.70000
v -0.21623 0.90000 -0.59587
v -0.20000 0.96000 -0.70000
v -0.18019 0.96000 -0.78678
v -0.21623 0.90000 -0.80413
v -0.24000 0.90000 -0.70000
v -0.18019 0.96000 -0.78678
v -0.12470 0.96000 -0.85637
v -0.14964 0.90000 -0.88764
v -0.21623 0.90000 -0.80413
v -0.12470 0.96000 -0.85637
v -0.04450 0.96000 -0.89499
v -0.05341 0.90000 -0.93398
v -0.14964 0.90000 -0.88764
v -0.04450 0.96000 -0.89499
v 0.04450 0.96000 -0.89499
v 0.05341 0.90000 -0.93398
v -0.05341 0.90000 -0.93398
v 0.04450 0.96000 -0.89499
v 0.12470 0.96000 -0.85637
v 0.14964 0.90000 -0.88764
v 0.05341 0.90000 -0.93398
v 0.12470 0.96000 -0.85637
v 0.18019 0.96000 -0.78678
v 0.21623 0.90000 -0.80413
v 0.14964 0.90000 -0.88764
v 0.18019 0.96000 -0.78678
v 0.20000 0.96000 -0.70000
v 0.24000 0.90000 -0.70000
v 0.21623 0.90000 -0.80413
v 0.00000 0.98000 -0.70000
v 0.00000 0.98000 -0.70000
v 0.18019 0.96000 -0.61322
v 0.20000 0.96000 -0.70000
v 0.00000 0.98000 -0.70000
v 0.00000 0.98000 -0.70000
v 0.12470 0.96000 -0.54363
v 0.18019 0.96000 -0.61322
v 0.00000 0.98000 -0.70000
v 0.00000 0.98000 -0.70000
v 0.04450 0.96000 -0.50501
v 0.12470 0.96000 -0.54363
v 0.00000 0.98000 -0.70000
v 0.00000 0.98000 -0.70000
v -0.04450 0.96000 -0.50501
v 0.04450 0.96000 -0.50501
v 0.00000 0.98000 -0.70000
v 0.00000 0.98000 -0.70000
v -0.12470 0.96000 -0.54363
v -0.04450 0.96000 -0.50501
v 0.00000 0.98000 -0.70000
v 0.00000 0.98000 -0.70000
v -0.18019 0.96000 -0.61322
v -0.12470 0.96000 -0.54363
v 0.00000 0.98000 -0.70000
v 0.00000 0.98000 -0.70000
v -0.20000 0.96000 -0.70000
v -0.18019 0.96000 -0.61322
v 0.00000 0.98000 -0.70000
v 0.00000 0.98000 -0.70000
v -0.18019 0.96000 -0.78678
v -0.20000 0.96000 -0.70000
v 0.00000 0.98000 -0.70000
v 0.00000 0.98000 -0.70000
v -0.12470 0.96000 -0.85637
v -0.18019 0.96000 -0.78678
v 0.00000 0.98000 -0.70000
v 0.00000 0.98000 -0.70000
v -0.04450 0.96000 -0.89499
v -0.12470 0.96000 -0.85637
v 0.00000 0.98000 -0.70000
v 0.00000 0.98000 -0.70000
v 0.04450 0.96000 -0.89499
v -0.04450 0.96000 -0.89499
v 0.00000 0.98000 -0.70000
v 0.00000 0.98000 -0.70000
v 0.12470 0.96000 -0.85637
v 0.04450 0.96000 -0.89499
v 0.00000 0.98000 -0.70000
v 0.00000 0.98000 -0.70000
v 0.18019 0.96000 -0.78678
v 0.12470 0.96000 -0.85637
v 0.00000 0.98000 -0.70000
v 0.00000 0.98000 -0.70000
v 0.20000 0.96000 -0.70000
v 0.18019 0.96000 -0.78678
v 0.24000 0.76000 0.70000
v 0.21623 0.76000 0.80413
v 0.18019 0.70000 0.78678
v 0.20000 0.70000 0.70000
v 0.21623 0.76000 0.80413
v 0.14964 0.76000 0.88764
v 0.12470 0.70000 0.85637
v 0.18019 0.70000 0.78678
v 0.14964 0.76000 0.88764
v 0.05341 0.76000 0.93398
v 0.04450 0.70000 0.89499
v 0.12470 0.70000 0.85637
v 0.05341 0.76000 0.93398
v -0.05341 0.76000 0.93398
v -0.04450 0.70000 0.89499
v 0.04450 0.70000 0.89499
v -0.05341 0.76000 0.93398
v -0.14964 0.76000 0.88764
v -0.12470 0.70000 0.85637
v -0.04450 0.70000 0.89499
v -0.14964 0.76000 0.88764
v -0.21623 0.76000 0.80413
v -0.18019 0.70000 0.78678
v -0.12470 0.70000 0.85637
v -0.21623 0.76000 0.80413
v -0.24000 0.76000 0.70000
v -0.20000 0.70000 0.70000
v -0.18019 0.70000 0.78678
v -0.24000 0.76000 0.70000
v -0.21623 0.76000 0.59587
v -0.18019 0.70000 0.61322
v -0.20000 0.70000 0.70000
v -0.21623 0.76000 0.59587
v -0.14964 0.76000 0.51236
v -0.12470 0.70000 0.54363
v -0.18019 0.70000 0.61322
v -0.14964 0.76000 0.51236
v -0.05341 0.76000 0.46602
v -0.04450 0.70000 0.50501
v -0.12470 0.70000 0.54363
v -0.05341 0.76000 0.46602
v 0.05341 0.76000 0.46602
v 0.04450 0.70000 0.50501
v -0.04450 0.70000 0.50501
v 0.05341 0.76000 0.46602
v 0.14964 0.76000 0.51236
v 0.12470 0.70000 0.54363
v 0.04450 0.70000 0.50501
v 0.14964 0.76000 0.51236
v 0.21623 0.76000 0.59587
v 0.18019 0.70000 0.61322
v 0.12470 0.70000 0.54363
v 0.21623 0.76000 0.59587
v 0.24000 0.76000 0.70000
v 0.20000 0.70000 0.70000
v 0.18019 0.70000 0.61322
v 0.24000 0.90000 0.70000
v 0.21623 0.90000 0.80413
v 0.21623 0.76000 0.80413
v 0.24000 0.76000 0.70000
v 0.21623 0.90000 0.80413
v 0.14964 0.90000 0.88764
v 0.14964 0.76000 0.88764
v 0.21623 0.76000 0.80413
v 0.14964 0.90000 0.88764
v 0.05341 0.90000 0.93398
v 0.05341 0.76000 0.93398
v 0.14964 0.76000 0.88764
v 0.05341 0.90000 0.93398
v -0.05341 0.90000 0.93398
v -0.05341 0.76000 0.93398
v 0.05341 0.76000 0.93398
v -0.05341 0.90000 0.93398
v -0.14964 0.90000 0.88764
v -0.14964 0.76000 0.88764
v -0.05341 0.76000 0.93398
v -0.14964 0.90000 0.88764
v -0.21623 0.90000 0.80413
v -0.21623 0.76000 0.80413
v -0.14964 0.76000 0.88764
v -0.21623 0.90000 0.80413
v -0.24000 0.90000 0.70000
v -0.24000 0.76000 0.70000
v -0.21623 0.76000 0.80413
v -0.24000 0.90000 0.70000
v -0.21623 0.90000 0.59587
v -0.21623 0.76000 0.59587
v -0.24000 0.76000 0.70000
v -0.21623 0.90000 0.59587
v -0.14964 0.90000 0.51236
v -0.14964 0.76000 0.51236
v -0.21623 0.76000 0.59587
v -0.14964 0.90000 0.51236
v -0.05341 0.90000 0.46602
v -0.05341 0.76000 0.46602
v -0.14964 0.76000 0.51236
v -0.05341 0.90000 0.46602
v 0.05341 0.90000 0.46602
v 0.05341 0.76000 0.46602
v -0.05341 0.76000 0.46602
v 0.05341 0.90000 0.46602
v 0.14964 0.90000 0.51236
v 0.14964 0.76000 0.51236
v 0.05341 0.76000 0.46602
v 0.14964 0.90000 0.51236
v 0.21623 0.90000 0.59587
v 0.21623 0.76000 0.59587
v 0.14964 0.76000 0.51236
v 0.21623 0.90000 0.59587
v 0.24000 0.90000 0.70000
v 0.24000 0.76000 0.70000
v 0.21623 0.76000 0.59587
v 0.20000 0.96000 0.70000
v 0.18019 0.96000 0.78678
v 0.21623 0.90000 0.80413
v 0.24000 0.90000 0.70000
v 0.18019 0.96000 0.78678
v 0.12470 0.96000 0.85637
v 0.14964 0.90000 0.88764
v 0.21623 0.90000 0.80413
v 0.12470 0.96000 0.85637
v 0.04450 0.96000 0.89499
v 0.05341 0.90000 0.93398
v 0.14964 0.90000 0.88764
v 0.04450 0.96000 0.89499
v -0.04450 0.96000 0.89499
v -0.05341 0.90000 0.93398
v 0.05341 0.90000 0.93398
v -0.04450 0.96000 0.89499
v -0.12470 0.96000 0.85637
v -0.14964 0.90000 0.88764
v -0.05341 0.90000 0.93398
v -0.12470 0.96000 0.85637
v -0.18019 0.96000 0.78678
v -0.21623 0.90000 0.80413
v -0.14964 0.90000 0.88764
v -0.18019 0.96000 0.78678
v -0.20000 0.96000 0.70000
v -0.24000 0.90000 0.70000
v -0.21623 0.90000 0.80413
v -0.20000 0.96000 0.70000
v -0.18019 0.96000 0.61322
v -0.21623 0.90000 0.59587
v -0.24000 0.90000 0.70000
v -0.18019 0.96000 0.61322
v -0.12470 0.96000 0.54363
v -0.14964 0.90000 0.51236
v -0.21623 0.90000 0.59587
v -0.12470 0.96000 0.54363
v -0.04450 0.96000 0.50501
v -0.05341 0.90000 0.46602
v -0.14964 0.90000 0.51236
v -0.04450 0.96000 0.50501
v 0.04450 0.96000 0.50501
v 0.05341 0.90000 0.46602
v -0.05341 0.90000 0.46602
v 0.04450 0.96000 0.50501
v 0.12470 0.96000 0.54363
v 0.14964 0.90000 0.51236
v 0.05341 0.90000 0.46602
v 0.12470 0.96000 0.54363
v 0.18019 0.96000 0.61322
v 0.21623 0.90000 0.59587
v 0.14964 0.90000 0.51236
v 0.18019 0.96000 0.61322
v 0.20000 0.96000 0.70000
v 0.24000 0.90000 0.70000
v 0.21623 0.90000 0.59587
v 0.00000 0.98000 0.70000
v 0.00000 0.98000 0.70000
v 0.18019 0.96000 0.78678
v 0.20000 0.96000 0.70000
v 0.00000 0.98000 0.70000
v 0.00000 0.98000 0.70000
v 0.12470 0.96000 0.85637
v 0.18019 0.96000 0.78678
v 0.00000 0.98000 0.70000
v 0.00000 0.98000 0.70000
v 0.04450 0.96000 0.89499
v 0.12470 0.96000 0.85637
v 0.00000 0.98000 0.70000
v 0.00000 0.98000 0.70000
v -0.04450 0.96000 0.89499
v 0.04450 0.96000 0.89499
v 0.00000 0.98000 0.70000
v 0.00000 0.98000 0.70000
v -0.12470 0.96000 0.85637
v -0.04450 0.96000 0.89499
v 0.00000 0.98000 0.70000
v 0.00000 0.98000 0.70000
v -0.18019 0.96000 0.78678
v -0.12470 0.96000 0.85637
v 0.00000 0.98000 0.70000
v 0.00000 0.98000 0.70000
v -0.20000 0.96000 0.70000
v -0.18019 0.96000 0.78678
v 0.00000 0.98000 0.70000
v 0.00000 0.98000 0.70000
v -0.18019 0.96000 0.61322
v -0.20000 0.96000 0.70000
v 0.00000 0.98000 0.70000
v 0.00000 0.98000 0.70000
v -0.12470 0.96000 0.54363
v -0.18019 0.96000 0.61322
v 0.00000 0.98000 0.70000
v 0.00000 0.98000 0.70000
v -0.04450 0.96000 0.50501
v -0.12470 0.96000 0.54363
v 0.00000 0.98000 0.70000
v 0.00000 0.98000 0.70000
v 0.04450 0.96000 0.50501
v -0.04450 0.96000 0.50501
v 0.00000 0.98000 0.70000
v 0.00000 0.98000 0.70000
v 0.12470 0.96000 0.54363
v 0.04450 0.96000 0.50501
v 0.00000 0.98000 0.70000
v 0.00000 0.98000 0.70000
v 0.18019 0.96000 0.61322
v 0.12470 0.96000 0.54363
v 0.00000 0.98000 0.70000
v 0.00000 0.98000 0.70000
v 0.20000 0.96000 0.70000
v 0.18019 0.96000 0.61322
v -0.80000 0.42000 0.10000
v -0.77321 0.52000 0.10000
v -0.77321 0.52000 -0.35000
v -0.80000 0.42000 -0.35000
v -0.77321 0.52000 0.10000
v -0.70000 0.59321 0.10000
v -0.70000 0.59321 -0.35000
v -0.77321 0.52000 -0.35000
v -0.70000 0.59321 0.10000
v -0.60000 0.62000 0.10000
v -0.60000 0.62000 -0.35000
v -0.70000 0.59321 -0.35000
v -0.60000 0.62000 0.10000
v -0.50000 0.59321 0.10000
v -0.50000 0.59321 -0.35000
v -0.60000 0.62000 -0.35000
v -0.50000 0.59321 0.10000
v -0.42679 0.52000 0.10000
v -0.42679 0.52000 -0.35000
v -0.50000 0.59321 -0.35000
v -0.42679 0.52000 0.10000
v -0.40000 0.42000 0.10000
v -0.40000 0.42000 -0.35000
v -0.42679 0.52000 -0.35000
v -0.40000 0.42000 0.10000
v -0.42679 0.32000 0.10000
v -0.42679 0.32000 -0.35000
v -0.40000 0.42000 -0.35000
v -0.42679 0.32000 0.10000
v -0.50000 0.24679 0.10000
v -0.50000 0.24679 -0.35000
v -0.42679 0.32000 -0.35000
v -0.50000 0.24679 0.10000
v -0.60000 0.22000 0.10000
v -0.60000 0.22000 -0.35000
v -0.50000 0.24679 -0.35000
v -0.60000 0.22000 0.10000
v -0.70000 0.24679 0.10000
v -0.70000 0.24679 -0.35000
v -0.60000 0.22000 -0.35000
v -0.70000 0.24679 0.10000
v -0.77321 0.32000 0.10000
v -0.77321 0.32000 -0.35000
v -0.70000 0.24679 -0.35000
v -0.77321 0.32000 0.10000
v -0.80000 0.42000 0.10000
v -0.80000 0.42000 -0.35000
v -0.77321 0.32000 -0.35000
v -0.77321 0.32000 0.10000
v -0.70000 0.24679 0.10000
v -0.60000 0.22000 0.10000
v -0.50000 0.24679 0.10000
v -0.42679 0.32000 0.10000
v -0.40000 0.42000 0.10000
v -0.42679 0.52000 0.10000
v -0.50000 0.59321 0.10000
v -0.60000 0.62000 0.10000
v -0.70000 0.59321 0.10000
v -0.77321 0.52000 0.10000
v -0.80000 0.42000 0.10000
v -0.80000 0.42000 -0.35000
v -0.77321 0.52000 -0.35000
v -0.70000 0.59321 -0.35000
v -0.60000 0.62000 -0.35000
v -0.50000 0.59321 -0.35000
v -0.42679 0.52000 -0.35000
v -0.40000 0.42000 -0.35000
v -0.42679 0.32000 -0.35000
v -0.50000 0.24679 -0.35000
v -0.60000 0.22000 -0.35000
v -0.70000 0.24679 -0.35000
v -0.77321 0.32000 -0.35000
v 1.12000 0.27000 0.05000
v 1.12000 0.57000 0.05000
v 1.12000 0.57000 0.31000
v 1.12000 0.27000 0.31000
v 0.78000 0.27000 0.31000
v 0.78000 0.57000 0.31000
v 0.78000 0.57000 0.05000
v 0.78000 0.27000 0.05000
v 0.80000 0.59000 0.31000
v 1.10000 0.59000 0.31000
v 1.10000 0.59000 0.05000
v 0.80000 0.59000 0.05000
v 0.80000 0.25000 0.05000
v 1.10000 0.25000 0.05000
v 1.10000 0.25000 0.31000
v 0.80000 0.25000 0.31000
v 0.80000 0.27000 0.33000
v 1.10000 0.27000 0.33000
v 1.10000 0.57000 0.33000
v 0.80000 0.57000 0.33000
v 0.80000 0.57000 0.03000
v 1.10000 0.57000 0.03000
v 1.10000 0.27000 0.03000
v 0.80000 0.27000 0.03000
v 0.78000 0.25000 0.05000
v 1.12000 0.25000 0.05000
v 1.12000 0.27000 0.03000
v 0.78000 0.27000 0.03000
v 0.78000 0.25000 0.31000
v 1.12000 0.25000 0.31000
v 1.12000 0.27000 0.33000
v 0.78000 0.27000 0.33000
v 0.78000 0.59000 0.05000
v 1.12000 0.59000 0.05000
v 1.12000 0.57000 0.03000
v 0.78000 0.57000 0.03000
v 0.78000 0.59000 0.31000
v 1.12000 0.59000 0.31000
v 1.12000 0.57000 0.33000
v 0.78000 0.57000 0.33000
v 0.78000 0.25000 0.05000
v 0.78000 0.59000 0.05000
v 0.80000 0.59000 0.03000
v 0.80000 0.25000 0.03000
v 0.78000 0.25000 0.31000
v 0.78000 0.59000 0.31000
v 0.80000 0.59000 0.33000
v 0.80000 0.25000 0.33000
v 1.12000 0.25000 0.05000
v 1.12000 0.59000 0.05000
v 1.10000 0.59000 0.03000
v 1.10000 0.25000 0.03000
v 1.12000 0.25000 0.31000
v 1.12000 0.59000 0.31000
v 1.10000 0.59000 0.33000
v 1.10000 0.25000 0.33000
v 0.78000 0.27000 0.03000
v 0.78000 0.27000 0.33000
v 0.80000 0.25000 0.33000
v 0.80000 0.25000 0.03000
v 0.78000 0.57000 0.03000
v 0.78000 0.57000 0.33000
v 0.80000 0.59000 0.33000
v 0.80000 0.59000 0.03000
v 1.12000 0.27000 0.03000
v 1.12000 0.27000 0.33000
v 1.10000 0.25000 0.33000
v 1.10000 0.25000 0.03000
v 1.12000 0.57000 0.03000
v 1.12000 0.57000 0.33000
v 1.10000 0.59000 0.33000
v 1.10000 0.59000 0.03000
v 0.78000 0.27000 0.05000
v 0.80000 0.25000 0.05000
v 0.80000 0.27000 0.03000
v 0.78000 0.27000 0.31000
v 0.80000 0.25000 0.31000
v 0.80000 0.27000 0.33000
v 0.78000 0.57000 0.05000
v 0.80000 0.59000 0.05000
v 0.80000 0.57000 0.03000
v 0.78000 0.57000 0.31000
v 0.80000 0.59000 0.31000
v 0.80000 0.57000 0.33000
v 1.12000 0.27000 0.05000
v 1.10000 0.25000 0.05000
v 1.10000 0.27000 0.03000
v 1.12000 0.27000 0.31000
v 1.10000 0.25000 0.31000
v 1.10000 0.27000 0.33000
v 1.12000 0.57000 0.05000
v 1.10000 0.59000 0.05000
v 1.10000 0.57000 0.03000
v 1.12000 0.57000 0.31000
v 1.10000 0.59000 0.31000
v 1.10000 0.57000 0.33000
vt 2.17500 0.85000
vt 2.57500 0.85000
vt 2.57500 1.25000
vt 2.17500 1.25000
vt -2.57500 0.85000
vt -2.17500 0.85000
vt -2.17500 1.25000
vt -2.57500 1.25000
vt -2.87500 2.17500
vt 2.87500 2.17500
vt 2.87500 2.57500
vt -2.87500 2.57500
vt -2.87500 -2.57500
vt 2.87500 -2.57500
vt 2.87500 -2.17500
vt -2.87500 -2.17500
vt -2.87500 0.85000
vt 2.87500 0.85000
vt 2.87500 1.25000
vt -2.87500 1.25000
vt -2.87500 0.85000
vt 2.87500 0.85000
vt 2.87500 1.25000
vt -2.87500 1.25000
vt 2.07500 0.47500
vt 2.67500 0.47500
vt 2.67500 0.72500
vt 2.07500 0.72500
vt -2.67500 0.47500
vt -2.07500 0.47500
vt -2.07500 0.72500
vt -2.67500 0.72500
vt -2.87500 2.07500
vt 2.87500 2.07500
vt 2.87500 2.67500
vt -2.87500 2.67500
vt -2.87500 -2.67500
vt 2.87500 -2.67500
vt 2.87500 -2.07500
vt -2.87500 -2.07500
vt -2.87500 0.47500
vt 2.87500 0.47500
vt 2.87500 0.72500
vt -2.87500 0.72500
vt -2.87500 0.47500
vt 2.87500 0.47500
vt 2.87500 0.72500
vt -2.87500 0.72500
vt -2.57500 0.85000
vt -2.17500 0.85000
vt -2.17500 1.25000
vt -2.57500 1.25000
vt 2.17500 0.85000
vt 2.57500 0.85000
vt 2.57500 1.25000
vt 2.17500 1.25000
vt -2.87500 -2.57500
vt 2.87500 -2.57500
vt 2.87500 -2.17500
vt -2.87500 -2.17500
vt -2.87500 2.17500
vt 2.87500 2.17500
vt 2.87500 2.57500
vt -2.87500 2.57500
vt -2.87500 0.85000
vt 2.87500 0.85000
vt 2.87500 1.25000
vt -2.87500 1.25000
vt -2.87500 0.85000
vt 2.87500 0.85000
vt 2.87500 1.25000
vt -2.87500 1.25000
vt -2.67500 0.47500
vt -2.07500 0.47500
vt -2.07500 0.72500
vt -2.67500 0.72500
vt 2.07500 0.47500
vt 2.67500 0.47500
vt 2.67500 0.72500
vt 2.07500 0.72500
vt -2.87500 -2.67500
vt 2.87500 -2.67500
vt 2.87500 -2.07500
vt -2.87500 -2.07500
vt -2.87500 2.07500
vt 2.87500 2.07500
vt 2.87500 2.67500
vt -2.87500 2.67500
vt -2.87500 0.47500
vt 2.87500 0.47500
vt 2.87500 0.72500
vt -2.87500 0.72500
vt -2.87500 0.47500
vt 2.87500 0.47500
vt 2.87500 0.72500
vt -2.87500 0.72500
vt -2.37500 0.85000
vt 2.37500 0.85000
vt 2.37500 1.25000
vt -2.37500 1.25000
vt -2.37500 0.85000
vt 2.37500 0.85000
vt 2.37500 1.25000
vt -2.37500 1.25000
vt -0.42500 -2.37500
vt 0.42500 -2.37500
vt 0.42500 2.37500
vt -0.42500 2.37500
vt -0.42500 -2.37500
vt 0.42500 -2.37500
vt 0.42500 2.37500
vt -0.42500 2.37500
vt -0.42500 0.85000
vt 0.42500 0.85000
vt 0.42500 1.25000
vt -0.42500 1.25000
vt -0.42500 0.85000
vt 0.42500 0.85000
vt 0.42500 1.25000
vt -0.42500 1.25000
vt -0.25000 -1.45000
vt 0.25000 -1.45000
vt 0.25000 1.45000
vt -0.25000 1.45000
vt -0.25000 1.45000
vt 0.25000 1.45000
vt 0.25000 -1.45000
vt -0.25000 -1.45000
vt -1.32500 1.45000
vt 1.32500 1.45000
vt 1.32500 -1.45000
vt -1.32500 -1.45000
vt -1.32500 -1.45000
vt 1.32500 -1.45000
vt 1.32500 1.45000
vt -1.32500 1.45000
vt -1.32500 -0.25000
vt 1.32500 -0.25000
vt 1.32500 0.25000
vt -1.32500 0.25000
vt -1.32500 0.25000
vt 1.32500 0.25000
vt 1.32500 -0.25000
vt -1.32500 -0.25000
vt 0.00000 0.00000
vt 2.75000 0.00000
vt 2.75000 0.05000
vt 0.00000 0.05000
vt 0.00000 0.00000
vt 2.75000 0.00000
vt 2.75000 0.05000
vt 0.00000 0.05000
vt 0.00000 0.00000
vt 2.75000 0.00000
vt 2.75000 0.05000
vt 0.00000 0.05000
vt 0.00000 0.00000
vt 2.75000 0.00000
vt 2.75000 0.05000
vt 0.00000 0.05000
vt 0.00000 0.00000
vt 0.60000 0.00000
vt 0.60000 0.05000
vt 0.00000 0.05000
vt 0.00000 0.00000
vt 0.60000 0.00000
vt 0.60000 0.05000
vt 0.00000 0.05000
vt 0.00000 0.00000
vt 0.60000 0.00000
vt 0.60000 0.05000
vt 0.00000 0.05000
vt 0.00000 0.00000
vt 0.60000 0.00000
vt 0.60000 0.05000
vt 0.00000 0.05000
vt 0.00000 0.00000
vt 3.00000 0.00000
vt 3.00000 0.05000
vt 0.00000 0.05000
vt 0.00000 0.00000
vt 3.00000 0.00000
vt 3.00000 0.05000
vt 0.00000 0.05000
vt 0.00000 0.00000
vt 3.00000 0.00000
vt 3.00000 0.05000
vt 0.00000 0.05000
vt 0.00000 0.00000
vt 3.00000 0.00000
vt 3.00000 0.05000
vt 0.00000 0.05000
vt 0.00000 0.00000
vt 0.05000 0.00000
vt 0.00000 0.05000
vt 0.00000 0.00000
vt 0.05000 0.00000
vt 0.00000 0.05000
vt 0.00000 0.00000
vt 0.05000 0.00000
vt 0.00000 0.05000
vt 0.00000 0.00000
vt 0.05000 0.00000
vt 0.00000 0.05000
vt 0.00000 0.00000
vt 0.05000 0.00000
vt 0.00000 0.05000
vt 0.00000 0.00000
vt 0.05000 0.00000
vt 0.00000 0.05000
vt 0.00000 0.00000
vt 0.05000 0.00000
vt 0.00000 0.05000
vt 0.00000 0.00000
vt 0.05000 0.00000
vt 0.00000 0.05000
vt 0.00000 -0.16250
vt 0.27489 -0.16250
vt 0.27489 -0.11250
vt 0.00000 -0.11250
vt 0.27489 -0.16250
vt 0.54978 -0.16250
vt 0.54978 -0.11250
vt 0.27489 -0.11250
vt 0.54978 -0.16250
vt 0.82467 -0.16250
vt 0.82467 -0.11250
vt 0.54978 -0.11250
vt 0.82467 -0.16250
vt 1.09956 -0.16250
vt 1.09956 -0.11250
vt 0.82467 -0.11250
vt 1.09956 -0.16250
vt 1.37445 -0.16250
vt 1.37445 -0.11250
vt 1.09956 -0.11250
vt 1.37445 -0.16250
vt 1.64934 -0.16250
vt 1.64934 -0.11250
vt 1.37445 -0.11250
vt 1.64934 -0.16250
vt 1.92423 -0.16250
vt 1.92423 -0.11250
vt 1.64934 -0.11250
vt 1.92423 -0.16250
vt 2.19911 -0.16250
vt 2.19911 -0.11250
vt 1.92423 -0.11250
vt 2.19911 -0.16250
vt 2.47400 -0.16250
vt 2.47400 -0.11250
vt 2.19911 -0.11250
vt 2.47400 -0.16250
vt 2.74889 -0.16250
vt 2.74889 -0.11250
vt 2.47400 -0.11250
vt 2.74889 -0.16250
vt 3.02378 -0.16250
vt 3.02378 -0.11250
vt 2.74889 -0.11250
vt 3.02378 -0.16250
vt 3.29867 -0.16250
vt 3.29867 -0.11250
vt 3.02378 -0.11250
vt 3.29867 -0.16250
vt 3.57356 -0.16250
vt 3.57356 -0.11250
vt 3.29867 -0.11250
vt 3.57356 -0.16250
vt 3.84845 -0.16250
vt 3.84845 -0.11250
vt 3.57356 -0.11250
vt 3.84845 -0.16250
vt 4.12334 -0.16250
vt 4.12334 -0.11250
vt 3.84845 -0.11250
vt 4.12334 -0.16250
vt 4.39823 -0.16250
vt 4.39823 -0.11250
vt 4.12334 -0.11250
vt 4.39823 -0.16250
vt 4.67312 -0.16250
vt 4.67312 -0.11250
vt 4.39823 -0.11250
vt 4.67312 -0.16250
vt 4.94801 -0.16250
vt 4.94801 -0.11250
vt 4.67312 -0.11250
vt 4.94801 -0.16250
vt 5.22290 -0.16250
vt 5.22290 -0.11250
vt 4.94801 -0.11250
vt 5.22290 -0.16250
vt 5.49779 -0.16250
vt 5.49779 -0.11250
vt 5.22290 -0.11250
vt 5.49779 -0.16250
vt 5.77268 -0.16250
vt 5.77268 -0.11250
vt 5.49779 -0.11250
vt 5.77268 -0.16250
vt 6.04757 -0.16250
vt 6.04757 -0.11250
vt 5.77268 -0.11250
vt 6.04757 -0.16250
vt 6.32246 -0.16250
vt 6.32246 -0.11250
vt 6.04757 -0.11250
vt 6.32246 -0.16250
vt 6.59734 -0.16250
vt 6.59734 -0.11250
vt 6.32246 -0.11250
vt 0.00000 -0.11250
vt 0.27489 -0.11250
vt 0.27489 0.11250
vt 0.00000 0.11250
vt 0.27489 -0.11250
vt 0.54978 -0.11250
vt 0.54978 0.11250
vt 0.27489 0.11250
vt 0.54978 -0.11250
vt 0.82467 -0.11250
vt 0.82467 0.11250
vt 0.54978 0.11250
vt 0.82467 -0.11250
vt 1.09956 -0.11250
vt 1.09956 0.11250
vt 0.82467 0.11250
vt 1.09956 -0.11250
vt 1.37445 -0.11250
vt 1.37445 0.11250
vt 1.09956 0.11250
vt 1.37445 -0.11250
vt 1.64934 -0.11250
vt 1.64934 0.11250
vt 1.37445 0.11250
vt 1.64934 -0.11250
vt 1.92423 -0.11250
vt 1.92423 0.11250
vt 1.64934 0.11250
vt 1.92423 -0.11250
vt 2.19911 -0.11250
vt 2.19911 0.11250
vt 1.92423 0.11250
vt 2.19911 -0.11250
vt 2.47400 -0.11250
vt 2.47400 0.11250
vt 2.19911 0.11250
vt 2.47400 -0.11250
vt 2.74889 -0.11250
vt 2.74889 0.11250
vt 2.47400 0.11250
vt 2.74889 -0.11250
vt 3.02378 -0.11250
vt 3.02378 0.11250
vt 2.74889 0.11250
vt 3.02378 -0.11250
vt 3.29867 -0.11250
vt 3.29867 0.11250
vt 3.02378 0.11250
vt 3.29867 -0.11250
vt 3.57356 -0.11250
vt 3.57356 0.11250
vt 3.29867 0.11250
vt 3.57356 -0.11250
vt 3.84845 -0.11250
vt 3.84845 0.11250
vt 3.57356 0.11250
vt 3.84845 -0.11250
vt 4.12334 -0.11250
vt 4.12334 0.11250
vt 3.84845 0.11250
vt 4.12334 -0.11250
vt 4.39823 -0.11250
vt 4.39823 0.11250
vt 4.12334 0.11250
vt 4.39823 -0.11250
vt 4.67312 -0.11250
vt 4.67312 0.11250
vt 4.39823 0.11250
vt 4.67312 -0.11250
vt 4.94801 -0.11250
vt 4.94801 0.11250
vt 4.67312 0.11250
vt 4.94801 -0.11250
vt 5.22290 -0.11250
vt 5.22290 0.11250
vt 4.94801 0.11250
vt 5.22290 -0.11250
vt 5.49779 -0.11250
vt 5.49779 0.11250
vt 5.22290 0.11250
vt 5.49779 -0.11250
vt 5.77268 -0.11250
vt 5.77268 0.11250
vt 5.49779 0.11250
vt 5.77268 -0.11250
vt 6.04757 -0.11250
vt 6.04757 0.11250
vt 5.77268 0.11250
vt 6.04757 -0.11250
vt 6.32246 -0.11250
vt 6.32246 0.11250
vt 6.04757 0.11250
vt 6.32246 -0.11250
vt 6.59734 -0.11250
vt 6.59734 0.11250
vt 6.32246 0.11250
vt 0.00000 0.11250
vt 0.27489 0.11250
vt 0.27489 0.16250
vt 0.00000 0.16250
vt 0.27489 0.11250
vt 0.54978 0.11250
vt 0.54978 0.16250
vt 0.27489 0.16250
vt 0.54978 0.11250
vt 0.82467 0.11250
vt 0.82467 0.16250
vt 0.54978 0.16250
vt 0.82467 0.11250
vt 1.09956 0.11250
vt 1.09956 0.16250
vt 0.82467 0.16250
vt 1.09956 0.11250
vt 1.37445 0.11250
vt 1.37445 0.16250
vt 1.09956 0.16250
vt 1.37445 0.11250
vt 1.64934 0.11250
vt 1.64934 0.16250
vt 1.37445 0.16250
vt 1.64934 0.11250
vt 1.92423 0.11250
vt 1.92423 0.16250
vt 1.64934 0.16250
vt 1.92423 0.11250
vt 2.19911 0.11250
vt 2.19911 0.16250
vt 1.92423 0.16250
vt 2.19911 0.11250
vt 2.47400 0.11250
vt 2.47400 0.16250
vt 2.19911 0.16250
vt 2.47400 0.11250
vt 2.74889 0.11250
vt 2.74889 0.16250
vt 2.47400 0.16250
vt 2.74889 0.11250
vt 3.02378 0.11250
vt 3.02378 0.16250
vt 2.74889 0.16250
vt 3.02378 0.11250
vt 3.29867 0.11250
vt 3.29867 0.16250
vt 3.02378 0.16250
vt 3.29867 0.11250
vt 3.57356 0.11250
vt 3.57356 0.16250
vt 3.29867 0.16250
vt 3.57356 0.11250
vt 3.84845 0.11250
vt 3.84845 0.16250
vt 3.57356 0.16250
vt 3.84845 0.11250
vt 4.12334 0.11250
vt 4.12334 0.16250
vt 3.84845 0.16250
vt 4.12334 0.11250
vt 4.39823 0.11250
vt 4.39823 0.16250
vt 4.12334 0.16250
vt 4.39823 0.11250
vt 4.67312 0.11250
vt 4.67312 0.16250
vt 4.39823 0.16250
vt 4.67312 0.11250
vt 4.94801 0.11250
vt 4.94801 0.16250
vt 4.67312 0.16250
vt 4.94801 0.11250
vt 5.22290 0.11250
vt 5.22290 0.16250
vt 4.94801 0.16250
vt 5.22290 0.11250
vt 5.49779 0.11250
vt 5.49779 0.16250
vt 5.22290 0.16250
vt 5.49779 0.11250
vt 5.77268 0.11250
vt 5.77268 0.16250
vt 5.49779 0.16250
vt 5.77268 0.11250
vt 6.04757 0.11250
vt 6.04757 0.16250
vt 5.77268 0.16250
vt 6.04757 0.11250
vt 6.32246 0.11250
vt 6.32246 0.16250
vt 6.04757 0.16250
vt 6.32246 0.11250
vt 6.59734 0.11250
vt 6.59734 0.16250
vt 6.32246 0.16250
vt 0.00000 -0.16250
vt 0.26180 -0.16250
vt 0.26180 -0.16250
vt 0.00000 -0.16250
vt 0.26180 -0.16250
vt 0.52360 -0.16250
vt 0.52360 -0.16250
vt 0.26180 -0.16250
vt 0.52360 -0.16250
vt 0.78540 -0.16250
vt 0.78540 -0.16250
vt 0.52360 -0.16250
vt 0.78540 -0.16250
vt 1.04720 -0.16250
vt 1.04720 -0.16250
vt 0.78540 -0.16250
vt 1.04720 -0.16250
vt 1.30900 -0.16250
vt 1.30900 -0.16250
vt 1.04720 -0.16250
vt 1.30900 -0.16250
vt 1.57080 -0.16250
vt 1.57080 -0.16250
vt 1.30900 -0.16250
vt 1.57080 -0.16250
vt 1.83260 -0.16250
vt 1.83260 -0.16250
vt 1.57080 -0.16250
vt 1.83260 -0.16250
vt 2.09440 -0.16250
vt 2.09440 -0.16250
vt 1.83260 -0.16250
vt 2.09440 -0.16250
vt 2.35619 -0.16250
vt 2.35619 -0.16250
vt 2.09440 -0.16250
vt 2.35619 -0.16250
vt 2.61799 -0.16250
vt 2.61799 -0.16250
vt 2.35619 -0.16250
vt 2.61799 -0.16250
vt 2.87979 -0.16250
vt 2.87979 -0.16250
vt 2.61799 -0.16250
vt 2.87979 -0.16250
vt 3.14159 -0.16250
vt 3.14159 -0.16250
vt 2.87979 -0.16250
vt 3.14159 -0.16250
vt 3.40339 -0.16250
vt 3.40339 -0.16250
vt 3.14159 -0.16250
vt 3.40339 -0.16250
vt 3.66519 -0.16250
vt 3.66519 -0.16250
vt 3.40339 -0.16250
vt 3.66519 -0.16250
vt 3.92699 -0.16250
vt 3.92699 -0.16250
vt 3.66519 -0.16250
vt 3.92699 -0.16250
vt 4.18879 -0.16250
vt 4.18879 -0.16250
vt 3.92699 -0.16250
vt 4.18879 -0.16250
vt 4.45059 -0.16250
vt 4.45059 -0.16250
vt 4.18879 -0.16250
vt 4.45059 -0.16250
vt 4.71239 -0.16250
vt 4.71239 -0.16250
vt 4.45059 -0.16250
vt 4.71239 -0.16250
vt 4.97419 -0.16250
vt 4.97419 -0.16250
vt 4.71239 -0.16250
vt 4.97419 -0.16250
vt 5.23599 -0.16250
vt 5.23599 -0.16250
vt 4.97419 -0.16250
vt 5.23599 -0.16250
vt 5.49779 -0.16250
vt 5.49779 -0.16250
vt 5.23599 -0.16250
vt 5.49779 -0.16250
vt 5.75959 -0.16250
vt 5.75959 -0.16250
vt 5.49779 -0.16250
vt 5.75959 -0.16250
vt 6.02139 -0.16250
vt 6.02139 -0.16250
vt 5.75959 -0.16250
vt 6.02139 -0.16250
vt 6.28319 -0.16250
vt 6.28319 -0.16250
vt 6.02139 -0.16250
vt 0.00000 -0.16250
vt 0.26180 -0.16250
vt 0.26180 -0.08750
vt 0.00000 -0.08750
vt 0.26180 -0.16250
vt 0.52360 -0.16250
vt 0.52360 -0.08750
vt 0.26180 -0.08750
vt 0.52360 -0.16250
vt 0.78540 -0.16250
vt 0.78540 -0.08750
vt 0.52360 -0.08750
vt 0.78540 -0.16250
vt 1.04720 -0.16250
vt 1.04720 -0.08750
vt 0.78540 -0.08750
vt 1.04720 -0.16250
vt 1.30900 -0.16250
vt 1.30900 -0.08750
vt 1.04720 -0.08750
vt 1.30900 -0.16250
vt 1.57080 -0.16250
vt 1.57080 -0.08750
vt 1.30900 -0.08750
vt 1.57080 -0.16250
vt 1.83260 -0.16250
vt 1.83260 -0.08750
vt 1.57080 -0.08750
vt 1.83260 -0.16250
vt 2.09440 -0.16250
vt 2.09440 -0.08750
vt 1.83260 -0.08750
vt 2.09440 -0.16250
vt 2.35619 -0.16250
vt 2.35619 -0.08750
vt 2.09440 -0.08750
vt 2.35619 -0.16250
vt 2.61799 -0.16250
vt 2.61799 -0.08750
vt 2.35619 -0.08750
vt 2.61799 -0.16250
vt 2.87979 -0.16250
vt 2.87979 -0.08750
vt 2.61799 -0.08750
vt 2.87979 -0.16250
vt 3.14159 -0.16250
vt 3.14159 -0.08750
vt 2.87979 -0.08750
vt 3.14159 -0.16250
vt 3.40339 -0.16250
vt 3.40339 -0.08750
vt 3.14159 -0.08750
vt 3.40339 -0.16250
vt 3.66519 -0.16250
vt 3.66519 -0.08750
vt 3.40339 -0.08750
vt 3.66519 -0.16250
vt 3.92699 -0.16250
vt 3.92699 -0.08750
vt 3.66519 -0.08750
vt 3.92699 -0.16250
vt 4.18879 -0.16250
vt 4.18879 -0.08750
vt 3.92699 -0.08750
vt 4.18879 -0.16250
vt 4.45059 -0.16250
vt 4.45059 -0.08750
vt 4.18879 -0.08750
vt 4.45059 -0.16250
vt 4.71239 -0.16250
vt 4.71239 -0.08750
vt 4.45059 -0.08750
vt 4.71239 -0.16250
vt 4.97419 -0.16250
vt 4.97419 -0.08750
vt 4.71239 -0.08750
vt 4.97419 -0.16250
vt 5.23599 -0.16250
vt 5.23599 -0.08750
vt 4.97419 -0.08750
vt 5.23599 -0.16250
vt 5.49779 -0.16250
vt 5.49779 -0.08750
vt 5.23599 -0.08750
vt 5.49779 -0.16250
vt 5.75959 -0.16250
vt 5.75959 -0.08750
vt 5.49779 -0.08750
vt 5.75959 -0.16250
vt 6.02139 -0.16250
vt 6.02139 -0.08750
vt 5.75959 -0.08750
vt 6.02139 -0.16250
vt 6.28319 -0.16250
vt 6.28319 -0.08750
vt 6.02139 -0.08750
vt 0.00000 -0.08750
vt 0.26180 -0.08750
vt 0.26180 0.08750
vt 0.00000 0.08750
vt 0.26180 -0.08750
vt 0.52360 -0.08750
vt 0.52360 0.08750
vt 0.26180 0.08750
vt 0.52360 -0.08750
vt 0.78540 -0.08750
vt 0.78540 0.08750
vt 0.52360 0.08750
vt 0.78540 -0.08750
vt 1.04720 -0.08750
vt 1.04720 0.08750
vt 0.78540 0.08750
vt 1.04720 -0.08750
vt 1.30900 -0.08750
vt 1.30900 0.08750
vt 1.04720 0.08750
vt 1.30900 -0.08750
vt 1.57080 -0.08750
vt 1.57080 0.08750
vt 1.30900 0.08750
vt 1.57080 -0.08750
vt 1.83260 -0.08750
vt 1.83260 0.08750
vt 1.57080 0.08750
vt 1.83260 -0.08750
vt 2.09440 -0.08750
vt 2.09440 0.08750
vt 1.83260 0.08750
vt 2.09440 -0.08750
vt 2.35619 -0.08750
vt 2.35619 0.08750
vt 2.09440 0.08750
vt 2.35619 -0.08750
vt 2.61799 -0.08750
vt 2.61799 0.08750
vt 2.35619 0.08750
vt 2.61799 -0.08750
vt 2.87979 -0.08750
vt 2.87979 0.08750
vt 2.61799 0.08750
vt 2.87979 -0.08750
vt 3.14159 -0.08750
vt 3.14159 0.08750
vt 2.87979 0.08750
vt 3.14159 -0.08750
vt 3.40339 -0.08750
vt 3.40339 0.08750
vt 3.14159 0.08750
vt 3.40339 -0.08750
vt 3.66519 -0.08750
vt 3.66519 0.08750
vt 3.40339 0.08750
vt 3.66519 -0.08750
vt 3.92699 -0.08750
vt 3.92699 0.08750
vt 3.66519 0.08750
vt 3.92699 -0.08750
vt 4.18879 -0.08750
vt 4.18879 0.08750
vt 3.92699 0.08750
vt 4.18879 -0.08750
vt 4.45059 -0.08750
vt 4.45059 0.08750
vt 4.18879 0.08750
vt 4.45059 -0.08750
vt 4.71239 -0.08750
vt 4.71239 0.08750
vt 4.45059 0.08750
vt 4.71239 -0.08750
vt 4.97419 -0.08750
vt 4.97419 0.08750
vt 4.71239 0.08750
vt 4.97419 -0.08750
vt 5.23599 -0.08750
vt 5.23599 0.08750
vt 4.97419 0.08750
vt 5.23599 -0.08750
vt 5.49779 -0.08750
vt 5.49779 0.08750
vt 5.23599 0.08750
vt 5.49779 -0.08750
vt 5.75959 -0.08750
vt 5.75959 0.08750
vt 5.49779 0.08750
vt 5.75959 -0.08750
vt 6.02139 -0.08750
vt 6.02139 0.08750
vt 5.75959 0.08750
vt 6.02139 -0.08750
vt 6.28319 -0.08750
vt 6.28319 0.08750
vt 6.02139 0.08750
vt 0.00000 0.08750
vt 0.26180 0.08750
vt 0.26180 0.16250
vt 0.00000 0.16250
vt 0.26180 0.08750
vt 0.52360 0.08750
vt 0.52360 0.16250
vt 0.26180 0.16250
vt 0.52360 0.08750
vt 0.78540 0.08750
vt 0.78540 0.16250
vt 0.52360 0.16250
vt 0.78540 0.08750
vt 1.04720 0.08750
vt 1.04720 0.16250
vt 0.78540 0.16250
vt 1.04720 0.08750
vt 1.30900 0.08750
vt 1.30900 0.16250
vt 1.04720 0.16250
vt 1.30900 0.08750
vt 1.57080 0.08750
vt 1.57080 0.16250
vt 1.30900 0.16250
vt 1.57080 0.08750
vt 1.83260 0.08750
vt 1.83260 0.16250
vt 1.57080 0.16250
vt 1.83260 0.08750
vt 2.09440 0.08750
vt 2.09440 0.16250
vt 1.83260 0.16250
vt 2.09440 0.08750
vt 2.35619 0.08750
vt 2.35619 0.16250
vt 2.09440 0.16250
vt 2.35619 0.08750
vt 2.61799 0.08750
vt 2.61799 0.16250
vt 2.35619 0.16250
vt 2.61799 0.08750
vt 2.87979 0.08750
vt 2.87979 0.16250
vt 2.61799 0.16250
vt 2.87979 0.08750
vt 3.14159 0.08750
vt 3.14159 0.16250
vt 2.87979 0.16250
vt 3.14159 0.08750
vt 3.40339 0.08750
vt 3.40339 0.16250
vt 3.14159 0.16250
vt 3.40339 0.08750
vt 3.66519 0.08750
vt 3.66519 0.16250
vt 3.40339 0.16250
vt 3.66519 0.08750
vt 3.92699 0.08750
vt 3.92699 0.16250
vt 3.66519 0.16250
vt 3.92699 0.08750
vt 4.18879 0.08750
vt 4.18879 0.16250
vt 3.92699 0.16250
vt 4.18879 0.08750
vt 4.45059 0.08750
vt 4.45059 0.16250
vt 4.18879 0.16250
vt 4.45059 0.08750
vt 4.71239 0.08750
vt 4.71239 0.16250
vt 4.45059 0.16250
vt 4.71239 0.08750
vt 4.97419 0.08750
vt 4.97419 0.16250
vt 4.71239 0.16250
vt 4.97419 0.08750
vt 5.23599 0.08750
vt 5.23599 0.16250
vt 4.97419 0.16250
vt 5.23599 0.08750
vt 5.49779 0.08750
vt 5.49779 0.16250
vt 5.23599 0.16250
vt 5.49779 0.08750
vt 5.75959 0.08750
vt 5.75959 0.16250
vt 5.49779 0.16250
vt 5.75959 0.08750
vt 6.02139 0.08750
vt 6.02139 0.16250
vt 5.75959 0.16250
vt 6.02139 0.08750
vt 6.28319 0.08750
vt 6.28319 0.16250
vt 6.02139 0.16250
vt 0.00000 0.16250
vt 0.26180 0.16250
vt 0.26180 0.16250
vt 0.00000 0.16250
vt 0.26180 0.16250
vt 0.52360 0.16250
vt 0.52360 0.16250
vt 0.26180 0.16250
vt 0.52360 0.16250
vt 0.78540 0.16250
vt 0.78540 0.16250
vt 0.52360 0.16250
vt 0.78540 0.16250
vt 1.04720 0.16250
vt 1.04720 0.16250
vt 0.78540 0.16250
vt 1.04720 0.16250
vt 1.30900 0.16250
vt 1.30900 0.16250
vt 1.04720 0.16250
vt 1.30900 0.16250
vt 1.57080 0.16250
vt 1.57080 0.16250
vt 1.30900 0.16250
vt 1.57080 0.16250
vt 1.83260 0.16250
vt 1.83260 0.16250
vt 1.57080 0.16250
vt 1.83260 0.16250
vt 2.09440 0.16250
vt 2.09440 0.16250
vt 1.83260 0.16250
vt 2.09440 0.16250
vt 2.35619 0.16250
vt 2.35619 0.16250
vt 2.09440 0.16250
vt 2.35619 0.16250
vt 2.61799 0.16250
vt 2.61799 0.16250
vt 2.35619 0.16250
vt 2.61799 0.16250
vt 2.87979 0.16250
vt 2.87979 0.16250
vt 2.61799 0.16250
vt 2.87979 0.16250
vt 3.14159 0.16250
vt 3.14159 0.16250
vt 2.87979 0.16250
vt 3.14159 0.16250
vt 3.40339 0.16250
vt 3.40339 0.16250
vt 3.14159 0.16250
vt 3.40339 0.16250
vt 3.66519 0.16250
vt 3.66519 0.16250
vt 3.40339 0.16250
vt 3.66519 0.16250
vt 3.92699 0.16250
vt 3.92699 0.16250
vt 3.66519 0.16250
vt 3.92699 0.16250
vt 4.18879 0.16250
vt 4.18879 0.16250
vt 3.92699 0.16250
vt 4.18879 0.16250
vt 4.45059 0.16250
vt 4.45059 0.16250
vt 4.18879 0.16250
vt 4.45059 0.16250
vt 4.71239 0.16250
vt 4.71239 0.16250
vt 4.45059 0.16250
vt 4.71239 0.16250
vt 4.97419 0.16250
vt 4.97419 0.16250
vt 4.71239 0.16250
vt 4.97419 0.16250
vt 5.23599 0.16250
vt 5.23599 0.16250
vt 4.97419 0.16250
vt 5.23599 0.16250
vt 5.49779 0.16250
vt 5.49779 0.16250
vt 5.23599 0.16250
vt 5.49779 0.16250
vt 5.75959 0.16250
vt 5.75959 0.16250
vt 5.49779 0.16250
vt 5.75959 0.16250
vt 6.02139 0.16250
vt 6.02139 0.16250
vt 5.75959 0.16250
vt 6.02139 0.16250
vt 6.28319 0.16250
vt 6.28319 0.16250
vt 6.02139 0.16250
vt 0.00000 0.11250
vt 0.29452 0.11250
vt 0.29452 0.16250
vt 0.00000 0.16250
vt 0.29452 0.11250
vt 0.58905 0.11250
vt 0.58905 0.16250
vt 0.29452 0.16250
vt 0.58905 0.11250
vt 0.88357 0.11250
vt 0.88357 0.16250
vt 0.58905 0.16250
vt 0.88357 0.11250
vt 1.17810 0.11250
vt 1.17810 0.16250
vt 0.88357 0.16250
vt 1.17810 0.11250
vt 1.47262 0.11250
vt 1.47262 0.16250
vt 1.17810 0.16250
vt 1.47262 0.11250
vt 1.76715 0.11250
vt 1.76715 0.16250
vt 1.47262 0.16250
vt 1.76715 0.11250
vt 2.06167 0.11250
vt 2.06167 0.16250
vt 1.76715 0.16250
vt 2.06167 0.11250
vt 2.35619 0.11250
vt 2.35619 0.16250
vt 2.06167 0.16250
vt 2.35619 0.11250
vt 2.65072 0.11250
vt 2.65072 0.16250
vt 2.35619 0.16250
vt 2.65072 0.11250
vt 2.94524 0.11250
vt 2.94524 0.16250
vt 2.65072 0.16250
vt 2.94524 0.11250
vt 3.23977 0.11250
vt 3.23977 0.16250
vt 2.94524 0.16250
vt 3.23977 0.11250
vt 3.53429 0.11250
vt 3.53429 0.16250
vt 3.23977 0.16250
vt 3.53429 0.11250
vt 3.82882 0.11250
vt 3.82882 0.16250
vt 3.53429 0.16250
vt 3.82882 0.11250
vt 4.12334 0.11250
vt 4.12334 0.16250
vt 3.82882 0.16250
vt 4.12334 0.11250
vt 4.41786 0.11250
vt 4.41786 0.16250
vt 4.12334 0.16250
vt 4.41786 0.11250
vt 4.71239 0.11250
vt 4.71239 0.16250
vt 4.41786 0.16250
vt 4.71239 0.11250
vt 5.00691 0.11250
vt 5.00691 0.16250
vt 4.71239 0.16250
vt 5.00691 0.11250
vt 5.30144 0.11250
vt 5.30144 0.16250
vt 5.00691 0.16250
vt 5.30144 0.11250
vt 5.59596 0.11250
vt 5.59596 0.16250
vt 5.30144 0.16250
vt 5.59596 0.11250
vt 5.89049 0.11250
vt 5.89049 0.16250
vt 5.59596 0.16250
vt 5.89049 0.11250
vt 6.18501 0.11250
vt 6.18501 0.16250
vt 5.89049 0.16250
vt 6.18501 0.11250
vt 6.47953 0.11250
vt 6.47953 0.16250
vt 6.18501 0.16250
vt 6.47953 0.11250
vt 6.77406 0.11250
vt 6.77406 0.16250
vt 6.47953 0.16250
vt 6.77406 0.11250
vt 7.06858 0.11250
vt 7.06858 0.16250
vt 6.77406 0.16250
vt 0.00000 0.16250
vt 0.29452 0.16250
vt 0.29452 0.21250
vt 0.00000 0.21250
vt 0.29452 0.16250
vt 0.58905 0.16250
vt 0.58905 0.21250
vt 0.29452 0.21250
vt 0.58905 0.16250
vt 0.88357 0.16250
vt 0.88357 0.21250
vt 0.58905 0.21250
vt 0.88357 0.16250
vt 1.17810 0.16250
vt 1.17810 0.21250
vt 0.88357 0.21250
vt 1.17810 0.16250
vt 1.47262 0.16250
vt 1.47262 0.21250
vt 1.17810 0.21250
vt 1.47262 0.16250
vt 1.76715 0.16250
vt 1.76715 0.21250
vt 1.47262 0.21250
vt 1.76715 0.16250
vt 2.06167 0.16250
vt 2.06167 0.21250
vt 1.76715 0.21250
vt 2.06167 0.16250
vt 2.35619 0.16250
vt 2.35619 0.21250
vt 2.06167 0.21250
vt 2.35619 0.16250
vt 2.65072 0.16250
vt 2.65072 0.21250
vt 2.35619 0.21250
vt 2.65072 0.16250
vt 2.94524 0.16250
vt 2.94524 0.21250
vt 2.65072 0.21250
vt 2.94524 0.16250
vt 3.23977 0.16250
vt 3.23977 0.21250
vt 2.94524 0.21250
vt 3.23977 0.16250
vt 3.53429 0.16250
vt 3.53429 0.21250
vt 3.23977 0.21250
vt 3.53429 0.16250
vt 3.82882 0.16250
vt 3.82882 0.21250
vt 3.53429 0.21250
vt 3.82882 0.16250
vt 4.12334 0.16250
vt 4.12334 0.21250
vt 3.82882 0.21250
vt 4.12334 0.16250
vt 4.41786 0.16250
vt 4.41786 0.21250
vt 4.12334 0.21250
vt 4.41786 0.16250
vt 4.71239 0.16250
vt 4.71239 0.21250
vt 4.41786 0.21250
vt 4.71239 0.16250
vt 5.00691 0.16250
vt 5.00691 0.21250
vt 4.71239 0.21250
vt 5.00691 0.16250
vt 5.30144 0.16250
vt 5.30144 0.21250
vt 5.00691 0.21250
vt 5.30144 0.16250
vt 5.59596 0.16250
vt 5.59596 0.21250
vt 5.30144 0.21250
vt 5.59596 0.16250
vt 5.89049 0.16250
vt 5.89049 0.21250
vt 5.59596 0.21250
vt 5.89049 0.16250
vt 6.18501 0.16250
vt 6.18501 0.21250
vt 5.89049 0.21250
vt 6.18501 0.16250
vt 6.47953 0.16250
vt 6.47953 0.21250
vt 6.18501 0.21250
vt 6.47953 0.16250
vt 6.77406 0.16250
vt 6.77406 0.21250
vt 6.47953 0.21250
vt 6.77406 0.16250
vt 7.06858 0.16250
vt 7.06858 0.21250
vt 6.77406 0.21250
vt 0.00000 0.21250
vt 0.29452 0.21250
vt 0.29452 0.21250
vt 0.00000 0.21250
vt 0.29452 0.21250
vt 0.58905 0.21250
vt 0.58905 0.21250
vt 0.29452 0.21250
vt 0.58905 0.21250
vt 0.88357 0.21250
vt 0.88357 0.21250
vt 0.58905 0.21250
vt 0.88357 0.21250
vt 1.17810 0.21250
vt 1.17810 0.21250
vt 0.88357 0.21250
vt 1.17810 0.21250
vt 1.47262 0.21250
vt 1.47262 0.21250
vt 1.17810 0.21250
vt 1.47262 0.21250
vt 1.76715 0.21250
vt 1.76715 0.21250
vt 1.47262 0.21250
vt 1.76715 0.21250
vt 2.06167 0.21250
vt 2.06167 0.21250
vt 1.76715 0.21250
vt 2.06167 0.21250
vt 2.35619 0.21250
vt 2.35619 0.21250
vt 2.06167 0.21250
vt 2.35619 0.21250
vt 2.65072 0.21250
vt 2.65072 0.21250
vt 2.35619 0.21250
vt 2.65072 0.21250
vt 2.94524 0.21250
vt 2.94524 0.21250
vt 2.65072 0.21250
vt 2.94524 0.21250
vt 3.23977 0.21250
vt 3.23977 0.21250
vt 2.94524 0.21250
vt 3.23977 0.21250
vt 3.53429 0.21250
vt 3.53429 0.21250
vt 3.23977 0.21250
vt 3.53429 0.21250
vt 3.82882 0.21250
vt 3.82882 0.21250
vt 3.53429 0.21250
vt 3.82882 0.21250
vt 4.12334 0.21250
vt 4.12334 0.21250
vt 3.82882 0.21250
vt 4.12334 0.21250
vt 4.41786 0.21250
vt 4.41786 0.21250
vt 4.12334 0.21250
vt 4.41786 0.21250
vt 4.71239 0.21250
vt 4.71239 0.21250
vt 4.41786 0.21250
vt 4.71239 0.21250
vt 5.00691 0.21250
vt 5.00691 0.21250
vt 4.71239 0.21250
vt 5.00691 0.21250
vt 5.30144 0.21250
vt 5.30144 0.21250
vt 5.00691 0.21250
vt 5.30144 0.21250
vt 5.59596 0.21250
vt 5.59596 0.21250
vt 5.30144 0.21250
vt 5.59596 0.21250
vt 5.89049 0.21250
vt 5.89049 0.21250
vt 5.59596 0.21250
vt 5.89049 0.21250
vt 6.18501 0.21250
vt 6.18501 0.21250
vt 5.89049 0.21250
vt 6.18501 0.21250
vt 6.47953 0.21250
vt 6.47953 0.21250
vt 6.18501 0.21250
vt 6.47953 0.21250
vt 6.77406 0.21250
vt 6.77406 0.21250
vt 6.47953 0.21250
vt 6.77406 0.21250
vt 7.06858 0.21250
vt 7.06858 0.21250
vt 6.77406 0.21250
vt 4.35000 1.45000
vt 5.45000 1.45000
vt 5.45000 2.75000
vt 4.35000 2.75000
vt -5.45000 1.45000
vt -4.35000 1.45000
vt -4.35000 2.75000
vt -5.45000 2.75000
vt -5.45000 4.35000
vt -4.05000 4.35000
vt -4.05000 5.45000
vt -5.45000 5.45000
vt -5.45000 -5.45000
vt -4.05000 -5.45000
vt -4.05000 -4.35000
vt -5.45000 -4.35000
vt -5.45000 1.45000
vt -4.05000 1.45000
vt -4.05000 2.75000
vt -5.45000 2.75000
vt 4.05000 1.45000
vt 5.45000 1.45000
vt 5.45000 2.75000
vt 4.05000 2.75000
vt 0.00000 1.10000
vt 0.21991 1.10000
vt 0.21991 0.00000
vt 0.00000 0.00000
vt 0.21991 1.10000
vt 0.43982 1.10000
vt 0.43982 0.00000
vt 0.21991 0.00000
vt 0.43982 1.10000
vt 0.65973 1.10000
vt 0.65973 0.00000
vt 0.43982 0.00000
vt 0.65973 1.10000
vt 0.87965 1.10000
vt 0.87965 0.00000
vt 0.65973 0.00000
vt 0.87965 1.10000
vt 1.09956 1.10000
vt 1.09956 0.00000
vt 0.87965 0.00000
vt 1.09956 1.10000
vt 1.31947 1.10000
vt 1.31947 0.00000
vt 1.09956 0.00000
vt 1.31947 1.10000
vt 1.53938 1.10000
vt 1.53938 0.00000
vt 1.31947 0.00000
vt 1.53938 1.10000
vt 1.75929 1.10000
vt 1.75929 0.00000
vt 1.53938 0.00000
vt 1.75929 1.10000
vt 1.97920 1.10000
vt 1.97920 0.00000
vt 1.75929 0.00000
vt 1.97920 1.10000
vt 2.19911 1.10000
vt 2.19911 0.00000
vt 1.97920 0.00000
vt 0.00000 0.00000
vt 0.34907 0.00000
vt 0.34907 0.00000
vt 0.00000 0.00000
vt 0.34907 0.00000
vt 0.69813 0.00000
vt 0.69813 0.00000
vt 0.34907 0.00000
vt 0.69813 0.00000
vt 1.04720 0.00000
vt 1.04720 0.00000
vt 0.69813 0.00000
vt 1.04720 0.00000
vt 1.39626 0.00000
vt 1.39626 0.00000
vt 1.04720 0.00000
vt 1.39626 0.00000
vt 1.74533 0.00000
vt 1.74533 0.00000
vt 1.39626 0.00000
vt 1.74533 0.00000
vt 2.09440 0.00000
vt 2.09440 0.00000
vt 1.74533 0.00000
vt 2.09440 0.00000
vt 2.44346 0.00000
vt 2.44346 0.00000
vt 2.09440 0.00000
vt 2.44346 0.00000
vt 2.79253 0.00000
vt 2.79253 0.00000
vt 2.44346 0.00000
vt 2.79253 0.00000
vt 3.14159 0.00000
vt 3.14159 0.00000
vt 2.79253 0.00000
vt 3.14159 0.00000
vt 3.49066 0.00000
vt 3.49066 0.00000
vt 3.14159 0.00000
vt 3.49066 0.00000
vt 3.83972 0.00000
vt 3.83972 0.00000
vt 3.49066 0.00000
vt 3.83972 0.00000
vt 4.18879 0.00000
vt 4.18879 0.00000
vt 3.83972 0.00000
vt 4.18879 0.00000
vt 4.53786 0.00000
vt 4.53786 0.00000
vt 4.18879 0.00000
vt 4.53786 0.00000
vt 4.88692 0.00000
vt 4.88692 0.00000
vt 4.53786 0.00000
vt 4.88692 0.00000
vt 5.23599 0.00000
vt 5.23599 0.00000
vt 4.88692 0.00000
vt 5.23599 0.00000
vt 5.58505 0.00000
vt 5.58505 0.00000
vt 5.23599 0.00000
vt 5.58505 0.00000
vt 5.93412 0.00000
vt 5.93412 0.00000
vt 5.58505 0.00000
vt 5.93412 0.00000
vt 6.28319 0.00000
vt 6.28319 0.00000
vt 5.93412 0.00000
vt 0.00000 0.00000
vt 0.34907 0.00000
vt 0.34907 0.10000
vt 0.00000 0.10000
vt 0.34907 0.00000
vt 0.69813 0.00000
vt 0.69813 0.10000
vt 0.34907 0.10000
vt 0.69813 0.00000
vt 1.04720 0.00000
vt 1.04720 0.10000
vt 0.69813 0.10000
vt 1.04720 0.00000
vt 1.39626 0.00000
vt 1.39626 0.10000
vt 1.04720 0.10000
vt 1.39626 0.00000
vt 1.74533 0.00000
vt 1.74533 0.10000
vt 1.39626 0.10000
vt 1.74533 0.00000
vt 2.09440 0.00000
vt 2.09440 0.10000
vt 1.74533 0.10000
vt 2.09440 0.00000
vt 2.44346 0.00000
vt 2.44346 0.10000
vt 2.09440 0.10000
vt 2.44346 0.00000
vt 2.79253 0.00000
vt 2.79253 0.10000
vt 2.44346 0.10000
vt 2.79253 0.00000
vt 3.14159 0.00000
vt 3.14159 0.10000
vt 2.79253 0.10000
vt 3.14159 0.00000
vt 3.49066 0.00000
vt 3.49066 0.10000
vt 3.14159 0.10000
vt 3.49066 0.00000
vt 3.83972 0.00000
vt 3.83972 0.10000
vt 3.49066 0.10000
vt 3.83972 0.00000
vt 4.18879 0.00000
vt 4.18879 0.10000
vt 3.83972 0.10000
vt 4.18879 0.00000
vt 4.53786 0.00000
vt 4.53786 0.10000
vt 4.18879 0.10000
vt 4.53786 0.00000
vt 4.88692 0.00000
vt 4.88692 0.10000
vt 4.53786 0.10000
vt 4.88692 0.00000
vt 5.23599 0.00000
vt 5.23599 0.10000
vt 4.88692 0.10000
vt 5.23599 0.00000
vt 5.58505 0.00000
vt 5.58505 0.10000
vt 5.23599 0.10000
vt 5.58505 0.00000
vt 5.93412 0.00000
vt 5.93412 0.10000
vt 5.58505 0.10000
vt 5.93412 0.00000
vt 6.28319 0.00000
vt 6.28319 0.10000
vt 5.93412 0.10000
vt 0.00000 0.10000
vt 0.34907 0.10000
vt 0.34907 0.10000
vt 0.00000 0.10000
vt 0.34907 0.10000
vt 0.69813 0.10000
vt 0.69813 0.10000
vt 0.34907 0.10000
vt 0.69813 0.10000
vt 1.04720 0.10000
vt 1.04720 0.10000
vt 0.69813 0.10000
vt 1.04720 0.10000
vt 1.39626 0.10000
vt 1.39626 0.10000
vt 1.04720 0.10000
vt 1.39626 0.10000
vt 1.74533 0.10000
vt 1.74533 0.10000
vt 1.39626 0.10000
vt 1.74533 0.10000
vt 2.09440 0.10000
vt 2.09440 0.10000
vt 1.74533 0.10000
vt 2.09440 0.10000
vt 2.44346 0.10000
vt 2.44346 0.10000
vt 2.09440 0.10000
vt 2.44346 0.10000
vt 2.79253 0.10000
vt 2.79253 0.10000
vt 2.44346 0.10000
vt 2.79253 0.10000
vt 3.14159 0.10000
vt 3.14159 0.10000
vt 2.79253 0.10000
vt 3.14159 0.10000
vt 3.49066 0.10000
vt 3.49066 0.10000
vt 3.14159 0.10000
vt 3.49066 0.10000
vt 3.83972 0.10000
vt 3.83972 0.10000
vt 3.49066 0.10000
vt 3.83972 0.10000
vt 4.18879 0.10000
vt 4.18879 0.10000
vt 3.83972 0.10000
vt 4.18879 0.10000
vt 4.53786 0.10000
vt 4.53786 0.10000
vt 4.18879 0.10000
vt 4.53786 0.10000
vt 4.88692 0.10000
vt 4.88692 0.10000
vt 4.53786 0.10000
vt 4.88692 0.10000
vt 5.23599 0.10000
vt 5.23599 0.10000
vt 4.88692 0.10000
vt 5.23599 0.10000
vt 5.58505 0.10000
vt 5.58505 0.10000
vt 5.23599 0.10000
vt 5.58505 0.10000
vt 5.93412 0.10000
vt 5.93412 0.10000
vt 5.58505 0.10000
vt 5.93412 0.10000
vt 6.28319 0.10000
vt 6.28319 0.10000
vt 5.93412 0.10000
vt 0.00000 -0.16250
vt 0.27489 -0.16250
vt 0.27489 -0.11250
vt 0.00000 -0.11250
vt 0.27489 -0.16250
vt 0.54978 -0.16250
vt 0.54978 -0.11250
vt 0.27489 -0.11250
vt 0.54978 -0.16250
vt 0.82467 -0.16250
vt 0.82467 -0.11250
vt 0.54978 -0.11250
vt 0.82467 -0.16250
vt 1.09956 -0.16250
vt 1.09956 -0.11250
vt 0.82467 -0.11250
vt 1.09956 -0.16250
vt 1.37445 -0.16250
vt 1.37445 -0.11250
vt 1.09956 -0.11250
vt 1.37445 -0.16250
vt 1.64934 -0.16250
vt 1.64934 -0.11250
vt 1.37445 -0.11250
vt 1.64934 -0.16250
vt 1.92423 -0.16250
vt 1.92423 -0.11250
vt 1.64934 -0.11250
vt 1.92423 -0.16250
vt 2.19911 -0.16250
vt 2.19911 -0.11250
vt 1.92423 -0.11250
vt 2.19911 -0.16250
vt 2.47400 -0.16250
vt 2.47400 -0.11250
vt 2.19911 -0.11250
vt 2.47400 -0.16250
vt 2.74889 -0.16250
vt 2.74889 -0.11250
vt 2.47400 -0.11250
vt 2.74889 -0.16250
vt 3.02378 -0.16250
vt 3.02378 -0.11250
vt 2.74889 -0.11250
vt 3.02378 -0.16250
vt 3.29867 -0.16250
vt 3.29867 -0.11250
vt 3.02378 -0.11250
vt 3.29867 -0.16250
vt 3.57356 -0.16250
vt 3.57356 -0.11250
vt 3.29867 -0.11250
vt 3.57356 -0.16250
vt 3.84845 -0.16250
vt 3.84845 -0.11250
vt 3.57356 -0.11250
vt 3.84845 -0.16250
vt 4.12334 -0.16250
vt 4.12334 -0.11250
vt 3.84845 -0.11250
vt 4.12334 -0.16250
vt 4.39823 -0.16250
vt 4.39823 -0.11250
vt 4.12334 -0.11250
vt 4.39823 -0.16250
vt 4.67312 -0.16250
vt 4.67312 -0.11250
vt 4.39823 -0.11250
vt 4.67312 -0.16250
vt 4.94801 -0.16250
vt 4.94801 -0.11250
vt 4.67312 -0.11250
vt 4.94801 -0.16250
vt 5.22290 -0.16250
vt 5.22290 -0.11250
vt 4.94801 -0.11250
vt 5.22290 -0.16250
vt 5.49779 -0.16250
vt 5.49779 -0.11250
vt 5.22290 -0.11250
vt 5.49779 -0.16250
vt 5.77268 -0.16250
vt 5.77268 -0.11250
vt 5.49779 -0.11250
vt 5.77268 -0.16250
vt 6.04757 -0.16250
vt 6.04757 -0.11250
vt 5.77268 -0.11250
vt 6.04757 -0.16250
vt 6.32246 -0.16250
vt 6.32246 -0.11250
vt 6.04757 -0.11250
vt 6.32246 -0.16250
vt 6.59734 -0.16250
vt 6.59734 -0.11250
vt 6.32246 -0.11250
vt 0.00000 -0.11250
vt 0.27489 -0.11250
vt 0.27489 0.11250
vt 0.00000 0.11250
vt 0.27489 -0.11250
vt 0.54978 -0.11250
vt 0.54978 0.11250
vt 0.27489 0.11250
vt 0.54978 -0.11250
vt 0.82467 -0.11250
vt 0.82467 0.11250
vt 0.54978 0.11250
vt 0.82467 -0.11250
vt 1.09956 -0.11250
vt 1.09956 0.11250
vt 0.82467 0.11250
vt 1.09956 -0.11250
vt 1.37445 -0.11250
vt 1.37445 0.11250
vt 1.09956 0.11250
vt 1.37445 -0.11250
vt 1.64934 -0.11250
vt 1.64934 0.11250
vt 1.37445 0.11250
vt 1.64934 -0.11250
vt 1.92423 -0.11250
vt 1.92423 0.11250
vt 1.64934 0.11250
vt 1.92423 -0.11250
vt 2.19911 -0.11250
vt 2.19911 0.11250
vt 1.92423 0.11250
vt 2.19911 -0.11250
vt 2.47400 -0.11250
vt 2.47400 0.11250
vt 2.19911 0.11250
vt 2.47400 -0.11250
vt 2.74889 -0.11250
vt 2.74889 0.11250
vt 2.47400 0.11250
vt 2.74889 -0.11250
vt 3.02378 -0.11250
vt 3.02378 0.11250
vt 2.74889 0.11250
vt 3.02378 -0.11250
vt 3.29867 -0.11250
vt 3.29867 0.11250
vt 3.02378 0.11250
vt 3.29867 -0.11250
vt 3.57356 -0.11250
vt 3.57356 0.11250
vt 3.29867 0.11250
vt 3.57356 -0.11250
vt 3.84845 -0.11250
vt 3.84845 0.11250
vt 3.57356 0.11250
vt 3.84845 -0.11250
vt 4.12334 -0.11250
vt 4.12334 0.11250
vt 3.84845 0.11250
vt 4.12334 -0.11250
vt 4.39823 -0.11250
vt 4.39823 0.11250
vt 4.12334 0.11250
vt 4.39823 -0.11250
vt 4.67312 -0.11250
vt 4.67312 0.11250
vt 4.39823 0.11250
vt 4.67312 -0.11250
vt 4.94801 -0.11250
vt 4.94801 0.11250
vt 4.67312 0.11250
vt 4.94801 -0.11250
vt 5.22290 -0.11250
vt 5.22290 0.11250
vt 4.94801 0.11250
vt 5.22290 -0.11250
vt 5.49779 -0.11250
vt 5.49779 0.11250
vt 5.22290 0.11250
vt 5.49779 -0.11250
vt 5.77268 -0.11250
vt 5.77268 0.11250
vt 5.49779 0.11250
vt 5.77268 -0.11250
vt 6.04757 -0.11250
vt 6.04757 0.11250
vt 5.77268 0.11250
vt 6.04757 -0.11250
vt 6.32246 -0.11250
vt 6.32246 0.11250
vt 6.04757 0.11250
vt 6.32246 -0.11250
vt 6.59734 -0.11250
vt 6.59734 0.11250
vt 6.32246 0.11250
vt 0.00000 0.11250
vt 0.27489 0.11250
vt 0.27489 0.16250
vt 0.00000 0.16250
vt 0.27489 0.11250
vt 0.54978 0.11250
vt 0.54978 0.16250
vt 0.27489 0.16250
vt 0.54978 0.11250
vt 0.82467 0.11250
vt 0.82467 0.16250
vt 0.54978 0.16250
vt 0.82467 0.11250
vt 1.09956 0.11250
vt 1.09956 0.16250
vt 0.82467 0.16250
vt 1.09956 0.11250
vt 1.37445 0.11250
vt 1.37445 0.16250
vt 1.09956 0.16250
vt 1.37445 0.11250
vt 1.64934 0.11250
vt 1.64934 0.16250
vt 1.37445 0.16250
vt 1.64934 0.11250
vt 1.92423 0.11250
vt 1.92423 0.16250
vt 1.64934 0.16250
vt 1.92423 0.11250
vt 2.19911 0.11250
vt 2.19911 0.16250
vt 1.92423 0.16250
vt 2.19911 0.11250
vt 2.47400 0.11250
vt 2.47400 0.16250
vt 2.19911 0.16250
vt 2.47400 0.11250
vt 2.74889 0.11250
vt 2.74889 0.16250
vt 2.47400 0.16250
vt 2.74889 0.11250
vt 3.02378 0.11250
vt 3.02378 0.16250
vt 2.74889 0.16250
vt 3.02378 0.11250
vt 3.29867 0.11250
vt 3.29867 0.16250
vt 3.02378 0.16250
vt 3.29867 0.11250
vt 3.57356 0.11250
vt 3.57356 0.16250
vt 3.29867 0.16250
vt 3.57356 0.11250
vt 3.84845 0.11250
vt 3.84845 0.16250
vt 3.57356 0.16250
vt 3.84845 0.11250
vt 4.12334 0.11250
vt 4.12334 0.16250
vt 3.84845 0.16250
vt 4.12334 0.11250
vt 4.39823 0.11250
vt 4.39823 0.16250
vt 4.12334 0.16250
vt 4.39823 0.11250
vt 4.67312 0.11250
vt 4.67312 0.16250
vt 4.39823 0.16250
vt 4.67312 0.11250
vt 4.94801 0.11250
vt 4.94801 0.16250
vt 4.67312 0.16250
vt 4.94801 0.11250
vt 5.22290 0.11250
vt 5.22290 0.16250
vt 4.94801 0.16250
vt 5.22290 0.11250
vt 5.49779 0.11250
vt 5.49779 0.16250
vt 5.22290 0.16250
vt 5.49779 0.11250
vt 5.77268 0.11250
vt 5.77268 0.16250
vt 5.49779 0.16250
vt 5.77268 0.11250
vt 6.04757 0.11250
vt 6.04757 0.16250
vt 5.77268 0.16250
vt 6.04757 0.11250
vt 6.32246 0.11250
vt 6.32246 0.16250
vt 6.04757 0.16250
vt 6.32246 0.11250
vt 6.59734 0.11250
vt 6.59734 0.16250
vt 6.32246 0.16250
vt 0.00000 -0.16250
vt 0.26180 -0.16250
vt 0.26180 -0.16250
vt 0.00000 -0.16250
vt 0.26180 -0.16250
vt 0.52360 -0.16250
vt 0.52360 -0.16250
vt 0.26180 -0.16250
vt 0.52360 -0.16250
vt 0.78540 -0.16250
vt 0.78540 -0.16250
vt 0.52360 -0.16250
vt 0.78540 -0.16250
vt 1.04720 -0.16250
vt 1.04720 -0.16250
vt 0.78540 -0.16250
vt 1.04720 -0.16250
vt 1.30900 -0.16250
vt 1.30900 -0.16250
vt 1.04720 -0.16250
vt 1.30900 -0.16250
vt 1.57080 -0.16250
vt 1.57080 -0.16250
vt 1.30900 -0.16250
vt 1.57080 -0.16250
vt 1.83260 -0.16250
vt 1.83260 -0.16250
vt 1.57080 -0.16250
vt 1.83260 -0.16250
vt 2.09440 -0.16250
vt 2.09440 -0.16250
vt 1.83260 -0.16250
vt 2.09440 -0.16250
vt 2.35619 -0.16250
vt 2.35619 -0.16250
vt 2.09440 -0.16250
vt 2.35619 -0.16250
vt 2.61799 -0.16250
vt 2.61799 -0.16250
vt 2.35619 -0.16250
vt 2.61799 -0.16250
vt 2.87979 -0.16250
vt 2.87979 -0.16250
vt 2.61799 -0.16250
vt 2.87979 -0.16250
vt 3.14159 -0.16250
vt 3.14159 -0.16250
vt 2.87979 -0.16250
vt 3.14159 -0.16250
vt 3.40339 -0.16250
vt 3.40339 -0.16250
vt 3.14159 -0.16250
vt 3.40339 -0.16250
vt 3.66519 -0.16250
vt 3.66519 -0.16250
vt 3.40339 -0.16250
vt 3.66519 -0.16250
vt 3.92699 -0.16250
vt 3.92699 -0.16250
vt 3.66519 -0.16250
vt 3.92699 -0.16250
vt 4.18879 -0.16250
vt 4.18879 -0.16250
vt 3.92699 -0.16250
vt 4.18879 -0.16250
vt 4.45059 -0.16250
vt 4.45059 -0.16250
vt 4.18879 -0.16250
vt 4.45059 -0.16250
vt 4.71239 -0.16250
vt 4.71239 -0.16250
vt 4.45059 -0.16250
vt 4.71239 -0.16250
vt 4.97419 -0.16250
vt 4.97419 -0.16250
vt 4.71239 -0.16250
vt 4.97419 -0.16250
vt 5.23599 -0.16250
vt 5.23599 -0.16250
vt 4.97419 -0.16250
vt 5.23599 -0.16250
vt 5.49779 -0.16250
vt 5.49779 -0.16250
vt 5.23599 -0.16250
vt 5.49779 -0.16250
vt 5.75959 -0.16250
vt 5.75959 -0.16250
vt 5.49779 -0.16250
vt 5.75959 -0.16250
vt 6.02139 -0.16250
vt 6.02139 -0.16250
vt 5.75959 -0.16250
vt 6.02139 -0.16250
vt 6.28319 -0.16250
vt 6.28319 -0.16250
vt 6.02139 -0.16250
vt 0.00000 -0.16250
vt 0.26180 -0.16250
vt 0.26180 -0.08750
vt 0.00000 -0.08750
vt 0.26180 -0.16250
vt 0.52360 -0.16250
vt 0.52360 -0.08750
vt 0.26180 -0.08750
vt 0.52360 -0.16250
vt 0.78540 -0.16250
vt 0.78540 -0.08750
vt 0.52360 -0.08750
vt 0.78540 -0.16250
vt 1.04720 -0.16250
vt 1.04720 -0.08750
vt 0.78540 -0.08750
vt 1.04720 -0.16250
vt 1.30900 -0.16250
vt 1.30900 -0.08750
vt 1.04720 -0.08750
vt 1.30900 -0.16250
vt 1.57080 -0.16250
vt 1.57080 -0.08750
vt 1.30900 -0.08750
vt 1.57080 -0.16250
vt 1.83260 -0.16250
vt 1.83260 -0.08750
vt 1.57080 -0.08750
vt 1.83260 -0.16250
vt 2.09440 -0.16250
vt 2.09440 -0.08750
vt 1.83260 -0.08750
vt 2.09440 -0.16250
vt 2.35619 -0.16250
vt 2.35619 -0.08750
vt 2.09440 -0.08750
vt 2.35619 -0.16250
vt 2.61799 -0.16250
vt 2.61799 -0.08750
vt 2.35619 -0.08750
vt 2.61799 -0.16250
vt 2.87979 -0.16250
vt 2.87979 -0.08750
vt 2.61799 -0.08750
vt 2.87979 -0.16250
vt 3.14159 -0.16250
vt 3.14159 -0.08750
vt 2.87979 -0.08750
vt 3.14159 -0.16250
vt 3.40339 -0.16250
vt 3.40339 -0.08750
vt 3.14159 -0.08750
vt 3.40339 -0.16250
vt 3.66519 -0.16250
vt 3.66519 -0.08750
vt 3.40339 -0.08750
vt 3.66519 -0.16250
vt 3.92699 -0.16250
vt 3.92699 -0.08750
vt 3.66519 -0.08750
vt 3.92699 -0.16250
vt 4.18879 -0.16250
vt 4.18879 -0.08750
vt 3.92699 -0.08750
vt 4.18879 -0.16250
vt 4.45059 -0.16250
vt 4.45059 -0.08750
vt 4.18879 -0.08750
vt 4.45059 -0.16250
vt 4.71239 -0.16250
vt 4.71239 -0.08750
vt 4.45059 -0.08750
vt 4.71239 -0.16250
vt 4.97419 -0.16250
vt 4.97419 -0.08750
vt 4.71239 -0.08750
vt 4.97419 -0.16250
vt 5.23599 -0.16250
vt 5.23599 -0.08750
vt 4.97419 -0.08750
vt 5.23599 -0.16250
vt 5.49779 -0.16250
vt 5.49779 -0.08750
vt 5.23599 -0.08750
vt 5.49779 -0.16250
vt 5.75959 -0.16250
vt 5.75959 -0.08750
vt 5.49779 -0.08750
vt 5.75959 -0.16250
vt 6.02139 -0.16250
vt 6.02139 -0.08750
vt 5.75959 -0.08750
vt 6.02139 -0.16250
vt 6.28319 -0.16250
vt 6.28319 -0.08750
vt 6.02139 -0.08750
vt 0.00000 -0.08750
vt 0.26180 -0.08750
vt 0.26180 0.08750
vt 0.00000 0.08750
vt 0.26180 -0.08750
vt 0.52360 -0.08750
vt 0.52360 0.08750
vt 0.26180 0.08750
vt 0.52360 -0.08750
vt 0.78540 -0.08750
vt 0.78540 0.08750
vt 0.52360 0.08750
vt 0.78540 -0.08750
vt 1.04720 -0.08750
vt 1.04720 0.08750
vt 0.78540 0.08750
vt 1.04720 -0.08750
vt 1.30900 -0.08750
vt 1.30900 0.08750
vt 1.04720 0.08750
vt 1.30900 -0.08750
vt 1.57080 -0.08750
vt 1.57080 0.08750
vt 1.30900 0.08750
vt 1.57080 -0.08750
vt 1.83260 -0.08750
vt 1.83260 0.08750
vt 1.57080 0.08750
vt 1.83260 -0.08750
vt 2.09440 -0.08750
vt 2.09440 0.08750
vt 1.83260 0.08750
vt 2.09440 -0.08750
vt 2.35619 -0.08750
vt 2.35619 0.08750
vt 2.09440 0.08750
vt 2.35619 -0.08750
vt 2.61799 -0.08750
vt 2.61799 0.08750
vt 2.35619 0.08750
vt 2.61799 -0.08750
vt 2.87979 -0.08750
vt 2.87979 0.08750
vt 2.61799 0.08750
vt 2.87979 -0.08750
vt 3.14159 -0.08750
vt 3.14159 0.08750
vt 2.87979 0.08750
vt 3.14159 -0.08750
vt 3.40339 -0.08750
vt 3.40339 0.08750
vt 3.14159 0.08750
vt 3.40339 -0.08750
vt 3.66519 -0.08750
vt 3.66519 0.08750
vt 3.40339 0.08750
vt 3.66519 -0.08750
vt 3.92699 -0.08750
vt 3.92699 0.08750
vt 3.66519 0.08750
vt 3.92699 -0.08750
vt 4.18879 -0.08750
vt 4.18879 0.08750
vt 3.92699 0.08750
vt 4.18879 -0.08750
vt 4.45059 -0.08750
vt 4.45059 0.08750
vt 4.18879 0.08750
vt 4.45059 -0.08750
vt 4.71239 -0.08750
vt 4.71239 0.08750
vt 4.45059 0.08750
vt 4.71239 -0.08750
vt 4.97419 -0.08750
vt 4.97419 0.08750
vt 4.71239 0.08750
vt 4.97419 -0.08750
vt 5.23599 -0.08750
vt 5.23599 0.08750
vt 4.97419 0.08750
vt 5.23599 -0.08750
vt 5.49779 -0.08750
vt 5.49779 0.08750
vt 5.23599 0.08750
vt 5.49779 -0.08750
vt 5.75959 -0.08750
vt 5.75959 0.08750
vt 5.49779 0.08750
vt 5.75959 -0.08750
vt 6.02139 -0.08750
vt 6.02139 0.08750
vt 5.75959 0.08750
vt 6.02139 -0.08750
vt 6.28319 -0.08750
vt 6.28319 0.08750
vt 6.02139 0.08750
vt 0.00000 0.08750
vt 0.26180 0.08750
vt 0.26180 0.16250
vt 0.00000 0.16250
vt 0.26180 0.08750
vt 0.52360 0.08750
vt 0.52360 0.16250
vt 0.26180 0.16250
vt 0.52360 0.08750
vt 0.78540 0.08750
vt 0.78540 0.16250
vt 0.52360 0.16250
vt 0.78540 0.08750
vt 1.04720 0.08750
vt 1.04720 0.16250
vt 0.78540 0.16250
vt 1.04720 0.08750
vt 1.30900 0.08750
vt 1.30900 0.16250
vt 1.04720 0.16250
vt 1.30900 0.08750
vt 1.57080 0.08750
vt 1.57080 0.16250
vt 1.30900 0.16250
vt 1.57080 0.08750
vt 1.83260 0.08750
vt 1.83260 0.16250
vt 1.57080 0.16250
vt 1.83260 0.08750
vt 2.09440 0.08750
vt 2.09440 0.16250
vt 1.83260 0.16250
vt 2.09440 0.08750
vt 2.35619 0.08750
vt 2.35619 0.16250
vt 2.09440 0.16250
vt 2.35619 0.08750
vt 2.61799 0.08750
vt 2.61799 0.16250
vt 2.35619 0.16250
vt 2.61799 0.08750
vt 2.87979 0.08750
vt 2.87979 0.16250
vt 2.61799 0.16250
vt 2.87979 0.08750
vt 3.14159 0.08750
vt 3.14159 0.16250
vt 2.87979 0.16250
vt 3.14159 0.08750
vt 3.40339 0.08750
vt 3.40339 0.16250
vt 3.14159 0.16250
vt 3.40339 0.08750
vt 3.66519 0.08750
vt 3.66519 0.16250
vt 3.40339 0.16250
vt 3.66519 0.08750
vt 3.92699 0.08750
vt 3.92699 0.16250
vt 3.66519 0.16250
vt 3.92699 0.08750
vt 4.18879 0.08750
vt 4.18879 0.16250
vt 3.92699 0.16250
vt 4.18879 0.08750
vt 4.45059 0.08750
vt 4.45059 0.16250
vt 4.18879 0.16250
vt 4.45059 0.08750
vt 4.71239 0.08750
vt 4.71239 0.16250
vt 4.45059 0.16250
vt 4.71239 0.08750
vt 4.97419 0.08750
vt 4.97419 0.16250
vt 4.71239 0.16250
vt 4.97419 0.08750
vt 5.23599 0.08750
vt 5.23599 0.16250
vt 4.97419 0.16250
vt 5.23599 0.08750
vt 5.49779 0.08750
vt 5.49779 0.16250
vt 5.23599 0.16250
vt 5.49779 0.08750
vt 5.75959 0.08750
vt 5.75959 0.16250
vt 5.49779 0.16250
vt 5.75959 0.08750
vt 6.02139 0.08750
vt 6.02139 0.16250
vt 5.75959 0.16250
vt 6.02139 0.08750
vt 6.28319 0.08750
vt 6.28319 0.16250
vt 6.02139 0.16250
vt 0.00000 0.16250
vt 0.26180 0.16250
vt 0.26180 0.16250
vt 0.00000 0.16250
vt 0.26180 0.16250
vt 0.52360 0.16250
vt 0.52360 0.16250
vt 0.26180 0.16250
vt 0.52360 0.16250
vt 0.78540 0.16250
vt 0.78540 0.16250
vt 0.52360 0.16250
vt 0.78540 0.16250
vt 1.04720 0.16250
vt 1.04720 0.16250
vt 0.78540 0.16250
vt 1.04720 0.16250
vt 1.30900 0.16250
vt 1.30900 0.16250
vt 1.04720 0.16250
vt 1.30900 0.16250
vt 1.57080 0.16250
vt 1.57080 0.16250
vt 1.30900 0.16250
vt 1.57080 0.16250
vt 1.83260 0.16250
vt 1.83260 0.16250
vt 1.57080 0.16250
vt 1.83260 0.16250
vt 2.09440 0.16250
vt 2.09440 0.16250
vt 1.83260 0.16250
vt 2.09440 0.16250
vt 2.35619 0.16250
vt 2.35619 0.16250
vt 2.09440 0.16250
vt 2.35619 0.16250
vt 2.61799 0.16250
vt 2.61799 0.16250
vt 2.35619 0.16250
vt 2.61799 0.16250
vt 2.87979 0.16250
vt 2.87979 0.16250
vt 2.61799 0.16250
vt 2.87979 0.16250
vt 3.14159 0.16250
vt 3.14159 0.16250
vt 2.87979 0.16250
vt 3.14159 0.16250
vt 3.40339 0.16250
vt 3.40339 0.16250
vt 3.14159 0.16250
vt 3.40339 0.16250
vt 3.66519 0.16250
vt 3.66519 0.16250
vt 3.40339 0.16250
vt 3.66519 0.16250
vt 3.92699 0.16250
vt 3.92699 0.16250
vt 3.66519 0.16250
vt 3.92699 0.16250
vt 4.18879 0.16250
vt 4.18879 0.16250
vt 3.92699 0.16250
vt 4.18879 0.16250
vt 4.45059 0.16250
vt 4.45059 0.16250
vt 4.18879 0.16250
vt 4.45059 0.16250
vt 4.71239 0.16250
vt 4.71239 0.16250
vt 4.45059 0.16250
vt 4.71239 0.16250
vt 4.97419 0.16250
vt 4.97419 0.16250
vt 4.71239 0.16250
vt 4.97419 0.16250
vt 5.23599 0.16250
vt 5.23599 0.16250
vt 4.97419 0.16250
vt 5.23599 0.16250
vt 5.49779 0.16250
vt 5.49779 0.16250
vt 5.23599 0.16250
vt 5.49779 0.16250
vt 5.75959 0.16250
vt 5.75959 0.16250
vt 5.49779 0.16250
vt 5.75959 0.16250
vt 6.02139 0.16250
vt 6.02139 0.16250
vt 5.75959 0.16250
vt 6.02139 0.16250
vt 6.28319 0.16250
vt 6.28319 0.16250
vt 6.02139 0.16250
vt 0.00000 0.11250
vt 0.29452 0.11250
vt 0.29452 0.16250
vt 0.00000 0.16250
vt 0.29452 0.11250
vt 0.58905 0.11250
vt 0.58905 0.16250
vt 0.29452 0.16250
vt 0.58905 0.11250
vt 0.88357 0.11250
vt 0.88357 0.16250
vt 0.58905 0.16250
vt 0.88357 0.11250
vt 1.17810 0.11250
vt 1.17810 0.16250
vt 0.88357 0.16250
vt 1.17810 0.11250
vt 1.47262 0.11250
vt 1.47262 0.16250
vt 1.17810 0.16250
vt 1.47262 0.11250
vt 1.76715 0.11250
vt 1.76715 0.16250
vt 1.47262 0.16250
vt 1.76715 0.11250
vt 2.06167 0.11250
vt 2.06167 0.16250
vt 1.76715 0.16250
vt 2.06167 0.11250
vt 2.35619 0.11250
vt 2.35619 0.16250
vt 2.06167 0.16250
vt 2.35619 0.11250
vt 2.65072 0.11250
vt 2.65072 0.16250
vt 2.35619 0.16250
vt 2.65072 0.11250
vt 2.94524 0.11250
vt 2.94524 0.16250
vt 2.65072 0.16250
vt 2.94524 0.11250
vt 3.23977 0.11250
vt 3.23977 0.16250
vt 2.94524 0.16250
vt 3.23977 0.11250
vt 3.53429 0.11250
vt 3.53429 0.16250
vt 3.23977 0.16250
vt 3.53429 0.11250
vt 3.82882 0.11250
vt 3.82882 0.16250
vt 3.53429 0.16250
vt 3.82882 0.11250
vt 4.12334 0.11250
vt 4.12334 0.16250
vt 3.82882 0.16250
vt 4.12334 0.11250
vt 4.41786 0.11250
vt 4.41786 0.16250
vt 4.12334 0.16250
vt 4.41786 0.11250
vt 4.71239 0.11250
vt 4.71239 0.16250
vt 4.41786 0.16250
vt 4.71239 0.11250
vt 5.00691 0.11250
vt 5.00691 0.16250
vt 4.71239 0.16250
vt 5.00691 0.11250
vt 5.30144 0.11250
vt 5.30144 0.16250
vt 5.00691 0.16250
vt 5.30144 0.11250
vt 5.59596 0.11250
vt 5.59596 0.16250
vt 5.30144 0.16250
vt 5.59596 0.11250
vt 5.89049 0.11250
vt 5.89049 0.16250
vt 5.59596 0.16250
vt 5.89049 0.11250
vt 6.18501 0.11250
vt 6.18501 0.16250
vt 5.89049 0.16250
vt 6.18501 0.11250
vt 6.47953 0.11250
vt 6.47953 0.16250
vt 6.18501 0.16250
vt 6.47953 0.11250
vt 6.77406 0.11250
vt 6.77406 0.16250
vt 6.47953 0.16250
vt 6.77406 0.11250
vt 7.06858 0.11250
vt 7.06858 0.16250
vt 6.77406 0.16250
vt 0.00000 0.16250
vt 0.29452 0.16250
vt 0.29452 0.21250
vt 0.00000 0.21250
vt 0.29452 0.16250
vt 0.58905 0.16250
vt 0.58905 0.21250
vt 0.29452 0.21250
vt 0.58905 0.16250
vt 0.88357 0.16250
vt 0.88357 0.21250
vt 0.58905 0.21250
vt 0.88357 0.16250
vt 1.17810 0.16250
vt 1.17810 0.21250
vt 0.88357 0.21250
vt 1.17810 0.16250
vt 1.47262 0.16250
vt 1.47262 0.21250
vt 1.17810 0.21250
vt 1.47262 0.16250
vt 1.76715 0.16250
vt 1.76715 0.21250
vt 1.47262 0.21250
vt 1.76715 0.16250
vt 2.06167 0.16250
vt 2.06167 0.21250
vt 1.76715 0.21250
vt 2.06167 0.16250
vt 2.35619 0.16250
vt 2.35619 0.21250
vt 2.06167 0.21250
vt 2.35619 0.16250
vt 2.65072 0.16250
vt 2.65072 0.21250
vt 2.35619 0.21250
vt 2.65072 0.16250
vt 2.94524 0.16250
vt 2.94524 0.21250
vt 2.65072 0.21250
vt 2.94524 0.16250
vt 3.23977 0.16250
vt 3.23977 0.21250
vt 2.94524 0.21250
vt 3.23977 0.16250
vt 3.53429 0.16250
vt 3.53429 0.21250
vt 3.23977 0.21250
vt 3.53429 0.16250
vt 3.82882 0.16250
vt 3.82882 0.21250
vt 3.53429 0.21250
vt 3.82882 0.16250
vt 4.12334 0.16250
vt 4.12334 0.21250
vt 3.82882 0.21250
vt 4.12334 0.16250
vt 4.41786 0.16250
vt 4.41786 0.21250
vt 4.12334 0.21250
vt 4.41786 0.16250
vt 4.71239 0.16250
vt 4.71239 0.21250
vt 4.41786 0.21250
vt 4.71239 0.16250
vt 5.00691 0.16250
vt 5.00691 0.21250
vt 4.71239 0.21250
vt 5.00691 0.16250
vt 5.30144 0.16250
vt 5.30144 0.21250
vt 5.00691 0.21250
vt 5.30144 0.16250
vt 5.59596 0.16250
vt 5.59596 0.21250
vt 5.30144 0.21250
vt 5.59596 0.16250
vt 5.89049 0.16250
vt 5.89049 0.21250
vt 5.59596 0.21250
vt 5.89049 0.16250
vt 6.18501 0.16250
vt 6.18501 0.21250
vt 5.89049 0.21250
vt 6.18501 0.16250
vt 6.47953 0.16250
vt 6.47953 0.21250
vt 6.18501 0.21250
vt 6.47953 0.16250
vt 6.77406 0.16250
vt 6.77406 0.21250
vt 6.47953 0.21250
vt 6.77406 0.16250
vt 7.06858 0.16250
vt 7.06858 0.21250
vt 6.77406 0.21250
vt 0.00000 0.21250
vt 0.29452 0.21250
vt 0.29452 0.21250
vt 0.00000 0.21250
vt 0.29452 0.21250
vt 0.58905 0.21250
vt 0.58905 0.21250
vt 0.29452 0.21250
vt 0.58905 0.21250
vt 0.88357 0.21250
vt 0.88357 0.21250
vt 0.58905 0.21250
vt 0.88357 0.21250
vt 1.17810 0.21250
vt 1.17810 0.21250
vt 0.88357 0.21250
vt 1.17810 0.21250
vt 1.47262 0.21250
vt 1.47262 0.21250
vt 1.17810 0.21250
vt 1.47262 0.21250
vt 1.76715 0.21250
vt 1.76715 0.21250
vt 1.47262 0.21250
vt 1.76715 0.21250
vt 2.06167 0.21250
vt 2.06167 0.21250
vt 1.76715 0.21250
vt 2.06167 0.21250
vt 2.35619 0.21250
vt 2.35619 0.21250
vt 2.06167 0.21250
vt 2.35619 0.21250
vt 2.65072 0.21250
vt 2.65072 0.21250
vt 2.35619 0.21250
vt 2.65072 0.21250
vt 2.94524 0.21250
vt 2.94524 0.21250
vt 2.65072 0.21250
vt 2.94524 0.21250
vt 3.23977 0.21250
vt 3.23977 0.21250
vt 2.94524 0.21250
vt 3.23977 0.21250
vt 3.53429 0.21250
vt 3.53429 0.21250
vt 3.23977 0.21250
vt 3.53429 0.21250
vt 3.82882 0.21250
vt 3.82882 0.21250
vt 3.53429 0.21250
vt 3.82882 0.21250
vt 4.12334 0.21250
vt 4.12334 0.21250
vt 3.82882 0.21250
vt 4.12334 0.21250
vt 4.41786 0.21250
vt 4.41786 0.21250
vt 4.12334 0.21250
vt 4.41786 0.21250
vt 4.71239 0.21250
vt 4.71239 0.21250
vt 4.41786 0.21250
vt 4.71239 0.21250
vt 5.00691 0.21250
vt 5.00691 0.21250
vt 4.71239 0.21250
vt 5.00691 0.21250
vt 5.30144 0.21250
vt 5.30144 0.21250
vt 5.00691 0.21250
vt 5.30144 0.21250
vt 5.59596 0.21250
vt 5.59596 0.21250
vt 5.30144 0.21250
vt 5.59596 0.21250
vt 5.89049 0.21250
vt 5.89049 0.21250
vt 5.59596 0.21250
vt 5.89049 0.21250
vt 6.18501 0.21250
vt 6.18501 0.21250
vt 5.89049 0.21250
vt 6.18501 0.21250
vt 6.47953 0.21250
vt 6.47953 0.21250
vt 6.18501 0.21250
vt 6.47953 0.21250
vt 6.77406 0.21250
vt 6.77406 0.21250
vt 6.47953 0.21250
vt 6.77406 0.21250
vt 7.06858 0.21250
vt 7.06858 0.21250
vt 6.77406 0.21250
vt -5.45000 1.45000
vt -4.35000 1.45000
vt -4.35000 2.75000
vt -5.45000 2.75000
vt 4.35000 1.45000
vt 5.45000 1.45000
vt 5.45000 2.75000
vt 4.35000 2.75000
vt -5.45000 -5.45000
vt -4.05000 -5.45000
vt -4.05000 -4.35000
vt -5.45000 -4.35000
vt -5.45000 4.35000
vt -4.05000 4.35000
vt -4.05000 5.45000
vt -5.45000 5.45000
vt -5.45000 1.45000
vt -4.05000 1.45000
vt -4.05000 2.75000
vt -5.45000 2.75000
vt 4.05000 1.45000
vt 5.45000 1.45000
vt 5.45000 2.75000
vt 4.05000 2.75000
vt 0.00000 1.10000
vt 0.21991 1.10000
vt 0.21991 0.00000
vt 0.00000 0.00000
vt 0.21991 1.10000
vt 0.43982 1.10000
vt 0.43982 0.00000
vt 0.21991 0.00000
vt 0.43982 1.10000
vt 0.65973 1.10000
vt 0.65973 0.00000
vt 0.43982 0.00000
vt 0.65973 1.10000
vt 0.87965 1.10000
vt 0.87965 0.00000
vt 0.65973 0.00000
vt 0.87965 1.10000
vt 1.09956 1.10000
vt 1.09956 0.00000
vt 0.87965 0.00000
vt 1.09956 1.10000
vt 1.31947 1.10000
vt 1.31947 0.00000
vt 1.09956 0.00000
vt 1.31947 1.10000
vt 1.53938 1.10000
vt 1.53938 0.00000
vt 1.31947 0.00000
vt 1.53938 1.10000
vt 1.75929 1.10000
vt 1.75929 0.00000
vt 1.53938 0.00000
vt 1.75929 1.10000
vt 1.97920 1.10000
vt 1.97920 0.00000
vt 1.75929 0.00000
vt 1.97920 1.10000
vt 2.19911 1.10000
vt 2.19911 0.00000
vt 1.97920 0.00000
vt 0.00000 0.00000
vt 0.34907 0.00000
vt 0.34907 0.00000
vt 0.00000 0.00000
vt 0.34907 0.00000
vt 0.69813 0.00000
vt 0.69813 0.00000
vt 0.34907 0.00000
vt 0.69813 0.00000
vt 1.04720 0.00000
vt 1.04720 0.00000
vt 0.69813 0.00000
vt 1.04720 0.00000
vt 1.39626 0.00000
vt 1.39626 0.00000
vt 1.04720 0.00000
vt 1.39626 0.00000
vt 1.74533 0.00000
vt 1.74533 0.00000
vt 1.39626 0.00000
vt 1.74533 0.00000
vt 2.09440 0.00000
vt 2.09440 0.00000
vt 1.74533 0.00000
vt 2.09440 0.00000
vt 2.44346 0.00000
vt 2.44346 0.00000
vt 2.09440 0.00000
vt 2.44346 0.00000
vt 2.79253 0.00000
vt 2.79253 0.00000
vt 2.44346 0.00000
vt 2.79253 0.00000
vt 3.14159 0.00000
vt 3.14159 0.00000
vt 2.79253 0.00000
vt 3.14159 0.00000
vt 3.49066 0.00000
vt 3.49066 0.00000
vt 3.14159 0.00000
vt 3.49066 0.00000
vt 3.83972 0.00000
vt 3.83972 0.00000
vt 3.49066 0.00000
vt 3.83972 0.00000
vt 4.18879 0.00000
vt 4.18879 0.00000
vt 3.83972 0.00000
vt 4.18879 0.00000
vt 4.53786 0.00000
vt 4.53786 0.00000
vt 4.18879 0.00000
vt 4.53786 0.00000
vt 4.88692 0.00000
vt 4.88692 0.00000
vt 4.53786 0.00000
vt 4.88692 0.00000
vt 5.23599 0.00000
vt 5.23599 0.00000
vt 4.88692 0.00000
vt 5.23599 0.00000
vt 5.58505 0.00000
vt 5.58505 0.00000
vt 5.23599 0.00000
vt 5.58505 0.00000
vt 5.93412 0.00000
vt 5.93412 0.00000
vt 5.58505 0.00000
vt 5.93412 0.00000
vt 6.28319 0.00000
vt 6.28319 0.00000
vt 5.93412 0.00000
vt 0.00000 0.00000
vt 0.34907 0.00000
vt 0.34907 0.10000
vt 0.00000 0.10000
vt 0.34907 0.00000
vt 0.69813 0.00000
vt 0.69813 0.10000
vt 0.34907 0.10000
vt 0.69813 0.00000
vt 1.04720 0.00000
vt 1.04720 0.10000
vt 0.69813 0.10000
vt 1.04720 0.00000
vt 1.39626 0.00000
vt 1.39626 0.10000
vt 1.04720 0.10000
vt 1.39626 0.00000
vt 1.74533 0.00000
vt 1.74533 0.10000
vt 1.39626 0.10000
vt 1.74533 0.00000
vt 2.09440 0.00000
vt 2.09440 0.10000
vt 1.74533 0.10000
vt 2.09440 0.00000
vt 2.44346 0.00000
vt 2.44346 0.10000
vt 2.09440 0.10000
vt 2.44346 0.00000
vt 2.79253 0.00000
vt 2.79253 0.10000
vt 2.44346 0.10000
vt 2.79253 0.00000
vt 3.14159 0.00000
vt 3.14159 0.10000
vt 2.79253 0.10000
vt 3.14159 0.00000
vt 3.49066 0.00000
vt 3.49066 0.10000
vt 3.14159 0.10000
vt 3.49066 0.00000
vt 3.83972 0.00000
vt 3.83972 0.10000
vt 3.49066 0.10000
vt 3.83972 0.00000
vt 4.18879 0.00000
vt 4.18879 0.10000
vt 3.83972 0.10000
vt 4.18879 0.00000
vt 4.53786 0.00000
vt 4.53786 0.10000
vt 4.18879 0.10000
vt 4.53786 0.00000
vt 4.88692 0.00000
vt 4.88692 0.10000
vt 4.53786 0.10000
vt 4.88692 0.00000
vt 5.23599 0.00000
vt 5.23599 0.10000
vt 4.88692 0.10000
vt 5.23599 0.00000
vt 5.58505 0.00000
vt 5.58505 0.10000
vt 5.23599 0.10000
vt 5.58505 0.00000
vt 5.93412 0.00000
vt 5.93412 0.10000
vt 5.58505 0.10000
vt 5.93412 0.00000
vt 6.28319 0.00000
vt 6.28319 0.10000
vt 5.93412 0.10000
vt 0.00000 0.10000
vt 0.34907 0.10000
vt 0.34907 0.10000
vt 0.00000 0.10000
vt 0.34907 0.10000
vt 0.69813 0.10000
vt 0.69813 0.10000
vt 0.34907 0.10000
vt 0.69813 0.10000
vt 1.04720 0.10000
vt 1.04720 0.10000
vt 0.69813 0.10000
vt 1.04720 0.10000
vt 1.39626 0.10000
vt 1.39626 0.10000
vt 1.04720 0.10000
vt 1.39626 0.10000
vt 1.74533 0.10000
vt 1.74533 0.10000
vt 1.39626 0.10000
vt 1.74533 0.10000
vt 2.09440 0.10000
vt 2.09440 0.10000
vt 1.74533 0.10000
vt 2.09440 0.10000
vt 2.44346 0.10000
vt 2.44346 0.10000
vt 2.09440 0.10000
vt 2.44346 0.10000
vt 2.79253 0.10000
vt 2.79253 0.10000
vt 2.44346 0.10000
vt 2.79253 0.10000
vt 3.14159 0.10000
vt 3.14159 0.10000
vt 2.79253 0.10000
vt 3.14159 0.10000
vt 3.49066 0.10000
vt 3.49066 0.10000
vt 3.14159 0.10000
vt 3.49066 0.10000
vt 3.83972 0.10000
vt 3.83972 0.10000
vt 3.49066 0.10000
vt 3.83972 0.10000
vt 4.18879 0.10000
vt 4.18879 0.10000
vt 3.83972 0.10000
vt 4.18879 0.10000
vt 4.53786 0.10000
vt 4.53786 0.10000
vt 4.18879 0.10000
vt 4.53786 0.10000
vt 4.88692 0.10000
vt 4.88692 0.10000
vt 4.53786 0.10000
vt 4.88692 0.10000
vt 5.23599 0.10000
vt 5.23599 0.10000
vt 4.88692 0.10000
vt 5.23599 0.10000
vt 5.58505 0.10000
vt 5.58505 0.10000
vt 5.23599 0.10000
vt 5.58505 0.10000
vt 5.93412 0.10000
vt 5.93412 0.10000
vt 5.58505 0.10000
vt 5.93412 0.10000
vt 6.28319 0.10000
vt 6.28319 0.10000
vt 5.93412 0.10000
vt 0.00000 0.00000
vt 0.15708 0.00000
vt 0.15708 4.00000
vt 0.00000 4.00000
vt 0.15708 0.00000
vt 0.31416 0.00000
vt 0.31416 4.00000
vt 0.15708 4.00000
vt 0.31416 0.00000
vt 0.47124 0.00000
vt 0.47124 4.00000
vt 0.31416 4.00000
vt 0.47124 0.00000
vt 0.62832 0.00000
vt 0.62832 4.00000
vt 0.47124 4.00000
vt 0.62832 0.00000
vt 0.78540 0.00000
vt 0.78540 4.00000
vt 0.62832 4.00000
vt 0.78540 0.00000
vt 0.94248 0.00000
vt 0.94248 4.00000
vt 0.78540 4.00000
vt 0.94248 0.00000
vt 1.09956 0.00000
vt 1.09956 4.00000
vt 0.94248 4.00000
vt 1.09956 0.00000
vt 1.25664 0.00000
vt 1.25664 4.00000
vt 1.09956 4.00000
vt 1.25664 0.00000
vt 1.41372 0.00000
vt 1.41372 4.00000
vt 1.25664 4.00000
vt 1.41372 0.00000
vt 1.57080 0.00000
vt 1.57080 4.00000
vt 1.41372 4.00000
vt 0.20225 -0.14695
vt 0.07725 -0.23776
vt -0.07725 -0.23776
vt -0.20225 -0.14695
vt -0.25000 0.00000
vt -0.20225 0.14695
vt -0.07725 0.23776
vt 0.07725 0.23776
vt 0.20225 0.14695
vt 0.25000 0.00000
vt 0.25000 0.00000
vt 0.20225 0.14695
vt 0.07725 0.23776
vt -0.07725 0.23776
vt -0.20225 0.14695
vt -0.25000 0.00000
vt -0.20225 -0.14695
vt -0.07725 -0.23776
vt 0.07725 -0.23776
vt 0.20225 -0.14695
vt 0.00000 -0.16250
vt 0.27489 -0.16250
vt 0.27489 -0.11250
vt 0.00000 -0.11250
vt 0.27489 -0.16250
vt 0.54978 -0.16250
vt 0.54978 -0.11250
vt 0.27489 -0.11250
vt 0.54978 -0.16250
vt 0.82467 -0.16250
vt 0.82467 -0.11250
vt 0.54978 -0.11250
vt 0.82467 -0.16250
vt 1.09956 -0.16250
vt 1.09956 -0.11250
vt 0.82467 -0.11250
vt 1.09956 -0.16250
vt 1.37445 -0.16250
vt 1.37445 -0.11250
vt 1.09956 -0.11250
vt 1.37445 -0.16250
vt 1.64934 -0.16250
vt 1.64934 -0.11250
vt 1.37445 -0.11250
vt 1.64934 -0.16250
vt 1.92423 -0.16250
vt 1.92423 -0.11250
vt 1.64934 -0.11250
vt 1.92423 -0.16250
vt 2.19911 -0.16250
vt 2.19911 -0.11250
vt 1.92423 -0.11250
vt 2.19911 -0.16250
vt 2.47400 -0.16250
vt 2.47400 -0.11250
vt 2.19911 -0.11250
vt 2.47400 -0.16250
vt 2.74889 -0.16250
vt 2.74889 -0.11250
vt 2.47400 -0.11250
vt 2.74889 -0.16250
vt 3.02378 -0.16250
vt 3.02378 -0.11250
vt 2.74889 -0.11250
vt 3.02378 -0.16250
vt 3.29867 -0.16250
vt 3.29867 -0.11250
vt 3.02378 -0.11250
vt 3.29867 -0.16250
vt 3.57356 -0.16250
vt 3.57356 -0.11250
vt 3.29867 -0.11250
vt 3.57356 -0.16250
vt 3.84845 -0.16250
vt 3.84845 -0.11250
vt 3.57356 -0.11250
vt 3.84845 -0.16250
vt 4.12334 -0.16250
vt 4.12334 -0.11250
vt 3.84845 -0.11250
vt 4.12334 -0.16250
vt 4.39823 -0.16250
vt 4.39823 -0.11250
vt 4.12334 -0.11250
vt 4.39823 -0.16250
vt 4.67312 -0.16250
vt 4.67312 -0.11250
vt 4.39823 -0.11250
vt 4.67312 -0.16250
vt 4.94801 -0.16250
vt 4.94801 -0.11250
vt 4.67312 -0.11250
vt 4.94801 -0.16250
vt 5.22290 -0.16250
vt 5.22290 -0.11250
vt 4.94801 -0.11250
vt 5.22290 -0.16250
vt 5.49779 -0.16250
vt 5.49779 -0.11250
vt 5.22290 -0.11250
vt 5.49779 -0.16250
vt 5.77268 -0.16250
vt 5.77268 -0.11250
vt 5.49779 -0.11250
vt 5.77268 -0.16250
vt 6.04757 -0.16250
vt 6.04757 -0.11250
vt 5.77268 -0.11250
vt 6.04757 -0.16250
vt 6.32246 -0.16250
vt 6.32246 -0.11250
vt 6.04757 -0.11250
vt 6.32246 -0.16250
vt 6.59734 -0.16250
vt 6.59734 -0.11250
vt 6.32246 -0.11250
vt 0.00000 -0.11250
vt 0.27489 -0.11250
vt 0.27489 0.11250
vt 0.00000 0.11250
vt 0.27489 -0.11250
vt 0.54978 -0.11250
vt 0.54978 0.11250
vt 0.27489 0.11250
vt 0.54978 -0.11250
vt 0.82467 -0.11250
vt 0.82467 0.11250
vt 0.54978 0.11250
vt 0.82467 -0.11250
vt 1.09956 -0.11250
vt 1.09956 0.11250
vt 0.82467 0.11250
vt 1.09956 -0.11250
vt 1.37445 -0.11250
vt 1.37445 0.11250
vt 1.09956 0.11250
vt 1.37445 -0.11250
vt 1.64934 -0.11250
vt 1.64934 0.11250
vt 1.37445 0.11250
vt 1.64934 -0.11250
vt 1.92423 -0.11250
vt 1.92423 0.11250
vt 1.64934 0.11250
vt 1.92423 -0.11250
vt 2.19911 -0.11250
vt 2.19911 0.11250
vt 1.92423 0.11250
vt 2.19911 -0.11250
vt 2.47400 -0.11250
vt 2.47400 0.11250
vt 2.19911 0.11250
vt 2.47400 -0.11250
vt 2.74889 -0.11250
vt 2.74889 0.11250
vt 2.47400 0.11250
vt 2.74889 -0.11250
vt 3.02378 -0.11250
vt 3.02378 0.11250
vt 2.74889 0.11250
vt 3.02378 -0.11250
vt 3.29867 -0.11250
vt 3.29867 0.11250
vt 3.02378 0.11250
vt 3.29867 -0.11250
vt 3.57356 -0.11250
vt 3.57356 0.11250
vt 3.29867 0.11250
vt 3.57356 -0.11250
vt 3.84845 -0.11250
vt 3.84845 0.11250
vt 3.57356 0.11250
vt 3.84845 -0.11250
vt 4.12334 -0.11250
vt 4.12334 0.11250
vt 3.84845 0.11250
vt 4.12334 -0.11250
vt 4.39823 -0.11250
vt 4.39823 0.11250
vt 4.12334 0.11250
vt 4.39823 -0.11250
vt 4.67312 -0.11250
vt 4.67312 0.11250
vt 4.39823 0.11250
vt 4.67312 -0.11250
vt 4.94801 -0.11250
vt 4.94801 0.11250
vt 4.67312 0.11250
vt 4.94801 -0.11250
vt 5.22290 -0.11250
vt 5.22290 0.11250
vt 4.94801 0.11250
vt 5.22290 -0.11250
vt 5.49779 -0.11250
vt 5.49779 0.11250
vt 5.22290 0.11250
vt 5.49779 -0.11250
vt 5.77268 -0.11250
vt 5.77268 0.11250
vt 5.49779 0.11250
vt 5.77268 -0.11250
vt 6.04757 -0.11250
vt 6.04757 0.11250
vt 5.77268 0.11250
vt 6.04757 -0.11250
vt 6.32246 -0.11250
vt 6.32246 0.11250
vt 6.04757 0.11250
vt 6.32246 -0.11250
vt 6.59734 -0.11250
vt 6.59734 0.11250
vt 6.32246 0.11250
vt 0.00000 0.11250
vt 0.27489 0.11250
vt 0.27489 0.16250
vt 0.00000 0.16250
vt 0.27489 0.11250
vt 0.54978 0.11250
vt 0.54978 0.16250
vt 0.27489 0.16250
vt 0.54978 0.11250
vt 0.82467 0.11250
vt 0.82467 0.16250
vt 0.54978 0.16250
vt 0.82467 0.11250
vt 1.09956 0.11250
vt 1.09956 0.16250
vt 0.82467 0.16250
vt 1.09956 0.11250
vt 1.37445 0.11250
vt 1.37445 0.16250
vt 1.09956 0.16250
vt 1.37445 0.11250
vt 1.64934 0.11250
vt 1.64934 0.16250
vt 1.37445 0.16250
vt 1.64934 0.11250
vt 1.92423 0.11250
vt 1.92423 0.16250
vt 1.64934 0.16250
vt 1.92423 0.11250
vt 2.19911 0.11250
vt 2.19911 0.16250
vt 1.92423 0.16250
vt 2.19911 0.11250
vt 2.47400 0.11250
vt 2.47400 0.16250
vt 2.19911 0.16250
vt 2.47400 0.11250
vt 2.74889 0.11250
vt 2.74889 0.16250
vt 2.47400 0.16250
vt 2.74889 0.11250
vt 3.02378 0.11250
vt 3.02378 0.16250
vt 2.74889 0.16250
vt 3.02378 0.11250
vt 3.29867 0.11250
vt 3.29867 0.16250
vt 3.02378 0.16250
vt 3.29867 0.11250
vt 3.57356 0.11250
vt 3.57356 0.16250
vt 3.29867 0.16250
vt 3.57356 0.11250
vt 3.84845 0.11250
vt 3.84845 0.16250
vt 3.57356 0.16250
vt 3.84845 0.11250
vt 4.12334 0.11250
vt 4.12334 0.16250
vt 3.84845 0.16250
vt 4.12334 0.11250
vt 4.39823 0.11250
vt 4.39823 0.16250
vt 4.12334 0.16250
vt 4.39823 0.11250
vt 4.67312 0.11250
vt 4.67312 0.16250
vt 4.39823 0.16250
vt 4.67312 0.11250
vt 4.94801 0.11250
vt 4.94801 0.16250
vt 4.67312 0.16250
vt 4.94801 0.11250
vt 5.22290 0.11250
vt 5.22290 0.16250
vt 4.94801 0.16250
vt 5.22290 0.11250
vt 5.49779 0.11250
vt 5.49779 0.16250
vt 5.22290 0.16250
vt 5.49779 0.11250
vt 5.77268 0.11250
vt 5.77268 0.16250
vt 5.49779 0.16250
vt 5.77268 0.11250
vt 6.04757 0.11250
vt 6.04757 0.16250
vt 5.77268 0.16250
vt 6.04757 0.11250
vt 6.32246 0.11250
vt 6.32246 0.16250
vt 6.04757 0.16250
vt 6.32246 0.11250
vt 6.59734 0.11250
vt 6.59734 0.16250
vt 6.32246 0.16250
vt 0.00000 -0.16250
vt 0.26180 -0.16250
vt 0.26180 -0.16250
vt 0.00000 -0.16250
vt 0.26180 -0.16250
vt 0.52360 -0.16250
vt 0.52360 -0.16250
vt 0.26180 -0.16250
vt 0.52360 -0.16250
vt 0.78540 -0.16250
vt 0.78540 -0.16250
vt 0.52360 -0.16250
vt 0.78540 -0.16250
vt 1.04720 -0.16250
vt 1.04720 -0.16250
vt 0.78540 -0.16250
vt 1.04720 -0.16250
vt 1.30900 -0.16250
vt 1.30900 -0.16250
vt 1.04720 -0.16250
vt 1.30900 -0.16250
vt 1.57080 -0.16250
vt 1.57080 -0.16250
vt 1.30900 -0.16250
vt 1.57080 -0.16250
vt 1.83260 -0.16250
vt 1.83260 -0.16250
vt 1.57080 -0.16250
vt 1.83260 -0.16250
vt 2.09440 -0.16250
vt 2.09440 -0.16250
vt 1.83260 -0.16250
vt 2.09440 -0.16250
vt 2.35619 -0.16250
vt 2.35619 -0.16250
vt 2.09440 -0.16250
vt 2.35619 -0.16250
vt 2.61799 -0.16250
vt 2.61799 -0.16250
vt 2.35619 -0.16250
vt 2.61799 -0.16250
vt 2.87979 -0.16250
vt 2.87979 -0.16250
vt 2.61799 -0.16250
vt 2.87979 -0.16250
vt 3.14159 -0.16250
vt 3.14159 -0.16250
vt 2.87979 -0.16250
vt 3.14159 -0.16250
vt 3.40339 -0.16250
vt 3.40339 -0.16250
vt 3.14159 -0.16250
vt 3.40339 -0.16250
vt 3.66519 -0.16250
vt 3.66519 -0.16250
vt 3.40339 -0.16250
vt 3.66519 -0.16250
vt 3.92699 -0.16250
vt 3.92699 -0.16250
vt 3.66519 -0.16250
vt 3.92699 -0.16250
vt 4.18879 -0.16250
vt 4.18879 -0.16250
vt 3.92699 -0.16250
vt 4.18879 -0.16250
vt 4.45059 -0.16250
vt 4.45059 -0.16250
vt 4.18879 -0.16250
vt 4.45059 -0.16250
vt 4.71239 -0.16250
vt 4.71239 -0.16250
vt 4.45059 -0.16250
vt 4.71239 -0.16250
vt 4.97419 -0.16250
vt 4.97419 -0.16250
vt 4.71239 -0.16250
vt 4.97419 -0.16250
vt 5.23599 -0.16250
vt 5.23599 -0.16250
vt 4.97419 -0.16250
vt 5.23599 -0.16250
vt 5.49779 -0.16250
vt 5.49779 -0.16250
vt 5.23599 -0.16250
vt 5.49779 -0.16250
vt 5.75959 -0.16250
vt 5.75959 -0.16250
vt 5.49779 -0.16250
vt 5.75959 -0.16250
vt 6.02139 -0.16250
vt 6.02139 -0.16250
vt 5.75959 -0.16250
vt 6.02139 -0.16250
vt 6.28319 -0.16250
vt 6.28319 -0.16250
vt 6.02139 -0.16250
vt 0.00000 -0.16250
vt 0.26180 -0.16250
vt 0.26180 -0.08750
vt 0.00000 -0.08750
vt 0.26180 -0.16250
vt 0.52360 -0.16250
vt 0.52360 -0.08750
vt 0.26180 -0.08750
vt 0.52360 -0.16250
vt 0.78540 -0.16250
vt 0.78540 -0.08750
vt 0.52360 -0.08750
vt 0.78540 -0.16250
vt 1.04720 -0.16250
vt 1.04720 -0.08750
vt 0.78540 -0.08750
vt 1.04720 -0.16250
vt 1.30900 -0.16250
vt 1.30900 -0.08750
vt 1.04720 -0.08750
vt 1.30900 -0.16250
vt 1.57080 -0.16250
vt 1.57080 -0.08750
vt 1.30900 -0.08750
vt 1.57080 -0.16250
vt 1.83260 -0.16250
vt 1.83260 -0.08750
vt 1.57080 -0.08750
vt 1.83260 -0.16250
vt 2.09440 -0.16250
vt 2.09440 -0.08750
vt 1.83260 -0.08750
vt 2.09440 -0.16250
vt 2.35619 -0.16250
vt 2.35619 -0.08750
vt 2.09440 -0.08750
vt 2.35619 -0.16250
vt 2.61799 -0.16250
vt 2.61799 -0.08750
vt 2.35619 -0.08750
vt 2.61799 -0.16250
vt 2.87979 -0.16250
vt 2.87979 -0.08750
vt 2.61799 -0.08750
vt 2.87979 -0.16250
vt 3.14159 -0.16250
vt 3.14159 -0.08750
vt 2.87979 -0.08750
vt 3.14159 -0.16250
vt 3.40339 -0.16250
vt 3.40339 -0.08750
vt 3.14159 -0.08750
vt 3.40339 -0.16250
vt 3.66519 -0.16250
vt 3.66519 -0.08750
vt 3.40339 -0.08750
vt 3.66519 -0.16250
vt 3.92699 -0.16250
vt 3.92699 -0.08750
vt 3.66519 -0.08750
vt 3.92699 -0.16250
vt 4.18879 -0.16250
vt 4.18879 -0.08750
vt 3.92699 -0.08750
vt 4.18879 -0.16250
vt 4.45059 -0.16250
vt 4.45059 -0.08750
vt 4.18879 -0.08750
vt 4.45059 -0.16250
vt 4.71239 -0.16250
vt 4.71239 -0.08750
vt 4.45059 -0.08750
vt 4.71239 -0.16250
vt 4.97419 -0.16250
vt 4.97419 -0.08750
vt 4.71239 -0.08750
vt 4.97419 -0.16250
vt 5.23599 -0.16250
vt 5.23599 -0.08750
vt 4.97419 -0.08750
vt 5.23599 -0.16250
vt 5.49779 -0.16250
vt 5.49779 -0.08750
vt 5.23599 -0.08750
vt 5.49779 -0.16250
vt 5.75959 -0.16250
vt 5.75959 -0.08750
vt 5.49779 -0.08750
vt 5.75959 -0.16250
vt 6.02139 -0.16250
vt 6.02139 -0.08750
vt 5.75959 -0.08750
vt 6.02139 -0.16250
vt 6.28319 -0.16250
vt 6.28319 -0.08750
vt 6.02139 -0.08750
vt 0.00000 -0.08750
vt 0.26180 -0.08750
vt 0.26180 0.08750
vt 0.00000 0.08750
vt 0.26180 -0.08750
vt 0.52360 -0.08750
vt 0.52360 0.08750
vt 0.26180 0.08750
vt 0.52360 -0.08750
vt 0.78540 -0.08750
vt 0.78540 0.08750
vt 0.52360 0.08750
vt 0.78540 -0.08750
vt 1.04720 -0.08750
vt 1.04720 0.08750
vt 0.78540 0.08750
vt 1.04720 -0.08750
vt 1.30900 -0.08750
vt 1.30900 0.08750
vt 1.04720 0.08750
vt 1.30900 -0.08750
vt 1.57080 -0.08750
vt 1.57080 0.08750
vt 1.30900 0.08750
vt 1.57080 -0.08750
vt 1.83260 -0.08750
vt 1.83260 0.08750
vt 1.57080 0.08750
vt 1.83260 -0.08750
vt 2.09440 -0.08750
vt 2.09440 0.08750
vt 1.83260 0.08750
vt 2.09440 -0.08750
vt 2.35619 -0.08750
vt 2.35619 0.08750
vt 2.09440 0.08750
vt 2.35619 -0.08750
vt 2.61799 -0.08750
vt 2.61799 0.08750
vt 2.35619 0.08750
vt 2.61799 -0.08750
vt 2.87979 -0.08750
vt 2.87979 0.08750
vt 2.61799 0.08750
vt 2.87979 -0.08750
vt 3.14159 -0.08750
vt 3.14159 0.08750
vt 2.87979 0.08750
vt 3.14159 -0.08750
vt 3.40339 -0.08750
vt 3.40339 0.08750
vt 3.14159 0.08750
vt 3.40339 -0.08750
vt 3.66519 -0.08750
vt 3.66519 0.08750
vt 3.40339 0.08750
vt 3.66519 -0.08750
vt 3.92699 -0.08750
vt 3.92699 0.08750
vt 3.66519 0.08750
vt 3.92699 -0.08750
vt 4.18879 -0.08750
vt 4.18879 0.08750
vt 3.92699 0.08750
vt 4.18879 -0.08750
vt 4.45059 -0.08750
vt 4.45059 0.08750
vt 4.18879 0.08750
vt 4.45059 -0.08750
vt 4.71239 -0.08750
vt 4.71239 0.08750
vt 4.45059 0.08750
vt 4.71239 -0.08750
vt 4.97419 -0.08750
vt 4.97419 0.08750
vt 4.71239 0.08750
vt 4.97419 -0.08750
vt 5.23599 -0.08750
vt 5.23599 0.08750
vt 4.97419 0.08750
vt 5.23599 -0.08750
vt 5.49779 -0.08750
vt 5.49779 0.08750
vt 5.23599 0.08750
vt 5.49779 -0.08750
vt 5.75959 -0.08750
vt 5.75959 0.08750
vt 5.49779 0.08750
vt 5.75959 -0.08750
vt 6.02139 -0.08750
vt 6.02139 0.08750
vt 5.75959 0.08750
vt 6.02139 -0.08750
vt 6.28319 -0.08750
vt 6.28319 0.08750
vt 6.02139 0.08750
vt 0.00000 0.08750
vt 0.26180 0.08750
vt 0.26180 0.16250
vt 0.00000 0.16250
vt 0.26180 0.08750
vt 0.52360 0.08750
vt 0.52360 0.16250
vt 0.26180 0.16250
vt 0.52360 0.08750
vt 0.78540 0.08750
vt 0.78540 0.16250
vt 0.52360 0.16250
vt 0.78540 0.08750
vt 1.04720 0.08750
vt 1.04720 0.16250
vt 0.78540 0.16250
vt 1.04720 0.08750
vt 1.30900 0.08750
vt 1.30900 0.16250
vt 1.04720 0.16250
vt 1.30900 0.08750
vt 1.57080 0.08750
vt 1.57080 0.16250
vt 1.30900 0.16250
vt 1.57080 0.08750
vt 1.83260 0.08750
vt 1.83260 0.16250
vt 1.57080 0.16250
vt 1.83260 0.08750
vt 2.09440 0.08750
vt 2.09440 0.16250
vt 1.83260 0.16250
vt 2.09440 0.08750
vt 2.35619 0.08750
vt 2.35619 0.16250
vt 2.09440 0.16250
vt 2.35619 0.08750
vt 2.61799 0.08750
vt 2.61799 0.16250
vt 2.35619 0.16250
vt 2.61799 0.08750
vt 2.87979 0.08750
vt 2.87979 0.16250
vt 2.61799 0.16250
vt 2.87979 0.08750
vt 3.14159 0.08750
vt 3.14159 0.16250
vt 2.87979 0.16250
vt 3.14159 0.08750
vt 3.40339 0.08750
vt 3.40339 0.16250
vt 3.14159 0.16250
vt 3.40339 0.08750
vt 3.66519 0.08750
vt 3.66519 0.16250
vt 3.40339 0.16250
vt 3.66519 0.08750
vt 3.92699 0.08750
vt 3.92699 0.16250
vt 3.66519 0.16250
vt 3.92699 0.08750
vt 4.18879 0.08750
vt 4.18879 0.16250
vt 3.92699 0.16250
vt 4.18879 0.08750
vt 4.45059 0.08750
vt 4.45059 0.16250
vt 4.18879 0.16250
vt 4.45059 0.08750
vt 4.71239 0.08750
vt 4.71239 0.16250
vt 4.45059 0.16250
vt 4.71239 0.08750
vt 4.97419 0.08750
vt 4.97419 0.16250
vt 4.71239 0.16250
vt 4.97419 0.08750
vt 5.23599 0.08750
vt 5.23599 0.16250
vt 4.97419 0.16250
vt 5.23599 0.08750
vt 5.49779 0.08750
vt 5.49779 0.16250
vt 5.23599 0.16250
vt 5.49779 0.08750
vt 5.75959 0.08750
vt 5.75959 0.16250
vt 5.49779 0.16250
vt 5.75959 0.08750
vt 6.02139 0.08750
vt 6.02139 0.16250
vt 5.75959 0.16250
vt 6.02139 0.08750
vt 6.28319 0.08750
vt 6.28319 0.16250
vt 6.02139 0.16250
vt 0.00000 0.16250
vt 0.26180 0.16250
vt 0.26180 0.16250
vt 0.00000 0.16250
vt 0.26180 0.16250
vt 0.52360 0.16250
vt 0.52360 0.16250
vt 0.26180 0.16250
vt 0.52360 0.16250
vt 0.78540 0.16250
vt 0.78540 0.16250
vt 0.52360 0.16250
vt 0.78540 0.16250
vt 1.04720 0.16250
vt 1.04720 0.16250
vt 0.78540 0.16250
vt 1.04720 0.16250
vt 1.30900 0.16250
vt 1.30900 0.16250
vt 1.04720 0.16250
vt 1.30900 0.16250
vt 1.57080 0.16250
vt 1.57080 0.16250
vt 1.30900 0.16250
vt 1.57080 0.16250
vt 1.83260 0.16250
vt 1.83260 0.16250
vt 1.57080 0.16250
vt 1.83260 0.16250
vt 2.09440 0.16250
vt 2.09440 0.16250
vt 1.83260 0.16250
vt 2.09440 0.16250
vt 2.35619 0.16250
vt 2.35619 0.16250
vt 2.09440 0.16250
vt 2.35619 0.16250
vt 2.61799 0.16250
vt 2.61799 0.16250
vt 2.35619 0.16250
vt 2.61799 0.16250
vt 2.87979 0.16250
vt 2.87979 0.16250
vt 2.61799 0.16250
vt 2.87979 0.16250
vt 3.14159 0.16250
vt 3.14159 0.16250
vt 2.87979 0.16250
vt 3.14159 0.16250
vt 3.40339 0.16250
vt 3.40339 0.16250
vt 3.14159 0.16250
vt 3.40339 0.16250
vt 3.66519 0.16250
vt 3.66519 0.16250
vt 3.40339 0.16250
vt 3.66519 0.16250
vt 3.92699 0.16250
vt 3.92699 0.16250
vt 3.66519 0.16250
vt 3.92699 0.16250
vt 4.18879 0.16250
vt 4.18879 0.16250
vt 3.92699 0.16250
vt 4.18879 0.16250
vt 4.45059 0.16250
vt 4.45059 0.16250
vt 4.18879 0.16250
vt 4.45059 0.16250
vt 4.71239 0.16250
vt 4.71239 0.16250
vt 4.45059 0.16250
vt 4.71239 0.16250
vt 4.97419 0.16250
vt 4.97419 0.16250
vt 4.71239 0.16250
vt 4.97419 0.16250
vt 5.23599 0.16250
vt 5.23599 0.16250
vt 4.97419 0.16250
vt 5.23599 0.16250
vt 5.49779 0.16250
vt 5.49779 0.16250
vt 5.23599 0.16250
vt 5.49779 0.16250
vt 5.75959 0.16250
vt 5.75959 0.16250
vt 5.49779 0.16250
vt 5.75959 0.16250
vt 6.02139 0.16250
vt 6.02139 0.16250
vt 5.75959 0.16250
vt 6.02139 0.16250
vt 6.28319 0.16250
vt 6.28319 0.16250
vt 6.02139 0.16250
vt 0.00000 0.11250
vt 0.29452 0.11250
vt 0.29452 0.16250
vt 0.00000 0.16250
vt 0.29452 0.11250
vt 0.58905 0.11250
vt 0.58905 0.16250
vt 0.29452 0.16250
vt 0.58905 0.11250
vt 0.88357 0.11250
vt 0.88357 0.16250
vt 0.58905 0.16250
vt 0.88357 0.11250
vt 1.17810 0.11250
vt 1.17810 0.16250
vt 0.88357 0.16250
vt 1.17810 0.11250
vt 1.47262 0.11250
vt 1.47262 0.16250
vt 1.17810 0.16250
vt 1.47262 0.11250
vt 1.76715 0.11250
vt 1.76715 0.16250
vt 1.47262 0.16250
vt 1.76715 0.11250
vt 2.06167 0.11250
vt 2.06167 0.16250
vt 1.76715 0.16250
vt 2.06167 0.11250
vt 2.35619 0.11250
vt 2.35619 0.16250
vt 2.06167 0.16250
vt 2.35619 0.11250
vt 2.65072 0.11250
vt 2.65072 0.16250
vt 2.35619 0.16250
vt 2.65072 0.11250
vt 2.94524 0.11250
vt 2.94524 0.16250
vt 2.65072 0.16250
vt 2.94524 0.11250
vt 3.23977 0.11250
vt 3.23977 0.16250
vt 2.94524 0.16250
vt 3.23977 0.11250
vt 3.53429 0.11250
vt 3.53429 0.16250
vt 3.23977 0.16250
vt 3.53429 0.11250
vt 3.82882 0.11250
vt 3.82882 0.16250
vt 3.53429 0.16250
vt 3.82882 0.11250
vt 4.12334 0.11250
vt 4.12334 0.16250
vt 3.82882 0.16250
vt 4.12334 0.11250
vt 4.41786 0.11250
vt 4.41786 0.16250
vt 4.12334 0.16250
vt 4.41786 0.11250
vt 4.71239 0.11250
vt 4.71239 0.16250
vt 4.41786 0.16250
vt 4.71239 0.11250
vt 5.00691 0.11250
vt 5.00691 0.16250
vt 4.71239 0.16250
vt 5.00691 0.11250
vt 5.30144 0.11250
vt 5.30144 0.16250
vt 5.00691 0.16250
vt 5.30144 0.11250
vt 5.59596 0.11250
vt 5.59596 0.16250
vt 5.30144 0.16250
vt 5.59596 0.11250
vt 5.89049 0.11250
vt 5.89049 0.16250
vt 5.59596 0.16250
vt 5.89049 0.11250
vt 6.18501 0.11250
vt 6.18501 0.16250
vt 5.89049 0.16250
vt 6.18501 0.11250
vt 6.47953 0.11250
vt 6.47953 0.16250
vt 6.18501 0.16250
vt 6.47953 0.11250
vt 6.77406 0.11250
vt 6.77406 0.16250
vt 6.47953 0.16250
vt 6.77406 0.11250
vt 7.06858 0.11250
vt 7.06858 0.16250
vt 6.77406 0.16250
vt 0.00000 0.16250
vt 0.29452 0.16250
vt 0.29452 0.21250
vt 0.00000 0.21250
vt 0.29452 0.16250
vt 0.58905 0.16250
vt 0.58905 0.21250
vt 0.29452 0.21250
vt 0.58905 0.16250
vt 0.88357 0.16250
vt 0.88357 0.21250
vt 0.58905 0.21250
vt 0.88357 0.16250
vt 1.17810 0.16250
vt 1.17810 0.21250
vt 0.88357 0.21250
vt 1.17810 0.16250
vt 1.47262 0.16250
vt 1.47262 0.21250
vt 1.17810 0.21250
vt 1.47262 0.16250
vt 1.76715 0.16250
vt 1.76715 0.21250
vt 1.47262 0.21250
vt 1.76715 0.16250
vt 2.06167 0.16250
vt 2.06167 0.21250
vt 1.76715 0.21250
vt 2.06167 0.16250
vt 2.35619 0.16250
vt 2.35619 0.21250
vt 2.06167 0.21250
vt 2.35619 0.16250
vt 2.65072 0.16250
vt 2.65072 0.21250
vt 2.35619 0.21250
vt 2.65072 0.16250
vt 2.94524 0.16250
vt 2.94524 0.21250
vt 2.65072 0.21250
vt 2.94524 0.16250
vt 3.23977 0.16250
vt 3.23977 0.21250
vt 2.94524 0.21250
vt 3.23977 0.16250
vt 3.53429 0.16250
vt 3.53429 0.21250
vt 3.23977 0.21250
vt 3.53429 0.16250
vt 3.82882 0.16250
vt 3.82882 0.21250
vt 3.53429 0.21250
vt 3.82882 0.16250
vt 4.12334 0.16250
vt 4.12334 0.21250
vt 3.82882 0.21250
vt 4.12334 0.16250
vt 4.41786 0.16250
vt 4.41786 0.21250
vt 4.12334 0.21250
vt 4.41786 0.16250
vt 4.71239 0.16250
vt 4.71239 0.21250
vt 4.41786 0.21250
vt 4.71239 0.16250
vt 5.00691 0.16250
vt 5.00691 0.21250
vt 4.71239 0.21250
vt 5.00691 0.16250
vt 5.30144 0.16250
vt 5.30144 0.21250
vt 5.00691 0.21250
vt 5.30144 0.16250
vt 5.59596 0.16250
vt 5.59596 0.21250
vt 5.30144 0.21250
vt 5.59596 0.16250
vt 5.89049 0.16250
vt 5.89049 0.21250
vt 5.59596 0.21250
vt 5.89049 0.16250
vt 6.18501 0.16250
vt 6.18501 0.21250
vt 5.89049 0.21250
vt 6.18501 0.16250
vt 6.47953 0.16250
vt 6.47953 0.21250
vt 6.18501 0.21250
vt 6.47953 0.16250
vt 6.77406 0.16250
vt 6.77406 0.21250
vt 6.47953 0.21250
vt 6.77406 0.16250
vt 7.06858 0.16250
vt 7.06858 0.21250
vt 6.77406 0.21250
vt 0.00000 0.21250
vt 0.29452 0.21250
vt 0.29452 0.21250
vt 0.00000 0.21250
vt 0.29452 0.21250
vt 0.58905 0.21250
vt 0.58905 0.21250
vt 0.29452 0.21250
vt 0.58905 0.21250
vt 0.88357 0.21250
vt 0.88357 0.21250
vt 0.58905 0.21250
vt 0.88357 0.21250
vt 1.17810 0.21250
vt 1.17810 0.21250
vt 0.88357 0.21250
vt 1.17810 0.21250
vt 1.47262 0.21250
vt 1.47262 0.21250
vt 1.17810 0.21250
vt 1.47262 0.21250
vt 1.76715 0.21250
vt 1.76715 0.21250
vt 1.47262 0.21250
vt 1.76715 0.21250
vt 2.06167 0.21250
vt 2.06167 0.21250
vt 1.76715 0.21250
vt 2.06167 0.21250
vt 2.35619 0.21250
vt 2.35619 0.21250
vt 2.06167 0.21250
vt 2.35619 0.21250
vt 2.65072 0.21250
vt 2.65072 0.21250
vt 2.35619 0.21250
vt 2.65072 0.21250
vt 2.94524 0.21250
vt 2.94524 0.21250
vt 2.65072 0.21250
vt 2.94524 0.21250
vt 3.23977 0.21250
vt 3.23977 0.21250
vt 2.94524 0.21250
vt 3.23977 0.21250
vt 3.53429 0.21250
vt 3.53429 0.21250
vt 3.23977 0.21250
vt 3.53429 0.21250
vt 3.82882 0.21250
vt 3.82882 0.21250
vt 3.53429 0.21250
vt 3.82882 0.21250
vt 4.12334 0.21250
vt 4.12334 0.21250
vt 3.82882 0.21250
vt 4.12334 0.21250
vt 4.41786 0.21250
vt 4.41786 0.21250
vt 4.12334 0.21250
vt 4.41786 0.21250
vt 4.71239 0.21250
vt 4.71239 0.21250
vt 4.41786 0.21250
vt 4.71239 0.21250
vt 5.00691 0.21250
vt 5.00691 0.21250
vt 4.71239 0.21250
vt 5.00691 0.21250
vt 5.30144 0.21250
vt 5.30144 0.21250
vt 5.00691 0.21250
vt 5.30144 0.21250
vt 5.59596 0.21250
vt 5.59596 0.21250
vt 5.30144 0.21250
vt 5.59596 0.21250
vt 5.89049 0.21250
vt 5.89049 0.21250
vt 5.59596 0.21250
vt 5.89049 0.21250
vt 6.18501 0.21250
vt 6.18501 0.21250
vt 5.89049 0.21250
vt 6.18501 0.21250
vt 6.47953 0.21250
vt 6.47953 0.21250
vt 6.18501 0.21250
vt 6.47953 0.21250
vt 6.77406 0.21250
vt 6.77406 0.21250
vt 6.47953 0.21250
vt 6.77406 0.21250
vt 7.06858 0.21250
vt 7.06858 0.21250
vt 6.77406 0.21250
vt 4.35000 1.45000
vt 5.45000 1.45000
vt 5.45000 2.75000
vt 4.35000 2.75000
vt -5.45000 1.45000
vt -4.35000 1.45000
vt -4.35000 2.75000
vt -5.45000 2.75000
vt 4.05000 4.35000
vt 5.45000 4.35000
vt 5.45000 5.45000
vt 4.05000 5.45000
vt 4.05000 -5.45000
vt 5.45000 -5.45000
vt 5.45000 -4.35000
vt 4.05000 -4.35000
vt 4.05000 1.45000
vt 5.45000 1.45000
vt 5.45000 2.75000
vt 4.05000 2.75000
vt -5.45000 1.45000
vt -4.05000 1.45000
vt -4.05000 2.75000
vt -5.45000 2.75000
vt 0.00000 1.10000
vt 0.21991 1.10000
vt 0.21991 0.00000
vt 0.00000 0.00000
vt 0.21991 1.10000
vt 0.43982 1.10000
vt 0.43982 0.00000
vt 0.21991 0.00000
vt 0.43982 1.10000
vt 0.65973 1.10000
vt 0.65973 0.00000
vt 0.43982 0.00000
vt 0.65973 1.10000
vt 0.87965 1.10000
vt 0.87965 0.00000
vt 0.65973 0.00000
vt 0.87965 1.10000
vt 1.09956 1.10000
vt 1.09956 0.00000
vt 0.87965 0.00000
vt 1.09956 1.10000
vt 1.31947 1.10000
vt 1.31947 0.00000
vt 1.09956 0.00000
vt 1.31947 1.10000
vt 1.53938 1.10000
vt 1.53938 0.00000
vt 1.31947 0.00000
vt 1.53938 1.10000
vt 1.75929 1.10000
vt 1.75929 0.00000
vt 1.53938 0.00000
vt 1.75929 1.10000
vt 1.97920 1.10000
vt 1.97920 0.00000
vt 1.75929 0.00000
vt 1.97920 1.10000
vt 2.19911 1.10000
vt 2.19911 0.00000
vt 1.97920 0.00000
vt 0.00000 0.00000
vt 0.34907 0.00000
vt 0.34907 0.00000
vt 0.00000 0.00000
vt 0.34907 0.00000
vt 0.69813 0.00000
vt 0.69813 0.00000
vt 0.34907 0.00000
vt 0.69813 0.00000
vt 1.04720 0.00000
vt 1.04720 0.00000
vt 0.69813 0.00000
vt 1.04720 0.00000
vt 1.39626 0.00000
vt 1.39626 0.00000
vt 1.04720 0.00000
vt 1.39626 0.00000
vt 1.74533 0.00000
vt 1.74533 0.00000
vt 1.39626 0.00000
vt 1.74533 0.00000
vt 2.09440 0.00000
vt 2.09440 0.00000
vt 1.74533 0.00000
vt 2.09440 0.00000
vt 2.44346 0.00000
vt 2.44346 0.00000
vt 2.09440 0.00000
vt 2.44346 0.00000
vt 2.79253 0.00000
vt 2.79253 0.00000
vt 2.44346 0.00000
vt 2.79253 0.00000
vt 3.14159 0.00000
vt 3.14159 0.00000
vt 2.79253 0.00000
vt 3.14159 0.00000
vt 3.49066 0.00000
vt 3.49066 0.00000
vt 3.14159 0.00000
vt 3.49066 0.00000
vt 3.83972 0.00000
vt 3.83972 0.00000
vt 3.49066 0.00000
vt 3.83972 0.00000
vt 4.18879 0.00000
vt 4.18879 0.00000
vt 3.83972 0.00000
vt 4.18879 0.00000
vt 4.53786 0.00000
vt 4.53786 0.00000
vt 4.18879 0.00000
vt 4.53786 0.00000
vt 4.88692 0.00000
vt 4.88692 0.00000
vt 4.53786 0.00000
vt 4.88692 0.00000
vt 5.23599 0.00000
vt 5.23599 0.00000
vt 4.88692 0.00000
vt 5.23599 0.00000
vt 5.58505 0.00000
vt 5.58505 0.00000
vt 5.23599 0.00000
vt 5.58505 0.00000
vt 5.93412 0.00000
vt 5.93412 0.00000
vt 5.58505 0.00000
vt 5.93412 0.00000
vt 6.28319 0.00000
vt 6.28319 0.00000
vt 5.93412 0.00000
vt 0.00000 0.00000
vt 0.34907 0.00000
vt 0.34907 0.10000
vt 0.00000 0.10000
vt 0.34907 0.00000
vt 0.69813 0.00000
vt 0.69813 0.10000
vt 0.34907 0.10000
vt 0.69813 0.00000
vt 1.04720 0.00000
vt 1.04720 0.10000
vt 0.69813 0.10000
vt 1.04720 0.00000
vt 1.39626 0.00000
vt 1.39626 0.10000
vt 1.04720 0.10000
vt 1.39626 0.00000
vt 1.74533 0.00000
vt 1.74533 0.10000
vt 1.39626 0.10000
vt 1.74533 0.00000
vt 2.09440 0.00000
vt 2.09440 0.10000
vt 1.74533 0.10000
vt 2.09440 0.00000
vt 2.44346 0.00000
vt 2.44346 0.10000
vt 2.09440 0.10000
vt 2.44346 0.00000
vt 2.79253 0.00000
vt 2.79253 0.10000
vt 2.44346 0.10000
vt 2.79253 0.00000
vt 3.14159 0.00000
vt 3.14159 0.10000
vt 2.79253 0.10000
vt 3.14159 0.00000
vt 3.49066 0.00000
vt 3.49066 0.10000
vt 3.14159 0.10000
vt 3.49066 0.00000
vt 3.83972 0.00000
vt 3.83972 0.10000
vt 3.49066 0.10000
vt 3.83972 0.00000
vt 4.18879 0.00000
vt 4.18879 0.10000
vt 3.83972 0.10000
vt 4.18879 0.00000
vt 4.53786 0.00000
vt 4.53786 0.10000
vt 4.18879 0.10000
vt 4.53786 0.00000
vt 4.88692 0.00000
vt 4.88692 0.10000
vt 4.53786 0.10000
vt 4.88692 0.00000
vt 5.23599 0.00000
vt 5.23599 0.10000
vt 4.88692 0.10000
vt 5.23599 0.00000
vt 5.58505 0.00000
vt 5.58505 0.10000
vt 5.23599 0.10000
vt 5.58505 0.00000
vt 5.93412 0.00000
vt 5.93412 0.10000
vt 5.58505 0.10000
vt 5.93412 0.00000
vt 6.28319 0.00000
vt 6.28319 0.10000
vt 5.93412 0.10000
vt 0.00000 0.10000
vt 0.34907 0.10000
vt 0.34907 0.10000
vt 0.00000 0.10000
vt 0.34907 0.10000
vt 0.69813 0.10000
vt 0.69813 0.10000
vt 0.34907 0.10000
vt 0.69813 0.10000
vt 1.04720 0.10000
vt 1.04720 0.10000
vt 0.69813 0.10000
vt 1.04720 0.10000
vt 1.39626 0.10000
vt 1.39626 0.10000
vt 1.04720 0.10000
vt 1.39626 0.10000
vt 1.74533 0.10000
vt 1.74533 0.10000
vt 1.39626 0.10000
vt 1.74533 0.10000
vt 2.09440 0.10000
vt 2.09440 0.10000
vt 1.74533 0.10000
vt 2.09440 0.10000
vt 2.44346 0.10000
vt 2.44346 0.10000
vt 2.09440 0.10000
vt 2.44346 0.10000
vt 2.79253 0.10000
vt 2.79253 0.10000
vt 2.44346 0.10000
vt 2.79253 0.10000
vt 3.14159 0.10000
vt 3.14159 0.10000
vt 2.79253 0.10000
vt 3.14159 0.10000
vt 3.49066 0.10000
vt 3.49066 0.10000
vt 3.14159 0.10000
vt 3.49066 0.10000
vt 3.83972 0.10000
vt 3.83972 0.10000
vt 3.49066 0.10000
vt 3.83972 0.10000
vt 4.18879 0.10000
vt 4.18879 0.10000
vt 3.83972 0.10000
vt 4.18879 0.10000
vt 4.53786 0.10000
vt 4.53786 0.10000
vt 4.18879 0.10000
vt 4.53786 0.10000
vt 4.88692 0.10000
vt 4.88692 0.10000
vt 4.53786 0.10000
vt 4.88692 0.10000
vt 5.23599 0.10000
vt 5.23599 0.10000
vt 4.88692 0.10000
vt 5.23599 0.10000
vt 5.58505 0.10000
vt 5.58505 0.10000
vt 5.23599 0.10000
vt 5.58505 0.10000
vt 5.93412 0.10000
vt 5.93412 0.10000
vt 5.58505 0.10000
vt 5.93412 0.10000
vt 6.28319 0.10000
vt 6.28319 0.10000
vt 5.93412 0.10000
vt 0.00000 -0.16250
vt 0.27489 -0.16250
vt 0.27489 -0.11250
vt 0.00000 -0.11250
vt 0.27489 -0.16250
vt 0.54978 -0.16250
vt 0.54978 -0.11250
vt 0.27489 -0.11250
vt 0.54978 -0.16250
vt 0.82467 -0.16250
vt 0.82467 -0.11250
vt 0.54978 -0.11250
vt 0.82467 -0.16250
vt 1.09956 -0.16250
vt 1.09956 -0.11250
vt 0.82467 -0.11250
vt 1.09956 -0.16250
vt 1.37445 -0.16250
vt 1.37445 -0.11250
vt 1.09956 -0.11250
vt 1.37445 -0.16250
vt 1.64934 -0.16250
vt 1.64934 -0.11250
vt 1.37445 -0.11250
vt 1.64934 -0.16250
vt 1.92423 -0.16250
vt 1.92423 -0.11250
vt 1.64934 -0.11250
vt 1.92423 -0.16250
vt 2.19911 -0.16250
vt 2.19911 -0.11250
vt 1.92423 -0.11250
vt 2.19911 -0.16250
vt 2.47400 -0.16250
vt 2.47400 -0.11250
vt 2.19911 -0.11250
vt 2.47400 -0.16250
vt 2.74889 -0.16250
vt 2.74889 -0.11250
vt 2.47400 -0.11250
vt 2.74889 -0.16250
vt 3.02378 -0.16250
vt 3.02378 -0.11250
vt 2.74889 -0.11250
vt 3.02378 -0.16250
vt 3.29867 -0.16250
vt 3.29867 -0.11250
vt 3.02378 -0.11250
vt 3.29867 -0.16250
vt 3.57356 -0.16250
vt 3.57356 -0.11250
vt 3.29867 -0.11250
vt 3.57356 -0.16250
vt 3.84845 -0.16250
vt 3.84845 -0.11250
vt 3.57356 -0.11250
vt 3.84845 -0.16250
vt 4.12334 -0.16250
vt 4.12334 -0.11250
vt 3.84845 -0.11250
vt 4.12334 -0.16250
vt 4.39823 -0.16250
vt 4.39823 -0.11250
vt 4.12334 -0.11250
vt 4.39823 -0.16250
vt 4.67312 -0.16250
vt 4.67312 -0.11250
vt 4.39823 -0.11250
vt 4.67312 -0.16250
vt 4.94801 -0.16250
vt 4.94801 -0.11250
vt 4.67312 -0.11250
vt 4.94801 -0.16250
vt 5.22290 -0.16250
vt 5.22290 -0.11250
vt 4.94801 -0.11250
vt 5.22290 -0.16250
vt 5.49779 -0.16250
vt 5.49779 -0.11250
vt 5.22290 -0.11250
vt 5.49779 -0.16250
vt 5.77268 -0.16250
vt 5.77268 -0.11250
vt 5.49779 -0.11250
vt 5.77268 -0.16250
vt 6.04757 -0.16250
vt 6.04757 -0.11250
vt 5.77268 -0.11250
vt 6.04757 -0.16250
vt 6.32246 -0.16250
vt 6.32246 -0.11250
vt 6.04757 -0.11250
vt 6.32246 -0.16250
vt 6.59734 -0.16250
vt 6.59734 -0.11250
vt 6.32246 -0.11250
vt 0.00000 -0.11250
vt 0.27489 -0.11250
vt 0.27489 0.11250
vt 0.00000 0.11250
vt 0.27489 -0.11250
vt 0.54978 -0.11250
vt 0.54978 0.11250
vt 0.27489 0.11250
vt 0.54978 -0.11250
vt 0.82467 -0.11250
vt 0.82467 0.11250
vt 0.54978 0.11250
vt 0.82467 -0.11250
vt 1.09956 -0.11250
vt 1.09956 0.11250
vt 0.82467 0.11250
vt 1.09956 -0.11250
vt 1.37445 -0.11250
vt 1.37445 0.11250
vt 1.09956 0.11250
vt 1.37445 -0.11250
vt 1.64934 -0.11250
vt 1.64934 0.11250
vt 1.37445 0.11250
vt 1.64934 -0.11250
vt 1.92423 -0.11250
vt 1.92423 0.11250
vt 1.64934 0.11250
vt 1.92423 -0.11250
vt 2.19911 -0.11250
vt 2.19911 0.11250
vt 1.92423 0.11250
vt 2.19911 -0.11250
vt 2.47400 -0.11250
vt 2.47400 0.11250
vt 2.19911 0.11250
vt 2.47400 -0.11250
vt 2.74889 -0.11250
vt 2.74889 0.11250
vt 2.47400 0.11250
vt 2.74889 -0.11250
vt 3.02378 -0.11250
vt 3.02378 0.11250
vt 2.74889 0.11250
vt 3.02378 -0.11250
vt 3.29867 -0.11250
vt 3.29867 0.11250
vt 3.02378 0.11250
vt 3.29867 -0.11250
vt 3.57356 -0.11250
vt 3.57356 0.11250
vt 3.29867 0.11250
vt 3.57356 -0.11250
vt 3.84845 -0.11250
vt 3.84845 0.11250
vt 3.57356 0.11250
vt 3.84845 -0.11250
vt 4.12334 -0.11250
vt 4.12334 0.11250
vt 3.84845 0.11250
vt 4.12334 -0.11250
vt 4.39823 -0.11250
vt 4.39823 0.11250
vt 4.12334 0.11250
vt 4.39823 -0.11250
vt 4.67312 -0.11250
vt 4.67312 0.11250
vt 4.39823 0.11250
vt 4.67312 -0.11250
vt 4.94801 -0.11250
vt 4.94801 0.11250
vt 4.67312 0.11250
vt 4.94801 -0.11250
vt 5.22290 -0.11250
vt 5.22290 0.11250
vt 4.94801 0.11250
vt 5.22290 -0.11250
vt 5.49779 -0.11250
vt 5.49779 0.11250
vt 5.22290 0.11250
vt 5.49779 -0.11250
vt 5.77268 -0.11250
vt 5.77268 0.11250
vt 5.49779 0.11250
vt 5.77268 -0.11250
vt 6.04757 -0.11250
vt 6.04757 0.11250
vt 5.77268 0.11250
vt 6.04757 -0.11250
vt 6.32246 -0.11250
vt 6.32246 0.11250
vt 6.04757 0.11250
vt 6.32246 -0.11250
vt 6.59734 -0.11250
vt 6.59734 0.11250
vt 6.32246 0.11250
vt 0.00000 0.11250
vt 0.27489 0.11250
vt 0.27489 0.16250
vt 0.00000 0.16250
vt 0.27489 0.11250
vt 0.54978 0.11250
vt 0.54978 0.16250
vt 0.27489 0.16250
vt 0.54978 0.11250
vt 0.82467 0.11250
vt 0.82467 0.16250
vt 0.54978 0.16250
vt 0.82467 0.11250
vt 1.09956 0.11250
vt 1.09956 0.16250
vt 0.82467 0.16250
vt 1.09956 0.11250
vt 1.37445 0.11250
vt 1.37445 0.16250
vt 1.09956 0.16250
vt 1.37445 0.11250
vt 1.64934 0.11250
vt 1.64934 0.16250
vt 1.37445 0.16250
vt 1.64934 0.11250
vt 1.92423 0.11250
vt 1.92423 0.16250
vt 1.64934 0.16250
vt 1.92423 0.11250
vt 2.19911 0.11250
vt 2.19911 0.16250
vt 1.92423 0.16250
vt 2.19911 0.11250
vt 2.47400 0.11250
vt 2.47400 0.16250
vt 2.19911 0.16250
vt 2.47400 0.11250
vt 2.74889 0.11250
vt 2.74889 0.16250
vt 2.47400 0.16250
vt 2.74889 0.11250
vt 3.02378 0.11250
vt 3.02378 0.16250
vt 2.74889 0.16250
vt 3.02378 0.11250
vt 3.29867 0.11250
vt 3.29867 0.16250
vt 3.02378 0.16250
vt 3.29867 0.11250
vt 3.57356 0.11250
vt 3.57356 0.16250
vt 3.29867 0.16250
vt 3.57356 0.11250
vt 3.84845 0.11250
vt 3.84845 0.16250
vt 3.57356 0.16250
vt 3.84845 0.11250
vt 4.12334 0.11250
vt 4.12334 0.16250
vt 3.84845 0.16250
vt 4.12334 0.11250
vt 4.39823 0.11250
vt 4.39823 0.16250
vt 4.12334 0.16250
vt 4.39823 0.11250
vt 4.67312 0.11250
vt 4.67312 0.16250
vt 4.39823 0.16250
vt 4.67312 0.11250
vt 4.94801 0.11250
vt 4.94801 0.16250
vt 4.67312 0.16250
vt 4.94801 0.11250
vt 5.22290 0.11250
vt 5.22290 0.16250
vt 4.94801 0.16250
vt 5.22290 0.11250
vt 5.49779 0.11250
vt 5.49779 0.16250
vt 5.22290 0.16250
vt 5.49779 0.11250
vt 5.77268 0.11250
vt 5.77268 0.16250
vt 5.49779 0.16250
vt 5.77268 0.11250
vt 6.04757 0.11250
vt 6.04757 0.16250
vt 5.77268 0.16250
vt 6.04757 0.11250
vt 6.32246 0.11250
vt 6.32246 0.16250
vt 6.04757 0.16250
vt 6.32246 0.11250
vt 6.59734 0.11250
vt 6.59734 0.16250
vt 6.32246 0.16250
vt 0.00000 -0.16250
vt 0.26180 -0.16250
vt 0.26180 -0.16250
vt 0.00000 -0.16250
vt 0.26180 -0.16250
vt 0.52360 -0.16250
vt 0.52360 -0.16250
vt 0.26180 -0.16250
vt 0.52360 -0.16250
vt 0.78540 -0.16250
vt 0.78540 -0.16250
vt 0.52360 -0.16250
vt 0.78540 -0.16250
vt 1.04720 -0.16250
vt 1.04720 -0.16250
vt 0.78540 -0.16250
vt 1.04720 -0.16250
vt 1.30900 -0.16250
vt 1.30900 -0.16250
vt 1.04720 -0.16250
vt 1.30900 -0.16250
vt 1.57080 -0.16250
vt 1.57080 -0.16250
vt 1.30900 -0.16250
vt 1.57080 -0.16250
vt 1.83260 -0.16250
vt 1.83260 -0.16250
vt 1.57080 -0.16250
vt 1.83260 -0.16250
vt 2.09440 -0.16250
vt 2.09440 -0.16250
vt 1.83260 -0.16250
vt 2.09440 -0.16250
vt 2.35619 -0.16250
vt 2.35619 -0.16250
vt 2.09440 -0.16250
vt 2.35619 -0.16250
vt 2.61799 -0.16250
vt 2.61799 -0.16250
vt 2.35619 -0.16250
vt 2.61799 -0.16250
vt 2.87979 -0.16250
vt 2.87979 -0.16250
vt 2.61799 -0.16250
vt 2.87979 -0.16250
vt 3.14159 -0.16250
vt 3.14159 -0.16250
vt 2.87979 -0.16250
vt 3.14159 -0.16250
vt 3.40339 -0.16250
vt 3.40339 -0.16250
vt 3.14159 -0.16250
vt 3.40339 -0.16250
vt 3.66519 -0.16250
vt 3.66519 -0.16250
vt 3.40339 -0.16250
vt 3.66519 -0.16250
vt 3.92699 -0.16250
vt 3.92699 -0.16250
vt 3.66519 -0.16250
vt 3.92699 -0.16250
vt 4.18879 -0.16250
vt 4.18879 -0.16250
vt 3.92699 -0.16250
vt 4.18879 -0.16250
vt 4.45059 -0.16250
vt 4.45059 -0.16250
vt 4.18879 -0.16250
vt 4.45059 -0.16250
vt 4.71239 -0.16250
vt 4.71239 -0.16250
vt 4.45059 -0.16250
vt 4.71239 -0.16250
vt 4.97419 -0.16250
vt 4.97419 -0.16250
vt 4.71239 -0.16250
vt 4.97419 -0.16250
vt 5.23599 -0.16250
vt 5.23599 -0.16250
vt 4.97419 -0.16250
vt 5.23599 -0.16250
vt 5.49779 -0.16250
vt 5.49779 -0.16250
vt 5.23599 -0.16250
vt 5.49779 -0.16250
vt 5.75959 -0.16250
vt 5.75959 -0.16250
vt 5.49779 -0.16250
vt 5.75959 -0.16250
vt 6.02139 -0.16250
vt 6.02139 -0.16250
vt 5.75959 -0.16250
vt 6.02139 -0.16250
vt 6.28319 -0.16250
vt 6.28319 -0.16250
vt 6.02139 -0.16250
vt 0.00000 -0.16250
vt 0.26180 -0.16250
vt 0.26180 -0.08750
vt 0.00000 -0.08750
vt 0.26180 -0.16250
vt 0.52360 -0.16250
vt 0.52360 -0.08750
vt 0.26180 -0.08750
vt 0.52360 -0.16250
vt 0.78540 -0.16250
vt 0.78540 -0.08750
vt 0.52360 -0.08750
vt 0.78540 -0.16250
vt 1.04720 -0.16250
vt 1.04720 -0.08750
vt 0.78540 -0.08750
vt 1.04720 -0.16250
vt 1.30900 -0.16250
vt 1.30900 -0.08750
vt 1.04720 -0.08750
vt 1.30900 -0.16250
vt 1.57080 -0.16250
vt 1.57080 -0.08750
vt 1.30900 -0.08750
vt 1.57080 -0.16250
vt 1.83260 -0.16250
vt 1.83260 -0.08750
vt 1.57080 -0.08750
vt 1.83260 -0.16250
vt 2.09440 -0.16250
vt 2.09440 -0.08750
vt 1.83260 -0.08750
vt 2.09440 -0.16250
vt 2.35619 -0.16250
vt 2.35619 -0.08750
vt 2.09440 -0.08750
vt 2.35619 -0.16250
vt 2.61799 -0.16250
vt 2.61799 -0.08750
vt 2.35619 -0.08750
vt 2.61799 -0.16250
vt 2.87979 -0.16250
vt 2.87979 -0.08750
vt 2.61799 -0.08750
vt 2.87979 -0.16250
vt 3.14159 -0.16250
vt 3.14159 -0.08750
vt 2.87979 -0.08750
vt 3.14159 -0.16250
vt 3.40339 -0.16250
vt 3.40339 -0.08750
vt 3.14159 -0.08750
vt 3.40339 -0.16250
vt 3.66519 -0.16250
vt 3.66519 -0.08750
vt 3.40339 -0.08750
vt 3.66519 -0.16250
vt 3.92699 -0.16250
vt 3.92699 -0.08750
vt 3.66519 -0.08750
vt 3.92699 -0.16250
vt 4.18879 -0.16250
vt 4.18879 -0.08750
vt 3.92699 -0.08750
vt 4.18879 -0.16250
vt 4.45059 -0.16250
vt 4.45059 -0.08750
vt 4.18879 -0.08750
vt 4.45059 -0.16250
vt 4.71239 -0.16250
vt 4.71239 -0.08750
vt 4.45059 -0.08750
vt 4.71239 -0.16250
vt 4.97419 -0.16250
vt 4.97419 -0.08750
vt 4.71239 -0.08750
vt 4.97419 -0.16250
vt 5.23599 -0.16250
vt 5.23599 -0.08750
vt 4.97419 -0.08750
vt 5.23599 -0.16250
vt 5.49779 -0.16250
vt 5.49779 -0.08750
vt 5.23599 -0.08750
vt 5.49779 -0.16250
vt 5.75959 -0.16250
vt 5.75959 -0.08750
vt 5.49779 -0.08750
vt 5.75959 -0.16250
vt 6.02139 -0.16250
vt 6.02139 -0.08750
vt 5.75959 -0.08750
vt 6.02139 -0.16250
vt 6.28319 -0.16250
vt 6.28319 -0.08750
vt 6.02139 -0.08750
vt 0.00000 -0.08750
vt 0.26180 -0.08750
vt 0.26180 0.08750
vt 0.00000 0.08750
vt 0.26180 -0.08750
vt 0.52360 -0.08750
vt 0.52360 0.08750
vt 0.26180 0.08750
vt 0.52360 -0.08750
vt 0.78540 -0.08750
vt 0.78540 0.08750
vt 0.52360 0.08750
vt 0.78540 -0.08750
vt 1.04720 -0.08750
vt 1.04720 0.08750
vt 0.78540 0.08750
vt 1.04720 -0.08750
vt 1.30900 -0.08750
vt 1.30900 0.08750
vt 1.04720 0.08750
vt 1.30900 -0.08750
vt 1.57080 -0.08750
vt 1.57080 0.08750
vt 1.30900 0.08750
vt 1.57080 -0.08750
vt 1.83260 -0.08750
vt 1.83260 0.08750
vt 1.57080 0.08750
vt 1.83260 -0.08750
vt 2.09440 -0.08750
vt 2.09440 0.08750
vt 1.83260 0.08750
vt 2.09440 -0.08750
vt 2.35619 -0.08750
vt 2.35619 0.08750
vt 2.09440 0.08750
vt 2.35619 -0.08750
vt 2.61799 -0.08750
vt 2.61799 0.08750
vt 2.35619 0.08750
vt 2.61799 -0.08750
vt 2.87979 -0.08750
vt 2.87979 0.08750
vt 2.61799 0.08750
vt 2.87979 -0.08750
vt 3.14159 -0.08750
vt 3.14159 0.08750
vt 2.87979 0.08750
vt 3.14159 -0.08750
vt 3.40339 -0.08750
vt 3.40339 0.08750
vt 3.14159 0.08750
vt 3.40339 -0.08750
vt 3.66519 -0.08750
vt 3.66519 0.08750
vt 3.40339 0.08750
vt 3.66519 -0.08750
vt 3.92699 -0.08750
vt 3.92699 0.08750
vt 3.66519 0.08750
vt 3.92699 -0.08750
vt 4.18879 -0.08750
vt 4.18879 0.08750
vt 3.92699 0.08750
vt 4.18879 -0.08750
vt 4.45059 -0.08750
vt 4.45059 0.08750
vt 4.18879 0.08750
vt 4.45059 -0.08750
vt 4.71239 -0.08750
vt 4.71239 0.08750
vt 4.45059 0.08750
vt 4.71239 -0.08750
vt 4.97419 -0.08750
vt 4.97419 0.08750
vt 4.71239 0.08750
vt 4.97419 -0.08750
vt 5.23599 -0.08750
vt 5.23599 0.08750
vt 4.97419 0.08750
vt 5.23599 -0.08750
vt 5.49779 -0.08750
vt 5.49779 0.08750
vt 5.23599 0.08750
vt 5.49779 -0.08750
vt 5.75959 -0.08750
vt 5.75959 0.08750
vt 5.49779 0.08750
vt 5.75959 -0.08750
vt 6.02139 -0.08750
vt 6.02139 0.08750
vt 5.75959 0.08750
vt 6.02139 -0.08750
vt 6.28319 -0.08750
vt 6.28319 0.08750
vt 6.02139 0.08750
vt 0.00000 0.08750
vt 0.26180 0.08750
vt 0.26180 0.16250
vt 0.00000 0.16250
vt 0.26180 0.08750
vt 0.52360 0.08750
vt 0.52360 0.16250
vt 0.26180 0.16250
vt 0.52360 0.08750
vt 0.78540 0.08750
vt 0.78540 0.16250
vt 0.52360 0.16250
vt 0.78540 0.08750
vt 1.04720 0.08750
vt 1.04720 0.16250
vt 0.78540 0.16250
vt 1.04720 0.08750
vt 1.30900 0.08750
vt 1.30900 0.16250
vt 1.04720 0.16250
vt 1.30900 0.08750
vt 1.57080 0.08750
vt 1.57080 0.16250
vt 1.30900 0.16250
vt 1.57080 0.08750
vt 1.83260 0.08750
vt 1.83260 0.16250
vt 1.57080 0.16250
vt 1.83260 0.08750
vt 2.09440 0.08750
vt 2.09440 0.16250
vt 1.83260 0.16250
vt 2.09440 0.08750
vt 2.35619 0.08750
vt 2.35619 0.16250
vt 2.09440 0.16250
vt 2.35619 0.08750
vt 2.61799 0.08750
vt 2.61799 0.16250
vt 2.35619 0.16250
vt 2.61799 0.08750
vt 2.87979 0.08750
vt 2.87979 0.16250
vt 2.61799 0.16250
vt 2.87979 0.08750
vt 3.14159 0.08750
vt 3.14159 0.16250
vt 2.87979 0.16250
vt 3.14159 0.08750
vt 3.40339 0.08750
vt 3.40339 0.16250
vt 3.14159 0.16250
vt 3.40339 0.08750
vt 3.66519 0.08750
vt 3.66519 0.16250
vt 3.40339 0.16250
vt 3.66519 0.08750
vt 3.92699 0.08750
vt 3.92699 0.16250
vt 3.66519 0.16250
vt 3.92699 0.08750
vt 4.18879 0.08750
vt 4.18879 0.16250
vt 3.92699 0.16250
vt 4.18879 0.08750
vt 4.45059 0.08750
vt 4.45059 0.16250
vt 4.18879 0.16250
vt 4.45059 0.08750
vt 4.71239 0.08750
vt 4.71239 0.16250
vt 4.45059 0.16250
vt 4.71239 0.08750
vt 4.97419 0.08750
vt 4.97419 0.16250
vt 4.71239 0.16250
vt 4.97419 0.08750
vt 5.23599 0.08750
vt 5.23599 0.16250
vt 4.97419 0.16250
vt 5.23599 0.08750
vt 5.49779 0.08750
vt 5.49779 0.16250
vt 5.23599 0.16250
vt 5.49779 0.08750
vt 5.75959 0.08750
vt 5.75959 0.16250
vt 5.49779 0.16250
vt 5.75959 0.08750
vt 6.02139 0.08750
vt 6.02139 0.16250
vt 5.75959 0.16250
vt 6.02139 0.08750
vt 6.28319 0.08750
vt 6.28319 0.16250
vt 6.02139 0.16250
vt 0.00000 0.16250
vt 0.26180 0.16250
vt 0.26180 0.16250
vt 0.00000 0.16250
vt 0.26180 0.16250
vt 0.52360 0.16250
vt 0.52360 0.16250
vt 0.26180 0.16250
vt 0.52360 0.16250
vt 0.78540 0.16250
vt 0.78540 0.16250
vt 0.52360 0.16250
vt 0.78540 0.16250
vt 1.04720 0.16250
vt 1.04720 0.16250
vt 0.78540 0.16250
vt 1.04720 0.16250
vt 1.30900 0.16250
vt 1.30900 0.16250
vt 1.04720 0.16250
vt 1.30900 0.16250
vt 1.57080 0.16250
vt 1.57080 0.16250
vt 1.30900 0.16250
vt 1.57080 0.16250
vt 1.83260 0.16250
vt 1.83260 0.16250
vt 1.57080 0.16250
vt 1.83260 0.16250
vt 2.09440 0.16250
vt 2.09440 0.16250
vt 1.83260 0.16250
vt 2.09440 0.16250
vt 2.35619 0.16250
vt 2.35619 0.16250
vt 2.09440 0.16250
vt 2.35619 0.16250
vt 2.61799 0.16250
vt 2.61799 0.16250
vt 2.35619 0.16250
vt 2.61799 0.16250
vt 2.87979 0.16250
vt 2.87979 0.16250
vt 2.61799 0.16250
vt 2.87979 0.16250
vt 3.14159 0.16250
vt 3.14159 0.16250
vt 2.87979 0.16250
vt 3.14159 0.16250
vt 3.40339 0.16250
vt 3.40339 0.16250
vt 3.14159 0.16250
vt 3.40339 0.16250
vt 3.66519 0.16250
vt 3.66519 0.16250
vt 3.40339 0.16250
vt 3.66519 0.16250
vt 3.92699 0.16250
vt 3.92699 0.16250
vt 3.66519 0.16250
vt 3.92699 0.16250
vt 4.18879 0.16250
vt 4.18879 0.16250
vt 3.92699 0.16250
vt 4.18879 0.16250
vt 4.45059 0.16250
vt 4.45059 0.16250
vt 4.18879 0.16250
vt 4.45059 0.16250
vt 4.71239 0.16250
vt 4.71239 0.16250
vt 4.45059 0.16250
vt 4.71239 0.16250
vt 4.97419 0.16250
vt 4.97419 0.16250
vt 4.71239 0.16250
vt 4.97419 0.16250
vt 5.23599 0.16250
vt 5.23599 0.16250
vt 4.97419 0.16250
vt 5.23599 0.16250
vt 5.49779 0.16250
vt 5.49779 0.16250
vt 5.23599 0.16250
vt 5.49779 0.16250
vt 5.75959 0.16250
vt 5.75959 0.16250
vt 5.49779 0.16250
vt 5.75959 0.16250
vt 6.02139 0.16250
vt 6.02139 0.16250
vt 5.75959 0.16250
vt 6.02139 0.16250
vt 6.28319 0.16250
vt 6.28319 0.16250
vt 6.02139 0.16250
vt 0.00000 0.11250
vt 0.29452 0.11250
vt 0.29452 0.16250
vt 0.00000 0.16250
vt 0.29452 0.11250
vt 0.58905 0.11250
vt 0.58905 0.16250
vt 0.29452 0.16250
vt 0.58905 0.11250
vt 0.88357 0.11250
vt 0.88357 0.16250
vt 0.58905 0.16250
vt 0.88357 0.11250
vt 1.17810 0.11250
vt 1.17810 0.16250
vt 0.88357 0.16250
vt 1.17810 0.11250
vt 1.47262 0.11250
vt 1.47262 0.16250
vt 1.17810 0.16250
vt 1.47262 0.11250
vt 1.76715 0.11250
vt 1.76715 0.16250
vt 1.47262 0.16250
vt 1.76715 0.11250
vt 2.06167 0.11250
vt 2.06167 0.16250
vt 1.76715 0.16250
vt 2.06167 0.11250
vt 2.35619 0.11250
vt 2.35619 0.16250
vt 2.06167 0.16250
vt 2.35619 0.11250
vt 2.65072 0.11250
vt 2.65072 0.16250
vt 2.35619 0.16250
vt 2.65072 0.11250
vt 2.94524 0.11250
vt 2.94524 0.16250
vt 2.65072 0.16250
vt 2.94524 0.11250
vt 3.23977 0.11250
vt 3.23977 0.16250
vt 2.94524 0.16250
vt 3.23977 0.11250
vt 3.53429 0.11250
vt 3.53429 0.16250
vt 3.23977 0.16250
vt 3.53429 0.11250
vt 3.82882 0.11250
vt 3.82882 0.16250
vt 3.53429 0.16250
vt 3.82882 0.11250
vt 4.12334 0.11250
vt 4.12334 0.16250
vt 3.82882 0.16250
vt 4.12334 0.11250
vt 4.41786 0.11250
vt 4.41786 0.16250
vt 4.12334 0.16250
vt 4.41786 0.11250
vt 4.71239 0.11250
vt 4.71239 0.16250
vt 4.41786 0.16250
vt 4.71239 0.11250
vt 5.00691 0.11250
vt 5.00691 0.16250
vt 4.71239 0.16250
vt 5.00691 0.11250
vt 5.30144 0.11250
vt 5.30144 0.16250
vt 5.00691 0.16250
vt 5.30144 0.11250
vt 5.59596 0.11250
vt 5.59596 0.16250
vt 5.30144 0.16250
vt 5.59596 0.11250
vt 5.89049 0.11250
vt 5.89049 0.16250
vt 5.59596 0.16250
vt 5.89049 0.11250
vt 6.18501 0.11250
vt 6.18501 0.16250
vt 5.89049 0.16250
vt 6.18501 0.11250
vt 6.47953 0.11250
vt 6.47953 0.16250
vt 6.18501 0.16250
vt 6.47953 0.11250
vt 6.77406 0.11250
vt 6.77406 0.16250
vt 6.47953 0.16250
vt 6.77406 0.11250
vt 7.06858 0.11250
vt 7.06858 0.16250
vt 6.77406 0.16250
vt 0.00000 0.16250
vt 0.29452 0.16250
vt 0.29452 0.21250
vt 0.00000 0.21250
vt 0.29452 0.16250
vt 0.58905 0.16250
vt 0.58905 0.21250
vt 0.29452 0.21250
vt 0.58905 0.16250
vt 0.88357 0.16250
vt 0.88357 0.21250
vt 0.58905 0.21250
vt 0.88357 0.16250
vt 1.17810 0.16250
vt 1.17810 0.21250
vt 0.88357 0.21250
vt 1.17810 0.16250
vt 1.47262 0.16250
vt 1.47262 0.21250
vt 1.17810 0.21250
vt 1.47262 0.16250
vt 1.76715 0.16250
vt 1.76715 0.21250
vt 1.47262 0.21250
vt 1.76715 0.16250
vt 2.06167 0.16250
vt 2.06167 0.21250
vt 1.76715 0.21250
vt 2.06167 0.16250
vt 2.35619 0.16250
vt 2.35619 0.21250
vt 2.06167 0.21250
vt 2.35619 0.16250
vt 2.65072 0.16250
vt 2.65072 0.21250
vt 2.35619 0.21250
vt 2.65072 0.16250
vt 2.94524 0.16250
vt 2.94524 0.21250
vt 2.65072 0.21250
vt 2.94524 0.16250
vt 3.23977 0.16250
vt 3.23977 0.21250
vt 2.94524 0.21250
vt 3.23977 0.16250
vt 3.53429 0.16250
vt 3.53429 0.21250
vt 3.23977 0.21250
vt 3.53429 0.16250
vt 3.82882 0.16250
vt 3.82882 0.21250
vt 3.53429 0.21250
vt 3.82882 0.16250
vt 4.12334 0.16250
vt 4.12334 0.21250
vt 3.82882 0.21250
vt 4.12334 0.16250
vt 4.41786 0.16250
vt 4.41786 0.21250
vt 4.12334 0.21250
vt 4.41786 0.16250
vt 4.71239 0.16250
vt 4.71239 0.21250
vt 4.41786 0.21250
vt 4.71239 0.16250
vt 5.00691 0.16250
vt 5.00691 0.21250
vt 4.71239 0.21250
vt 5.00691 0.16250
vt 5.30144 0.16250
vt 5.30144 0.21250
vt 5.00691 0.21250
vt 5.30144 0.16250
vt 5.59596 0.16250
vt 5.59596 0.21250
vt 5.30144 0.21250
vt 5.59596 0.16250
vt 5.89049 0.16250
vt 5.89049 0.21250
vt 5.59596 0.21250
vt 5.89049 0.16250
vt 6.18501 0.16250
vt 6.18501 0.21250
vt 5.89049 0.21250
vt 6.18501 0.16250
vt 6.47953 0.16250
vt 6.47953 0.21250
vt 6.18501 0.21250
vt 6.47953 0.16250
vt 6.77406 0.16250
vt 6.77406 0.21250
vt 6.47953 0.21250
vt 6.77406 0.16250
vt 7.06858 0.16250
vt 7.06858 0.21250
vt 6.77406 0.21250
vt 0.00000 0.21250
vt 0.29452 0.21250
vt 0.29452 0.21250
vt 0.00000 0.21250
vt 0.29452 0.21250
vt 0.58905 0.21250
vt 0.58905 0.21250
vt 0.29452 0.21250
vt 0.58905 0.21250
vt 0.88357 0.21250
vt 0.88357 0.21250
vt 0.58905 0.21250
vt 0.88357 0.21250
vt 1.17810 0.21250
vt 1.17810 0.21250
vt 0.88357 0.21250
vt 1.17810 0.21250
vt 1.47262 0.21250
vt 1.47262 0.21250
vt 1.17810 0.21250
vt 1.47262 0.21250
vt 1.76715 0.21250
vt 1.76715 0.21250
vt 1.47262 0.21250
vt 1.76715 0.21250
vt 2.06167 0.21250
vt 2.06167 0.21250
vt 1.76715 0.21250
vt 2.06167 0.21250
vt 2.35619 0.21250
vt 2.35619 0.21250
vt 2.06167 0.21250
vt 2.35619 0.21250
vt 2.65072 0.21250
vt 2.65072 0.21250
vt 2.35619 0.21250
vt 2.65072 0.21250
vt 2.94524 0.21250
vt 2.94524 0.21250
vt 2.65072 0.21250
vt 2.94524 0.21250
vt 3.23977 0.21250
vt 3.23977 0.21250
vt 2.94524 0.21250
vt 3.23977 0.21250
vt 3.53429 0.21250
vt 3.53429 0.21250
vt 3.23977 0.21250
vt 3.53429 0.21250
vt 3.82882 0.21250
vt 3.82882 0.21250
vt 3.53429 0.21250
vt 3.82882 0.21250
vt 4.12334 0.21250
vt 4.12334 0.21250
vt 3.82882 0.21250
vt 4.12334 0.21250
vt 4.41786 0.21250
vt 4.41786 0.21250
vt 4.12334 0.21250
vt 4.41786 0.21250
vt 4.71239 0.21250
vt 4.71239 0.21250
vt 4.41786 0.21250
vt 4.71239 0.21250
vt 5.00691 0.21250
vt 5.00691 0.21250
vt 4.71239 0.21250
vt 5.00691 0.21250
vt 5.30144 0.21250
vt 5.30144 0.21250
vt 5.00691 0.21250
vt 5.30144 0.21250
vt 5.59596 0.21250
vt 5.59596 0.21250
vt 5.30144 0.21250
vt 5.59596 0.21250
vt 5.89049 0.21250
vt 5.89049 0.21250
vt 5.59596 0.21250
vt 5.89049 0.21250
vt 6.18501 0.21250
vt 6.18501 0.21250
vt 5.89049 0.21250
vt 6.18501 0.21250
vt 6.47953 0.21250
vt 6.47953 0.21250
vt 6.18501 0.21250
vt 6.47953 0.21250
vt 6.77406 0.21250
vt 6.77406 0.21250
vt 6.47953 0.21250
vt 6.77406 0.21250
vt 7.06858 0.21250
vt 7.06858 0.21250
vt 6.77406 0.21250
vt -5.45000 1.45000
vt -4.35000 1.45000
vt -4.35000 2.75000
vt -5.45000 2.75000
vt 4.35000 1.45000
vt 5.45000 1.45000
vt 5.45000 2.75000
vt 4.35000 2.75000
vt 4.05000 -5.45000
vt 5.45000 -5.45000
vt 5.45000 -4.35000
vt 4.05000 -4.35000
vt 4.05000 4.35000
vt 5.45000 4.35000
vt 5.45000 5.45000
vt 4.05000 5.45000
vt 4.05000 1.45000
vt 5.45000 1.45000
vt 5.45000 2.75000
vt 4.05000 2.75000
vt -5.45000 1.45000
vt -4.05000 1.45000
vt -4.05000 2.75000
vt -5.45000 2.75000
vt 0.00000 1.10000
vt 0.21991 1.10000
vt 0.21991 0.00000
vt 0.00000 0.00000
vt 0.21991 1.10000
vt 0.43982 1.10000
vt 0.43982 0.00000
vt 0.21991 0.00000
vt 0.43982 1.10000
vt 0.65973 1.10000
vt 0.65973 0.00000
vt 0.43982 0.00000
vt 0.65973 1.10000
vt 0.87965 1.10000
vt 0.87965 0.00000
vt 0.65973 0.00000
vt 0.87965 1.10000
vt 1.09956 1.10000
vt 1.09956 0.00000
vt 0.87965 0.00000
vt 1.09956 1.10000
vt 1.31947 1.10000
vt 1.31947 0.00000
vt 1.09956 0.00000
vt 1.31947 1.10000
vt 1.53938 1.10000
vt 1.53938 0.00000
vt 1.31947 0.00000
vt 1.53938 1.10000
vt 1.75929 1.10000
vt 1.75929 0.00000
vt 1.53938 0.00000
vt 1.75929 1.10000
vt 1.97920 1.10000
vt 1.97920 0.00000
vt 1.75929 0.00000
vt 1.97920 1.10000
vt 2.19911 1.10000
vt 2.19911 0.00000
vt 1.97920 0.00000
vt 0.00000 0.00000
vt 0.34907 0.00000
vt 0.34907 0.00000
vt 0.00000 0.00000
vt 0.34907 0.00000
vt 0.69813 0.00000
vt 0.69813 0.00000
vt 0.34907 0.00000
vt 0.69813 0.00000
vt 1.04720 0.00000
vt 1.04720 0.00000
vt 0.69813 0.00000
vt 1.04720 0.00000
vt 1.39626 0.00000
vt 1.39626 0.00000
vt 1.04720 0.00000
vt 1.39626 0.00000
vt 1.74533 0.00000
vt 1.74533 0.00000
vt 1.39626 0.00000
vt 1.74533 0.00000
vt 2.09440 0.00000
vt 2.09440 0.00000
vt 1.74533 0.00000
vt 2.09440 0.00000
vt 2.44346 0.00000
vt 2.44346 0.00000
vt 2.09440 0.00000
vt 2.44346 0.00000
vt 2.79253 0.00000
vt 2.79253 0.00000
vt 2.44346 0.00000
vt 2.79253 0.00000
vt 3.14159 0.00000
vt 3.14159 0.00000
vt 2.79253 0.00000
vt 3.14159 0.00000
vt 3.49066 0.00000
vt 3.49066 0.00000
vt 3.14159 0.00000
vt 3.49066 0.00000
vt 3.83972 0.00000
vt 3.83972 0.00000
vt 3.49066 0.00000
vt 3.83972 0.00000
vt 4.18879 0.00000
vt 4.18879 0.00000
vt 3.83972 0.00000
vt 4.18879 0.00000
vt 4.53786 0.00000
vt 4.53786 0.00000
vt 4.18879 0.00000
vt 4.53786 0.00000
vt 4.88692 0.00000
vt 4.88692 0.00000
vt 4.53786 0.00000
vt 4.88692 0.00000
vt 5.23599 0.00000
vt 5.23599 0.00000
vt 4.88692 0.00000
vt 5.23599 0.00000
vt 5.58505 0.00000
vt 5.58505 0.00000
vt 5.23599 0.00000
vt 5.58505 0.00000
vt 5.93412 0.00000
vt 5.93412 0.00000
vt 5.58505 0.00000
vt 5.93412 0.00000
vt 6.28319 0.00000
vt 6.28319 0.00000
vt 5.93412 0.00000
vt 0.00000 0.00000
vt 0.34907 0.00000
vt 0.34907 0.10000
vt 0.00000 0.10000
vt 0.34907 0.00000
vt 0.69813 0.00000
vt 0.69813 0.10000
vt 0.34907 0.10000
vt 0.69813 0.00000
vt 1.04720 0.00000
vt 1.04720 0.10000
vt 0.69813 0.10000
vt 1.04720 0.00000
vt 1.39626 0.00000
vt 1.39626 0.10000
vt 1.04720 0.10000
vt 1.39626 0.00000
vt 1.74533 0.00000
vt 1.74533 0.10000
vt 1.39626 0.10000
vt 1.74533 0.00000
vt 2.09440 0.00000
vt 2.09440 0.10000
vt 1.74533 0.10000
vt 2.09440 0.00000
vt 2.44346 0.00000
vt 2.44346 0.10000
vt 2.09440 0.10000
vt 2.44346 0.00000
vt 2.79253 0.00000
vt 2.79253 0.10000
vt 2.44346 0.10000
vt 2.79253 0.00000
vt 3.14159 0.00000
vt 3.14159 0.10000
vt 2.79253 0.10000
vt 3.14159 0.00000
vt 3.49066 0.00000
vt 3.49066 0.10000
vt 3.14159 0.10000
vt 3.49066 0.00000
vt 3.83972 0.00000
vt 3.83972 0.10000
vt 3.49066 0.10000
vt 3.83972 0.00000
vt 4.18879 0.00000
vt 4.18879 0.10000
vt 3.83972 0.10000
vt 4.18879 0.00000
vt 4.53786 0.00000
vt 4.53786 0.10000
vt 4.18879 0.10000
vt 4.53786 0.00000
vt 4.88692 0.00000
vt 4.88692 0.10000
vt 4.53786 0.10000
vt 4.88692 0.00000
vt 5.23599 0.00000
vt 5.23599 0.10000
vt 4.88692 0.10000
vt 5.23599 0.00000
vt 5.58505 0.00000
vt 5.58505 0.10000
vt 5.23599 0.10000
vt 5.58505 0.00000
vt 5.93412 0.00000
vt 5.93412 0.10000
vt 5.58505 0.10000
vt 5.93412 0.00000
vt 6.28319 0.00000
vt 6.28319 0.10000
vt 5.93412 0.10000
vt 0.00000 0.10000
vt 0.34907 0.10000
vt 0.34907 0.10000
vt 0.00000 0.10000
vt 0.34907 0.10000
vt 0.69813 0.10000
vt 0.69813 0.10000
vt 0.34907 0.10000
vt 0.69813 0.10000
vt 1.04720 0.10000
vt 1.04720 0.10000
vt 0.69813 0.10000
vt 1.04720 0.10000
vt 1.39626 0.10000
vt 1.39626 0.10000
vt 1.04720 0.10000
vt 1.39626 0.10000
vt 1.74533 0.10000
vt 1.74533 0.10000
vt 1.39626 0.10000
vt 1.74533 0.10000
vt 2.09440 0.10000
vt 2.09440 0.10000
vt 1.74533 0.10000
vt 2.09440 0.10000
vt 2.44346 0.10000
vt 2.44346 0.10000
vt 2.09440 0.10000
vt 2.44346 0.10000
vt 2.79253 0.10000
vt 2.79253 0.10000
vt 2.44346 0.10000
vt 2.79253 0.10000
vt 3.14159 0.10000
vt 3.14159 0.10000
vt 2.79253 0.10000
vt 3.14159 0.10000
vt 3.49066 0.10000
vt 3.49066 0.10000
vt 3.14159 0.10000
vt 3.49066 0.10000
vt 3.83972 0.10000
vt 3.83972 0.10000
vt 3.49066 0.10000
vt 3.83972 0.10000
vt 4.18879 0.10000
vt 4.18879 0.10000
vt 3.83972 0.10000
vt 4.18879 0.10000
vt 4.53786 0.10000
vt 4.53786 0.10000
vt 4.18879 0.10000
vt 4.53786 0.10000
vt 4.88692 0.10000
vt 4.88692 0.10000
vt 4.53786 0.10000
vt 4.88692 0.10000
vt 5.23599 0.10000
vt 5.23599 0.10000
vt 4.88692 0.10000
vt 5.23599 0.10000
vt 5.58505 0.10000
vt 5.58505 0.10000
vt 5.23599 0.10000
vt 5.58505 0.10000
vt 5.93412 0.10000
vt 5.93412 0.10000
vt 5.58505 0.10000
vt 5.93412 0.10000
vt 6.28319 0.10000
vt 6.28319 0.10000
vt 5.93412 0.10000
vt 0.00000 0.00000
vt 0.15708 0.00000
vt 0.15708 4.00000
vt 0.00000 4.00000
vt 0.15708 0.00000
vt 0.31416 0.00000
vt 0.31416 4.00000
vt 0.15708 4.00000
vt 0.31416 0.00000
vt 0.47124 0.00000
vt 0.47124 4.00000
vt 0.31416 4.00000
vt 0.47124 0.00000
vt 0.62832 0.00000
vt 0.62832 4.00000
vt 0.47124 4.00000
vt 0.62832 0.00000
vt 0.78540 0.00000
vt 0.78540 4.00000
vt 0.62832 4.00000
vt 0.78540 0.00000
vt 0.94248 0.00000
vt 0.94248 4.00000
vt 0.78540 4.00000
vt 0.94248 0.00000
vt 1.09956 0.00000
vt 1.09956 4.00000
vt 0.94248 4.00000
vt 1.09956 0.00000
vt 1.25664 0.00000
vt 1.25664 4.00000
vt 1.09956 4.00000
vt 1.25664 0.00000
vt 1.41372 0.00000
vt 1.41372 4.00000
vt 1.25664 4.00000
vt 1.41372 0.00000
vt 1.57080 0.00000
vt 1.57080 4.00000
vt 1.41372 4.00000
vt 0.20225 -0.14695
vt 0.07725 -0.23776
vt -0.07725 -0.23776
vt -0.20225 -0.14695
vt -0.25000 0.00000
vt -0.20225 0.14695
vt -0.07725 0.23776
vt 0.07725 0.23776
vt 0.20225 0.14695
vt 0.25000 0.00000
vt 0.25000 0.00000
vt 0.20225 0.14695
vt 0.07725 0.23776
vt -0.07725 0.23776
vt -0.20225 0.14695
vt -0.25000 0.00000
vt -0.20225 -0.14695
vt -0.07725 -0.23776
vt 0.07725 -0.23776
vt 0.20225 -0.14695
vt 0.00000 2.53333
vt 0.35904 2.53333
vt 0.35904 2.33333
vt 0.00000 2.33333
vt 0.35904 2.53333
vt 0.71808 2.53333
vt 0.71808 2.33333
vt 0.35904 2.33333
vt 0.71808 2.53333
vt 1.07712 2.53333
vt 1.07712 2.33333
vt 0.71808 2.33333
vt 1.07712 2.53333
vt 1.43616 2.53333
vt 1.43616 2.33333
vt 1.07712 2.33333
vt 1.43616 2.53333
vt 1.79520 2.53333
vt 1.79520 2.33333
vt 1.43616 2.33333
vt 1.79520 2.53333
vt 2.15423 2.53333
vt 2.15423 2.33333
vt 1.79520 2.33333
vt 2.15423 2.53333
vt 2.51327 2.53333
vt 2.51327 2.33333
vt 2.15423 2.33333
vt 2.51327 2.53333
vt 2.87231 2.53333
vt 2.87231 2.33333
vt 2.51327 2.33333
vt 2.87231 2.53333
vt 3.23135 2.53333
vt 3.23135 2.33333
vt 2.87231 2.33333
vt 3.23135 2.53333
vt 3.59039 2.53333
vt 3.59039 2.33333
vt 3.23135 2.33333
vt 3.59039 2.53333
vt 3.94943 2.53333
vt 3.94943 2.33333
vt 3.59039 2.33333
vt 3.94943 2.53333
vt 4.30847 2.53333
vt 4.30847 2.33333
vt 3.94943 2.33333
vt 4.30847 2.53333
vt 4.66751 2.53333
vt 4.66751 2.33333
vt 4.30847 2.33333
vt 4.66751 2.53333
vt 5.02655 2.53333
vt 5.02655 2.33333
vt 4.66751 2.33333
vt 0.00000 3.00000
vt 0.35904 3.00000
vt 0.35904 2.53333
vt 0.00000 2.53333
vt 0.35904 3.00000
vt 0.71808 3.00000
vt 0.71808 2.53333
vt 0.35904 2.53333
vt 0.71808 3.00000
vt 1.07712 3.00000
vt 1.07712 2.53333
vt 0.71808 2.53333
vt 1.07712 3.00000
vt 1.43616 3.00000
vt 1.43616 2.53333
vt 1.07712 2.53333
vt 1.43616 3.00000
vt 1.79520 3.00000
vt 1.79520 2.53333
vt 1.43616 2.53333
vt 1.79520 3.00000
vt 2.15423 3.00000
vt 2.15423 2.53333
vt 1.79520 2.53333
vt 2.15423 3.00000
vt 2.51327 3.00000
vt 2.51327 2.53333
vt 2.15423 2.53333
vt 2.51327 3.00000
vt 2.87231 3.00000
vt 2.87231 2.53333
vt 2.51327 2.53333
vt 2.87231 3.00000
vt 3.23135 3.00000
vt 3.23135 2.53333
vt 2.87231 2.53333
vt 3.23135 3.00000
vt 3.59039 3.00000
vt 3.59039 2.53333
vt 3.23135 2.53333
vt 3.59039 3.00000
vt 3.94943 3.00000
vt 3.94943 2.53333
vt 3.59039 2.53333
vt 3.94943 3.00000
vt 4.30847 3.00000
vt 4.30847 2.53333
vt 3.94943 2.53333
vt 4.30847 3.00000
vt 4.66751 3.00000
vt 4.66751 2.53333
vt 4.30847 2.53333
vt 4.66751 3.00000
vt 5.02655 3.00000
vt 5.02655 2.53333
vt 4.66751 2.53333
vt 0.00000 3.20000
vt 0.35904 3.20000
vt 0.35904 3.00000
vt 0.00000 3.00000
vt 0.35904 3.20000
vt 0.71808 3.20000
vt 0.71808 3.00000
vt 0.35904 3.00000
vt 0.71808 3.20000
vt 1.07712 3.20000
vt 1.07712 3.00000
vt 0.71808 3.00000
vt 1.07712 3.20000
vt 1.43616 3.20000
vt 1.43616 3.00000
vt 1.07712 3.00000
vt 1.43616 3.20000
vt 1.79520 3.20000
vt 1.79520 3.00000
vt 1.43616 3.00000
vt 1.79520 3.20000
vt 2.15423 3.20000
vt 2.15423 3.00000
vt 1.79520 3.00000
vt 2.15423 3.20000
vt 2.51327 3.20000
vt 2.51327 3.00000
vt 2.15423 3.00000
vt 2.51327 3.20000
vt 2.87231 3.20000
vt 2.87231 3.00000
vt 2.51327 3.00000
vt 2.87231 3.20000
vt 3.23135 3.20000
vt 3.23135 3.00000
vt 2.87231 3.00000
vt 3.23135 3.20000
vt 3.59039 3.20000
vt 3.59039 3.00000
vt 3.23135 3.00000
vt 3.59039 3.20000
vt 3.94943 3.20000
vt 3.94943 3.00000
vt 3.59039 3.00000
vt 3.94943 3.20000
vt 4.30847 3.20000
vt 4.30847 3.00000
vt 3.94943 3.00000
vt 4.30847 3.20000
vt 4.66751 3.20000
vt 4.66751 3.00000
vt 4.30847 3.00000
vt 4.66751 3.20000
vt 5.02655 3.20000
vt 5.02655 3.00000
vt 4.66751 3.00000
vt 0.00000 3.26667
vt 0.35904 3.26667
vt 0.35904 3.20000
vt 0.00000 3.20000
vt 0.35904 3.26667
vt 0.71808 3.26667
vt 0.71808 3.20000
vt 0.35904 3.20000
vt 0.71808 3.26667
vt 1.07712 3.26667
vt 1.07712 3.20000
vt 0.71808 3.20000
vt 1.07712 3.26667
vt 1.43616 3.26667
vt 1.43616 3.20000
vt 1.07712 3.20000
vt 1.43616 3.26667
vt 1.79520 3.26667
vt 1.79520 3.20000
vt 1.43616 3.20000
vt 1.79520 3.26667
vt 2.15423 3.26667
vt 2.15423 3.20000
vt 1.79520 3.20000
vt 2.15423 3.26667
vt 2.51327 3.26667
vt 2.51327 3.20000
vt 2.15423 3.20000
vt 2.51327 3.26667
vt 2.87231 3.26667
vt 2.87231 3.20000
vt 2.51327 3.20000
vt 2.87231 3.26667
vt 3.23135 3.26667
vt 3.23135 3.20000
vt 2.87231 3.20000
vt 3.23135 3.26667
vt 3.59039 3.26667
vt 3.59039 3.20000
vt 3.23135 3.20000
vt 3.59039 3.26667
vt 3.94943 3.26667
vt 3.94943 3.20000
vt 3.59039 3.20000
vt 3.94943 3.26667
vt 4.30847 3.26667
vt 4.30847 3.20000
vt 3.94943 3.20000
vt 4.30847 3.26667
vt 4.66751 3.26667
vt 4.66751 3.20000
vt 4.30847 3.20000
vt 4.66751 3.26667
vt 5.02655 3.26667
vt 5.02655 3.20000
vt 4.66751 3.20000
vt 0.00000 2.53333
vt 0.35904 2.53333
vt 0.35904 2.33333
vt 0.00000 2.33333
vt 0.35904 2.53333
vt 0.71808 2.53333
vt 0.71808 2.33333
vt 0.35904 2.33333
vt 0.71808 2.53333
vt 1.07712 2.53333
vt 1.07712 2.33333
vt 0.71808 2.33333
vt 1.07712 2.53333
vt 1.43616 2.53333
vt 1.43616 2.33333
vt 1.07712 2.33333
vt 1.43616 2.53333
vt 1.79520 2.53333
vt 1.79520 2.33333
vt 1.43616 2.33333
vt 1.79520 2.53333
vt 2.15423 2.53333
vt 2.15423 2.33333
vt 1.79520 2.33333
vt 2.15423 2.53333
vt 2.51327 2.53333
vt 2.51327 2.33333
vt 2.15423 2.33333
vt 2.51327 2.53333
vt 2.87231 2.53333
vt 2.87231 2.33333
vt 2.51327 2.33333
vt 2.87231 2.53333
vt 3.23135 2.53333
vt 3.23135 2.33333
vt 2.87231 2.33333
vt 3.23135 2.53333
vt 3.59039 2.53333
vt 3.59039 2.33333
vt 3.23135 2.33333
vt 3.59039 2.53333
vt 3.94943 2.53333
vt 3.94943 2.33333
vt 3.59039 2.33333
vt 3.94943 2.53333
vt 4.30847 2.53333
vt 4.30847 2.33333
vt 3.94943 2.33333
vt 4.30847 2.53333
vt 4.66751 2.53333
vt 4.66751 2.33333
vt 4.30847 2.33333
vt 4.66751 2.53333
vt 5.02655 2.53333
vt 5.02655 2.33333
vt 4.66751 2.33333
vt 0.00000 3.00000
vt 0.35904 3.00000
vt 0.35904 2.53333
vt 0.00000 2.53333
vt 0.35904 3.00000
vt 0.71808 3.00000
vt 0.71808 2.53333
vt 0.35904 2.53333
vt 0.71808 3.00000
vt 1.07712 3.00000
vt 1.07712 2.53333
vt 0.71808 2.53333
vt 1.07712 3.00000
vt 1.43616 3.00000
vt 1.43616 2.53333
vt 1.07712 2.53333
vt 1.43616 3.00000
vt 1.79520 3.00000
vt 1.79520 2.53333
vt 1.43616 2.53333
vt 1.79520 3.00000
vt 2.15423 3.00000
vt 2.15423 2.53333
vt 1.79520 2.53333
vt 2.15423 3.00000
vt 2.51327 3.00000
vt 2.51327 2.53333
vt 2.15423 2.53333
vt 2.51327 3.00000
vt 2.87231 3.00000
vt 2.87231 2.53333
vt 2.51327 2.53333
vt 2.87231 3.00000
vt 3.23135 3.00000
vt 3.23135 2.53333
vt 2.87231 2.53333
vt 3.23135 3.00000
vt 3.59039 3.00000
vt 3.59039 2.53333
vt 3.23135 2.53333
vt 3.59039 3.00000
vt 3.94943 3.00000
vt 3.94943 2.53333
vt 3.59039 2.53333
vt 3.94943 3.00000
vt 4.30847 3.00000
vt 4.30847 2.53333
vt 3.94943 2.53333
vt 4.30847 3.00000
vt 4.66751 3.00000
vt 4.66751 2.53333
vt 4.30847 2.53333
vt 4.66751 3.00000
vt 5.02655 3.00000
vt 5.02655 2.53333
vt 4.66751 2.53333
vt 0.00000 3.20000
vt 0.35904 3.20000
vt 0.35904 3.00000
vt 0.00000 3.00000
vt 0.35904 3.20000
vt 0.71808 3.20000
vt 0.71808 3.00000
vt 0.35904 3.00000
vt 0.71808 3.20000
vt 1.07712 3.20000
vt 1.07712 3.00000
vt 0.71808 3.00000
vt 1.07712 3.20000
vt 1.43616 3.20000
vt 1.43616 3.00000
vt 1.07712 3.00000
vt 1.43616 3.20000
vt 1.79520 3.20000
vt 1.79520 3.00000
vt 1.43616 3.00000
vt 1.79520 3.20000
vt 2.15423 3.20000
vt 2.15423 3.00000
vt 1.79520 3.00000
vt 2.15423 3.20000
vt 2.51327 3.20000
vt 2.51327 3.00000
vt 2.15423 3.00000
vt 2.51327 3.20000
vt 2.87231 3.20000
vt 2.87231 3.00000
vt 2.51327 3.00000
vt 2.87231 3.20000
vt 3.23135 3.20000
vt 3.23135 3.00000
vt 2.87231 3.00000
vt 3.23135 3.20000
vt 3.59039 3.20000
vt 3.59039 3.00000
vt 3.23135 3.00000
vt 3.59039 3.20000
vt 3.94943 3.20000
vt 3.94943 3.00000
vt 3.59039 3.00000
vt 3.94943 3.20000
vt 4.30847 3.20000
vt 4.30847 3.00000
vt 3.94943 3.00000
vt 4.30847 3.20000
vt 4.66751 3.20000
vt 4.66751 3.00000
vt 4.30847 3.00000
vt 4.66751 3.20000
vt 5.02655 3.20000
vt 5.02655 3.00000
vt 4.66751 3.00000
vt 0.00000 3.26667
vt 0.35904 3.26667
vt 0.35904 3.20000
vt 0.00000 3.20000
vt 0.35904 3.26667
vt 0.71808 3.26667
vt 0.71808 3.20000
vt 0.35904 3.20000
vt 0.71808 3.26667
vt 1.07712 3.26667
vt 1.07712 3.20000
vt 0.71808 3.20000
vt 1.07712 3.26667
vt 1.43616 3.26667
vt 1.43616 3.20000
vt 1.07712 3.20000
vt 1.43616 3.26667
vt 1.79520 3.26667
vt 1.79520 3.20000
vt 1.43616 3.20000
vt 1.79520 3.26667
vt 2.15423 3.26667
vt 2.15423 3.20000
vt 1.79520 3.20000
vt 2.15423 3.26667
vt 2.51327 3.26667
vt 2.51327 3.20000
vt 2.15423 3.20000
vt 2.51327 3.26667
vt 2.87231 3.26667
vt 2.87231 3.20000
vt 2.51327 3.20000
vt 2.87231 3.26667
vt 3.23135 3.26667
vt 3.23135 3.20000
vt 2.87231 3.20000
vt 3.23135 3.26667
vt 3.59039 3.26667
vt 3.59039 3.20000
vt 3.23135 3.20000
vt 3.59039 3.26667
vt 3.94943 3.26667
vt 3.94943 3.20000
vt 3.59039 3.20000
vt 3.94943 3.26667
vt 4.30847 3.26667
vt 4.30847 3.20000
vt 3.94943 3.20000
vt 4.30847 3.26667
vt 4.66751 3.26667
vt 4.66751 3.20000
vt 4.30847 3.20000
vt 4.66751 3.26667
vt 5.02655 3.26667
vt 5.02655 3.20000
vt 4.66751 3.20000
vt 0.00000 0.00000
vt 0.34907 0.00000
vt 0.34907 1.50000
vt 0.00000 1.50000
vt 0.34907 0.00000
vt 0.69813 0.00000
vt 0.69813 1.50000
vt 0.34907 1.50000
vt 0.69813 0.00000
vt 1.04720 0.00000
vt 1.04720 1.50000
vt 0.69813 1.50000
vt 1.04720 0.00000
vt 1.39626 0.00000
vt 1.39626 1.50000
vt 1.04720 1.50000
vt 1.39626 0.00000
vt 1.74533 0.00000
vt 1.74533 1.50000
vt 1.39626 1.50000
vt 1.74533 0.00000
vt 2.09440 0.00000
vt 2.09440 1.50000
vt 1.74533 1.50000
vt 2.09440 0.00000
vt 2.44346 0.00000
vt 2.44346 1.50000
vt 2.09440 1.50000
vt 2.44346 0.00000
vt 2.79253 0.00000
vt 2.79253 1.50000
vt 2.44346 1.50000
vt 2.79253 0.00000
vt 3.14159 0.00000
vt 3.14159 1.50000
vt 2.79253 1.50000
vt 3.14159 0.00000
vt 3.49066 0.00000
vt 3.49066 1.50000
vt 3.14159 1.50000
vt 3.49066 0.00000
vt 3.83972 0.00000
vt 3.83972 1.50000
vt 3.49066 1.50000
vt 3.83972 0.00000
vt 4.18879 0.00000
vt 4.18879 1.50000
vt 3.83972 1.50000
vt 0.57735 -0.33333
vt 0.33333 -0.57735
vt -0.00000 -0.66667
vt -0.33333 -0.57735
vt -0.57735 -0.33333
vt -0.66667 0.00000
vt -0.57735 0.33333
vt -0.33333 0.57735
vt 0.00000 0.66667
vt 0.33333 0.57735
vt 0.57735 0.33333
vt 0.66667 0.00000
vt 0.66667 0.00000
vt 0.57735 0.33333
vt 0.33333 0.57735
vt 0.00000 0.66667
vt -0.33333 0.57735
vt -0.57735 0.33333
vt -0.66667 0.00000
vt -0.57735 -0.33333
vt -0.33333 -0.57735
vt -0.00000 -0.66667
vt 0.33333 -0.57735
vt 0.57735 -0.33333
vt -0.75000 -0.65000
vt 0.75000 -0.65000
vt 0.75000 0.65000
vt -0.75000 0.65000
vt -0.75000 0.65000
vt 0.75000 0.65000
vt 0.75000 -0.65000
vt -0.75000 -0.65000
vt -0.75000 0.65000
vt 0.75000 0.65000
vt 0.75000 -0.65000
vt -0.75000 -0.65000
vt -0.75000 -0.65000
vt 0.75000 -0.65000
vt 0.75000 0.65000
vt -0.75000 0.65000
vt -0.75000 -0.75000
vt 0.75000 -0.75000
vt 0.75000 0.75000
vt -0.75000 0.75000
vt -0.75000 0.75000
vt 0.75000 0.75000
vt 0.75000 -0.75000
vt -0.75000 -0.75000
vt 0.00000 0.00000
vt 1.70000 0.00000
vt 1.70000 0.10000
vt 0.00000 0.10000
vt 0.00000 0.00000
vt 1.70000 0.00000
vt 1.70000 0.10000
vt 0.00000 0.10000
vt 0.00000 0.00000
vt 1.70000 0.00000
vt 1.70000 0.10000
vt 0.00000 0.10000
vt 0.00000 0.00000
vt 1.70000 0.00000
vt 1.70000 0.10000
vt 0.00000 0.10000
vt 0.00000 0.00000
vt 1.70000 0.00000
vt 1.70000 0.10000
vt 0.00000 0.10000
vt 0.00000 0.00000
vt 1.70000 0.00000
vt 1.70000 0.10000
vt 0.00000 0.10000
vt 0.00000 0.00000
vt 1.70000 0.00000
vt 1.70000 0.10000
vt 0.00000 0.10000
vt 0.00000 0.00000
vt 1.70000 0.00000
vt 1.70000 0.10000
vt 0.00000 0.10000
vt 0.00000 0.00000
vt 1.50000 0.00000
vt 1.50000 0.10000
vt 0.00000 0.10000
vt 0.00000 0.00000
vt 1.50000 0.00000
vt 1.50000 0.10000
vt 0.00000 0.10000
vt 0.00000 0.00000
vt 1.50000 0.00000
vt 1.50000 0.10000
vt 0.00000 0.10000
vt 0.00000 0.00000
vt 1.50000 0.00000
vt 1.50000 0.10000
vt 0.00000 0.10000
vt 0.00000 0.00000
vt 0.10000 0.00000
vt 0.00000 0.10000
vt 0.00000 0.00000
vt 0.10000 0.00000
vt 0.00000 0.10000
vt 0.00000 0.00000
vt 0.10000 0.00000
vt 0.00000 0.10000
vt 0.00000 0.00000
vt 0.10000 0.00000
vt 0.00000 0.10000
vt 0.00000 0.00000
vt 0.10000 0.00000
vt 0.00000 0.10000
vt 0.00000 0.00000
vt 0.10000 0.00000
vt 0.00000 0.10000
vt 0.00000 0.00000
vt 0.10000 0.00000
vt 0.00000 0.10000
vt 0.00000 0.00000
vt 0.10000 0.00000
vt 0.00000 0.10000
vn 1.00000 0.00000 0.00000
vn -1.00000 0.00000 0.00000
vn 0.00000 1.00000 0.00000
vn 0.00000 -1.00000 0.00000
vn 0.00000 0.00000 1.00000
vn 0.00000 0.00000 -1.00000
vn 1.00000 0.00000 0.00000
vn -1.00000 0.00000 0.00000
vn 0.00000 1.00000 0.00000
vn 0.00000 -1.00000 0.00000
vn 0.00000 0.00000 1.00000
vn 0.00000 0.00000 -1.00000
vn 1.00000 0.00000 0.00000
vn -1.00000 0.00000 0.00000
vn 0.00000 1.00000 0.00000
vn 0.00000 -1.00000 0.00000
vn 0.00000 0.00000 1.00000
vn 0.00000 0.00000 -1.00000
vn 1.00000 0.00000 0.00000
vn -1.00000 0.00000 0.00000
vn 0.00000 1.00000 0.00000
vn 0.00000 -1.00000 0.00000
vn 0.00000 0.00000 1.00000
vn 0.00000 0.00000 -1.00000
vn 1.00000 0.00000 0.00000
vn -1.00000 0.00000 0.00000
vn 0.00000 1.00000 0.00000
vn 0.00000 -1.00000 0.00000
vn 0.00000 0.00000 1.00000
vn 0.00000 0.00000 -1.00000
vn 1.00000 0.00000 0.00000
vn -1.00000 0.00000 0.00000
vn 0.00000 1.00000 0.00000
vn 0.00000 -1.00000 0.00000
vn 0.00000 0.00000 1.00000
vn 0.00000 0.00000 -1.00000
vn -0.00000 0.70711 0.70711
vn 0.00000 -0.70711 0.70711
vn 0.00000 0.70711 -0.70711
vn -0.00000 -0.70711 -0.70711
vn -0.70711 0.00000 -0.70711
vn 0.70711 -0.00000 -0.70711
vn -0.70711 -0.00000 0.70711
vn 0.70711 0.00000 0.70711
vn 0.70711 0.70711 -0.00000
vn -0.70711 0.70711 0.00000
vn 0.70711 -0.70711 0.00000
vn -0.70711 -0.70711 -0.00000
vn 0.57735 0.57735 0.57735
vn -0.57735 -0.57735 0.57735
vn -0.57735 0.57735 -0.57735
vn 0.57735 -0.57735 -0.57735
vn 0.57735 -0.57735 -0.57735
vn -0.57735 0.57735 -0.57735
vn -0.57735 -0.57735 0.57735
vn 0.57735 0.57735 0.57735
vn 0.70711 0.00000 -0.70711
vn 0.68301 0.18301 -0.70711
vn 0.68301 0.18301 -0.70711
vn 0.70711 0.00000 -0.70711
vn 0.68301 0.18301 -0.70711
vn 0.61237 0.35355 -0.70711
vn 0.61237 0.35355 -0.70711
vn 0.68301 0.18301 -0.70711
vn 0.61237 0.35355 -0.70711
vn 0.50000 0.50000 -0.70711
vn 0.50000 0.50000 -0.70711
vn 0.61237 0.35355 -0.70711
vn 0.50000 0.50000 -0.70711
vn 0.35355 0.61237 -0.70711
vn 0.35355 0.61237 -0.70711
vn 0.50000 0.50000 -0.70711
vn 0.35355 0.61237 -0.70711
vn 0.18301 0.68301 -0.70711
vn 0.18301 0.68301 -0.70711
vn 0.35355 0.61237 -0.70711
vn 0.18301 0.68301 -0.70711
vn 0.00000 0.70711 -0.70711
vn 0.00000 0.70711 -0.70711
vn 0.18301 0.68301 -0.70711
vn 0.00000 0.70711 -0.70711
vn -0.18301 0.68301 -0.70711
vn -0.18301 0.68301 -0.70711
vn 0.00000 0.70711 -0.70711
vn -0.18301 0.68301 -0.70711
vn -0.35355 0.61237 -0.70711
vn -0.35355 0.61237 -0.70711
vn -0.18301 0.68301 -0.70711
vn -0.35355 0.61237 -0.70711
vn -0.50000 0.50000 -0.70711
vn -0.50000 0.50000 -0.70711
vn -0.35355 0.61237 -0.70711
vn -0.50000 0.50000 -0.70711
vn -0.61237 0.35355 -0.70711
vn -0.61237 0.35355 -0.70711
vn -0.50000 0.50000 -0.70711
vn -0.61237 0.35355 -0.70711
vn -0.68301 0.18301 -0.70711
vn -0.68301 0.18301 -0.70711
vn -0.61237 0.35355 -0.70711
vn -0.68301 0.18301 -0.70711
vn -0.70711 0.00000 -0.70711
vn -0.70711 0.00000 -0.70711
vn -0.68301 0.18301 -0.70711
vn -0.70711 0.00000 -0.70711
vn -0.68301 -0.18301 -0.70711
vn -0.68301 -0.18301 -0.70711
vn -0.70711 0.00000 -0.70711
vn -0.68301 -0.18301 -0.70711
vn -0.61237 -0.35355 -0.70711
vn -0.61237 -0.35355 -0.70711
vn -0.68301 -0.18301 -0.70711
vn -0.61237 -0.35355 -0.70711
vn -0.50000 -0.50000 -0.70711
vn -0.50000 -0.50000 -0.70711
vn -0.61237 -0.35355 -0.70711
vn -0.50000 -0.50000 -0.70711
vn -0.35355 -0.61237 -0.70711
vn -0.35355 -0.61237 -0.70711
vn -0.50000 -0.50000 -0.70711
vn -0.35355 -0.61237 -0.70711
vn -0.18301 -0.68301 -0.70711
vn -0.18301 -0.68301 -0.70711
vn -0.35355 -0.61237 -0.70711
vn -0.18301 -0.68301 -0.70711
vn -0.00000 -0.70711 -0.70711
vn -0.00000 -0.70711 -0.70711
vn -0.18301 -0.68301 -0.70711
vn -0.00000 -0.70711 -0.70711
vn 0.18301 -0.68301 -0.70711
vn 0.18301 -0.68301 -0.70711
vn -0.00000 -0.70711 -0.70711
vn 0.18301 -0.68301 -0.70711
vn 0.35355 -0.61237 -0.70711
vn 0.35355 -0.61237 -0.70711
vn 0.18301 -0.68301 -0.70711
vn 0.35355 -0.61237 -0.70711
vn 0.50000 -0.50000 -0.70711
vn 0.50000 -0.50000 -0.70711
vn 0.35355 -0.61237 -0.70711
vn 0.50000 -0.50000 -0.70711
vn 0.61237 -0.35355 -0.70711
vn 0.61237 -0.35355 -0.70711
vn 0.50000 -0.50000 -0.70711
vn 0.61237 -0.35355 -0.70711
vn 0.68301 -0.18301 -0.70711
vn 0.68301 -0.18301 -0.70711
vn 0.61237 -0.35355 -0.70711
vn 0.68301 -0.18301 -0.70711
vn 0.70711 -0.00000 -0.70711
vn 0.70711 -0.00000 -0.70711
vn 0.68301 -0.18301 -0.70711
vn 1.00000 0.00000 -0.00000
vn 0.96593 0.25882 -0.00000
vn 0.96593 0.25882 -0.00000
vn 1.00000 0.00000 -0.00000
vn 0.96593 0.25882 -0.00000
vn 0.86603 0.50000 -0.00000
vn 0.86603 0.50000 -0.00000
vn 0.96593 0.25882 -0.00000
vn 0.86603 0.50000 -0.00000
vn 0.70711 0.70711 -0.00000
vn 0.70711 0.70711 -0.00000
vn 0.86603 0.50000 -0.00000
vn 0.70711 0.70711 -0.00000
vn 0.50000 0.86603 -0.00000
vn 0.50000 0.86603 -0.00000
vn 0.70711 0.70711 -0.00000
vn 0.50000 0.86603 -0.00000
vn 0.25882 0.96593 -0.00000
vn 0.25882 0.96593 -0.00000
vn 0.50000 0.86603 -0.00000
vn 0.25882 0.96593 -0.00000
vn 0.00000 1.00000 -0.00000
vn 0.00000 1.00000 -0.00000
vn 0.25882 0.96593 -0.00000
vn 0.00000 1.00000 -0.00000
vn -0.25882 0.96593 -0.00000
vn -0.25882 0.96593 -0.00000
vn 0.00000 1.00000 -0.00000
vn -0.25882 0.96593 -0.00000
vn -0.50000 0.86603 -0.00000
vn -0.50000 0.86603 -0.00000
vn -0.25882 0.96593 -0.00000
vn -0.50000 0.86603 -0.00000
vn -0.70711 0.70711 -0.00000
vn -0.70711 0.70711 -0.00000
vn -0.50000 0.86603 -0.00000
vn -0.70711 0.70711 -0.00000
vn -0.86603 0.50000 -0.00000
vn -0.86603 0.50000 -0.00000
vn -0.70711 0.70711 -0.00000
vn -0.86603 0.50000 -0.00000
vn -0.96593 0.25882 -0.00000
vn -0.96593 0.25882 -0.00000
vn -0.86603 0.50000 -0.00000
vn -0.96593 0.25882 -0.00000
vn -1.00000 0.00000 -0.00000
vn -1.00000 0.00000 -0.00000
vn -0.96593 0.25882 -0.00000
vn -1.00000 0.00000 -0.00000
vn -0.96593 -0.25882 -0.00000
vn -0.96593 -0.25882 -0.00000
vn -1.00000 0.00000 -0.00000
vn -0.96593 -0.25882 -0.00000
vn -0.86603 -0.50000 -0.00000
vn -0.86603 -0.50000 -0.00000
vn -0.96593 -0.25882 -0.00000
vn -0.86603 -0.50000 -0.00000
vn -0.70711 -0.70711 -0.00000
vn -0.70711 -0.70711 -0.00000
vn -0.86603 -0.50000 -0.00000
vn -0.70711 -0.70711 -0.00000
vn -0.50000 -0.86603 -0.00000
vn -0.50000 -0.86603 -0.00000
vn -0.70711 -0.70711 -0.00000
vn -0.50000 -0.86603 -0.00000
vn -0.25882 -0.96593 -0.00000
vn -0.25882 -0.96593 -0.00000
vn -0.50000 -0.86603 -0.00000
vn -0.25882 -0.96593 -0.00000
vn -0.00000 -1.00000 -0.00000
vn -0.00000 -1.00000 -0.00000
vn -0.25882 -0.96593 -0.00000
vn -0.00000 -1.00000 -0.00000
vn 0.25882 -0.96593 -0.00000
vn 0.25882 -0.96593 -0.00000
vn -0.00000 -1.00000 -0.00000
vn 0.25882 -0.96593 -0.00000
vn 0.50000 -0.86603 -0.00000
vn 0.50000 -0.86603 -0.00000
vn 0.25882 -0.96593 -0.00000
vn 0.50000 -0.86603 -0.00000
vn 0.70711 -0.70711 -0.00000
vn 0.70711 -0.70711 -0.00000
vn 0.50000 -0.86603 -0.00000
vn 0.70711 -0.70711 -0.00000
vn 0.86603 -0.50000 -0.00000
vn 0.86603 -0.50000 -0.00000
vn 0.70711 -0.70711 -0.00000
vn 0.86603 -0.50000 -0.00000
vn 0.96593 -0.25882 -0.00000
vn 0.96593 -0.25882 -0.00000
vn 0.86603 -0.50000 -0.00000
vn 0.96593 -0.25882 -0.00000
vn 1.00000 -0.00000 -0.00000
vn 1.00000 -0.00000 -0.00000
vn 0.96593 -0.25882 -0.00000
vn 0.70711 0.00000 0.70711
vn 0.68301 0.18301 0.70711
vn 0.68301 0.18301 0.70711
vn 0.70711 0.00000 0.70711
vn 0.68301 0.18301 0.70711
vn 0.61237 0.35355 0.70711
vn 0.61237 0.35355 0.70711
vn 0.68301 0.18301 0.70711
vn 0.61237 0.35355 0.70711
vn 0.50000 0.50000 0.70711
vn 0.50000 0.50000 0.70711
vn 0.61237 0.35355 0.70711
vn 0.50000 0.50000 0.70711
vn 0.35355 0.61237 0.70711
vn 0.35355 0.61237 0.70711
vn 0.50000 0.50000 0.70711
vn 0.35355 0.61237 0.70711
vn 0.18301 0.68301 0.70711
vn 0.18301 0.68301 0.70711
vn 0.35355 0.61237 0.70711
vn 0.18301 0.68301 0.70711
vn 0.00000 0.70711 0.70711
vn 0.00000 0.70711 0.70711
vn 0.18301 0.68301 0.70711
vn 0.00000 0.70711 0.70711
vn -0.18301 0.68301 0.70711
vn -0.18301 0.68301 0.70711
vn 0.00000 0.70711 0.70711
vn -0.18301 0.68301 0.70711
vn -0.35355 0.61237 0.70711
vn -0.35355 0.61237 0.70711
vn -0.18301 0.68301 0.70711
vn -0.35355 0.61237 0.70711
vn -0.50000 0.50000 0.70711
vn -0.50000 0.50000 0.70711
vn -0.35355 0.61237 0.70711
vn -0.50000 0.50000 0.70711
vn -0.61237 0.35355 0.70711
vn -0.61237 0.35355 0.70711
vn -0.50000 0.50000 0.70711
vn -0.61237 0.35355 0.70711
vn -0.68301 0.18301 0.70711
vn -0.68301 0.18301 0.70711
vn -0.61237 0.35355 0.70711
vn -0.68301 0.18301 0.70711
vn -0.70711 0.00000 0.70711
vn -0.70711 0.00000 0.70711
vn -0.68301 0.18301 0.70711
vn -0.70711 0.00000 0.70711
vn -0.68301 -0.18301 0.70711
vn -0.68301 -0.18301 0.70711
vn -0.70711 0.00000 0.70711
vn -0.68301 -0.18301 0.70711
vn -0.61237 -0.35355 0.70711
vn -0.61237 -0.35355 0.70711
vn -0.68301 -0.18301 0.70711
vn -0.61237 -0.35355 0.70711
vn -0.50000 -0.50000 0.70711
vn -0.50000 -0.50000 0.70711
vn -0.61237 -0.35355 0.70711
vn -0.50000 -0.50000 0.70711
vn -0.35355 -0.61237 0.70711
vn -0.35355 -0.61237 0.70711
vn -0.50000 -0.50000 0.70711
vn -0.35355 -0.61237 0.70711
vn -0.18301 -0.68301 0.70711
vn -0.18301 -0.68301 0.70711
vn -0.35355 -0.61237 0.70711
vn -0.18301 -0.68301 0.70711
vn -0.00000 -0.70711 0.70711
vn -0.00000 -0.70711 0.70711
vn -0.18301 -0.68301 0.70711
vn -0.00000 -0.70711 0.70711
vn 0.18301 -0.68301 0.70711
vn 0.18301 -0.68301 0.70711
vn -0.00000 -0.70711 0.70711
vn 0.18301 -0.68301 0.70711
vn 0.35355 -0.61237 0.70711
vn 0.35355 -0.61237 0.70711
vn 0.18301 -0.68301 0.70711
vn 0.35355 -0.61237 0.70711
vn 0.50000 -0.50000 0.70711
vn 0.50000 -0.50000 0.70711
vn 0.35355 -0.61237 0.70711
vn 0.50000 -0.50000 0.70711
vn 0.61237 -0.35355 0.70711
vn 0.61237 -0.35355 0.70711
vn 0.50000 -0.50000 0.70711
vn 0.61237 -0.35355 0.70711
vn 0.68301 -0.18301 0.70711
vn 0.68301 -0.18301 0.70711
vn 0.61237 -0.35355 0.70711
vn 0.68301 -0.18301 0.70711
vn 0.70711 -0.00000 0.70711
vn 0.70711 -0.00000 0.70711
vn 0.68301 -0.18301 0.70711
vn 0.00000 0.00000 -1.00000
vn 0.00000 0.00000 -1.00000
vn 0.00000 0.00000 -1.00000
vn 0.00000 0.00000 -1.00000
vn 0.00000 0.00000 -1.00000
vn 0.00000 0.00000 -1.00000
vn 0.00000 0.00000 -1.00000
vn 0.00000 0.00000 -1.00000
vn 0.00000 0.00000 -1.00000
vn 0.00000 0.00000 -1.00000
vn 0.00000 0.00000 -1.00000
vn 0.00000 0.00000 -1.00000
vn 0.00000 0.00000 -1.00000
vn 0.00000 0.00000 -1.00000
vn 0.00000 0.00000 -1.00000
vn 0.00000 0.00000 -1.00000
vn 0.00000 0.00000 -1.00000
vn 0.00000 0.00000 -1.00000
vn 0.00000 0.00000 -1.00000
vn 0.00000 0.00000 -1.00000
vn 0.00000 0.00000 -1.00000
vn 0.00000 0.00000 -1.00000
vn 0.00000 0.00000 -1.00000
vn 0.00000 0.00000 -1.00000
vn 0.00000 0.00000 -1.00000
vn -0.00000 0.00000 -1.00000
vn -0.00000 0.00000 -1.00000
vn 0.00000 0.00000 -1.00000
vn -0.00000 0.00000 -1.00000
vn -0.00000 0.00000 -1.00000
vn -0.00000 0.00000 -1.00000
vn -0.00000 0.00000 -1.00000
vn -0.00000 0.00000 -1.00000
vn -0.00000 0.00000 -1.00000
vn -0.00000 0.00000 -1.00000
vn -0.00000 0.00000 -1.00000
vn -0.00000 0.00000 -1.00000
vn -0.00000 0.00000 -1.00000
vn -0.00000 0.00000 -1.00000
vn -0.00000 0.00000 -1.00000
vn -0.00000 0.00000 -1.00000
vn -0.00000 0.00000 -1.00000
vn -0.00000 0.00000 -1.00000
vn -0.00000 0.00000 -1.00000
vn -0.00000 0.00000 -1.00000
vn -0.00000 0.00000 -1.00000
vn -0.00000 0.00000 -1.00000
vn -0.00000 0.00000 -1.00000
vn -0.00000 0.00000 -1.00000
vn -0.00000 -0.00000 -1.00000
vn -0.00000 -0.00000 -1.00000
vn -0.00000 0.00000 -1.00000
vn -0.00000 -0.00000 -1.00000
vn -0.00000 -0.00000 -1.00000
vn -0.00000 -0.00000 -1.00000
vn -0.00000 -0.00000 -1.00000
vn -0.00000 -0.00000 -1.00000
vn -0.00000 -0.00000 -1.00000
vn -0.00000 -0.00000 -1.00000
vn -0.00000 -0.00000 -1.00000
vn -0.00000 -0.00000 -1.00000
vn -0.00000 -0.00000 -1.00000
vn -0.00000 -0.00000 -1.00000
vn -0.00000 -0.00000 -1.00000
vn -0.00000 -0.00000 -1.00000
vn -0.00000 -0.00000 -1.00000
vn -0.00000 -0.00000 -1.00000
vn -0.00000 -0.00000 -1.00000
vn -0.00000 -0.00000 -1.00000
vn -0.00000 -0.00000 -1.00000
vn -0.00000 -0.00000 -1.00000
vn -0.00000 -0.00000 -1.00000
vn -0.00000 -0.00000 -1.00000
vn 0.00000 -0.00000 -1.00000
vn 0.00000 -0.00000 -1.00000
vn -0.00000 -0.00000 -1.00000
vn 0.00000 -0.00000 -1.00000
vn 0.00000 -0.00000 -1.00000
vn 0.00000 -0.00000 -1.00000
vn 0.00000 -0.00000 -1.00000
vn 0.00000 -0.00000 -1.00000
vn 0.00000 -0.00000 -1.00000
vn 0.00000 -0.00000 -1.00000
vn 0.00000 -0.00000 -1.00000
vn 0.00000 -0.00000 -1.00000
vn 0.00000 -0.00000 -1.00000
vn 0.00000 -0.00000 -1.00000
vn 0.00000 -0.00000 -1.00000
vn 0.00000 -0.00000 -1.00000
vn 0.00000 -0.00000 -1.00000
vn 0.00000 -0.00000 -1.00000
vn 0.00000 -0.00000 -1.00000
vn 0.00000 -0.00000 -1.00000
vn 0.00000 -0.00000 -1.00000
vn 0.00000 -0.00000 -1.00000
vn 0.00000 -0.00000 -1.00000
vn 0.70711 0.00000 0.70711
vn 0.68301 0.18301 0.70711
vn 0.68301 0.18301 0.70711
vn 0.70711 0.00000 0.70711
vn 0.68301 0.18301 0.70711
vn 0.61237 0.35355 0.70711
vn 0.61237 0.35355 0.70711
vn 0.68301 0.18301 0.70711
vn 0.61237 0.35355 0.70711
vn 0.50000 0.50000 0.70711
vn 0.50000 0.50000 0.70711
vn 0.61237 0.35355 0.70711
vn 0.50000 0.50000 0.70711
vn 0.35355 0.61237 0.70711
vn 0.35355 0.61237 0.70711
vn 0.50000 0.50000 0.70711
vn 0.35355 0.61237 0.70711
vn 0.18301 0.68301 0.70711
vn 0.18301 0.68301 0.70711
vn 0.35355 0.61237 0.70711
vn 0.18301 0.68301 0.70711
vn 0.00000 0.70711 0.70711
vn 0.00000 0.70711 0.70711
vn 0.18301 0.68301 0.70711
vn 0.00000 0.70711 0.70711
vn -0.18301 0.68301 0.70711
vn -0.18301 0.68301 0.70711
vn 0.00000 0.70711 0.70711
vn -0.18301 0.68301 0.70711
vn -0.35355 0.61237 0.70711
vn -0.35355 0.61237 0.70711
vn -0.18301 0.68301 0.70711
vn -0.35355 0.61237 0.70711
vn -0.50000 0.50000 0.70711
vn -0.50000 0.50000 0.70711
vn -0.35355 0.61237 0.70711
vn -0.50000 0.50000 0.70711
vn -0.61237 0.35355 0.70711
vn -0.61237 0.35355 0.70711
vn -0.50000 0.50000 0.70711
vn -0.61237 0.35355 0.70711
vn -0.68301 0.18301 0.70711
vn -0.68301 0.18301 0.70711
vn -0.61237 0.35355 0.70711
vn -0.68301 0.18301 0.70711
vn -0.70711 0.00000 0.70711
vn -0.70711 0.00000 0.70711
vn -0.68301 0.18301 0.70711
vn -0.70711 0.00000 0.70711
vn -0.68301 -0.18301 0.70711
vn -0.68301 -0.18301 0.70711
vn -0.70711 0.00000 0.70711
vn -0.68301 -0.18301 0.70711
vn -0.61237 -0.35355 0.70711
vn -0.61237 -0.35355 0.70711
vn -0.68301 -0.18301 0.70711
vn -0.61237 -0.35355 0.70711
vn -0.50000 -0.50000 0.70711
vn -0.50000 -0.50000 0.70711
vn -0.61237 -0.35355 0.70711
vn -0.50000 -0.50000 0.70711
vn -0.35355 -0.61237 0.70711
vn -0.35355 -0.61237 0.70711
vn -0.50000 -0.50000 0.70711
vn -0.35355 -0.61237 0.70711
vn -0.18301 -0.68301 0.70711
vn -0.18301 -0.68301 0.70711
vn -0.35355 -0.61237 0.70711
vn -0.18301 -0.68301 0.70711
vn -0.00000 -0.70711 0.70711
vn -0.00000 -0.70711 0.70711
vn -0.18301 -0.68301 0.70711
vn -0.00000 -0.70711 0.70711
vn 0.18301 -0.68301 0.70711
vn 0.18301 -0.68301 0.70711
vn -0.00000 -0.70711 0.70711
vn 0.18301 -0.68301 0.70711
vn 0.35355 -0.61237 0.70711
vn 0.35355 -0.61237 0.70711
vn 0.18301 -0.68301 0.70711
vn 0.35355 -0.61237 0.70711
vn 0.50000 -0.50000 0.70711
vn 0.50000 -0.50000 0.70711
vn 0.35355 -0.61237 0.70711
vn 0.50000 -0.50000 0.70711
vn 0.61237 -0.35355 0.70711
vn 0.61237 -0.35355 0.70711
vn 0.50000 -0.50000 0.70711
vn 0.61237 -0.35355 0.70711
vn 0.68301 -0.18301 0.70711
vn 0.68301 -0.18301 0.70711
vn 0.61237 -0.35355 0.70711
vn 0.68301 -0.18301 0.70711
vn 0.70711 -0.00000 0.70711
vn 0.70711 -0.00000 0.70711
vn 0.68301 -0.18301 0.70711
vn 1.00000 0.00000 -0.00000
vn 0.96593 0.25882 -0.00000
vn 0.96593 0.25882 -0.00000
vn 1.00000 0.00000 -0.00000
vn 0.96593 0.25882 -0.00000
vn 0.86603 0.50000 -0.00000
vn 0.86603 0.50000 -0.00000
vn 0.96593 0.25882 -0.00000
vn 0.86603 0.50000 -0.00000
vn 0.70711 0.70711 -0.00000
vn 0.70711 0.70711 -0.00000
vn 0.86603 0.50000 -0.00000
vn 0.70711 0.70711 -0.00000
vn 0.50000 0.86603 -0.00000
vn 0.50000 0.86603 -0.00000
vn 0.70711 0.70711 -0.00000
vn 0.50000 0.86603 -0.00000
vn 0.25882 0.96593 -0.00000
vn 0.25882 0.96593 -0.00000
vn 0.50000 0.86603 -0.00000
vn 0.25882 0.96593 -0.00000
vn 0.00000 1.00000 -0.00000
vn 0.00000 1.00000 -0.00000
vn 0.25882 0.96593 -0.00000
vn 0.00000 1.00000 -0.00000
vn -0.25882 0.96593 -0.00000
vn -0.25882 0.96593 -0.00000
vn 0.00000 1.00000 -0.00000
vn -0.25882 0.96593 -0.00000
vn -0.50000 0.86603 -0.00000
vn -0.50000 0.86603 -0.00000
vn -0.25882 0.96593 -0.00000
vn -0.50000 0.86603 -0.00000
vn -0.70711 0.70711 -0.00000
vn -0.70711 0.70711 -0.00000
vn -0.50000 0.86603 -0.00000
vn -0.70711 0.70711 -0.00000
vn -0.86603 0.50000 -0.00000
vn -0.86603 0.50000 -0.00000
vn -0.70711 0.70711 -0.00000
vn -0.86603 0.50000 -0.00000
vn -0.96593 0.25882 -0.00000
vn -0.96593 0.25882 -0.00000
vn -0.86603 0.50000 -0.00000
vn -0.96593 0.25882 -0.00000
vn -1.00000 0.00000 -0.00000
vn -1.00000 0.00000 -0.00000
vn -0.96593 0.25882 -0.00000
vn -1.00000 0.00000 -0.00000
vn -0.96593 -0.25882 -0.00000
vn -0.96593 -0.25882 -0.00000
vn -1.00000 0.00000 -0.00000
vn -0.96593 -0.25882 -0.00000
vn -0.86603 -0.50000 -0.00000
vn -0.86603 -0.50000 -0.00000
vn -0.96593 -0.25882 -0.00000
vn -0.86603 -0.50000 -0.00000
vn -0.70711 -0.70711 -0.00000
vn -0.70711 -0.70711 -0.00000
vn -0.86603 -0.50000 -0.00000
vn -0.70711 -0.70711 -0.00000
vn -0.50000 -0.86603 -0.00000
vn -0.50000 -0.86603 -0.00000
vn -0.70711 -0.70711 -0.00000
vn -0.50000 -0.86603 -0.00000
vn -0.25882 -0.96593 -0.00000
vn -0.25882 -0.96593 -0.00000
vn -0.50000 -0.86603 -0.00000
vn -0.25882 -0.96593 -0.00000
vn -0.00000 -1.00000 -0.00000
vn -0.00000 -1.00000 -0.00000
vn -0.25882 -0.96593 -0.00000
vn -0.00000 -1.00000 -0.00000
vn 0.25882 -0.96593 -0.00000
vn 0.25882 -0.96593 -0.00000
vn -0.00000 -1.00000 -0.00000
vn 0.25882 -0.96593 -0.00000
vn 0.50000 -0.86603 -0.00000
vn 0.50000 -0.86603 -0.00000
vn 0.25882 -0.96593 -0.00000
vn 0.50000 -0.86603 -0.00000
vn 0.70711 -0.70711 -0.00000
vn 0.70711 -0.70711 -0.00000
vn 0.50000 -0.86603 -0.00000
vn 0.70711 -0.70711 -0.00000
vn 0.86603 -0.50000 -0.00000
vn 0.86603 -0.50000 -0.00000
vn 0.70711 -0.70711 -0.00000
vn 0.86603 -0.50000 -0.00000
vn 0.96593 -0.25882 -0.00000
vn 0.96593 -0.25882 -0.00000
vn 0.86603 -0.50000 -0.00000
vn 0.96593 -0.25882 -0.00000
vn 1.00000 -0.00000 -0.00000
vn 1.00000 -0.00000 -0.00000
vn 0.96593 -0.25882 -0.00000
vn 0.70711 0.00000 -0.70711
vn 0.68301 0.18301 -0.70711
vn 0.68301 0.18301 -0.70711
vn 0.70711 0.00000 -0.70711
vn 0.68301 0.18301 -0.70711
vn 0.61237 0.35355 -0.70711
vn 0.61237 0.35355 -0.70711
vn 0.68301 0.18301 -0.70711
vn 0.61237 0.35355 -0.70711
vn 0.50000 0.50000 -0.70711
vn 0.50000 0.50000 -0.70711
vn 0.61237 0.35355 -0.70711
vn 0.50000 0.50000 -0.70711
vn 0.35355 0.61237 -0.70711
vn 0.35355 0.61237 -0.70711
vn 0.50000 0.50000 -0.70711
vn 0.35355 0.61237 -0.70711
vn 0.18301 0.68301 -0.70711
vn 0.18301 0.68301 -0.70711
vn 0.35355 0.61237 -0.70711
vn 0.18301 0.68301 -0.70711
vn 0.00000 0.70711 -0.70711
vn 0.00000 0.70711 -0.70711
vn 0.18301 0.68301 -0.70711
vn 0.00000 0.70711 -0.70711
vn -0.18301 0.68301 -0.70711
vn -0.18301 0.68301 -0.70711
vn 0.00000 0.70711 -0.70711
vn -0.18301 0.68301 -0.70711
vn -0.35355 0.61237 -0.70711
vn -0.35355 0.61237 -0.70711
vn -0.18301 0.68301 -0.70711
vn -0.35355 0.61237 -0.70711
vn -0.50000 0.50000 -0.70711
vn -0.50000 0.50000 -0.70711
vn -0.35355 0.61237 -0.70711
vn -0.50000 0.50000 -0.70711
vn -0.61237 0.35355 -0.70711
vn -0.61237 0.35355 -0.70711
vn -0.50000 0.50000 -0.70711
vn -0.61237 0.35355 -0.70711
vn -0.68301 0.18301 -0.70711
vn -0.68301 0.18301 -0.70711
vn -0.61237 0.35355 -0.70711
vn -0.68301 0.18301 -0.70711
vn -0.70711 0.00000 -0.70711
vn -0.70711 0.00000 -0.70711
vn -0.68301 0.18301 -0.70711
vn -0.70711 0.00000 -0.70711
vn -0.68301 -0.18301 -0.70711
vn -0.68301 -0.18301 -0.70711
vn -0.70711 0.00000 -0.70711
vn -0.68301 -0.18301 -0.70711
vn -0.61237 -0.35355 -0.70711
vn -0.61237 -0.35355 -0.70711
vn -0.68301 -0.18301 -0.70711
vn -0.61237 -0.35355 -0.70711
vn -0.50000 -0.50000 -0.70711
vn -0.50000 -0.50000 -0.70711
vn -0.61237 -0.35355 -0.70711
vn -0.50000 -0.50000 -0.70711
vn -0.35355 -0.61237 -0.70711
vn -0.35355 -0.61237 -0.70711
vn -0.50000 -0.50000 -0.70711
vn -0.35355 -0.61237 -0.70711
vn -0.18301 -0.68301 -0.70711
vn -0.18301 -0.68301 -0.70711
vn -0.35355 -0.61237 -0.70711
vn -0.18301 -0.68301 -0.70711
vn -0.00000 -0.70711 -0.70711
vn -0.00000 -0.70711 -0.70711
vn -0.18301 -0.68301 -0.70711
vn -0.00000 -0.70711 -0.70711
vn 0.18301 -0.68301 -0.70711
vn 0.18301 -0.68301 -0.70711
vn -0.00000 -0.70711 -0.70711
vn 0.18301 -0.68301 -0.70711
vn 0.35355 -0.61237 -0.70711
vn 0.35355 -0.61237 -0.70711
vn 0.18301 -0.68301 -0.70711
vn 0.35355 -0.61237 -0.70711
vn 0.50000 -0.50000 -0.70711
vn 0.50000 -0.50000 -0.70711
vn 0.35355 -0.61237 -0.70711
vn 0.50000 -0.50000 -0.70711
vn 0.61237 -0.35355 -0.70711
vn 0.61237 -0.35355 -0.70711
vn 0.50000 -0.50000 -0.70711
vn 0.61237 -0.35355 -0.70711
vn 0.68301 -0.18301 -0.70711
vn 0.68301 -0.18301 -0.70711
vn 0.61237 -0.35355 -0.70711
vn 0.68301 -0.18301 -0.70711
vn 0.70711 -0.00000 -0.70711
vn 0.70711 -0.00000 -0.70711
vn 0.68301 -0.18301 -0.70711
vn 0.00000 0.00000 1.00000
vn 0.00000 0.00000 1.00000
vn 0.00000 0.00000 1.00000
vn 0.00000 0.00000 1.00000
vn 0.00000 0.00000 1.00000
vn 0.00000 0.00000 1.00000
vn 0.00000 0.00000 1.00000
vn 0.00000 0.00000 1.00000
vn 0.00000 0.00000 1.00000
vn 0.00000 0.00000 1.00000
vn 0.00000 0.00000 1.00000
vn 0.00000 0.00000 1.00000
vn 0.00000 0.00000 1.00000
vn 0.00000 0.00000 1.00000
vn 0.00000 0.00000 1.00000
vn 0.00000 0.00000 1.00000
vn 0.00000 0.00000 1.00000
vn 0.00000 0.00000 1.00000
vn 0.00000 0.00000 1.00000
vn 0.00000 0.00000 1.00000
vn 0.00000 0.00000 1.00000
vn 0.00000 0.00000 1.00000
vn 0.00000 0.00000 1.00000
vn 0.00000 0.00000 1.00000
vn 0.00000 0.00000 1.00000
vn -0.00000 0.00000 1.00000
vn -0.00000 0.00000 1.00000
vn 0.00000 0.00000 1.00000
vn -0.00000 0.00000 1.00000
vn -0.00000 0.00000 1.00000
vn -0.00000 0.00000 1.00000
vn -0.00000 0.00000 1.00000
vn -0.00000 0.00000 1.00000
vn -0.00000 0.00000 1.00000
vn -0.00000 0.00000 1.00000
vn -0.00000 0.00000 1.00000
vn -0.00000 0.00000 1.00000
vn -0.00000 0.00000 1.00000
vn -0.00000 0.00000 1.00000
vn -0.00000 0.00000 1.00000
vn -0.00000 0.00000 1.00000
vn -0.00000 0.00000 1.00000
vn -0.00000 0.00000 1.00000
vn -0.00000 0.00000 1.00000
vn -0.00000 0.00000 1.00000
vn -0.00000 0.00000 1.00000
vn -0.00000 0.00000 1.00000
vn -0.00000 0.00000 1.00000
vn -0.00000 0.00000 1.00000
vn -0.00000 -0.00000 1.00000
vn -0.00000 -0.00000 1.00000
vn -0.00000 0.00000 1.00000
vn -0.00000 -0.00000 1.00000
vn -0.00000 -0.00000 1.00000
vn -0.00000 -0.00000 1.00000
vn -0.00000 -0.00000 1.00000
vn -0.00000 -0.00000 1.00000
vn -0.00000 -0.00000 1.00000
vn -0.00000 -0.00000 1.00000
vn -0.00000 -0.00000 1.00000
vn -0.00000 -0.00000 1.00000
vn -0.00000 -0.00000 1.00000
vn -0.00000 -0.00000 1.00000
vn -0.00000 -0.00000 1.00000
vn -0.00000 -0.00000 1.00000
vn -0.00000 -0.00000 1.00000
vn -0.00000 -0.00000 1.00000
vn -0.00000 -0.00000 1.00000
vn -0.00000 -0.00000 1.00000
vn -0.00000 -0.00000 1.00000
vn -0.00000 -0.00000 1.00000
vn -0.00000 -0.00000 1.00000
vn -0.00000 -0.00000 1.00000
vn 0.00000 -0.00000 1.00000
vn 0.00000 -0.00000 1.00000
vn -0.00000 -0.00000 1.00000
vn 0.00000 -0.00000 1.00000
vn 0.00000 -0.00000 1.00000
vn 0.00000 -0.00000 1.00000
vn 0.00000 -0.00000 1.00000
vn 0.00000 -0.00000 1.00000
vn 0.00000 -0.00000 1.00000
vn 0.00000 -0.00000 1.00000
vn 0.00000 -0.00000 1.00000
vn 0.00000 -0.00000 1.00000
vn 0.00000 -0.00000 1.00000
vn 0.00000 -0.00000 1.00000
vn 0.00000 -0.00000 1.00000
vn 0.00000 -0.00000 1.00000
vn 0.00000 -0.00000 1.00000
vn 0.00000 -0.00000 1.00000
vn 0.00000 -0.00000 1.00000
vn 0.00000 -0.00000 1.00000
vn 0.00000 -0.00000 1.00000
vn 0.00000 -0.00000 1.00000
vn 0.00000 -0.00000 1.00000
vn 0.55470 0.00000 -0.83205
vn 0.53580 0.14357 -0.83205
vn 0.53580 0.14357 -0.83205
vn 0.55470 0.00000 -0.83205
vn 0.53580 0.14357 -0.83205
vn 0.48038 0.27735 -0.83205
vn 0.48038 0.27735 -0.83205
vn 0.53580 0.14357 -0.83205
vn 0.48038 0.27735 -0.83205
vn 0.39223 0.39223 -0.83205
vn 0.39223 0.39223 -0.83205
vn 0.48038 0.27735 -0.83205
vn 0.39223 0.39223 -0.83205
vn 0.27735 0.48038 -0.83205
vn 0.27735 0.48038 -0.83205
vn 0.39223 0.39223 -0.83205
vn 0.27735 0.48038 -0.83205
vn 0.14357 0.53580 -0.83205
vn 0.14357 0.53580 -0.83205
vn 0.27735 0.48038 -0.83205
vn 0.14357 0.53580 -0.83205
vn 0.00000 0.55470 -0.83205
vn 0.00000 0.55470 -0.83205
vn 0.14357 0.53580 -0.83205
vn 0.00000 0.55470 -0.83205
vn -0.14357 0.53580 -0.83205
vn -0.14357 0.53580 -0.83205
vn 0.00000 0.55470 -0.83205
vn -0.14357 0.53580 -0.83205
vn -0.27735 0.48038 -0.83205
vn -0.27735 0.48038 -0.83205
vn -0.14357 0.53580 -0.83205
vn -0.27735 0.48038 -0.83205
vn -0.39223 0.39223 -0.83205
vn -0.39223 0.39223 -0.83205
vn -0.27735 0.48038 -0.83205
vn -0.39223 0.39223 -0.83205
vn -0.48038 0.27735 -0.83205
vn -0.48038 0.27735 -0.83205
vn -0.39223 0.39223 -0.83205
vn -0.48038 0.27735 -0.83205
vn -0.53580 0.14357 -0.83205
vn -0.53580 0.14357 -0.83205
vn -0.48038 0.27735 -0.83205
vn -0.53580 0.14357 -0.83205
vn -0.55470 0.00000 -0.83205
vn -0.55470 0.00000 -0.83205
vn -0.53580 0.14357 -0.83205
vn -0.55470 0.00000 -0.83205
vn -0.53580 -0.14357 -0.83205
vn -0.53580 -0.14357 -0.83205
vn -0.55470 0.00000 -0.83205
vn -0.53580 -0.14357 -0.83205
vn -0.48038 -0.27735 -0.83205
vn -0.48038 -0.27735 -0.83205
vn -0.53580 -0.14357 -0.83205
vn -0.48038 -0.27735 -0.83205
vn -0.39223 -0.39223 -0.83205
vn -0.39223 -0.39223 -0.83205
vn -0.48038 -0.27735 -0.83205
vn -0.39223 -0.39223 -0.83205
vn -0.27735 -0.48038 -0.83205
vn -0.27735 -0.48038 -0.83205
vn -0.39223 -0.39223 -0.83205
vn -0.27735 -0.48038 -0.83205
vn -0.14357 -0.53580 -0.83205
vn -0.14357 -0.53580 -0.83205
vn -0.27735 -0.48038 -0.83205
vn -0.14357 -0.53580 -0.83205
vn -0.00000 -0.55470 -0.83205
vn -0.00000 -0.55470 -0.83205
vn -0.14357 -0.53580 -0.83205
vn -0.00000 -0.55470 -0.83205
vn 0.14357 -0.53580 -0.83205
vn 0.14357 -0.53580 -0.83205
vn -0.00000 -0.55470 -0.83205
vn 0.14357 -0.53580 -0.83205
vn 0.27735 -0.48038 -0.83205
vn 0.27735 -0.48038 -0.83205
vn 0.14357 -0.53580 -0.83205
vn 0.27735 -0.48038 -0.83205
vn 0.39223 -0.39223 -0.83205
vn 0.39223 -0.39223 -0.83205
vn 0.27735 -0.48038 -0.83205
vn 0.39223 -0.39223 -0.83205
vn 0.48038 -0.27735 -0.83205
vn 0.48038 -0.27735 -0.83205
vn 0.39223 -0.39223 -0.83205
vn 0.48038 -0.27735 -0.83205
vn 0.53580 -0.14357 -0.83205
vn 0.53580 -0.14357 -0.83205
vn 0.48038 -0.27735 -0.83205
vn 0.53580 -0.14357 -0.83205
vn 0.55470 -0.00000 -0.83205
vn 0.55470 -0.00000 -0.83205
vn 0.53580 -0.14357 -0.83205
vn 1.00000 0.00000 -0.00000
vn 0.96593 0.25882 -0.00000
vn 0.96593 0.25882 -0.00000
vn 1.00000 0.00000 -0.00000
vn 0.96593 0.25882 -0.00000
vn 0.86603 0.50000 -0.00000
vn 0.86603 0.50000 -0.00000
vn 0.96593 0.25882 -0.00000
vn 0.86603 0.50000 -0.00000
vn 0.70711 0.70711 -0.00000
vn 0.70711 0.70711 -0.00000
vn 0.86603 0.50000 -0.00000
vn 0.70711 0.70711 -0.00000
vn 0.50000 0.86603 -0.00000
vn 0.50000 0.86603 -0.00000
vn 0.70711 0.70711 -0.00000
vn 0.50000 0.86603 -0.00000
vn 0.25882 0.96593 -0.00000
vn 0.25882 0.96593 -0.00000
vn 0.50000 0.86603 -0.00000
vn 0.25882 0.96593 -0.00000
vn 0.00000 1.00000 -0.00000
vn 0.00000 1.00000 -0.00000
vn 0.25882 0.96593 -0.00000
vn 0.00000 1.00000 -0.00000
vn -0.25882 0.96593 -0.00000
vn -0.25882 0.96593 -0.00000
vn 0.00000 1.00000 -0.00000
vn -0.25882 0.96593 -0.00000
vn -0.50000 0.86603 -0.00000
vn -0.50000 0.86603 -0.00000
vn -0.25882 0.96593 -0.00000
vn -0.50000 0.86603 -0.00000
vn -0.70711 0.70711 -0.00000
vn -0.70711 0.70711 -0.00000
vn -0.50000 0.86603 -0.00000
vn -0.70711 0.70711 -0.00000
vn -0.86603 0.50000 -0.00000
vn -0.86603 0.50000 -0.00000
vn -0.70711 0.70711 -0.00000
vn -0.86603 0.50000 -0.00000
vn -0.96593 0.25882 -0.00000
vn -0.96593 0.25882 -0.00000
vn -0.86603 0.50000 -0.00000
vn -0.96593 0.25882 -0.00000
vn -1.00000 0.00000 -0.00000
vn -1.00000 0.00000 -0.00000
vn -0.96593 0.25882 -0.00000
vn -1.00000 0.00000 -0.00000
vn -0.96593 -0.25882 -0.00000
vn -0.96593 -0.25882 -0.00000
vn -1.00000 0.00000 -0.00000
vn -0.96593 -0.25882 -0.00000
vn -0.86603 -0.50000 -0.00000
vn -0.86603 -0.50000 -0.00000
vn -0.96593 -0.25882 -0.00000
vn -0.86603 -0.50000 -0.00000
vn -0.70711 -0.70711 -0.00000
vn -0.70711 -0.70711 -0.00000
vn -0.86603 -0.50000 -0.00000
vn -0.70711 -0.70711 -0.00000
vn -0.50000 -0.86603 -0.00000
vn -0.50000 -0.86603 -0.00000
vn -0.70711 -0.70711 -0.00000
vn -0.50000 -0.86603 -0.00000
vn -0.25882 -0.96593 -0.00000
vn -0.25882 -0.96593 -0.00000
vn -0.50000 -0.86603 -0.00000
vn -0.25882 -0.96593 -0.00000
vn -0.00000 -1.00000 -0.00000
vn -0.00000 -1.00000 -0.00000
vn -0.25882 -0.96593 -0.00000
vn -0.00000 -1.00000 -0.00000
vn 0.25882 -0.96593 -0.00000
vn 0.25882 -0.96593 -0.00000
vn -0.00000 -1.00000 -0.00000
vn 0.25882 -0.96593 -0.00000
vn 0.50000 -0.86603 -0.00000
vn 0.50000 -0.86603 -0.00000
vn 0.25882 -0.96593 -0.00000
vn 0.50000 -0.86603 -0.00000
vn 0.70711 -0.70711 -0.00000
vn 0.70711 -0.70711 -0.00000
vn 0.50000 -0.86603 -0.00000
vn 0.70711 -0.70711 -0.00000
vn 0.86603 -0.50000 -0.00000
vn 0.86603 -0.50000 -0.00000
vn 0.70711 -0.70711 -0.00000
vn 0.86603 -0.50000 -0.00000
vn 0.96593 -0.25882 -0.00000
vn 0.96593 -0.25882 -0.00000
vn 0.86603 -0.50000 -0.00000
vn 0.96593 -0.25882 -0.00000
vn 1.00000 -0.00000 -0.00000
vn 1.00000 -0.00000 -0.00000
vn 0.96593 -0.25882 -0.00000
vn 0.00000 0.00000 1.00000
vn 0.00000 0.00000 1.00000
vn 0.00000 0.00000 1.00000
vn 0.00000 0.00000 1.00000
vn 0.00000 0.00000 1.00000
vn 0.00000 0.00000 1.00000
vn 0.00000 0.00000 1.00000
vn 0.00000 0.00000 1.00000
vn 0.00000 0.00000 1.00000
vn 0.00000 0.00000 1.00000
vn 0.00000 0.00000 1.00000
vn 0.00000 0.00000 1.00000
vn 0.00000 0.00000 1.00000
vn 0.00000 0.00000 1.00000
vn 0.00000 0.00000 1.00000
vn 0.00000 0.00000 1.00000
vn 0.00000 0.00000 1.00000
vn 0.00000 0.00000 1.00000
vn 0.00000 0.00000 1.00000
vn 0.00000 0.00000 1.00000
vn 0.00000 0.00000 1.00000
vn 0.00000 0.00000 1.00000
vn 0.00000 0.00000 1.00000
vn 0.00000 0.00000 1.00000
vn 0.00000 0.00000 1.00000
vn -0.00000 0.00000 1.00000
vn -0.00000 0.00000 1.00000
vn 0.00000 0.00000 1.00000
vn -0.00000 0.00000 1.00000
vn -0.00000 0.00000 1.00000
vn -0.00000 0.00000 1.00000
vn -0.00000 0.00000 1.00000
vn -0.00000 0.00000 1.00000
vn -0.00000 0.00000 1.00000
vn -0.00000 0.00000 1.00000
vn -0.00000 0.00000 1.00000
vn -0.00000 0.00000 1.00000
vn -0.00000 0.00000 1.00000
vn -0.00000 0.00000 1.00000
vn -0.00000 0.00000 1.00000
vn -0.00000 0.00000 1.00000
vn -0.00000 0.00000 1.00000
vn -0.00000 0.00000 1.00000
vn -0.00000 0.00000 1.00000
vn -0.00000 0.00000 1.00000
vn -0.00000 0.00000 1.00000
vn -0.00000 0.00000 1.00000
vn -0.00000 0.00000 1.00000
vn -0.00000 0.00000 1.00000
vn -0.00000 -0.00000 1.00000
vn -0.00000 -0.00000 1.00000
vn -0.00000 0.00000 1.00000
vn -0.00000 -0.00000 1.00000
vn -0.00000 -0.00000 1.00000
vn -0.00000 -0.00000 1.00000
vn -0.00000 -0.00000 1.00000
vn -0.00000 -0.00000 1.00000
vn -0.00000 -0.00000 1.00000
vn -0.00000 -0.00000 1.00000
vn -0.00000 -0.00000 1.00000
vn -0.00000 -0.00000 1.00000
vn -0.00000 -0.00000 1.00000
vn -0.00000 -0.00000 1.00000
vn -0.00000 -0.00000 1.00000
vn -0.00000 -0.00000 1.00000
vn -0.00000 -0.00000 1.00000
vn -0.00000 -0.00000 1.00000
vn -0.00000 -0.00000 1.00000
vn -0.00000 -0.00000 1.00000
vn -0.00000 -0.00000 1.00000
vn -0.00000 -0.00000 1.00000
vn -0.00000 -0.00000 1.00000
vn -0.00000 -0.00000 1.00000
vn 0.00000 -0.00000 1.00000
vn 0.00000 -0.00000 1.00000
vn -0.00000 -0.00000 1.00000
vn 0.00000 -0.00000 1.00000
vn 0.00000 -0.00000 1.00000
vn 0.00000 -0.00000 1.00000
vn 0.00000 -0.00000 1.00000
vn 0.00000 -0.00000 1.00000
vn 0.00000 -0.00000 1.00000
vn 0.00000 -0.00000 1.00000
vn 0.00000 -0.00000 1.00000
vn 0.00000 -0.00000 1.00000
vn 0.00000 -0.00000 1.00000
vn 0.00000 -0.00000 1.00000
vn 0.00000 -0.00000 1.00000
vn 0.00000 -0.00000 1.00000
vn 0.00000 -0.00000 1.00000
vn 0.00000 -0.00000 1.00000
vn 0.00000 -0.00000 1.00000
vn 0.00000 -0.00000 1.00000
vn 0.00000 -0.00000 1.00000
vn 0.00000 -0.00000 1.00000
vn 0.00000 -0.00000 1.00000
vn 1.00000 0.00000 0.00000
vn -1.00000 0.00000 0.00000
vn 0.00000 1.00000 0.00000
vn 0.00000 -1.00000 0.00000
vn 0.00000 0.00000 1.00000
vn 0.00000 0.00000 -1.00000
vn 1.00000 -0.00000 0.00000
vn 0.80902 -0.00000 0.58779
vn 0.80902 -0.00000 0.58779
vn 1.00000 -0.00000 0.00000
vn 0.80902 -0.00000 0.58779
vn 0.30902 -0.00000 0.95106
vn 0.30902 -0.00000 0.95106
vn 0.80902 -0.00000 0.58779
vn 0.30902 -0.00000 0.95106
vn -0.30902 -0.00000 0.95106
vn -0.30902 -0.00000 0.95106
vn 0.30902 -0.00000 0.95106
vn -0.30902 -0.00000 0.95106
vn -0.80902 -0.00000 0.58779
vn -0.80902 -0.00000 0.58779
vn -0.30902 -0.00000 0.95106
vn -0.80902 -0.00000 0.58779
vn -1.00000 -0.00000 0.00000
vn -1.00000 -0.00000 0.00000
vn -0.80902 -0.00000 0.58779
vn -1.00000 -0.00000 0.00000
vn -0.80902 -0.00000 -0.58779
vn -0.80902 -0.00000 -0.58779
vn -1.00000 -0.00000 0.00000
vn -0.80902 -0.00000 -0.58779
vn -0.30902 -0.00000 -0.95106
vn -0.30902 -0.00000 -0.95106
vn -0.80902 -0.00000 -0.58779
vn -0.30902 -0.00000 -0.95106
vn 0.30902 -0.00000 -0.95106
vn 0.30902 -0.00000 -0.95106
vn -0.30902 -0.00000 -0.95106
vn 0.30902 -0.00000 -0.95106
vn 0.80902 -0.00000 -0.58779
vn 0.80902 -0.00000 -0.58779
vn 0.30902 -0.00000 -0.95106
vn 0.80902 -0.00000 -0.58779
vn 1.00000 -0.00000 -0.00000
vn 1.00000 -0.00000 -0.00000
vn 0.80902 -0.00000 -0.58779
vn 0.00000 0.00000 -1.00000
vn 0.00000 0.00000 -1.00000
vn 0.00000 0.00000 -1.00000
vn 0.00000 0.00000 -1.00000
vn 0.00000 0.00000 -1.00000
vn 0.00000 0.00000 -1.00000
vn 0.00000 0.00000 -1.00000
vn 0.00000 0.00000 -1.00000
vn 0.00000 0.00000 -1.00000
vn 0.00000 0.00000 -1.00000
vn 0.00000 0.00000 -1.00000
vn 0.00000 0.00000 -1.00000
vn 0.00000 0.00000 -1.00000
vn 0.00000 0.00000 -1.00000
vn 0.00000 0.00000 -1.00000
vn 0.00000 0.00000 -1.00000
vn 0.00000 0.00000 -1.00000
vn -0.00000 0.00000 -1.00000
vn -0.00000 0.00000 -1.00000
vn 0.00000 0.00000 -1.00000
vn -0.00000 0.00000 -1.00000
vn -0.00000 0.00000 -1.00000
vn -0.00000 0.00000 -1.00000
vn -0.00000 0.00000 -1.00000
vn -0.00000 0.00000 -1.00000
vn -0.00000 0.00000 -1.00000
vn -0.00000 0.00000 -1.00000
vn -0.00000 0.00000 -1.00000
vn -0.00000 0.00000 -1.00000
vn -0.00000 0.00000 -1.00000
vn -0.00000 0.00000 -1.00000
vn -0.00000 0.00000 -1.00000
vn -0.00000 0.00000 -1.00000
vn -0.00000 0.00000 -1.00000
vn -0.00000 0.00000 -1.00000
vn -0.00000 0.00000 -1.00000
vn -0.00000 0.00000 -1.00000
vn -0.00000 -0.00000 -1.00000
vn -0.00000 -0.00000 -1.00000
vn -0.00000 0.00000 -1.00000
vn -0.00000 -0.00000 -1.00000
vn -0.00000 -0.00000 -1.00000
vn -0.00000 -0.00000 -1.00000
vn -0.00000 -0.00000 -1.00000
vn -0.00000 -0.00000 -1.00000
vn -0.00000 -0.00000 -1.00000
vn -0.00000 -0.00000 -1.00000
vn -0.00000 -0.00000 -1.00000
vn -0.00000 -0.00000 -1.00000
vn -0.00000 -0.00000 -1.00000
vn -0.00000 -0.00000 -1.00000
vn -0.00000 -0.00000 -1.00000
vn -0.00000 -0.00000 -1.00000
vn 0.00000 -0.00000 -1.00000
vn 0.00000 -0.00000 -1.00000
vn -0.00000 -0.00000 -1.00000
vn 0.00000 -0.00000 -1.00000
vn 0.00000 -0.00000 -1.00000
vn 0.00000 -0.00000 -1.00000
vn 0.00000 -0.00000 -1.00000
vn 0.00000 -0.00000 -1.00000
vn 0.00000 -0.00000 -1.00000
vn 0.00000 -0.00000 -1.00000
vn 0.00000 -0.00000 -1.00000
vn 0.00000 -0.00000 -1.00000
vn 0.00000 -0.00000 -1.00000
vn 0.00000 -0.00000 -1.00000
vn 0.00000 -0.00000 -1.00000
vn 0.00000 -0.00000 -1.00000
vn 0.00000 -0.00000 -1.00000
vn 0.00000 -0.00000 -1.00000
vn 0.00000 -0.00000 -1.00000
vn 1.00000 0.00000 -0.00000
vn 0.93969 0.34202 -0.00000
vn 0.93969 0.34202 -0.00000
vn 1.00000 0.00000 -0.00000
vn 0.93969 0.34202 -0.00000
vn 0.76604 0.64279 -0.00000
vn 0.76604 0.64279 -0.00000
vn 0.93969 0.34202 -0.00000
vn 0.76604 0.64279 -0.00000
vn 0.50000 0.86603 -0.00000
vn 0.50000 0.86603 -0.00000
vn 0.76604 0.64279 -0.00000
vn 0.50000 0.86603 -0.00000
vn 0.17365 0.98481 -0.00000
vn 0.17365 0.98481 -0.00000
vn 0.50000 0.86603 -0.00000
vn 0.17365 0.98481 -0.00000
vn -0.17365 0.98481 -0.00000
vn -0.17365 0.98481 -0.00000
vn 0.17365 0.98481 -0.00000
vn -0.17365 0.98481 -0.00000
vn -0.50000 0.86603 -0.00000
vn -0.50000 0.86603 -0.00000
vn -0.17365 0.98481 -0.00000
vn -0.50000 0.86603 -0.00000
vn -0.76604 0.64279 -0.00000
vn -0.76604 0.64279 -0.00000
vn -0.50000 0.86603 -0.00000
vn -0.76604 0.64279 -0.00000
vn -0.93969 0.34202 -0.00000
vn -0.93969 0.34202 -0.00000
vn -0.76604 0.64279 -0.00000
vn -0.93969 0.34202 -0.00000
vn -1.00000 0.00000 -0.00000
vn -1.00000 0.00000 -0.00000
vn -0.93969 0.34202 -0.00000
vn -1.00000 0.00000 -0.00000
vn -0.93969 -0.34202 -0.00000
vn -0.93969 -0.34202 -0.00000
vn -1.00000 0.00000 -0.00000
vn -0.93969 -0.34202 -0.00000
vn -0.76604 -0.64279 -0.00000
vn -0.76604 -0.64279 -0.00000
vn -0.93969 -0.34202 -0.00000
vn -0.76604 -0.64279 -0.00000
vn -0.50000 -0.86603 -0.00000
vn -0.50000 -0.86603 -0.00000
vn -0.76604 -0.64279 -0.00000
vn -0.50000 -0.86603 -0.00000
vn -0.17365 -0.98481 -0.00000
vn -0.17365 -0.98481 -0.00000
vn -0.50000 -0.86603 -0.00000
vn -0.17365 -0.98481 -0.00000
vn 0.17365 -0.98481 -0.00000
vn 0.17365 -0.98481 -0.00000
vn -0.17365 -0.98481 -0.00000
vn 0.17365 -0.98481 -0.00000
vn 0.50000 -0.86603 -0.00000
vn 0.50000 -0.86603 -0.00000
vn 0.17365 -0.98481 -0.00000
vn 0.50000 -0.86603 -0.00000
vn 0.76604 -0.64279 -0.00000
vn 0.76604 -0.64279 -0.00000
vn 0.50000 -0.86603 -0.00000
vn 0.76604 -0.64279 -0.00000
vn 0.93969 -0.34202 -0.00000
vn 0.93969 -0.34202 -0.00000
vn 0.76604 -0.64279 -0.00000
vn 0.93969 -0.34202 -0.00000
vn 1.00000 -0.00000 -0.00000
vn 1.00000 -0.00000 -0.00000
vn 0.93969 -0.34202 -0.00000
vn 0.00000 0.00000 1.00000
vn 0.00000 0.00000 1.00000
vn 0.00000 0.00000 1.00000
vn 0.00000 0.00000 1.00000
vn 0.00000 0.00000 1.00000
vn 0.00000 0.00000 1.00000
vn 0.00000 0.00000 1.00000
vn 0.00000 0.00000 1.00000
vn 0.00000 0.00000 1.00000
vn 0.00000 0.00000 1.00000
vn 0.00000 0.00000 1.00000
vn 0.00000 0.00000 1.00000
vn 0.00000 0.00000 1.00000
vn 0.00000 0.00000 1.00000
vn 0.00000 0.00000 1.00000
vn 0.00000 0.00000 1.00000
vn 0.00000 0.00000 1.00000
vn -0.00000 0.00000 1.00000
vn -0.00000 0.00000 1.00000
vn 0.00000 0.00000 1.00000
vn -0.00000 0.00000 1.00000
vn -0.00000 0.00000 1.00000
vn -0.00000 0.00000 1.00000
vn -0.00000 0.00000 1.00000
vn -0.00000 0.00000 1.00000
vn -0.00000 0.00000 1.00000
vn -0.00000 0.00000 1.00000
vn -0.00000 0.00000 1.00000
vn -0.00000 0.00000 1.00000
vn -0.00000 0.00000 1.00000
vn -0.00000 0.00000 1.00000
vn -0.00000 0.00000 1.00000
vn -0.00000 0.00000 1.00000
vn -0.00000 0.00000 1.00000
vn -0.00000 0.00000 1.00000
vn -0.00000 0.00000 1.00000
vn -0.00000 0.00000 1.00000
vn -0.00000 -0.00000 1.00000
vn -0.00000 -0.00000 1.00000
vn -0.00000 0.00000 1.00000
vn -0.00000 -0.00000 1.00000
vn -0.00000 -0.00000 1.00000
vn -0.00000 -0.00000 1.00000
vn -0.00000 -0.00000 1.00000
vn -0.00000 -0.00000 1.00000
vn -0.00000 -0.00000 1.00000
vn -0.00000 -0.00000 1.00000
vn -0.00000 -0.00000 1.00000
vn -0.00000 -0.00000 1.00000
vn -0.00000 -0.00000 1.00000
vn -0.00000 -0.00000 1.00000
vn -0.00000 -0.00000 1.00000
vn -0.00000 -0.00000 1.00000
vn 0.00000 -0.00000 1.00000
vn 0.00000 -0.00000 1.00000
vn -0.00000 -0.00000 1.00000
vn 0.00000 -0.00000 1.00000
vn 0.00000 -0.00000 1.00000
vn 0.00000 -0.00000 1.00000
vn 0.00000 -0.00000 1.00000
vn 0.00000 -0.00000 1.00000
vn 0.00000 -0.00000 1.00000
vn 0.00000 -0.00000 1.00000
vn 0.00000 -0.00000 1.00000
vn 0.00000 -0.00000 1.00000
vn 0.00000 -0.00000 1.00000
vn 0.00000 -0.00000 1.00000
vn 0.00000 -0.00000 1.00000
vn 0.00000 -0.00000 1.00000
vn 0.00000 -0.00000 1.00000
vn 0.00000 -0.00000 1.00000
vn 0.00000 -0.00000 1.00000
vn 0.70711 0.00000 -0.70711
vn 0.68301 0.18301 -0.70711
vn 0.68301 0.18301 -0.70711
vn 0.70711 0.00000 -0.70711
vn 0.68301 0.18301 -0.70711
vn 0.61237 0.35355 -0.70711
vn 0.61237 0.35355 -0.70711
vn 0.68301 0.18301 -0.70711
vn 0.61237 0.35355 -0.70711
vn 0.50000 0.50000 -0.70711
vn 0.50000 0.50000 -0.70711
vn 0.61237 0.35355 -0.70711
vn 0.50000 0.50000 -0.70711
vn 0.35355 0.61237 -0.70711
vn 0.35355 0.61237 -0.70711
vn 0.50000 0.50000 -0.70711
vn 0.35355 0.61237 -0.70711
vn 0.18301 0.68301 -0.70711
vn 0.18301 0.68301 -0.70711
vn 0.35355 0.61237 -0.70711
vn 0.18301 0.68301 -0.70711
vn 0.00000 0.70711 -0.70711
vn 0.00000 0.70711 -0.70711
vn 0.18301 0.68301 -0.70711
vn 0.00000 0.70711 -0.70711
vn -0.18301 0.68301 -0.70711
vn -0.18301 0.68301 -0.70711
vn 0.00000 0.70711 -0.70711
vn -0.18301 0.68301 -0.70711
vn -0.35355 0.61237 -0.70711
vn -0.35355 0.61237 -0.70711
vn -0.18301 0.68301 -0.70711
vn -0.35355 0.61237 -0.70711
vn -0.50000 0.50000 -0.70711
vn -0.50000 0.50000 -0.70711
vn -0.35355 0.61237 -0.70711
vn -0.50000 0.50000 -0.70711
vn -0.61237 0.35355 -0.70711
vn -0.61237 0.35355 -0.70711
vn -0.50000 0.50000 -0.70711
vn -0.61237 0.35355 -0.70711
vn -0.68301 0.18301 -0.70711
vn -0.68301 0.18301 -0.70711
vn -0.61237 0.35355 -0.70711
vn -0.68301 0.18301 -0.70711
vn -0.70711 0.00000 -0.70711
vn -0.70711 0.00000 -0.70711
vn -0.68301 0.18301 -0.70711
vn -0.70711 0.00000 -0.70711
vn -0.68301 -0.18301 -0.70711
vn -0.68301 -0.18301 -0.70711
vn -0.70711 0.00000 -0.70711
vn -0.68301 -0.18301 -0.70711
vn -0.61237 -0.35355 -0.70711
vn -0.61237 -0.35355 -0.70711
vn -0.68301 -0.18301 -0.70711
vn -0.61237 -0.35355 -0.70711
vn -0.50000 -0.50000 -0.70711
vn -0.50000 -0.50000 -0.70711
vn -0.61237 -0.35355 -0.70711
vn -0.50000 -0.50000 -0.70711
vn -0.35355 -0.61237 -0.70711
vn -0.35355 -0.61237 -0.70711
vn -0.50000 -0.50000 -0.70711
vn -0.35355 -0.61237 -0.70711
vn -0.18301 -0.68301 -0.70711
vn -0.18301 -0.68301 -0.70711
vn -0.35355 -0.61237 -0.70711
vn -0.18301 -0.68301 -0.70711
vn -0.00000 -0.70711 -0.70711
vn -0.00000 -0.70711 -0.70711
vn -0.18301 -0.68301 -0.70711
vn -0.00000 -0.70711 -0.70711
vn 0.18301 -0.68301 -0.70711
vn 0.18301 -0.68301 -0.70711
vn -0.00000 -0.70711 -0.70711
vn 0.18301 -0.68301 -0.70711
vn 0.35355 -0.61237 -0.70711
vn 0.35355 -0.61237 -0.70711
vn 0.18301 -0.68301 -0.70711
vn 0.35355 -0.61237 -0.70711
vn 0.50000 -0.50000 -0.70711
vn 0.50000 -0.50000 -0.70711
vn 0.35355 -0.61237 -0.70711
vn 0.50000 -0.50000 -0.70711
vn 0.61237 -0.35355 -0.70711
vn 0.61237 -0.35355 -0.70711
vn 0.50000 -0.50000 -0.70711
vn 0.61237 -0.35355 -0.70711
vn 0.68301 -0.18301 -0.70711
vn 0.68301 -0.18301 -0.70711
vn 0.61237 -0.35355 -0.70711
vn 0.68301 -0.18301 -0.70711
vn 0.70711 -0.00000 -0.70711
vn 0.70711 -0.00000 -0.70711
vn 0.68301 -0.18301 -0.70711
vn 1.00000 0.00000 -0.00000
vn 0.96593 0.25882 -0.00000
vn 0.96593 0.25882 -0.00000
vn 1.00000 0.00000 -0.00000
vn 0.96593 0.25882 -0.00000
vn 0.86603 0.50000 -0.00000
vn 0.86603 0.50000 -0.00000
vn 0.96593 0.25882 -0.00000
vn 0.86603 0.50000 -0.00000
vn 0.70711 0.70711 -0.00000
vn 0.70711 0.70711 -0.00000
vn 0.86603 0.50000 -0.00000
vn 0.70711 0.70711 -0.00000
vn 0.50000 0.86603 -0.00000
vn 0.50000 0.86603 -0.00000
vn 0.70711 0.70711 -0.00000
vn 0.50000 0.86603 -0.00000
vn 0.25882 0.96593 -0.00000
vn 0.25882 0.96593 -0.00000
vn 0.50000 0.86603 -0.00000
vn 0.25882 0.96593 -0.00000
vn 0.00000 1.00000 -0.00000
vn 0.00000 1.00000 -0.00000
vn 0.25882 0.96593 -0.00000
vn 0.00000 1.00000 -0.00000
vn -0.25882 0.96593 -0.00000
vn -0.25882 0.96593 -0.00000
vn 0.00000 1.00000 -0.00000
vn -0.25882 0.96593 -0.00000
vn -0.50000 0.86603 -0.00000
vn -0.50000 0.86603 -0.00000
vn -0.25882 0.96593 -0.00000
vn -0.50000 0.86603 -0.00000
vn -0.70711 0.70711 -0.00000
vn -0.70711 0.70711 -0.00000
vn -0.50000 0.86603 -0.00000
vn -0.70711 0.70711 -0.00000
vn -0.86603 0.50000 -0.00000
vn -0.86603 0.50000 -0.00000
vn -0.70711 0.70711 -0.00000
vn -0.86603 0.50000 -0.00000
vn -0.96593 0.25882 -0.00000
vn -0.96593 0.25882 -0.00000
vn -0.86603 0.50000 -0.00000
vn -0.96593 0.25882 -0.00000
vn -1.00000 0.00000 -0.00000
vn -1.00000 0.00000 -0.00000
vn -0.96593 0.25882 -0.00000
vn -1.00000 0.00000 -0.00000
vn -0.96593 -0.25882 -0.00000
vn -0.96593 -0.25882 -0.00000
vn -1.00000 0.00000 -0.00000
vn -0.96593 -0.25882 -0.00000
vn -0.86603 -0.50000 -0.00000
vn -0.86603 -0.50000 -0.00000
vn -0.96593 -0.25882 -0.00000
vn -0.86603 -0.50000 -0.00000
vn -0.70711 -0.70711 -0.00000
vn -0.70711 -0.70711 -0.00000
vn -0.86603 -0.50000 -0.00000
vn -0.70711 -0.70711 -0.00000
vn -0.50000 -0.86603 -0.00000
vn -0.50000 -0.86603 -0.00000
vn -0.70711 -0.70711 -0.00000
vn -0.50000 -0.86603 -0.00000
vn -0.25882 -0.96593 -0.00000
vn -0.25882 -0.96593 -0.00000
vn -0.50000 -0.86603 -0.00000
vn -0.25882 -0.96593 -0.00000
vn -0.00000 -1.00000 -0.00000
vn -0.00000 -1.00000 -0.00000
vn -0.25882 -0.96593 -0.00000
vn -0.00000 -1.00000 -0.00000
vn 0.25882 -0.96593 -0.00000
vn 0.25882 -0.96593 -0.00000
vn -0.00000 -1.00000 -0.00000
vn 0.25882 -0.96593 -0.00000
vn 0.50000 -0.86603 -0.00000
vn 0.50000 -0.86603 -0.00000
vn 0.25882 -0.96593 -0.00000
vn 0.50000 -0.86603 -0.00000
vn 0.70711 -0.70711 -0.00000
vn 0.70711 -0.70711 -0.00000
vn 0.50000 -0.86603 -0.00000
vn 0.70711 -0.70711 -0.00000
vn 0.86603 -0.50000 -0.00000
vn 0.86603 -0.50000 -0.00000
vn 0.70711 -0.70711 -0.00000
vn 0.86603 -0.50000 -0.00000
vn 0.96593 -0.25882 -0.00000
vn 0.96593 -0.25882 -0.00000
vn 0.86603 -0.50000 -0.00000
vn 0.96593 -0.25882 -0.00000
vn 1.00000 -0.00000 -0.00000
vn 1.00000 -0.00000 -0.00000
vn 0.96593 -0.25882 -0.00000
vn 0.70711 0.00000 0.70711
vn 0.68301 0.18301 0.70711
vn 0.68301 0.18301 0.70711
vn 0.70711 0.00000 0.70711
vn 0.68301 0.18301 0.70711
vn 0.61237 0.35355 0.70711
vn 0.61237 0.35355 0.70711
vn 0.68301 0.18301 0.70711
vn 0.61237 0.35355 0.70711
vn 0.50000 0.50000 0.70711
vn 0.50000 0.50000 0.70711
vn 0.61237 0.35355 0.70711
vn 0.50000 0.50000 0.70711
vn 0.35355 0.61237 0.70711
vn 0.35355 0.61237 0.70711
vn 0.50000 0.50000 0.70711
vn 0.35355 0.61237 0.70711
vn 0.18301 0.68301 0.70711
vn 0.18301 0.68301 0.70711
vn 0.35355 0.61237 0.70711
vn 0.18301 0.68301 0.70711
vn 0.00000 0.70711 0.70711
vn 0.00000 0.70711 0.70711
vn 0.18301 0.68301 0.70711
vn 0.00000 0.70711 0.70711
vn -0.18301 0.68301 0.70711
vn -0.18301 0.68301 0.70711
vn 0.00000 0.70711 0.70711
vn -0.18301 0.68301 0.70711
vn -0.35355 0.61237 0.70711
vn -0.35355 0.61237 0.70711
vn -0.18301 0.68301 0.70711
vn -0.35355 0.61237 0.70711
vn -0.50000 0.50000 0.70711
vn -0.50000 0.50000 0.70711
vn -0.35355 0.61237 0.70711
vn -0.50000 0.50000 0.70711
vn -0.61237 0.35355 0.70711
vn -0.61237 0.35355 0.70711
vn -0.50000 0.50000 0.70711
vn -0.61237 0.35355 0.70711
vn -0.68301 0.18301 0.70711
vn -0.68301 0.18301 0.70711
vn -0.61237 0.35355 0.70711
vn -0.68301 0.18301 0.70711
vn -0.70711 0.00000 0.70711
vn -0.70711 0.00000 0.70711
vn -0.68301 0.18301 0.70711
vn -0.70711 0.00000 0.70711
vn -0.68301 -0.18301 0.70711
vn -0.68301 -0.18301 0.70711
vn -0.70711 0.00000 0.70711
vn -0.68301 -0.18301 0.70711
vn -0.61237 -0.35355 0.70711
vn -0.61237 -0.35355 0.70711
vn -0.68301 -0.18301 0.70711
vn -0.61237 -0.35355 0.70711
vn -0.50000 -0.50000 0.70711
vn -0.50000 -0.50000 0.70711
vn -0.61237 -0.35355 0.70711
vn -0.50000 -0.50000 0.70711
vn -0.35355 -0.61237 0.70711
vn -0.35355 -0.61237 0.70711
vn -0.50000 -0.50000 0.70711
vn -0.35355 -0.61237 0.70711
vn -0.18301 -0.68301 0.70711
vn -0.18301 -0.68301 0.70711
vn -0.35355 -0.61237 0.70711
vn -0.18301 -0.68301 0.70711
vn -0.00000 -0.70711 0.70711
vn -0.00000 -0.70711 0.70711
vn -0.18301 -0.68301 0.70711
vn -0.00000 -0.70711 0.70711
vn 0.18301 -0.68301 0.70711
vn 0.18301 -0.68301 0.70711
vn -0.00000 -0.70711 0.70711
vn 0.18301 -0.68301 0.70711
vn 0.35355 -0.61237 0.70711
vn 0.35355 -0.61237 0.70711
vn 0.18301 -0.68301 0.70711
vn 0.35355 -0.61237 0.70711
vn 0.50000 -0.50000 0.70711
vn 0.50000 -0.50000 0.70711
vn 0.35355 -0.61237 0.70711
vn 0.50000 -0.50000 0.70711
vn 0.61237 -0.35355 0.70711
vn 0.61237 -0.35355 0.70711
vn 0.50000 -0.50000 0.70711
vn 0.61237 -0.35355 0.70711
vn 0.68301 -0.18301 0.70711
vn 0.68301 -0.18301 0.70711
vn 0.61237 -0.35355 0.70711
vn 0.68301 -0.18301 0.70711
vn 0.70711 -0.00000 0.70711
vn 0.70711 -0.00000 0.70711
vn 0.68301 -0.18301 0.70711
vn 0.00000 0.00000 -1.00000
vn 0.00000 0.00000 -1.00000
vn 0.00000 0.00000 -1.00000
vn 0.00000 0.00000 -1.00000
vn 0.00000 0.00000 -1.00000
vn 0.00000 0.00000 -1.00000
vn 0.00000 0.00000 -1.00000
vn 0.00000 0.00000 -1.00000
vn 0.00000 0.00000 -1.00000
vn 0.00000 0.00000 -1.00000
vn 0.00000 0.00000 -1.00000
vn 0.00000 0.00000 -1.00000
vn 0.00000 0.00000 -1.00000
vn 0.00000 0.00000 -1.00000
vn 0.00000 0.00000 -1.00000
vn 0.00000 0.00000 -1.00000
vn 0.00000 0.00000 -1.00000
vn 0.00000 0.00000 -1.00000
vn 0.00000 0.00000 -1.00000
vn 0.00000 0.00000 -1.00000
vn 0.00000 0.00000 -1.00000
vn 0.00000 0.00000 -1.00000
vn 0.00000 0.00000 -1.00000
vn 0.00000 0.00000 -1.00000
vn 0.00000 0.00000 -1.00000
vn -0.00000 0.00000 -1.00000
vn -0.00000 0.00000 -1.00000
vn 0.00000 0.00000 -1.00000
vn -0.00000 0.00000 -1.00000
vn -0.00000 0.00000 -1.00000
vn -0.00000 0.00000 -1.00000
vn -0.00000 0.00000 -1.00000
vn -0.00000 0.00000 -1.00000
vn -0.00000 0.00000 -1.00000
vn -0.00000 0.00000 -1.00000
vn -0.00000 0.00000 -1.00000
vn -0.00000 0.00000 -1.00000
vn -0.00000 0.00000 -1.00000
vn -0.00000 0.00000 -1.00000
vn -0.00000 0.00000 -1.00000
vn -0.00000 0.00000 -1.00000
vn -0.00000 0.00000 -1.00000
vn -0.00000 0.00000 -1.00000
vn -0.00000 0.00000 -1.00000
vn -0.00000 0.00000 -1.00000
vn -0.00000 0.00000 -1.00000
vn -0.00000 0.00000 -1.00000
vn -0.00000 0.00000 -1.00000
vn -0.00000 0.00000 -1.00000
vn -0.00000 -0.00000 -1.00000
vn -0.00000 -0.00000 -1.00000
vn -0.00000 0.00000 -1.00000
vn -0.00000 -0.00000 -1.00000
vn -0.00000 -0.00000 -1.00000
vn -0.00000 -0.00000 -1.00000
vn -0.00000 -0.00000 -1.00000
vn -0.00000 -0.00000 -1.00000
vn -0.00000 -0.00000 -1.00000
vn -0.00000 -0.00000 -1.00000
vn -0.00000 -0.00000 -1.00000
vn -0.00000 -0.00000 -1.00000
vn -0.00000 -0.00000 -1.00000
vn -0.00000 -0.00000 -1.00000
vn -0.00000 -0.00000 -1.00000
vn -0.00000 -0.00000 -1.00000
vn -0.00000 -0.00000 -1.00000
vn -0.00000 -0.00000 -1.00000
vn -0.00000 -0.00000 -1.00000
vn -0.00000 -0.00000 -1.00000
vn -0.00000 -0.00000 -1.00000
vn -0.00000 -0.00000 -1.00000
vn -0.00000 -0.00000 -1.00000
vn -0.00000 -0.00000 -1.00000
vn 0.00000 -0.00000 -1.00000
vn 0.00000 -0.00000 -1.00000
vn -0.00000 -0.00000 -1.00000
vn 0.00000 -0.00000 -1.00000
vn 0.00000 -0.00000 -1.00000
vn 0.00000 -0.00000 -1.00000
vn 0.00000 -0.00000 -1.00000
vn 0.00000 -0.00000 -1.00000
vn 0.00000 -0.00000 -1.00000
vn 0.00000 -0.00000 -1.00000
vn 0.00000 -0.00000 -1.00000
vn 0.00000 -0.00000 -1.00000
vn 0.00000 -0.00000 -1.00000
vn 0.00000 -0.00000 -1.00000
vn 0.00000 -0.00000 -1.00000
vn 0.00000 -0.00000 -1.00000
vn 0.00000 -0.00000 -1.00000
vn 0.00000 -0.00000 -1.00000
vn 0.00000 -0.00000 -1.00000
vn 0.00000 -0.00000 -1.00000
vn 0.00000 -0.00000 -1.00000
vn 0.00000 -0.00000 -1.00000
vn 0.00000 -0.00000 -1.00000
vn 0.70711 0.00000 0.70711
vn 0.68301 0.18301 0.70711
vn 0.68301 0.18301 0.70711
vn 0.70711 0.00000 0.70711
vn 0.68301 0.18301 0.70711
vn 0.61237 0.35355 0.70711
vn 0.61237 0.35355 0.70711
vn 0.68301 0.18301 0.70711
vn 0.61237 0.35355 0.70711
vn 0.50000 0.50000 0.70711
vn 0.50000 0.50000 0.70711
vn 0.61237 0.35355 0.70711
vn 0.50000 0.50000 0.70711
vn 0.35355 0.61237 0.70711
vn 0.35355 0.61237 0.70711
vn 0.50000 0.50000 0.70711
vn 0.35355 0.61237 0.70711
vn 0.18301 0.68301 0.70711
vn 0.18301 0.68301 0.70711
vn 0.35355 0.61237 0.70711
vn 0.18301 0.68301 0.70711
vn 0.00000 0.70711 0.70711
vn 0.00000 0.70711 0.70711
vn 0.18301 0.68301 0.70711
vn 0.00000 0.70711 0.70711
vn -0.18301 0.68301 0.70711
vn -0.18301 0.68301 0.70711
vn 0.00000 0.70711 0.70711
vn -0.18301 0.68301 0.70711
vn -0.35355 0.61237 0.70711
vn -0.35355 0.61237 0.70711
vn -0.18301 0.68301 0.70711
vn -0.35355 0.61237 0.70711
vn -0.50000 0.50000 0.70711
vn -0.50000 0.50000 0.70711
vn -0.35355 0.61237 0.70711
vn -0.50000 0.50000 0.70711
vn -0.61237 0.35355 0.70711
vn -0.61237 0.35355 0.70711
vn -0.50000 0.50000 0.70711
vn -0.61237 0.35355 0.70711
vn -0.68301 0.18301 0.70711
vn -0.68301 0.18301 0.70711
vn -0.61237 0.35355 0.70711
vn -0.68301 0.18301 0.70711
vn -0.70711 0.00000 0.70711
vn -0.70711 0.00000 0.70711
vn -0.68301 0.18301 0.70711
vn -0.70711 0.00000 0.70711
vn -0.68301 -0.18301 0.70711
vn -0.68301 -0.18301 0.70711
vn -0.70711 0.00000 0.70711
vn -0.68301 -0.18301 0.70711
vn -0.61237 -0.35355 0.70711
vn -0.61237 -0.35355 0.70711
vn -0.68301 -0.18301 0.70711
vn -0.61237 -0.35355 0.70711
vn -0.50000 -0.50000 0.70711
vn -0.50000 -0.50000 0.70711
vn -0.61237 -0.35355 0.70711
vn -0.50000 -0.50000 0.70711
vn -0.35355 -0.61237 0.70711
vn -0.35355 -0.61237 0.70711
vn -0.50000 -0.50000 0.70711
vn -0.35355 -0.61237 0.70711
vn -0.18301 -0.68301 0.70711
vn -0.18301 -0.68301 0.70711
vn -0.35355 -0.61237 0.70711
vn -0.18301 -0.68301 0.70711
vn -0.00000 -0.70711 0.70711
vn -0.00000 -0.70711 0.70711
vn -0.18301 -0.68301 0.70711
vn -0.00000 -0.70711 0.70711
vn 0.18301 -0.68301 0.70711
vn 0.18301 -0.68301 0.70711
vn -0.00000 -0.70711 0.70711
vn 0.18301 -0.68301 0.70711
vn 0.35355 -0.61237 0.70711
vn 0.35355 -0.61237 0.70711
vn 0.18301 -0.68301 0.70711
vn 0.35355 -0.61237 0.70711
vn 0.50000 -0.50000 0.70711
vn 0.50000 -0.50000 0.70711
vn 0.35355 -0.61237 0.70711
vn 0.50000 -0.50000 0.70711
vn 0.61237 -0.35355 0.70711
vn 0.61237 -0.35355 0.70711
vn 0.50000 -0.50000 0.70711
vn 0.61237 -0.35355 0.70711
vn 0.68301 -0.18301 0.70711
vn 0.68301 -0.18301 0.70711
vn 0.61237 -0.35355 0.70711
vn 0.68301 -0.18301 0.70711
vn 0.70711 -0.00000 0.70711
vn 0.70711 -0.00000 0.70711
vn 0.68301 -0.18301 0.70711
vn 1.00000 0.00000 -0.00000
vn 0.96593 0.25882 -0.00000
vn 0.96593 0.25882 -0.00000
vn 1.00000 0.00000 -0.00000
vn 0.96593 0.25882 -0.00000
vn 0.86603 0.50000 -0.00000
vn 0.86603 0.50000 -0.00000
vn 0.96593 0.25882 -0.00000
vn 0.86603 0.50000 -0.00000
vn 0.70711 0.70711 -0.00000
vn 0.70711 0.70711 -0.00000
vn 0.86603 0.50000 -0.00000
vn 0.70711 0.70711 -0.00000
vn 0.50000 0.86603 -0.00000
vn 0.50000 0.86603 -0.00000
vn 0.70711 0.70711 -0.00000
vn 0.50000 0.86603 -0.00000
vn 0.25882 0.96593 -0.00000
vn 0.25882 0.96593 -0.00000
vn 0.50000 0.86603 -0.00000
vn 0.25882 0.96593 -0.00000
vn 0.00000 1.00000 -0.00000
vn 0.00000 1.00000 -0.00000
vn 0.25882 0.96593 -0.00000
vn 0.00000 1.00000 -0.00000
vn -0.25882 0.96593 -0.00000
vn -0.25882 0.96593 -0.00000
vn 0.00000 1.00000 -0.00000
vn -0.25882 0.96593 -0.00000
vn -0.50000 0.86603 -0.00000
vn -0.50000 0.86603 -0.00000
vn -0.25882 0.96593 -0.00000
vn -0.50000 0.86603 -0.00000
vn -0.70711 0.70711 -0.00000
vn -0.70711 0.70711 -0.00000
vn -0.50000 0.86603 -0.00000
vn -0.70711 0.70711 -0.00000
vn -0.86603 0.50000 -0.00000
vn -0.86603 0.50000 -0.00000
vn -0.70711 0.70711 -0.00000
vn -0.86603 0.50000 -0.00000
vn -0.96593 0.25882 -0.00000
vn -0.96593 0.25882 -0.00000
vn -0.86603 0.50000 -0.00000
vn -0.96593 0.25882 -0.00000
vn -1.00000 0.00000 -0.00000
vn -1.00000 0.00000 -0.00000
vn -0.96593 0.25882 -0.00000
vn -1.00000 0.00000 -0.00000
vn -0.96593 -0.25882 -0.00000
vn -0.96593 -0.25882 -0.00000
vn -1.00000 0.00000 -0.00000
vn -0.96593 -0.25882 -0.00000
vn -0.86603 -0.50000 -0.00000
vn -0.86603 -0.50000 -0.00000
vn -0.96593 -0.25882 -0.00000
vn -0.86603 -0.50000 -0.00000
vn -0.70711 -0.70711 -0.00000
vn -0.70711 -0.70711 -0.00000
vn -0.86603 -0.50000 -0.00000
vn -0.70711 -0.70711 -0.00000
vn -0.50000 -0.86603 -0.00000
vn -0.50000 -0.86603 -0.00000
vn -0.70711 -0.70711 -0.00000
vn -0.50000 -0.86603 -0.00000
vn -0.25882 -0.96593 -0.00000
vn -0.25882 -0.96593 -0.00000
vn -0.50000 -0.86603 -0.00000
vn -0.25882 -0.96593 -0.00000
vn -0.00000 -1.00000 -0.00000
vn -0.00000 -1.00000 -0.00000
vn -0.25882 -0.96593 -0.00000
vn -0.00000 -1.00000 -0.00000
vn 0.25882 -0.96593 -0.00000
vn 0.25882 -0.96593 -0.00000
vn -0.00000 -1.00000 -0.00000
vn 0.25882 -0.96593 -0.00000
vn 0.50000 -0.86603 -0.00000
vn 0.50000 -0.86603 -0.00000
vn 0.25882 -0.96593 -0.00000
vn 0.50000 -0.86603 -0.00000
vn 0.70711 -0.70711 -0.00000
vn 0.70711 -0.70711 -0.00000
vn 0.50000 -0.86603 -0.00000
vn 0.70711 -0.70711 -0.00000
vn 0.86603 -0.50000 -0.00000
vn 0.86603 -0.50000 -0.00000
vn 0.70711 -0.70711 -0.00000
vn 0.86603 -0.50000 -0.00000
vn 0.96593 -0.25882 -0.00000
vn 0.96593 -0.25882 -0.00000
vn 0.86603 -0.50000 -0.00000
vn 0.96593 -0.25882 -0.00000
vn 1.00000 -0.00000 -0.00000
vn 1.00000 -0.00000 -0.00000
vn 0.96593 -0.25882 -0.00000
vn 0.70711 0.00000 -0.70711
vn 0.68301 0.18301 -0.70711
vn 0.68301 0.18301 -0.70711
vn 0.70711 0.00000 -0.70711
vn 0.68301 0.18301 -0.70711
vn 0.61237 0.35355 -0.70711
vn 0.61237 0.35355 -0.70711
vn 0.68301 0.18301 -0.70711
vn 0.61237 0.35355 -0.70711
vn 0.50000 0.50000 -0.70711
vn 0.50000 0.50000 -0.70711
vn 0.61237 0.35355 -0.70711
vn 0.50000 0.50000 -0.70711
vn 0.35355 0.61237 -0.70711
vn 0.35355 0.61237 -0.70711
vn 0.50000 0.50000 -0.70711
vn 0.35355 0.61237 -0.70711
vn 0.18301 0.68301 -0.70711
vn 0.18301 0.68301 -0.70711
vn 0.35355 0.61237 -0.70711
vn 0.18301 0.68301 -0.70711
vn 0.00000 0.70711 -0.70711
vn 0.00000 0.70711 -0.70711
vn 0.18301 0.68301 -0.70711
vn 0.00000 0.70711 -0.70711
vn -0.18301 0.68301 -0.70711
vn -0.18301 0.68301 -0.70711
vn 0.00000 0.70711 -0.70711
vn -0.18301 0.68301 -0.70711
vn -0.35355 0.61237 -0.70711
vn -0.35355 0.61237 -0.70711
vn -0.18301 0.68301 -0.70711
vn -0.35355 0.61237 -0.70711
vn -0.50000 0.50000 -0.70711
vn -0.50000 0.50000 -0.70711
vn -0.35355 0.61237 -0.70711
vn -0.50000 0.50000 -0.70711
vn -0.61237 0.35355 -0.70711
vn -0.61237 0.35355 -0.70711
vn -0.50000 0.50000 -0.70711
vn -0.61237 0.35355 -0.70711
vn -0.68301 0.18301 -0.70711
vn -0.68301 0.18301 -0.70711
vn -0.61237 0.35355 -0.70711
vn -0.68301 0.18301 -0.70711
vn -0.70711 0.00000 -0.70711
vn -0.70711 0.00000 -0.70711
vn -0.68301 0.18301 -0.70711
vn -0.70711 0.00000 -0.70711
vn -0.68301 -0.18301 -0.70711
vn -0.68301 -0.18301 -0.70711
vn -0.70711 0.00000 -0.70711
vn -0.68301 -0.18301 -0.70711
vn -0.61237 -0.35355 -0.70711
vn -0.61237 -0.35355 -0.70711
vn -0.68301 -0.18301 -0.70711
vn -0.61237 -0.35355 -0.70711
vn -0.50000 -0.50000 -0.70711
vn -0.50000 -0.50000 -0.70711
vn -0.61237 -0.35355 -0.70711
vn -0.50000 -0.50000 -0.70711
vn -0.35355 -0.61237 -0.70711
vn -0.35355 -0.61237 -0.70711
vn -0.50000 -0.50000 -0.70711
vn -0.35355 -0.61237 -0.70711
vn -0.18301 -0.68301 -0.70711
vn -0.18301 -0.68301 -0.70711
vn -0.35355 -0.61237 -0.70711
vn -0.18301 -0.68301 -0.70711
vn -0.00000 -0.70711 -0.70711
vn -0.00000 -0.70711 -0.70711
vn -0.18301 -0.68301 -0.70711
vn -0.00000 -0.70711 -0.70711
vn 0.18301 -0.68301 -0.70711
vn 0.18301 -0.68301 -0.70711
vn -0.00000 -0.70711 -0.70711
vn 0.18301 -0.68301 -0.70711
vn 0.35355 -0.61237 -0.70711
vn 0.35355 -0.61237 -0.70711
vn 0.18301 -0.68301 -0.70711
vn 0.35355 -0.61237 -0.70711
vn 0.50000 -0.50000 -0.70711
vn 0.50000 -0.50000 -0.70711
vn 0.35355 -0.61237 -0.70711
vn 0.50000 -0.50000 -0.70711
vn 0.61237 -0.35355 -0.70711
vn 0.61237 -0.35355 -0.70711
vn 0.50000 -0.50000 -0.70711
vn 0.61237 -0.35355 -0.70711
vn 0.68301 -0.18301 -0.70711
vn 0.68301 -0.18301 -0.70711
vn 0.61237 -0.35355 -0.70711
vn 0.68301 -0.18301 -0.70711
vn 0.70711 -0.00000 -0.70711
vn 0.70711 -0.00000 -0.70711
vn 0.68301 -0.18301 -0.70711
vn 0.00000 0.00000 1.00000
vn 0.00000 0.00000 1.00000
vn 0.00000 0.00000 1.00000
vn 0.00000 0.00000 1.00000
vn 0.00000 0.00000 1.00000
vn 0.00000 0.00000 1.00000
vn 0.00000 0.00000 1.00000
vn 0.00000 0.00000 1.00000
vn 0.00000 0.00000 1.00000
vn 0.00000 0.00000 1.00000
vn 0.00000 0.00000 1.00000
vn 0.00000 0.00000 1.00000
vn 0.00000 0.00000 1.00000
vn 0.00000 0.00000 1.00000
vn 0.00000 0.00000 1.00000
vn 0.00000 0.00000 1.00000
vn 0.00000 0.00000 1.00000
vn 0.00000 0.00000 1.00000
vn 0.00000 0.00000 1.00000
vn 0.00000 0.00000 1.00000
vn 0.00000 0.00000 1.00000
vn 0.00000 0.00000 1.00000
vn 0.00000 0.00000 1.00000
vn 0.00000 0.00000 1.00000
vn 0.00000 0.00000 1.00000
vn -0.00000 0.00000 1.00000
vn -0.00000 0.00000 1.00000
vn 0.00000 0.00000 1.00000
vn -0.00000 0.00000 1.00000
vn -0.00000 0.00000 1.00000
vn -0.00000 0.00000 1.00000
vn -0.00000 0.00000 1.00000
vn -0.00000 0.00000 1.00000
vn -0.00000 0.00000 1.00000
vn -0.00000 0.00000 1.00000
vn -0.00000 0.00000 1.00000
vn -0.00000 0.00000 1.00000
vn -0.00000 0.00000 1.00000
vn -0.00000 0.00000 1.00000
vn -0.00000 0.00000 1.00000
vn -0.00000 0.00000 1.00000
vn -0.00000 0.00000 1.00000
vn -0.00000 0.00000 1.00000
vn -0.00000 0.00000 1.00000
vn -0.00000 0.00000 1.00000
vn -0.00000 0.00000 1.00000
vn -0.00000 0.00000 1.00000
vn -0.00000 0.00000 1.00000
vn -0.00000 0.00000 1.00000
vn -0.00000 -0.00000 1.00000
vn -0.00000 -0.00000 1.00000
vn -0.00000 0.00000 1.00000
vn -0.00000 -0.00000 1.00000
vn -0.00000 -0.00000 1.00000
vn -0.00000 -0.00000 1.00000
vn -0.00000 -0.00000 1.00000
vn -0.00000 -0.00000 1.00000
vn -0.00000 -0.00000 1.00000
vn -0.00000 -0.00000 1.00000
vn -0.00000 -0.00000 1.00000
vn -0.00000 -0.00000 1.00000
vn -0.00000 -0.00000 1.00000
vn -0.00000 -0.00000 1.00000
vn -0.00000 -0.00000 1.00000
vn -0.00000 -0.00000 1.00000
vn -0.00000 -0.00000 1.00000
vn -0.00000 -0.00000 1.00000
vn -0.00000 -0.00000 1.00000
vn -0.00000 -0.00000 1.00000
vn -0.00000 -0.00000 1.00000
vn -0.00000 -0.00000 1.00000
vn -0.00000 -0.00000 1.00000
vn -0.00000 -0.00000 1.00000
vn 0.00000 -0.00000 1.00000
vn 0.00000 -0.00000 1.00000
vn -0.00000 -0.00000 1.00000
vn 0.00000 -0.00000 1.00000
vn 0.00000 -0.00000 1.00000
vn 0.00000 -0.00000 1.00000
vn 0.00000 -0.00000 1.00000
vn 0.00000 -0.00000 1.00000
vn 0.00000 -0.00000 1.00000
vn 0.00000 -0.00000 1.00000
vn 0.00000 -0.00000 1.00000
vn 0.00000 -0.00000 1.00000
vn 0.00000 -0.00000 1.00000
vn 0.00000 -0.00000 1.00000
vn 0.00000 -0.00000 1.00000
vn 0.00000 -0.00000 1.00000
vn 0.00000 -0.00000 1.00000
vn 0.00000 -0.00000 1.00000
vn 0.00000 -0.00000 1.00000
vn 0.00000 -0.00000 1.00000
vn 0.00000 -0.00000 1.00000
vn 0.00000 -0.00000 1.00000
vn 0.00000 -0.00000 1.00000
vn 0.55470 0.00000 -0.83205
vn 0.53580 0.14357 -0.83205
vn 0.53580 0.14357 -0.83205
vn 0.55470 0.00000 -0.83205
vn 0.53580 0.14357 -0.83205
vn 0.48038 0.27735 -0.83205
vn 0.48038 0.27735 -0.83205
vn 0.53580 0.14357 -0.83205
vn 0.48038 0.27735 -0.83205
vn 0.39223 0.39223 -0.83205
vn 0.39223 0.39223 -0.83205
vn 0.48038 0.27735 -0.83205
vn 0.39223 0.39223 -0.83205
vn 0.27735 0.48038 -0.83205
vn 0.27735 0.48038 -0.83205
vn 0.39223 0.39223 -0.83205
vn 0.27735 0.48038 -0.83205
vn 0.14357 0.53580 -0.83205
vn 0.14357 0.53580 -0.83205
vn 0.27735 0.48038 -0.83205
vn 0.14357 0.53580 -0.83205
vn 0.00000 0.55470 -0.83205
vn 0.00000 0.55470 -0.83205
vn 0.14357 0.53580 -0.83205
vn 0.00000 0.55470 -0.83205
vn -0.14357 0.53580 -0.83205
vn -0.14357 0.53580 -0.83205
vn 0.00000 0.55470 -0.83205
vn -0.14357 0.53580 -0.83205
vn -0.27735 0.48038 -0.83205
vn -0.27735 0.48038 -0.83205
vn -0.14357 0.53580 -0.83205
vn -0.27735 0.48038 -0.83205
vn -0.39223 0.39223 -0.83205
vn -0.39223 0.39223 -0.83205
vn -0.27735 0.48038 -0.83205
vn -0.39223 0.39223 -0.83205
vn -0.48038 0.27735 -0.83205
vn -0.48038 0.27735 -0.83205
vn -0.39223 0.39223 -0.83205
vn -0.48038 0.27735 -0.83205
vn -0.53580 0.14357 -0.83205
vn -0.53580 0.14357 -0.83205
vn -0.48038 0.27735 -0.83205
vn -0.53580 0.14357 -0.83205
vn -0.55470 0.00000 -0.83205
vn -0.55470 0.00000 -0.83205
vn -0.53580 0.14357 -0.83205
vn -0.55470 0.00000 -0.83205
vn -0.53580 -0.14357 -0.83205
vn -0.53580 -0.14357 -0.83205
vn -0.55470 0.00000 -0.83205
vn -0.53580 -0.14357 -0.83205
vn -0.48038 -0.27735 -0.83205
vn -0.48038 -0.27735 -0.83205
vn -0.53580 -0.14357 -0.83205
vn -0.48038 -0.27735 -0.83205
vn -0.39223 -0.39223 -0.83205
vn -0.39223 -0.39223 -0.83205
vn -0.48038 -0.27735 -0.83205
vn -0.39223 -0.39223 -0.83205
vn -0.27735 -0.48038 -0.83205
vn -0.27735 -0.48038 -0.83205
vn -0.39223 -0.39223 -0.83205
vn -0.27735 -0.48038 -0.83205
vn -0.14357 -0.53580 -0.83205
vn -0.14357 -0.53580 -0.83205
vn -0.27735 -0.48038 -0.83205
vn -0.14357 -0.53580 -0.83205
vn -0.00000 -0.55470 -0.83205
vn -0.00000 -0.55470 -0.83205
vn -0.14357 -0.53580 -0.83205
vn -0.00000 -0.55470 -0.83205
vn 0.14357 -0.53580 -0.83205
vn 0.14357 -0.53580 -0.83205
vn -0.00000 -0.55470 -0.83205
vn 0.14357 -0.53580 -0.83205
vn 0.27735 -0.48038 -0.83205
vn 0.27735 -0.48038 -0.83205
vn 0.14357 -0.53580 -0.83205
vn 0.27735 -0.48038 -0.83205
vn 0.39223 -0.39223 -0.83205
vn 0.39223 -0.39223 -0.83205
vn 0.27735 -0.48038 -0.83205
vn 0.39223 -0.39223 -0.83205
vn 0.48038 -0.27735 -0.83205
vn 0.48038 -0.27735 -0.83205
vn 0.39223 -0.39223 -0.83205
vn 0.48038 -0.27735 -0.83205
vn 0.53580 -0.14357 -0.83205
vn 0.53580 -0.14357 -0.83205
vn 0.48038 -0.27735 -0.83205
vn 0.53580 -0.14357 -0.83205
vn 0.55470 -0.00000 -0.83205
vn 0.55470 -0.00000 -0.83205
vn 0.53580 -0.14357 -0.83205
vn 1.00000 0.00000 -0.00000
vn 0.96593 0.25882 -0.00000
vn 0.96593 0.25882 -0.00000
vn 1.00000 0.00000 -0.00000
vn 0.96593 0.25882 -0.00000
vn 0.86603 0.50000 -0.00000
vn 0.86603 0.50000 -0.00000
vn 0.96593 0.25882 -0.00000
vn 0.86603 0.50000 -0.00000
vn 0.70711 0.70711 -0.00000
vn 0.70711 0.70711 -0.00000
vn 0.86603 0.50000 -0.00000
vn 0.70711 0.70711 -0.00000
vn 0.50000 0.86603 -0.00000
vn 0.50000 0.86603 -0.00000
vn 0.70711 0.70711 -0.00000
vn 0.50000 0.86603 -0.00000
vn 0.25882 0.96593 -0.00000
vn 0.25882 0.96593 -0.00000
vn 0.50000 0.86603 -0.00000
vn 0.25882 0.96593 -0.00000
vn 0.00000 1.00000 -0.00000
vn 0.00000 1.00000 -0.00000
vn 0.25882 0.96593 -0.00000
vn 0.00000 1.00000 -0.00000
vn -0.25882 0.96593 -0.00000
vn -0.25882 0.96593 -0.00000
vn 0.00000 1.00000 -0.00000
vn -0.25882 0.96593 -0.00000
vn -0.50000 0.86603 -0.00000
vn -0.50000 0.86603 -0.00000
vn -0.25882 0.96593 -0.00000
vn -0.50000 0.86603 -0.00000
vn -0.70711 0.70711 -0.00000
vn -0.70711 0.70711 -0.00000
vn -0.50000 0.86603 -0.00000
vn -0.70711 0.70711 -0.00000
vn -0.86603 0.50000 -0.00000
vn -0.86603 0.50000 -0.00000
vn -0.70711 0.70711 -0.00000
vn -0.86603 0.50000 -0.00000
vn -0.96593 0.25882 -0.00000
vn -0.96593 0.25882 -0.00000
vn -0.86603 0.50000 -0.00000
vn -0.96593 0.25882 -0.00000
vn -1.00000 0.00000 -0.00000
vn -1.00000 0.00000 -0.00000
vn -0.96593 0.25882 -0.00000
vn -1.00000 0.00000 -0.00000
vn -0.96593 -0.25882 -0.00000
vn -0.96593 -0.25882 -0.00000
vn -1.00000 0.00000 -0.00000
vn -0.96593 -0.25882 -0.00000
vn -0.86603 -0.50000 -0.00000
vn -0.86603 -0.50000 -0.00000
vn -0.96593 -0.25882 -0.00000
vn -0.86603 -0.50000 -0.00000
vn -0.70711 -0.70711 -0.00000
vn -0.70711 -0.70711 -0.00000
vn -0.86603 -0.50000 -0.00000
vn -0.70711 -0.70711 -0.00000
vn -0.50000 -0.86603 -0.00000
vn -0.50000 -0.86603 -0.00000
vn -0.70711 -0.70711 -0.00000
vn -0.50000 -0.86603 -0.00000
vn -0.25882 -0.96593 -0.00000
vn -0.25882 -0.96593 -0.00000
vn -0.50000 -0.86603 -0.00000
vn -0.25882 -0.96593 -0.00000
vn -0.00000 -1.00000 -0.00000
vn -0.00000 -1.00000 -0.00000
vn -0.25882 -0.96593 -0.00000
vn -0.00000 -1.00000 -0.00000
vn 0.25882 -0.96593 -0.00000
vn 0.25882 -0.96593 -0.00000
vn -0.00000 -1.00000 -0.00000
vn 0.25882 -0.96593 -0.00000
vn 0.50000 -0.86603 -0.00000
vn 0.50000 -0.86603 -0.00000
vn 0.25882 -0.96593 -0.00000
vn 0.50000 -0.86603 -0.00000
vn 0.70711 -0.70711 -0.00000
vn 0.70711 -0.70711 -0.00000
vn 0.50000 -0.86603 -0.00000
vn 0.70711 -0.70711 -0.00000
vn 0.86603 -0.50000 -0.00000
vn 0.86603 -0.50000 -0.00000
vn 0.70711 -0.70711 -0.00000
vn 0.86603 -0.50000 -0.00000
vn 0.96593 -0.25882 -0.00000
vn 0.96593 -0.25882 -0.00000
vn 0.86603 -0.50000 -0.00000
vn 0.96593 -0.25882 -0.00000
vn 1.00000 -0.00000 -0.00000
vn 1.00000 -0.00000 -0.00000
vn 0.96593 -0.25882 -0.00000
vn 0.00000 0.00000 1.00000
vn 0.00000 0.00000 1.00000
vn 0.00000 0.00000 1.00000
vn 0.00000 0.00000 1.00000
vn 0.00000 0.00000 1.00000
vn 0.00000 0.00000 1.00000
vn 0.00000 0.00000 1.00000
vn 0.00000 0.00000 1.00000
vn 0.00000 0.00000 1.00000
vn 0.00000 0.00000 1.00000
vn 0.00000 0.00000 1.00000
vn 0.00000 0.00000 1.00000
vn 0.00000 0.00000 1.00000
vn 0.00000 0.00000 1.00000
vn 0.00000 0.00000 1.00000
vn 0.00000 0.00000 1.00000
vn 0.00000 0.00000 1.00000
vn 0.00000 0.00000 1.00000
vn 0.00000 0.00000 1.00000
vn 0.00000 0.00000 1.00000
vn 0.00000 0.00000 1.00000
vn 0.00000 0.00000 1.00000
vn 0.00000 0.00000 1.00000
vn 0.00000 0.00000 1.00000
vn 0.00000 0.00000 1.00000
vn -0.00000 0.00000 1.00000
vn -0.00000 0.00000 1.00000
vn 0.00000 0.00000 1.00000
vn -0.00000 0.00000 1.00000
vn -0.00000 0.00000 1.00000
vn -0.00000 0.00000 1.00000
vn -0.00000 0.00000 1.00000
vn -0.00000 0.00000 1.00000
vn -0.00000 0.00000 1.00000
vn -0.00000 0.00000 1.00000
vn -0.00000 0.00000 1.00000
vn -0.00000 0.00000 1.00000
vn -0.00000 0.00000 1.00000
vn -0.00000 0.00000 1.00000
vn -0.00000 0.00000 1.00000
vn -0.00000 0.00000 1.00000
vn -0.00000 0.00000 1.00000
vn -0.00000 0.00000 1.00000
vn -0.00000 0.00000 1.00000
vn -0.00000 0.00000 1.00000
vn -0.00000 0.00000 1.00000
vn -0.00000 0.00000 1.00000
vn -0.00000 0.00000 1.00000
vn -0.00000 0.00000 1.00000
vn -0.00000 -0.00000 1.00000
vn -0.00000 -0.00000 1.00000
vn -0.00000 0.00000 1.00000
vn -0.00000 -0.00000 1.00000
vn -0.00000 -0.00000 1.00000
vn -0.00000 -0.00000 1.00000
vn -0.00000 -0.00000 1.00000
vn -0.00000 -0.00000 1.00000
vn -0.00000 -0.00000 1.00000
vn -0.00000 -0.00000 1.00000
vn -0.00000 -0.00000 1.00000
vn -0.00000 -0.00000 1.00000
vn -0.00000 -0.00000 1.00000
vn -0.00000 -0.00000 1.00000
vn -0.00000 -0.00000 1.00000
vn -0.00000 -0.00000 1.00000
vn -0.00000 -0.00000 1.00000
vn -0.00000 -0.00000 1.00000
vn -0.00000 -0.00000 1.00000
vn -0.00000 -0.00000 1.00000
vn -0.00000 -0.00000 1.00000
vn -0.00000 -0.00000 1.00000
vn -0.00000 -0.00000 1.00000
vn -0.00000 -0.00000 1.00000
vn 0.00000 -0.00000 1.00000
vn 0.00000 -0.00000 1.00000
vn -0.00000 -0.00000 1.00000
vn 0.00000 -0.00000 1.00000
vn 0.00000 -0.00000 1.00000
vn 0.00000 -0.00000 1.00000
vn 0.00000 -0.00000 1.00000
vn 0.00000 -0.00000 1.00000
vn 0.00000 -0.00000 1.00000
vn 0.00000 -0.00000 1.00000
vn 0.00000 -0.00000 1.00000
vn 0.00000 -0.00000 1.00000
vn 0.00000 -0.00000 1.00000
vn 0.00000 -0.00000 1.00000
vn 0.00000 -0.00000 1.00000
vn 0.00000 -0.00000 1.00000
vn 0.00000 -0.00000 1.00000
vn 0.00000 -0.00000 1.00000
vn 0.00000 -0.00000 1.00000
vn 0.00000 -0.00000 1.00000
vn 0.00000 -0.00000 1.00000
vn 0.00000 -0.00000 1.00000
vn 0.00000 -0.00000 1.00000
vn 1.00000 0.00000 0.00000
vn -1.00000 0.00000 0.00000
vn 0.00000 1.00000 0.00000
vn 0.00000 -1.00000 0.00000
vn 0.00000 0.00000 1.00000
vn 0.00000 0.00000 -1.00000
vn 1.00000 -0.00000 0.00000
vn 0.80902 -0.00000 0.58779
vn 0.80902 -0.00000 0.58779
vn 1.00000 -0.00000 0.00000
vn 0.80902 -0.00000 0.58779
vn 0.30902 -0.00000 0.95106
vn 0.30902 -0.00000 0.95106
vn 0.80902 -0.00000 0.58779
vn 0.30902 -0.00000 0.95106
vn -0.30902 -0.00000 0.95106
vn -0.30902 -0.00000 0.95106
vn 0.30902 -0.00000 0.95106
vn -0.30902 -0.00000 0.95106
vn -0.80902 -0.00000 0.58779
vn -0.80902 -0.00000 0.58779
vn -0.30902 -0.00000 0.95106
vn -0.80902 -0.00000 0.58779
vn -1.00000 -0.00000 0.00000
vn -1.00000 -0.00000 0.00000
vn -0.80902 -0.00000 0.58779
vn -1.00000 -0.00000 0.00000
vn -0.80902 -0.00000 -0.58779
vn -0.80902 -0.00000 -0.58779
vn -1.00000 -0.00000 0.00000
vn -0.80902 -0.00000 -0.58779
vn -0.30902 -0.00000 -0.95106
vn -0.30902 -0.00000 -0.95106
vn -0.80902 -0.00000 -0.58779
vn -0.30902 -0.00000 -0.95106
vn 0.30902 -0.00000 -0.95106
vn 0.30902 -0.00000 -0.95106
vn -0.30902 -0.00000 -0.95106
vn 0.30902 -0.00000 -0.95106
vn 0.80902 -0.00000 -0.58779
vn 0.80902 -0.00000 -0.58779
vn 0.30902 -0.00000 -0.95106
vn 0.80902 -0.00000 -0.58779
vn 1.00000 -0.00000 -0.00000
vn 1.00000 -0.00000 -0.00000
vn 0.80902 -0.00000 -0.58779
vn 0.00000 0.00000 -1.00000
vn 0.00000 0.00000 -1.00000
vn 0.00000 0.00000 -1.00000
vn 0.00000 0.00000 -1.00000
vn 0.00000 0.00000 -1.00000
vn 0.00000 0.00000 -1.00000
vn 0.00000 0.00000 -1.00000
vn 0.00000 0.00000 -1.00000
vn 0.00000 0.00000 -1.00000
vn 0.00000 0.00000 -1.00000
vn 0.00000 0.00000 -1.00000
vn 0.00000 0.00000 -1.00000
vn 0.00000 0.00000 -1.00000
vn 0.00000 0.00000 -1.00000
vn 0.00000 0.00000 -1.00000
vn 0.00000 0.00000 -1.00000
vn 0.00000 0.00000 -1.00000
vn -0.00000 0.00000 -1.00000
vn -0.00000 0.00000 -1.00000
vn 0.00000 0.00000 -1.00000
vn -0.00000 0.00000 -1.00000
vn -0.00000 0.00000 -1.00000
vn -0.00000 0.00000 -1.00000
vn -0.00000 0.00000 -1.00000
vn -0.00000 0.00000 -1.00000
vn -0.00000 0.00000 -1.00000
vn -0.00000 0.00000 -1.00000
vn -0.00000 0.00000 -1.00000
vn -0.00000 0.00000 -1.00000
vn -0.00000 0.00000 -1.00000
vn -0.00000 0.00000 -1.00000
vn -0.00000 0.00000 -1.00000
vn -0.00000 0.00000 -1.00000
vn -0.00000 0.00000 -1.00000
vn -0.00000 0.00000 -1.00000
vn -0.00000 0.00000 -1.00000
vn -0.00000 0.00000 -1.00000
vn -0.00000 -0.00000 -1.00000
vn -0.00000 -0.00000 -1.00000
vn -0.00000 0.00000 -1.00000
vn -0.00000 -0.00000 -1.00000
vn -0.00000 -0.00000 -1.00000
vn -0.00000 -0.00000 -1.00000
vn -0.00000 -0.00000 -1.00000
vn -0.00000 -0.00000 -1.00000
vn -0.00000 -0.00000 -1.00000
vn -0.00000 -0.00000 -1.00000
vn -0.00000 -0.00000 -1.00000
vn -0.00000 -0.00000 -1.00000
vn -0.00000 -0.00000 -1.00000
vn -0.00000 -0.00000 -1.00000
vn -0.00000 -0.00000 -1.00000
vn -0.00000 -0.00000 -1.00000
vn 0.00000 -0.00000 -1.00000
vn 0.00000 -0.00000 -1.00000
vn -0.00000 -0.00000 -1.00000
vn 0.00000 -0.00000 -1.00000
vn 0.00000 -0.00000 -1.00000
vn 0.00000 -0.00000 -1.00000
vn 0.00000 -0.00000 -1.00000
vn 0.00000 -0.00000 -1.00000
vn 0.00000 -0.00000 -1.00000
vn 0.00000 -0.00000 -1.00000
vn 0.00000 -0.00000 -1.00000
vn 0.00000 -0.00000 -1.00000
vn 0.00000 -0.00000 -1.00000
vn 0.00000 -0.00000 -1.00000
vn 0.00000 -0.00000 -1.00000
vn 0.00000 -0.00000 -1.00000
vn 0.00000 -0.00000 -1.00000
vn 0.00000 -0.00000 -1.00000
vn 0.00000 -0.00000 -1.00000
vn 1.00000 0.00000 -0.00000
vn 0.93969 0.34202 -0.00000
vn 0.93969 0.34202 -0.00000
vn 1.00000 0.00000 -0.00000
vn 0.93969 0.34202 -0.00000
vn 0.76604 0.64279 -0.00000
vn 0.76604 0.64279 -0.00000
vn 0.93969 0.34202 -0.00000
vn 0.76604 0.64279 -0.00000
vn 0.50000 0.86603 -0.00000
vn 0.50000 0.86603 -0.00000
vn 0.76604 0.64279 -0.00000
vn 0.50000 0.86603 -0.00000
vn 0.17365 0.98481 -0.00000
vn 0.17365 0.98481 -0.00000
vn 0.50000 0.86603 -0.00000
vn 0.17365 0.98481 -0.00000
vn -0.17365 0.98481 -0.00000
vn -0.17365 0.98481 -0.00000
vn 0.17365 0.98481 -0.00000
vn -0.17365 0.98481 -0.00000
vn -0.50000 0.86603 -0.00000
vn -0.50000 0.86603 -0.00000
vn -0.17365 0.98481 -0.00000
vn -0.50000 0.86603 -0.00000
vn -0.76604 0.64279 -0.00000
vn -0.76604 0.64279 -0.00000
vn -0.50000 0.86603 -0.00000
vn -0.76604 0.64279 -0.00000
vn -0.93969 0.34202 -0.00000
vn -0.93969 0.34202 -0.00000
vn -0.76604 0.64279 -0.00000
vn -0.93969 0.34202 -0.00000
vn -1.00000 0.00000 -0.00000
vn -1.00000 0.00000 -0.00000
vn -0.93969 0.34202 -0.00000
vn -1.00000 0.00000 -0.00000
vn -0.93969 -0.34202 -0.00000
vn -0.93969 -0.34202 -0.00000
vn -1.00000 0.00000 -0.00000
vn -0.93969 -0.34202 -0.00000
vn -0.76604 -0.64279 -0.00000
vn -0.76604 -0.64279 -0.00000
vn -0.93969 -0.34202 -0.00000
vn -0.76604 -0.64279 -0.00000
vn -0.50000 -0.86603 -0.00000
vn -0.50000 -0.86603 -0.00000
vn -0.76604 -0.64279 -0.00000
vn -0.50000 -0.86603 -0.00000
vn -0.17365 -0.98481 -0.00000
vn -0.17365 -0.98481 -0.00000
vn -0.50000 -0.86603 -0.00000
vn -0.17365 -0.98481 -0.00000
vn 0.17365 -0.98481 -0.00000
vn 0.17365 -0.98481 -0.00000
vn -0.17365 -0.98481 -0.00000
vn 0.17365 -0.98481 -0.00000
vn 0.50000 -0.86603 -0.00000
vn 0.50000 -0.86603 -0.00000
vn 0.17365 -0.98481 -0.00000
vn 0.50000 -0.86603 -0.00000
vn 0.76604 -0.64279 -0.00000
vn 0.76604 -0.64279 -0.00000
vn 0.50000 -0.86603 -0.00000
vn 0.76604 -0.64279 -0.00000
vn 0.93969 -0.34202 -0.00000
vn 0.93969 -0.34202 -0.00000
vn 0.76604 -0.64279 -0.00000
vn 0.93969 -0.34202 -0.00000
vn 1.00000 -0.00000 -0.00000
vn 1.00000 -0.00000 -0.00000
vn 0.93969 -0.34202 -0.00000
vn 0.00000 0.00000 1.00000
vn 0.00000 0.00000 1.00000
vn 0.00000 0.00000 1.00000
vn 0.00000 0.00000 1.00000
vn 0.00000 0.00000 1.00000
vn 0.00000 0.00000 1.00000
vn 0.00000 0.00000 1.00000
vn 0.00000 0.00000 1.00000
vn 0.00000 0.00000 1.00000
vn 0.00000 0.00000 1.00000
vn 0.00000 0.00000 1.00000
vn 0.00000 0.00000 1.00000
vn 0.00000 0.00000 1.00000
vn 0.00000 0.00000 1.00000
vn 0.00000 0.00000 1.00000
vn 0.00000 0.00000 1.00000
vn 0.00000 0.00000 1.00000
vn -0.00000 0.00000 1.00000
vn -0.00000 0.00000 1.00000
vn 0.00000 0.00000 1.00000
vn -0.00000 0.00000 1.00000
vn -0.00000 0.00000 1.00000
vn -0.00000 0.00000 1.00000
vn -0.00000 0.00000 1.00000
vn -0.00000 0.00000 1.00000
vn -0.00000 0.00000 1.00000
vn -0.00000 0.00000 1.00000
vn -0.00000 0.00000 1.00000
vn -0.00000 0.00000 1.00000
vn -0.00000 0.00000 1.00000
vn -0.00000 0.00000 1.00000
vn -0.00000 0.00000 1.00000
vn -0.00000 0.00000 1.00000
vn -0.00000 0.00000 1.00000
vn -0.00000 0.00000 1.00000
vn -0.00000 0.00000 1.00000
vn -0.00000 0.00000 1.00000
vn -0.00000 -0.00000 1.00000
vn -0.00000 -0.00000 1.00000
vn -0.00000 0.00000 1.00000
vn -0.00000 -0.00000 1.00000
vn -0.00000 -0.00000 1.00000
vn -0.00000 -0.00000 1.00000
vn -0.00000 -0.00000 1.00000
vn -0.00000 -0.00000 1.00000
vn -0.00000 -0.00000 1.00000
vn -0.00000 -0.00000 1.00000
vn -0.00000 -0.00000 1.00000
vn -0.00000 -0.00000 1.00000
vn -0.00000 -0.00000 1.00000
vn -0.00000 -0.00000 1.00000
vn -0.00000 -0.00000 1.00000
vn -0.00000 -0.00000 1.00000
vn 0.00000 -0.00000 1.00000
vn 0.00000 -0.00000 1.00000
vn -0.00000 -0.00000 1.00000
vn 0.00000 -0.00000 1.00000
vn 0.00000 -0.00000 1.00000
vn 0.00000 -0.00000 1.00000
vn 0.00000 -0.00000 1.00000
vn 0.00000 -0.00000 1.00000
vn 0.00000 -0.00000 1.00000
vn 0.00000 -0.00000 1.00000
vn 0.00000 -0.00000 1.00000
vn 0.00000 -0.00000 1.00000
vn 0.00000 -0.00000 1.00000
vn 0.00000 -0.00000 1.00000
vn 0.00000 -0.00000 1.00000
vn 0.00000 -0.00000 1.00000
vn 0.00000 -0.00000 1.00000
vn 0.00000 -0.00000 1.00000
vn 0.00000 -0.00000 1.00000
vn 1.00000 0.00000 0.00000
vn 0.80902 0.58779 0.00000
vn 0.80902 0.58779 0.00000
vn 1.00000 0.00000 0.00000
vn 0.80902 0.58779 0.00000
vn 0.30902 0.95106 0.00000
vn 0.30902 0.95106 0.00000
vn 0.80902 0.58779 0.00000
vn 0.30902 0.95106 0.00000
vn -0.30902 0.95106 0.00000
vn -0.30902 0.95106 0.00000
vn 0.30902 0.95106 0.00000
vn -0.30902 0.95106 0.00000
vn -0.80902 0.58779 0.00000
vn -0.80902 0.58779 0.00000
vn -0.30902 0.95106 0.00000
vn -0.80902 0.58779 0.00000
vn -1.00000 0.00000 0.00000
vn -1.00000 0.00000 0.00000
vn -0.80902 0.58779 0.00000
vn -1.00000 0.00000 0.00000
vn -0.80902 -0.58779 -0.00000
vn -0.80902 -0.58779 -0.00000
vn -1.00000 0.00000 0.00000
vn -0.80902 -0.58779 -0.00000
vn -0.30902 -0.95106 -0.00000
vn -0.30902 -0.95106 -0.00000
vn -0.80902 -0.58779 -0.00000
vn -0.30902 -0.95106 -0.00000
vn 0.30902 -0.95106 0.00000
vn 0.30902 -0.95106 0.00000
vn -0.30902 -0.95106 -0.00000
vn 0.30902 -0.95106 0.00000
vn 0.80902 -0.58779 0.00000
vn 0.80902 -0.58779 0.00000
vn 0.30902 -0.95106 0.00000
vn 0.80902 -0.58779 0.00000
vn 1.00000 0.00000 0.00000
vn 1.00000 0.00000 0.00000
vn 0.80902 -0.58779 0.00000
vn -0.00000 -0.00000 -1.00000
vn 0.00000 0.00000 1.00000
vn 0.70711 0.00000 -0.70711
vn 0.68301 0.18301 -0.70711
vn 0.68301 0.18301 -0.70711
vn 0.70711 0.00000 -0.70711
vn 0.68301 0.18301 -0.70711
vn 0.61237 0.35355 -0.70711
vn 0.61237 0.35355 -0.70711
vn 0.68301 0.18301 -0.70711
vn 0.61237 0.35355 -0.70711
vn 0.50000 0.50000 -0.70711
vn 0.50000 0.50000 -0.70711
vn 0.61237 0.35355 -0.70711
vn 0.50000 0.50000 -0.70711
vn 0.35355 0.61237 -0.70711
vn 0.35355 0.61237 -0.70711
vn 0.50000 0.50000 -0.70711
vn 0.35355 0.61237 -0.70711
vn 0.18301 0.68301 -0.70711
vn 0.18301 0.68301 -0.70711
vn 0.35355 0.61237 -0.70711
vn 0.18301 0.68301 -0.70711
vn 0.00000 0.70711 -0.70711
vn 0.00000 0.70711 -0.70711
vn 0.18301 0.68301 -0.70711
vn 0.00000 0.70711 -0.70711
vn -0.18301 0.68301 -0.70711
vn -0.18301 0.68301 -0.70711
vn 0.00000 0.70711 -0.70711
vn -0.18301 0.68301 -0.70711
vn -0.35355 0.61237 -0.70711
vn -0.35355 0.61237 -0.70711
vn -0.18301 0.68301 -0.70711
vn -0.35355 0.61237 -0.70711
vn -0.50000 0.50000 -0.70711
vn -0.50000 0.50000 -0.70711
vn -0.35355 0.61237 -0.70711
vn -0.50000 0.50000 -0.70711
vn -0.61237 0.35355 -0.70711
vn -0.61237 0.35355 -0.70711
vn -0.50000 0.50000 -0.70711
vn -0.61237 0.35355 -0.70711
vn -0.68301 0.18301 -0.70711
vn -0.68301 0.18301 -0.70711
vn -0.61237 0.35355 -0.70711
vn -0.68301 0.18301 -0.70711
vn -0.70711 0.00000 -0.70711
vn -0.70711 0.00000 -0.70711
vn -0.68301 0.18301 -0.70711
vn -0.70711 0.00000 -0.70711
vn -0.68301 -0.18301 -0.70711
vn -0.68301 -0.18301 -0.70711
vn -0.70711 0.00000 -0.70711
vn -0.68301 -0.18301 -0.70711
vn -0.61237 -0.35355 -0.70711
vn -0.61237 -0.35355 -0.70711
vn -0.68301 -0.18301 -0.70711
vn -0.61237 -0.35355 -0.70711
vn -0.50000 -0.50000 -0.70711
vn -0.50000 -0.50000 -0.70711
vn -0.61237 -0.35355 -0.70711
vn -0.50000 -0.50000 -0.70711
vn -0.35355 -0.61237 -0.70711
vn -0.35355 -0.61237 -0.70711
vn -0.50000 -0.50000 -0.70711
vn -0.35355 -0.61237 -0.70711
vn -0.18301 -0.68301 -0.70711
vn -0.18301 -0.68301 -0.70711
vn -0.35355 -0.61237 -0.70711
vn -0.18301 -0.68301 -0.70711
vn -0.00000 -0.70711 -0.70711
vn -0.00000 -0.70711 -0.70711
vn -0.18301 -0.68301 -0.70711
vn -0.00000 -0.70711 -0.70711
vn 0.18301 -0.68301 -0.70711
vn 0.18301 -0.68301 -0.70711
vn -0.00000 -0.70711 -0.70711
vn 0.18301 -0.68301 -0.70711
vn 0.35355 -0.61237 -0.70711
vn 0.35355 -0.61237 -0.70711
vn 0.18301 -0.68301 -0.70711
vn 0.35355 -0.61237 -0.70711
vn 0.50000 -0.50000 -0.70711
vn 0.50000 -0.50000 -0.70711
vn 0.35355 -0.61237 -0.70711
vn 0.50000 -0.50000 -0.70711
vn 0.61237 -0.35355 -0.70711
vn 0.61237 -0.35355 -0.70711
vn 0.50000 -0.50000 -0.70711
vn 0.61237 -0.35355 -0.70711
vn 0.68301 -0.18301 -0.70711
vn 0.68301 -0.18301 -0.70711
vn 0.61237 -0.35355 -0.70711
vn 0.68301 -0.18301 -0.70711
vn 0.70711 -0.00000 -0.70711
vn 0.70711 -0.00000 -0.70711
vn 0.68301 -0.18301 -0.70711
vn 1.00000 0.00000 -0.00000
vn 0.96593 0.25882 -0.00000
vn 0.96593 0.25882 -0.00000
vn 1.00000 0.00000 -0.00000
vn 0.96593 0.25882 -0.00000
vn 0.86603 0.50000 -0.00000
vn 0.86603 0.50000 -0.00000
vn 0.96593 0.25882 -0.00000
vn 0.86603 0.50000 -0.00000
vn 0.70711 0.70711 -0.00000
vn 0.70711 0.70711 -0.00000
vn 0.86603 0.50000 -0.00000
vn 0.70711 0.70711 -0.00000
vn 0.50000 0.86603 -0.00000
vn 0.50000 0.86603 -0.00000
vn 0.70711 0.70711 -0.00000
vn 0.50000 0.86603 -0.00000
vn 0.25882 0.96593 -0.00000
vn 0.25882 0.96593 -0.00000
vn 0.50000 0.86603 -0.00000
vn 0.25882 0.96593 -0.00000
vn 0.00000 1.00000 -0.00000
vn 0.00000 1.00000 -0.00000
vn 0.25882 0.96593 -0.00000
vn 0.00000 1.00000 -0.00000
vn -0.25882 0.96593 -0.00000
vn -0.25882 0.96593 -0.00000
vn 0.00000 1.00000 -0.00000
vn -0.25882 0.96593 -0.00000
vn -0.50000 0.86603 -0.00000
vn -0.50000 0.86603 -0.00000
vn -0.25882 0.96593 -0.00000
vn -0.50000 0.86603 -0.00000
vn -0.70711 0.70711 -0.00000
vn -0.70711 0.70711 -0.00000
vn -0.50000 0.86603 -0.00000
vn -0.70711 0.70711 -0.00000
vn -0.86603 0.50000 -0.00000
vn -0.86603 0.50000 -0.00000
vn -0.70711 0.70711 -0.00000
vn -0.86603 0.50000 -0.00000
vn -0.96593 0.25882 -0.00000
vn -0.96593 0.25882 -0.00000
vn -0.86603 0.50000 -0.00000
vn -0.96593 0.25882 -0.00000
vn -1.00000 0.00000 -0.00000
vn -1.00000 0.00000 -0.00000
vn -0.96593 0.25882 -0.00000
vn -1.00000 0.00000 -0.00000
vn -0.96593 -0.25882 -0.00000
vn -0.96593 -0.25882 -0.00000
vn -1.00000 0.00000 -0.00000
vn -0.96593 -0.25882 -0.00000
vn -0.86603 -0.50000 -0.00000
vn -0.86603 -0.50000 -0.00000
vn -0.96593 -0.25882 -0.00000
vn -0.86603 -0.50000 -0.00000
vn -0.70711 -0.70711 -0.00000
vn -0.70711 -0.70711 -0.00000
vn -0.86603 -0.50000 -0.00000
vn -0.70711 -0.70711 -0.00000
vn -0.50000 -0.86603 -0.00000
vn -0.50000 -0.86603 -0.00000
vn -0.70711 -0.70711 -0.00000
vn -0.50000 -0.86603 -0.00000
vn -0.25882 -0.96593 -0.00000
vn -0.25882 -0.96593 -0.00000
vn -0.50000 -0.86603 -0.00000
vn -0.25882 -0.96593 -0.00000
vn -0.00000 -1.00000 -0.00000
vn -0.00000 -1.00000 -0.00000
vn -0.25882 -0.96593 -0.00000
vn -0.00000 -1.00000 -0.00000
vn 0.25882 -0.96593 -0.00000
vn 0.25882 -0.96593 -0.00000
vn -0.00000 -1.00000 -0.00000
vn 0.25882 -0.96593 -0.00000
vn 0.50000 -0.86603 -0.00000
vn 0.50000 -0.86603 -0.00000
vn 0.25882 -0.96593 -0.00000
vn 0.50000 -0.86603 -0.00000
vn 0.70711 -0.70711 -0.00000
vn 0.70711 -0.70711 -0.00000
vn 0.50000 -0.86603 -0.00000
vn 0.70711 -0.70711 -0.00000
vn 0.86603 -0.50000 -0.00000
vn 0.86603 -0.50000 -0.00000
vn 0.70711 -0.70711 -0.00000
vn 0.86603 -0.50000 -0.00000
vn 0.96593 -0.25882 -0.00000
vn 0.96593 -0.25882 -0.00000
vn 0.86603 -0.50000 -0.00000
vn 0.96593 -0.25882 -0.00000
vn 1.00000 -0.00000 -0.00000
vn 1.00000 -0.00000 -0.00000
vn 0.96593 -0.25882 -0.00000
vn 0.70711 0.00000 0.70711
vn 0.68301 0.18301 0.70711
vn 0.68301 0.18301 0.70711
vn 0.70711 0.00000 0.70711
vn 0.68301 0.18301 0.70711
vn 0.61237 0.35355 0.70711
vn 0.61237 0.35355 0.70711
vn 0.68301 0.18301 0.70711
vn 0.61237 0.35355 0.70711
vn 0.50000 0.50000 0.70711
vn 0.50000 0.50000 0.70711
vn 0.61237 0.35355 0.70711
vn 0.50000 0.50000 0.70711
vn 0.35355 0.61237 0.70711
vn 0.35355 0.61237 0.70711
vn 0.50000 0.50000 0.70711
vn 0.35355 0.61237 0.70711
vn 0.18301 0.68301 0.70711
vn 0.18301 0.68301 0.70711
vn 0.35355 0.61237 0.70711
vn 0.18301 0.68301 0.70711
vn 0.00000 0.70711 0.70711
vn 0.00000 0.70711 0.70711
vn 0.18301 0.68301 0.70711
vn 0.00000 0.70711 0.70711
vn -0.18301 0.68301 0.70711
vn -0.18301 0.68301 0.70711
vn 0.00000 0.70711 0.70711
vn -0.18301 0.68301 0.70711
vn -0.35355 0.61237 0.70711
vn -0.35355 0.61237 0.70711
vn -0.18301 0.68301 0.70711
vn -0.35355 0.61237 0.70711
vn -0.50000 0.50000 0.70711
vn -0.50000 0.50000 0.70711
vn -0.35355 0.61237 0.70711
vn -0.50000 0.50000 0.70711
vn -0.61237 0.35355 0.70711
vn -0.61237 0.35355 0.70711
vn -0.50000 0.50000 0.70711
vn -0.61237 0.35355 0.70711
vn -0.68301 0.18301 0.70711
vn -0.68301 0.18301 0.70711
vn -0.61237 0.35355 0.70711
vn -0.68301 0.18301 0.70711
vn -0.70711 0.00000 0.70711
vn -0.70711 0.00000 0.70711
vn -0.68301 0.18301 0.70711
vn -0.70711 0.00000 0.70711
vn -0.68301 -0.18301 0.70711
vn -0.68301 -0.18301 0.70711
vn -0.70711 0.00000 0.70711
vn -0.68301 -0.18301 0.70711
vn -0.61237 -0.35355 0.70711
vn -0.61237 -0.35355 0.70711
vn -0.68301 -0.18301 0.70711
vn -0.61237 -0.35355 0.70711
vn -0.50000 -0.50000 0.70711
vn -0.50000 -0.50000 0.70711
vn -0.61237 -0.35355 0.70711
vn -0.50000 -0.50000 0.70711
vn -0.35355 -0.61237 0.70711
vn -0.35355 -0.61237 0.70711
vn -0.50000 -0.50000 0.70711
vn -0.35355 -0.61237 0.70711
vn -0.18301 -0.68301 0.70711
vn -0.18301 -0.68301 0.70711
vn -0.35355 -0.61237 0.70711
vn -0.18301 -0.68301 0.70711
vn -0.00000 -0.70711 0.70711
vn -0.00000 -0.70711 0.70711
vn -0.18301 -0.68301 0.70711
vn -0.00000 -0.70711 0.70711
vn 0.18301 -0.68301 0.70711
vn 0.18301 -0.68301 0.70711
vn -0.00000 -0.70711 0.70711
vn 0.18301 -0.68301 0.70711
vn 0.35355 -0.61237 0.70711
vn 0.35355 -0.61237 0.70711
vn 0.18301 -0.68301 0.70711
vn 0.35355 -0.61237 0.70711
vn 0.50000 -0.50000 0.70711
vn 0.50000 -0.50000 0.70711
vn 0.35355 -0.61237 0.70711
vn 0.50000 -0.50000 0.70711
vn 0.61237 -0.35355 0.70711
vn 0.61237 -0.35355 0.70711
vn 0.50000 -0.50000 0.70711
vn 0.61237 -0.35355 0.70711
vn 0.68301 -0.18301 0.70711
vn 0.68301 -0.18301 0.70711
vn 0.61237 -0.35355 0.70711
vn 0.68301 -0.18301 0.70711
vn 0.70711 -0.00000 0.70711
vn 0.70711 -0.00000 0.70711
vn 0.68301 -0.18301 0.70711
vn 0.00000 0.00000 -1.00000
vn 0.00000 0.00000 -1.00000
vn 0.00000 0.00000 -1.00000
vn 0.00000 0.00000 -1.00000
vn 0.00000 0.00000 -1.00000
vn 0.00000 0.00000 -1.00000
vn 0.00000 0.00000 -1.00000
vn 0.00000 0.00000 -1.00000
vn 0.00000 0.00000 -1.00000
vn 0.00000 0.00000 -1.00000
vn 0.00000 0.00000 -1.00000
vn 0.00000 0.00000 -1.00000
vn 0.00000 0.00000 -1.00000
vn 0.00000 0.00000 -1.00000
vn 0.00000 0.00000 -1.00000
vn 0.00000 0.00000 -1.00000
vn 0.00000 0.00000 -1.00000
vn 0.00000 0.00000 -1.00000
vn 0.00000 0.00000 -1.00000
vn 0.00000 0.00000 -1.00000
vn 0.00000 0.00000 -1.00000
vn 0.00000 0.00000 -1.00000
vn 0.00000 0.00000 -1.00000
vn 0.00000 0.00000 -1.00000
vn 0.00000 0.00000 -1.00000
vn -0.00000 0.00000 -1.00000
vn -0.00000 0.00000 -1.00000
vn 0.00000 0.00000 -1.00000
vn -0.00000 0.00000 -1.00000
vn -0.00000 0.00000 -1.00000
vn -0.00000 0.00000 -1.00000
vn -0.00000 0.00000 -1.00000
vn -0.00000 0.00000 -1.00000
vn -0.00000 0.00000 -1.00000
vn -0.00000 0.00000 -1.00000
vn -0.00000 0.00000 -1.00000
vn -0.00000 0.00000 -1.00000
vn -0.00000 0.00000 -1.00000
vn -0.00000 0.00000 -1.00000
vn -0.00000 0.00000 -1.00000
vn -0.00000 0.00000 -1.00000
vn -0.00000 0.00000 -1.00000
vn -0.00000 0.00000 -1.00000
vn -0.00000 0.00000 -1.00000
vn -0.00000 0.00000 -1.00000
vn -0.00000 0.00000 -1.00000
vn -0.00000 0.00000 -1.00000
vn -0.00000 0.00000 -1.00000
vn -0.00000 0.00000 -1.00000
vn -0.00000 -0.00000 -1.00000
vn -0.00000 -0.00000 -1.00000
vn -0.00000 0.00000 -1.00000
vn -0.00000 -0.00000 -1.00000
vn -0.00000 -0.00000 -1.00000
vn -0.00000 -0.00000 -1.00000
vn -0.00000 -0.00000 -1.00000
vn -0.00000 -0.00000 -1.00000
vn -0.00000 -0.00000 -1.00000
vn -0.00000 -0.00000 -1.00000
vn -0.00000 -0.00000 -1.00000
vn -0.00000 -0.00000 -1.00000
vn -0.00000 -0.00000 -1.00000
vn -0.00000 -0.00000 -1.00000
vn -0.00000 -0.00000 -1.00000
vn -0.00000 -0.00000 -1.00000
vn -0.00000 -0.00000 -1.00000
vn -0.00000 -0.00000 -1.00000
vn -0.00000 -0.00000 -1.00000
vn -0.00000 -0.00000 -1.00000
vn -0.00000 -0.00000 -1.00000
vn -0.00000 -0.00000 -1.00000
vn -0.00000 -0.00000 -1.00000
vn -0.00000 -0.00000 -1.00000
vn 0.00000 -0.00000 -1.00000
vn 0.00000 -0.00000 -1.00000
vn -0.00000 -0.00000 -1.00000
vn 0.00000 -0.00000 -1.00000
vn 0.00000 -0.00000 -1.00000
vn 0.00000 -0.00000 -1.00000
vn 0.00000 -0.00000 -1.00000
vn 0.00000 -0.00000 -1.00000
vn 0.00000 -0.00000 -1.00000
vn 0.00000 -0.00000 -1.00000
vn 0.00000 -0.00000 -1.00000
vn 0.00000 -0.00000 -1.00000
vn 0.00000 -0.00000 -1.00000
vn 0.00000 -0.00000 -1.00000
vn 0.00000 -0.00000 -1.00000
vn 0.00000 -0.00000 -1.00000
vn 0.00000 -0.00000 -1.00000
vn 0.00000 -0.00000 -1.00000
vn 0.00000 -0.00000 -1.00000
vn 0.00000 -0.00000 -1.00000
vn 0.00000 -0.00000 -1.00000
vn 0.00000 -0.00000 -1.00000
vn 0.00000 -0.00000 -1.00000
vn 0.70711 0.00000 0.70711
vn 0.68301 0.18301 0.70711
vn 0.68301 0.18301 0.70711
vn 0.70711 0.00000 0.70711
vn 0.68301 0.18301 0.70711
vn 0.61237 0.35355 0.70711
vn 0.61237 0.35355 0.70711
vn 0.68301 0.18301 0.70711
vn 0.61237 0.35355 0.70711
vn 0.50000 0.50000 0.70711
vn 0.50000 0.50000 0.70711
vn 0.61237 0.35355 0.70711
vn 0.50000 0.50000 0.70711
vn 0.35355 0.61237 0.70711
vn 0.35355 0.61237 0.70711
vn 0.50000 0.50000 0.70711
vn 0.35355 0.61237 0.70711
vn 0.18301 0.68301 0.70711
vn 0.18301 0.68301 0.70711
vn 0.35355 0.61237 0.70711
vn 0.18301 0.68301 0.70711
vn 0.00000 0.70711 0.70711
vn 0.00000 0.70711 0.70711
vn 0.18301 0.68301 0.70711
vn 0.00000 0.70711 0.70711
vn -0.18301 0.68301 0.70711
vn -0.18301 0.68301 0.70711
vn 0.00000 0.70711 0.70711
vn -0.18301 0.68301 0.70711
vn -0.35355 0.61237 0.70711
vn -0.35355 0.61237 0.70711
vn -0.18301 0.68301 0.70711
vn -0.35355 0.61237 0.70711
vn -0.50000 0.50000 0.70711
vn -0.50000 0.50000 0.70711
vn -0.35355 0.61237 0.70711
vn -0.50000 0.50000 0.70711
vn -0.61237 0.35355 0.70711
vn -0.61237 0.35355 0.70711
vn -0.50000 0.50000 0.70711
vn -0.61237 0.35355 0.70711
vn -0.68301 0.18301 0.70711
vn -0.68301 0.18301 0.70711
vn -0.61237 0.35355 0.70711
vn -0.68301 0.18301 0.70711
vn -0.70711 0.00000 0.70711
vn -0.70711 0.00000 0.70711
vn -0.68301 0.18301 0.70711
vn -0.70711 0.00000 0.70711
vn -0.68301 -0.18301 0.70711
vn -0.68301 -0.18301 0.70711
vn -0.70711 0.00000 0.70711
vn -0.68301 -0.18301 0.70711
vn -0.61237 -0.35355 0.70711
vn -0.61237 -0.35355 0.70711
vn -0.68301 -0.18301 0.70711
vn -0.61237 -0.35355 0.70711
vn -0.50000 -0.50000 0.70711
vn -0.50000 -0.50000 0.70711
vn -0.61237 -0.35355 0.70711
vn -0.50000 -0.50000 0.70711
vn -0.35355 -0.61237 0.70711
vn -0.35355 -0.61237 0.70711
vn -0.50000 -0.50000 0.70711
vn -0.35355 -0.61237 0.70711
vn -0.18301 -0.68301 0.70711
vn -0.18301 -0.68301 0.70711
vn -0.35355 -0.61237 0.70711
vn -0.18301 -0.68301 0.70711
vn -0.00000 -0.70711 0.70711
vn -0.00000 -0.70711 0.70711
vn -0.18301 -0.68301 0.70711
vn -0.00000 -0.70711 0.70711
vn 0.18301 -0.68301 0.70711
vn 0.18301 -0.68301 0.70711
vn -0.00000 -0.70711 0.70711
vn 0.18301 -0.68301 0.70711
vn 0.35355 -0.61237 0.70711
vn 0.35355 -0.61237 0.70711
vn 0.18301 -0.68301 0.70711
vn 0.35355 -0.61237 0.70711
vn 0.50000 -0.50000 0.70711
vn 0.50000 -0.50000 0.70711
vn 0.35355 -0.61237 0.70711
vn 0.50000 -0.50000 0.70711
vn 0.61237 -0.35355 0.70711
vn 0.61237 -0.35355 0.70711
vn 0.50000 -0.50000 0.70711
vn 0.61237 -0.35355 0.70711
vn 0.68301 -0.18301 0.70711
vn 0.68301 -0.18301 0.70711
vn 0.61237 -0.35355 0.70711
vn 0.68301 -0.18301 0.70711
vn 0.70711 -0.00000 0.70711
vn 0.70711 -0.00000 0.70711
vn 0.68301 -0.18301 0.70711
vn 1.00000 0.00000 -0.00000
vn 0.96593 0.25882 -0.00000
vn 0.96593 0.25882 -0.00000
vn 1.00000 0.00000 -0.00000
vn 0.96593 0.25882 -0.00000
vn 0.86603 0.50000 -0.00000
vn 0.86603 0.50000 -0.00000
vn 0.96593 0.25882 -0.00000
vn 0.86603 0.50000 -0.00000
vn 0.70711 0.70711 -0.00000
vn 0.70711 0.70711 -0.00000
vn 0.86603 0.50000 -0.00000
vn 0.70711 0.70711 -0.00000
vn 0.50000 0.86603 -0.00000
vn 0.50000 0.86603 -0.00000
vn 0.70711 0.70711 -0.00000
vn 0.50000 0.86603 -0.00000
vn 0.25882 0.96593 -0.00000
vn 0.25882 0.96593 -0.00000
vn 0.50000 0.86603 -0.00000
vn 0.25882 0.96593 -0.00000
vn 0.00000 1.00000 -0.00000
vn 0.00000 1.00000 -0.00000
vn 0.25882 0.96593 -0.00000
vn 0.00000 1.00000 -0.00000
vn -0.25882 0.96593 -0.00000
vn -0.25882 0.96593 -0.00000
vn 0.00000 1.00000 -0.00000
vn -0.25882 0.96593 -0.00000
vn -0.50000 0.86603 -0.00000
vn -0.50000 0.86603 -0.00000
vn -0.25882 0.96593 -0.00000
vn -0.50000 0.86603 -0.00000
vn -0.70711 0.70711 -0.00000
vn -0.70711 0.70711 -0.00000
vn -0.50000 0.86603 -0.00000
vn -0.70711 0.70711 -0.00000
vn -0.86603 0.50000 -0.00000
vn -0.86603 0.50000 -0.00000
vn -0.70711 0.70711 -0.00000
vn -0.86603 0.50000 -0.00000
vn -0.96593 0.25882 -0.00000
vn -0.96593 0.25882 -0.00000
vn -0.86603 0.50000 -0.00000
vn -0.96593 0.25882 -0.00000
vn -1.00000 0.00000 -0.00000
vn -1.00000 0.00000 -0.00000
vn -0.96593 0.25882 -0.00000
vn -1.00000 0.00000 -0.00000
vn -0.96593 -0.25882 -0.00000
vn -0.96593 -0.25882 -0.00000
vn -1.00000 0.00000 -0.00000
vn -0.96593 -0.25882 -0.00000
vn -0.86603 -0.50000 -0.00000
vn -0.86603 -0.50000 -0.00000
vn -0.96593 -0.25882 -0.00000
vn -0.86603 -0.50000 -0.00000
vn -0.70711 -0.70711 -0.00000
vn -0.70711 -0.70711 -0.00000
vn -0.86603 -0.50000 -0.00000
vn -0.70711 -0.70711 -0.00000
vn -0.50000 -0.86603 -0.00000
vn -0.50000 -0.86603 -0.00000
vn -0.70711 -0.70711 -0.00000
vn -0.50000 -0.86603 -0.00000
vn -0.25882 -0.96593 -0.00000
vn -0.25882 -0.96593 -0.00000
vn -0.50000 -0.86603 -0.00000
vn -0.25882 -0.96593 -0.00000
vn -0.00000 -1.00000 -0.00000
vn -0.00000 -1.00000 -0.00000
vn -0.25882 -0.96593 -0.00000
vn -0.00000 -1.00000 -0.00000
vn 0.25882 -0.96593 -0.00000
vn 0.25882 -0.96593 -0.00000
vn -0.00000 -1.00000 -0.00000
vn 0.25882 -0.96593 -0.00000
vn 0.50000 -0.86603 -0.00000
vn 0.50000 -0.86603 -0.00000
vn 0.25882 -0.96593 -0.00000
vn 0.50000 -0.86603 -0.00000
vn 0.70711 -0.70711 -0.00000
vn 0.70711 -0.70711 -0.00000
vn 0.50000 -0.86603 -0.00000
vn 0.70711 -0.70711 -0.00000
vn 0.86603 -0.50000 -0.00000
vn 0.86603 -0.50000 -0.00000
vn 0.70711 -0.70711 -0.00000
vn 0.86603 -0.50000 -0.00000
vn 0.96593 -0.25882 -0.00000
vn 0.96593 -0.25882 -0.00000
vn 0.86603 -0.50000 -0.00000
vn 0.96593 -0.25882 -0.00000
vn 1.00000 -0.00000 -0.00000
vn 1.00000 -0.00000 -0.00000
vn 0.96593 -0.25882 -0.00000
vn 0.70711 0.00000 -0.70711
vn 0.68301 0.18301 -0.70711
vn 0.68301 0.18301 -0.70711
vn 0.70711 0.00000 -0.70711
vn 0.68301 0.18301 -0.70711
vn 0.61237 0.35355 -0.70711
vn 0.61237 0.35355 -0.70711
vn 0.68301 0.18301 -0.70711
vn 0.61237 0.35355 -0.70711
vn 0.50000 0.50000 -0.70711
vn 0.50000 0.50000 -0.70711
vn 0.61237 0.35355 -0.70711
vn 0.50000 0.50000 -0.70711
vn 0.35355 0.61237 -0.70711
vn 0.35355 0.61237 -0.70711
vn 0.50000 0.50000 -0.70711
vn 0.35355 0.61237 -0.70711
vn 0.18301 0.68301 -0.70711
vn 0.18301 0.68301 -0.70711
vn 0.35355 0.61237 -0.70711
vn 0.18301 0.68301 -0.70711
vn 0.00000 0.70711 -0.70711
vn 0.00000 0.70711 -0.70711
vn 0.18301 0.68301 -0.70711
vn 0.00000 0.70711 -0.70711
vn -0.18301 0.68301 -0.70711
vn -0.18301 0.68301 -0.70711
vn 0.00000 0.70711 -0.70711
vn -0.18301 0.68301 -0.70711
vn -0.35355 0.61237 -0.70711
vn -0.35355 0.61237 -0.70711
vn -0.18301 0.68301 -0.70711
vn -0.35355 0.61237 -0.70711
vn -0.50000 0.50000 -0.70711
vn -0.50000 0.50000 -0.70711
vn -0.35355 0.61237 -0.70711
vn -0.50000 0.50000 -0.70711
vn -0.61237 0.35355 -0.70711
vn -0.61237 0.35355 -0.70711
vn -0.50000 0.50000 -0.70711
vn -0.61237 0.35355 -0.70711
vn -0.68301 0.18301 -0.70711
vn -0.68301 0.18301 -0.70711
vn -0.61237 0.35355 -0.70711
vn -0.68301 0.18301 -0.70711
vn -0.70711 0.00000 -0.70711
vn -0.70711 0.00000 -0.70711
vn -0.68301 0.18301 -0.70711
vn -0.70711 0.00000 -0.70711
vn -0.68301 -0.18301 -0.70711
vn -0.68301 -0.18301 -0.70711
vn -0.70711 0.00000 -0.70711
vn -0.68301 -0.18301 -0.70711
vn -0.61237 -0.35355 -0.70711
vn -0.61237 -0.35355 -0.70711
vn -0.68301 -0.18301 -0.70711
vn -0.61237 -0.35355 -0.70711
vn -0.50000 -0.50000 -0.70711
vn -0.50000 -0.50000 -0.70711
vn -0.61237 -0.35355 -0.70711
vn -0.50000 -0.50000 -0.70711
vn -0.35355 -0.61237 -0.70711
vn -0.35355 -0.61237 -0.70711
vn -0.50000 -0.50000 -0.70711
vn -0.35355 -0.61237 -0.70711
vn -0.18301 -0.68301 -0.70711
vn -0.18301 -0.68301 -0.70711
vn -0.35355 -0.61237 -0.70711
vn -0.18301 -0.68301 -0.70711
vn -0.00000 -0.70711 -0.70711
vn -0.00000 -0.70711 -0.70711
vn -0.18301 -0.68301 -0.70711
vn -0.00000 -0.70711 -0.70711
vn 0.18301 -0.68301 -0.70711
vn 0.18301 -0.68301 -0.70711
vn -0.00000 -0.70711 -0.70711
vn 0.18301 -0.68301 -0.70711
vn 0.35355 -0.61237 -0.70711
vn 0.35355 -0.61237 -0.70711
vn 0.18301 -0.68301 -0.70711
vn 0.35355 -0.61237 -0.70711
vn 0.50000 -0.50000 -0.70711
vn 0.50000 -0.50000 -0.70711
vn 0.35355 -0.61237 -0.70711
vn 0.50000 -0.50000 -0.70711
vn 0.61237 -0.35355 -0.70711
vn 0.61237 -0.35355 -0.70711
vn 0.50000 -0.50000 -0.70711
vn 0.61237 -0.35355 -0.70711
vn 0.68301 -0.18301 -0.70711
vn 0.68301 -0.18301 -0.70711
vn 0.61237 -0.35355 -0.70711
vn 0.68301 -0.18301 -0.70711
vn 0.70711 -0.00000 -0.70711
vn 0.70711 -0.00000 -0.70711
vn 0.68301 -0.18301 -0.70711
vn 0.00000 0.00000 1.00000
vn 0.00000 0.00000 1.00000
vn 0.00000 0.00000 1.00000
vn 0.00000 0.00000 1.00000
vn 0.00000 0.00000 1.00000
vn 0.00000 0.00000 1.00000
vn 0.00000 0.00000 1.00000
vn 0.00000 0.00000 1.00000
vn 0.00000 0.00000 1.00000
vn 0.00000 0.00000 1.00000
vn 0.00000 0.00000 1.00000
vn 0.00000 0.00000 1.00000
vn 0.00000 0.00000 1.00000
vn 0.00000 0.00000 1.00000
vn 0.00000 0.00000 1.00000
vn 0.00000 0.00000 1.00000
vn 0.00000 0.00000 1.00000
vn 0.00000 0.00000 1.00000
vn 0.00000 0.00000 1.00000
vn 0.00000 0.00000 1.00000
vn 0.00000 0.00000 1.00000
vn 0.00000 0.00000 1.00000
vn 0.00000 0.00000 1.00000
vn 0.00000 0.00000 1.00000
vn 0.00000 0.00000 1.00000
vn -0.00000 0.00000 1.00000
vn -0.00000 0.00000 1.00000
vn 0.00000 0.00000 1.00000
vn -0.00000 0.00000 1.00000
vn -0.00000 0.00000 1.00000
vn -0.00000 0.00000 1.00000
vn -0.00000 0.00000 1.00000
vn -0.00000 0.00000 1.00000
vn -0.00000 0.00000 1.00000
vn -0.00000 0.00000 1.00000
vn -0.00000 0.00000 1.00000
vn -0.00000 0.00000 1.00000
vn -0.00000 0.00000 1.00000
vn -0.00000 0.00000 1.00000
vn -0.00000 0.00000 1.00000
vn -0.00000 0.00000 1.00000
vn -0.00000 0.00000 1.00000
vn -0.00000 0.00000 1.00000
vn -0.00000 0.00000 1.00000
vn -0.00000 0.00000 1.00000
vn -0.00000 0.00000 1.00000
vn -0.00000 0.00000 1.00000
vn -0.00000 0.00000 1.00000
vn -0.00000 0.00000 1.00000
vn -0.00000 -0.00000 1.00000
vn -0.00000 -0.00000 1.00000
vn -0.00000 0.00000 1.00000
vn -0.00000 -0.00000 1.00000
vn -0.00000 -0.00000 1.00000
vn -0.00000 -0.00000 1.00000
vn -0.00000 -0.00000 1.00000
vn -0.00000 -0.00000 1.00000
vn -0.00000 -0.00000 1.00000
vn -0.00000 -0.00000 1.00000
vn -0.00000 -0.00000 1.00000
vn -0.00000 -0.00000 1.00000
vn -0.00000 -0.00000 1.00000
vn -0.00000 -0.00000 1.00000
vn -0.00000 -0.00000 1.00000
vn -0.00000 -0.00000 1.00000
vn -0.00000 -0.00000 1.00000
vn -0.00000 -0.00000 1.00000
vn -0.00000 -0.00000 1.00000
vn -0.00000 -0.00000 1.00000
vn -0.00000 -0.00000 1.00000
vn -0.00000 -0.00000 1.00000
vn -0.00000 -0.00000 1.00000
vn -0.00000 -0.00000 1.00000
vn 0.00000 -0.00000 1.00000
vn 0.00000 -0.00000 1.00000
vn -0.00000 -0.00000 1.00000
vn 0.00000 -0.00000 1.00000
vn 0.00000 -0.00000 1.00000
vn 0.00000 -0.00000 1.00000
vn 0.00000 -0.00000 1.00000
vn 0.00000 -0.00000 1.00000
vn 0.00000 -0.00000 1.00000
vn 0.00000 -0.00000 1.00000
vn 0.00000 -0.00000 1.00000
vn 0.00000 -0.00000 1.00000
vn 0.00000 -0.00000 1.00000
vn 0.00000 -0.00000 1.00000
vn 0.00000 -0.00000 1.00000
vn 0.00000 -0.00000 1.00000
vn 0.00000 -0.00000 1.00000
vn 0.00000 -0.00000 1.00000
vn 0.00000 -0.00000 1.00000
vn 0.00000 -0.00000 1.00000
vn 0.00000 -0.00000 1.00000
vn 0.00000 -0.00000 1.00000
vn 0.00000 -0.00000 1.00000
vn 0.55470 0.00000 -0.83205
vn 0.53580 0.14357 -0.83205
vn 0.53580 0.14357 -0.83205
vn 0.55470 0.00000 -0.83205
vn 0.53580 0.14357 -0.83205
vn 0.48038 0.27735 -0.83205
vn 0.48038 0.27735 -0.83205
vn 0.53580 0.14357 -0.83205
vn 0.48038 0.27735 -0.83205
vn 0.39223 0.39223 -0.83205
vn 0.39223 0.39223 -0.83205
vn 0.48038 0.27735 -0.83205
vn 0.39223 0.39223 -0.83205
vn 0.27735 0.48038 -0.83205
vn 0.27735 0.48038 -0.83205
vn 0.39223 0.39223 -0.83205
vn 0.27735 0.48038 -0.83205
vn 0.14357 0.53580 -0.83205
vn 0.14357 0.53580 -0.83205
vn 0.27735 0.48038 -0.83205
vn 0.14357 0.53580 -0.83205
vn 0.00000 0.55470 -0.83205
vn 0.00000 0.55470 -0.83205
vn 0.14357 0.53580 -0.83205
vn 0.00000 0.55470 -0.83205
vn -0.14357 0.53580 -0.83205
vn -0.14357 0.53580 -0.83205
vn 0.00000 0.55470 -0.83205
vn -0.14357 0.53580 -0.83205
vn -0.27735 0.48038 -0.83205
vn -0.27735 0.48038 -0.83205
vn -0.14357 0.53580 -0.83205
vn -0.27735 0.48038 -0.83205
vn -0.39223 0.39223 -0.83205
vn -0.39223 0.39223 -0.83205
vn -0.27735 0.48038 -0.83205
vn -0.39223 0.39223 -0.83205
vn -0.48038 0.27735 -0.83205
vn -0.48038 0.27735 -0.83205
vn -0.39223 0.39223 -0.83205
vn -0.48038 0.27735 -0.83205
vn -0.53580 0.14357 -0.83205
vn -0.53580 0.14357 -0.83205
vn -0.48038 0.27735 -0.83205
vn -0.53580 0.14357 -0.83205
vn -0.55470 0.00000 -0.83205
vn -0.55470 0.00000 -0.83205
vn -0.53580 0.14357 -0.83205
vn -0.55470 0.00000 -0.83205
vn -0.53580 -0.14357 -0.83205
vn -0.53580 -0.14357 -0.83205
vn -0.55470 0.00000 -0.83205
vn -0.53580 -0.14357 -0.83205
vn -0.48038 -0.27735 -0.83205
vn -0.48038 -0.27735 -0.83205
vn -0.53580 -0.14357 -0.83205
vn -0.48038 -0.27735 -0.83205
vn -0.39223 -0.39223 -0.83205
vn -0.39223 -0.39223 -0.83205
vn -0.48038 -0.27735 -0.83205
vn -0.39223 -0.39223 -0.83205
vn -0.27735 -0.48038 -0.83205
vn -0.27735 -0.48038 -0.83205
vn -0.39223 -0.39223 -0.83205
vn -0.27735 -0.48038 -0.83205
vn -0.14357 -0.53580 -0.83205
vn -0.14357 -0.53580 -0.83205
vn -0.27735 -0.48038 -0.83205
vn -0.14357 -0.53580 -0.83205
vn -0.00000 -0.55470 -0.83205
vn -0.00000 -0.55470 -0.83205
vn -0.14357 -0.53580 -0.83205
vn -0.00000 -0.55470 -0.83205
vn 0.14357 -0.53580 -0.83205
vn 0.14357 -0.53580 -0.83205
vn -0.00000 -0.55470 -0.83205
vn 0.14357 -0.53580 -0.83205
vn 0.27735 -0.48038 -0.83205
vn 0.27735 -0.48038 -0.83205
vn 0.14357 -0.53580 -0.83205
vn 0.27735 -0.48038 -0.83205
vn 0.39223 -0.39223 -0.83205
vn 0.39223 -0.39223 -0.83205
vn 0.27735 -0.48038 -0.83205
vn 0.39223 -0.39223 -0.83205
vn 0.48038 -0.27735 -0.83205
vn 0.48038 -0.27735 -0.83205
vn 0.39223 -0.39223 -0.83205
vn 0.48038 -0.27735 -0.83205
vn 0.53580 -0.14357 -0.83205
vn 0.53580 -0.14357 -0.83205
vn 0.48038 -0.27735 -0.83205
vn 0.53580 -0.14357 -0.83205
vn 0.55470 -0.00000 -0.83205
vn 0.55470 -0.00000 -0.83205
vn 0.53580 -0.14357 -0.83205
vn 1.00000 0.00000 -0.00000
vn 0.96593 0.25882 -0.00000
vn 0.96593 0.25882 -0.00000
vn 1.00000 0.00000 -0.00000
vn 0.96593 0.25882 -0.00000
vn 0.86603 0.50000 -0.00000
vn 0.86603 0.50000 -0.00000
vn 0.96593 0.25882 -0.00000
vn 0.86603 0.50000 -0.00000
vn 0.70711 0.70711 -0.00000
vn 0.70711 0.70711 -0.00000
vn 0.86603 0.50000 -0.00000
vn 0.70711 0.70711 -0.00000
vn 0.50000 0.86603 -0.00000
vn 0.50000 0.86603 -0.00000
vn 0.70711 0.70711 -0.00000
vn 0.50000 0.86603 -0.00000
vn 0.25882 0.96593 -0.00000
vn 0.25882 0.96593 -0.00000
vn 0.50000 0.86603 -0.00000
vn 0.25882 0.96593 -0.00000
vn 0.00000 1.00000 -0.00000
vn 0.00000 1.00000 -0.00000
vn 0.25882 0.96593 -0.00000
vn 0.00000 1.00000 -0.00000
vn -0.25882 0.96593 -0.00000
vn -0.25882 0.96593 -0.00000
vn 0.00000 1.00000 -0.00000
vn -0.25882 0.96593 -0.00000
vn -0.50000 0.86603 -0.00000
vn -0.50000 0.86603 -0.00000
vn -0.25882 0.96593 -0.00000
vn -0.50000 0.86603 -0.00000
vn -0.70711 0.70711 -0.00000
vn -0.70711 0.70711 -0.00000
vn -0.50000 0.86603 -0.00000
vn -0.70711 0.70711 -0.00000
vn -0.86603 0.50000 -0.00000
vn -0.86603 0.50000 -0.00000
vn -0.70711 0.70711 -0.00000
vn -0.86603 0.50000 -0.00000
vn -0.96593 0.25882 -0.00000
vn -0.96593 0.25882 -0.00000
vn -0.86603 0.50000 -0.00000
vn -0.96593 0.25882 -0.00000
vn -1.00000 0.00000 -0.00000
vn -1.00000 0.00000 -0.00000
vn -0.96593 0.25882 -0.00000
vn -1.00000 0.00000 -0.00000
vn -0.96593 -0.25882 -0.00000
vn -0.96593 -0.25882 -0.00000
vn -1.00000 0.00000 -0.00000
vn -0.96593 -0.25882 -0.00000
vn -0.86603 -0.50000 -0.00000
vn -0.86603 -0.50000 -0.00000
vn -0.96593 -0.25882 -0.00000
vn -0.86603 -0.50000 -0.00000
vn -0.70711 -0.70711 -0.00000
vn -0.70711 -0.70711 -0.00000
vn -0.86603 -0.50000 -0.00000
vn -0.70711 -0.70711 -0.00000
vn -0.50000 -0.86603 -0.00000
vn -0.50000 -0.86603 -0.00000
vn -0.70711 -0.70711 -0.00000
vn -0.50000 -0.86603 -0.00000
vn -0.25882 -0.96593 -0.00000
vn -0.25882 -0.96593 -0.00000
vn -0.50000 -0.86603 -0.00000
vn -0.25882 -0.96593 -0.00000
vn -0.00000 -1.00000 -0.00000
vn -0.00000 -1.00000 -0.00000
vn -0.25882 -0.96593 -0.00000
vn -0.00000 -1.00000 -0.00000
vn 0.25882 -0.96593 -0.00000
vn 0.25882 -0.96593 -0.00000
vn -0.00000 -1.00000 -0.00000
vn 0.25882 -0.96593 -0.00000
vn 0.50000 -0.86603 -0.00000
vn 0.50000 -0.86603 -0.00000
vn 0.25882 -0.96593 -0.00000
vn 0.50000 -0.86603 -0.00000
vn 0.70711 -0.70711 -0.00000
vn 0.70711 -0.70711 -0.00000
vn 0.50000 -0.86603 -0.00000
vn 0.70711 -0.70711 -0.00000
vn 0.86603 -0.50000 -0.00000
vn 0.86603 -0.50000 -0.00000
vn 0.70711 -0.70711 -0.00000
vn 0.86603 -0.50000 -0.00000
vn 0.96593 -0.25882 -0.00000
vn 0.96593 -0.25882 -0.00000
vn 0.86603 -0.50000 -0.00000
vn 0.96593 -0.25882 -0.00000
vn 1.00000 -0.00000 -0.00000
vn 1.00000 -0.00000 -0.00000
vn 0.96593 -0.25882 -0.00000
vn 0.00000 0.00000 1.00000
vn 0.00000 0.00000 1.00000
vn 0.00000 0.00000 1.00000
vn 0.00000 0.00000 1.00000
vn 0.00000 0.00000 1.00000
vn 0.00000 0.00000 1.00000
vn 0.00000 0.00000 1.00000
vn 0.00000 0.00000 1.00000
vn 0.00000 0.00000 1.00000
vn 0.00000 0.00000 1.00000
vn 0.00000 0.00000 1.00000
vn 0.00000 0.00000 1.00000
vn 0.00000 0.00000 1.00000
vn 0.00000 0.00000 1.00000
vn 0.00000 0.00000 1.00000
vn 0.00000 0.00000 1.00000
vn 0.00000 0.00000 1.00000
vn 0.00000 0.00000 1.00000
vn 0.00000 0.00000 1.00000
vn 0.00000 0.00000 1.00000
vn 0.00000 0.00000 1.00000
vn 0.00000 0.00000 1.00000
vn 0.00000 0.00000 1.00000
vn 0.00000 0.00000 1.00000
vn 0.00000 0.00000 1.00000
vn -0.00000 0.00000 1.00000
vn -0.00000 0.00000 1.00000
vn 0.00000 0.00000 1.00000
vn -0.00000 0.00000 1.00000
vn -0.00000 0.00000 1.00000
vn -0.00000 0.00000 1.00000
vn -0.00000 0.00000 1.00000
vn -0.00000 0.00000 1.00000
vn -0.00000 0.00000 1.00000
vn -0.00000 0.00000 1.00000
vn -0.00000 0.00000 1.00000
vn -0.00000 0.00000 1.00000
vn -0.00000 0.00000 1.00000
vn -0.00000 0.00000 1.00000
vn -0.00000 0.00000 1.00000
vn -0.00000 0.00000 1.00000
vn -0.00000 0.00000 1.00000
vn -0.00000 0.00000 1.00000
vn -0.00000 0.00000 1.00000
vn -0.00000 0.00000 1.00000
vn -0.00000 0.00000 1.00000
vn -0.00000 0.00000 1.00000
vn -0.00000 0.00000 1.00000
vn -0.00000 0.00000 1.00000
vn -0.00000 -0.00000 1.00000
vn -0.00000 -0.00000 1.00000
vn -0.00000 0.00000 1.00000
vn -0.00000 -0.00000 1.00000
vn -0.00000 -0.00000 1.00000
vn -0.00000 -0.00000 1.00000
vn -0.00000 -0.00000 1.00000
vn -0.00000 -0.00000 1.00000
vn -0.00000 -0.00000 1.00000
vn -0.00000 -0.00000 1.00000
vn -0.00000 -0.00000 1.00000
vn -0.00000 -0.00000 1.00000
vn -0.00000 -0.00000 1.00000
vn -0.00000 -0.00000 1.00000
vn -0.00000 -0.00000 1.00000
vn -0.00000 -0.00000 1.00000
vn -0.00000 -0.00000 1.00000
vn -0.00000 -0.00000 1.00000
vn -0.00000 -0.00000 1.00000
vn -0.00000 -0.00000 1.00000
vn -0.00000 -0.00000 1.00000
vn -0.00000 -0.00000 1.00000
vn -0.00000 -0.00000 1.00000
vn -0.00000 -0.00000 1.00000
vn 0.00000 -0.00000 1.00000
vn 0.00000 -0.00000 1.00000
vn -0.00000 -0.00000 1.00000
vn 0.00000 -0.00000 1.00000
vn 0.00000 -0.00000 1.00000
vn 0.00000 -0.00000 1.00000
vn 0.00000 -0.00000 1.00000
vn 0.00000 -0.00000 1.00000
vn 0.00000 -0.00000 1.00000
vn 0.00000 -0.00000 1.00000
vn 0.00000 -0.00000 1.00000
vn 0.00000 -0.00000 1.00000
vn 0.00000 -0.00000 1.00000
vn 0.00000 -0.00000 1.00000
vn 0.00000 -0.00000 1.00000
vn 0.00000 -0.00000 1.00000
vn 0.00000 -0.00000 1.00000
vn 0.00000 -0.00000 1.00000
vn 0.00000 -0.00000 1.00000
vn 0.00000 -0.00000 1.00000
vn 0.00000 -0.00000 1.00000
vn 0.00000 -0.00000 1.00000
vn 0.00000 -0.00000 1.00000
vn 1.00000 0.00000 0.00000
vn -1.00000 0.00000 0.00000
vn 0.00000 1.00000 0.00000
vn 0.00000 -1.00000 0.00000
vn 0.00000 0.00000 1.00000
vn 0.00000 0.00000 -1.00000
vn 1.00000 -0.00000 0.00000
vn 0.80902 -0.00000 0.58779
vn 0.80902 -0.00000 0.58779
vn 1.00000 -0.00000 0.00000
vn 0.80902 -0.00000 0.58779
vn 0.30902 -0.00000 0.95106
vn 0.30902 -0.00000 0.95106
vn 0.80902 -0.00000 0.58779
vn 0.30902 -0.00000 0.95106
vn -0.30902 -0.00000 0.95106
vn -0.30902 -0.00000 0.95106
vn 0.30902 -0.00000 0.95106
vn -0.30902 -0.00000 0.95106
vn -0.80902 -0.00000 0.58779
vn -0.80902 -0.00000 0.58779
vn -0.30902 -0.00000 0.95106
vn -0.80902 -0.00000 0.58779
vn -1.00000 -0.00000 0.00000
vn -1.00000 -0.00000 0.00000
vn -0.80902 -0.00000 0.58779
vn -1.00000 -0.00000 0.00000
vn -0.80902 -0.00000 -0.58779
vn -0.80902 -0.00000 -0.58779
vn -1.00000 -0.00000 0.00000
vn -0.80902 -0.00000 -0.58779
vn -0.30902 -0.00000 -0.95106
vn -0.30902 -0.00000 -0.95106
vn -0.80902 -0.00000 -0.58779
vn -0.30902 -0.00000 -0.95106
vn 0.30902 -0.00000 -0.95106
vn 0.30902 -0.00000 -0.95106
vn -0.30902 -0.00000 -0.95106
vn 0.30902 -0.00000 -0.95106
vn 0.80902 -0.00000 -0.58779
vn 0.80902 -0.00000 -0.58779
vn 0.30902 -0.00000 -0.95106
vn 0.80902 -0.00000 -0.58779
vn 1.00000 -0.00000 -0.00000
vn 1.00000 -0.00000 -0.00000
vn 0.80902 -0.00000 -0.58779
vn 0.00000 0.00000 -1.00000
vn 0.00000 0.00000 -1.00000
vn 0.00000 0.00000 -1.00000
vn 0.00000 0.00000 -1.00000
vn 0.00000 0.00000 -1.00000
vn 0.00000 0.00000 -1.00000
vn 0.00000 0.00000 -1.00000
vn 0.00000 0.00000 -1.00000
vn 0.00000 0.00000 -1.00000
vn 0.00000 0.00000 -1.00000
vn 0.00000 0.00000 -1.00000
vn 0.00000 0.00000 -1.00000
vn 0.00000 0.00000 -1.00000
vn 0.00000 0.00000 -1.00000
vn 0.00000 0.00000 -1.00000
vn 0.00000 0.00000 -1.00000
vn 0.00000 0.00000 -1.00000
vn -0.00000 0.00000 -1.00000
vn -0.00000 0.00000 -1.00000
vn 0.00000 0.00000 -1.00000
vn -0.00000 0.00000 -1.00000
vn -0.00000 0.00000 -1.00000
vn -0.00000 0.00000 -1.00000
vn -0.00000 0.00000 -1.00000
vn -0.00000 0.00000 -1.00000
vn -0.00000 0.00000 -1.00000
vn -0.00000 0.00000 -1.00000
vn -0.00000 0.00000 -1.00000
vn -0.00000 0.00000 -1.00000
vn -0.00000 0.00000 -1.00000
vn -0.00000 0.00000 -1.00000
vn -0.00000 0.00000 -1.00000
vn -0.00000 0.00000 -1.00000
vn -0.00000 0.00000 -1.00000
vn -0.00000 0.00000 -1.00000
vn -0.00000 0.00000 -1.00000
vn -0.00000 0.00000 -1.00000
vn -0.00000 -0.00000 -1.00000
vn -0.00000 -0.00000 -1.00000
vn -0.00000 0.00000 -1.00000
vn -0.00000 -0.00000 -1.00000
vn -0.00000 -0.00000 -1.00000
vn -0.00000 -0.00000 -1.00000
vn -0.00000 -0.00000 -1.00000
vn -0.00000 -0.00000 -1.00000
vn -0.00000 -0.00000 -1.00000
vn -0.00000 -0.00000 -1.00000
vn -0.00000 -0.00000 -1.00000
vn -0.00000 -0.00000 -1.00000
vn -0.00000 -0.00000 -1.00000
vn -0.00000 -0.00000 -1.00000
vn -0.00000 -0.00000 -1.00000
vn -0.00000 -0.00000 -1.00000
vn 0.00000 -0.00000 -1.00000
vn 0.00000 -0.00000 -1.00000
vn -0.00000 -0.00000 -1.00000
vn 0.00000 -0.00000 -1.00000
vn 0.00000 -0.00000 -1.00000
vn 0.00000 -0.00000 -1.00000
vn 0.00000 -0.00000 -1.00000
vn 0.00000 -0.00000 -1.00000
vn 0.00000 -0.00000 -1.00000
vn 0.00000 -0.00000 -1.00000
vn 0.00000 -0.00000 -1.00000
vn 0.00000 -0.00000 -1.00000
vn 0.00000 -0.00000 -1.00000
vn 0.00000 -0.00000 -1.00000
vn 0.00000 -0.00000 -1.00000
vn 0.00000 -0.00000 -1.00000
vn 0.00000 -0.00000 -1.00000
vn 0.00000 -0.00000 -1.00000
vn 0.00000 -0.00000 -1.00000
vn 1.00000 0.00000 -0.00000
vn 0.93969 0.34202 -0.00000
vn 0.93969 0.34202 -0.00000
vn 1.00000 0.00000 -0.00000
vn 0.93969 0.34202 -0.00000
vn 0.76604 0.64279 -0.00000
vn 0.76604 0.64279 -0.00000
vn 0.93969 0.34202 -0.00000
vn 0.76604 0.64279 -0.00000
vn 0.50000 0.86603 -0.00000
vn 0.50000 0.86603 -0.00000
vn 0.76604 0.64279 -0.00000
vn 0.50000 0.86603 -0.00000
vn 0.17365 0.98481 -0.00000
vn 0.17365 0.98481 -0.00000
vn 0.50000 0.86603 -0.00000
vn 0.17365 0.98481 -0.00000
vn -0.17365 0.98481 -0.00000
vn -0.17365 0.98481 -0.00000
vn 0.17365 0.98481 -0.00000
vn -0.17365 0.98481 -0.00000
vn -0.50000 0.86603 -0.00000
vn -0.50000 0.86603 -0.00000
vn -0.17365 0.98481 -0.00000
vn -0.50000 0.86603 -0.00000
vn -0.76604 0.64279 -0.00000
vn -0.76604 0.64279 -0.00000
vn -0.50000 0.86603 -0.00000
vn -0.76604 0.64279 -0.00000
vn -0.93969 0.34202 -0.00000
vn -0.93969 0.34202 -0.00000
vn -0.76604 0.64279 -0.00000
vn -0.93969 0.34202 -0.00000
vn -1.00000 0.00000 -0.00000
vn -1.00000 0.00000 -0.00000
vn -0.93969 0.34202 -0.00000
vn -1.00000 0.00000 -0.00000
vn -0.93969 -0.34202 -0.00000
vn -0.93969 -0.34202 -0.00000
vn -1.00000 0.00000 -0.00000
vn -0.93969 -0.34202 -0.00000
vn -0.76604 -0.64279 -0.00000
vn -0.76604 -0.64279 -0.00000
vn -0.93969 -0.34202 -0.00000
vn -0.76604 -0.64279 -0.00000
vn -0.50000 -0.86603 -0.00000
vn -0.50000 -0.86603 -0.00000
vn -0.76604 -0.64279 -0.00000
vn -0.50000 -0.86603 -0.00000
vn -0.17365 -0.98481 -0.00000
vn -0.17365 -0.98481 -0.00000
vn -0.50000 -0.86603 -0.00000
vn -0.17365 -0.98481 -0.00000
vn 0.17365 -0.98481 -0.00000
vn 0.17365 -0.98481 -0.00000
vn -0.17365 -0.98481 -0.00000
vn 0.17365 -0.98481 -0.00000
vn 0.50000 -0.86603 -0.00000
vn 0.50000 -0.86603 -0.00000
vn 0.17365 -0.98481 -0.00000
vn 0.50000 -0.86603 -0.00000
vn 0.76604 -0.64279 -0.00000
vn 0.76604 -0.64279 -0.00000
vn 0.50000 -0.86603 -0.00000
vn 0.76604 -0.64279 -0.00000
vn 0.93969 -0.34202 -0.00000
vn 0.93969 -0.34202 -0.00000
vn 0.76604 -0.64279 -0.00000
vn 0.93969 -0.34202 -0.00000
vn 1.00000 -0.00000 -0.00000
vn 1.00000 -0.00000 -0.00000
vn 0.93969 -0.34202 -0.00000
vn 0.00000 0.00000 1.00000
vn 0.00000 0.00000 1.00000
vn 0.00000 0.00000 1.00000
vn 0.00000 0.00000 1.00000
vn 0.00000 0.00000 1.00000
vn 0.00000 0.00000 1.00000
vn 0.00000 0.00000 1.00000
vn 0.00000 0.00000 1.00000
vn 0.00000 0.00000 1.00000
vn 0.00000 0.00000 1.00000
vn 0.00000 0.00000 1.00000
vn 0.00000 0.00000 1.00000
vn 0.00000 0.00000 1.00000
vn 0.00000 0.00000 1.00000
vn 0.00000 0.00000 1.00000
vn 0.00000 0.00000 1.00000
vn 0.00000 0.00000 1.00000
vn -0.00000 0.00000 1.00000
vn -0.00000 0.00000 1.00000
vn 0.00000 0.00000 1.00000
vn -0.00000 0.00000 1.00000
vn -0.00000 0.00000 1.00000
vn -0.00000 0.00000 1.00000
vn -0.00000 0.00000 1.00000
vn -0.00000 0.00000 1.00000
vn -0.00000 0.00000 1.00000
vn -0.00000 0.00000 1.00000
vn -0.00000 0.00000 1.00000
vn -0.00000 0.00000 1.00000
vn -0.00000 0.00000 1.00000
vn -0.00000 0.00000 1.00000
vn -0.00000 0.00000 1.00000
vn -0.00000 0.00000 1.00000
vn -0.00000 0.00000 1.00000
vn -0.00000 0.00000 1.00000
vn -0.00000 0.00000 1.00000
vn -0.00000 0.00000 1.00000
vn -0.00000 -0.00000 1.00000
vn -0.00000 -0.00000 1.00000
vn -0.00000 0.00000 1.00000
vn -0.00000 -0.00000 1.00000
vn -0.00000 -0.00000 1.00000
vn -0.00000 -0.00000 1.00000
vn -0.00000 -0.00000 1.00000
vn -0.00000 -0.00000 1.00000
vn -0.00000 -0.00000 1.00000
vn -0.00000 -0.00000 1.00000
vn -0.00000 -0.00000 1.00000
vn -0.00000 -0.00000 1.00000
vn -0.00000 -0.00000 1.00000
vn -0.00000 -0.00000 1.00000
vn -0.00000 -0.00000 1.00000
vn -0.00000 -0.00000 1.00000
vn 0.00000 -0.00000 1.00000
vn 0.00000 -0.00000 1.00000
vn -0.00000 -0.00000 1.00000
vn 0.00000 -0.00000 1.00000
vn 0.00000 -0.00000 1.00000
vn 0.00000 -0.00000 1.00000
vn 0.00000 -0.00000 1.00000
vn 0.00000 -0.00000 1.00000
vn 0.00000 -0.00000 1.00000
vn 0.00000 -0.00000 1.00000
vn 0.00000 -0.00000 1.00000
vn 0.00000 -0.00000 1.00000
vn 0.00000 -0.00000 1.00000
vn 0.00000 -0.00000 1.00000
vn 0.00000 -0.00000 1.00000
vn 0.00000 -0.00000 1.00000
vn 0.00000 -0.00000 1.00000
vn 0.00000 -0.00000 1.00000
vn 0.00000 -0.00000 1.00000
vn 0.70711 0.00000 -0.70711
vn 0.68301 0.18301 -0.70711
vn 0.68301 0.18301 -0.70711
vn 0.70711 0.00000 -0.70711
vn 0.68301 0.18301 -0.70711
vn 0.61237 0.35355 -0.70711
vn 0.61237 0.35355 -0.70711
vn 0.68301 0.18301 -0.70711
vn 0.61237 0.35355 -0.70711
vn 0.50000 0.50000 -0.70711
vn 0.50000 0.50000 -0.70711
vn 0.61237 0.35355 -0.70711
vn 0.50000 0.50000 -0.70711
vn 0.35355 0.61237 -0.70711
vn 0.35355 0.61237 -0.70711
vn 0.50000 0.50000 -0.70711
vn 0.35355 0.61237 -0.70711
vn 0.18301 0.68301 -0.70711
vn 0.18301 0.68301 -0.70711
vn 0.35355 0.61237 -0.70711
vn 0.18301 0.68301 -0.70711
vn 0.00000 0.70711 -0.70711
vn 0.00000 0.70711 -0.70711
vn 0.18301 0.68301 -0.70711
vn 0.00000 0.70711 -0.70711
vn -0.18301 0.68301 -0.70711
vn -0.18301 0.68301 -0.70711
vn 0.00000 0.70711 -0.70711
vn -0.18301 0.68301 -0.70711
vn -0.35355 0.61237 -0.70711
vn -0.35355 0.61237 -0.70711
vn -0.18301 0.68301 -0.70711
vn -0.35355 0.61237 -0.70711
vn -0.50000 0.50000 -0.70711
vn -0.50000 0.50000 -0.70711
vn -0.35355 0.61237 -0.70711
vn -0.50000 0.50000 -0.70711
vn -0.61237 0.35355 -0.70711
vn -0.61237 0.35355 -0.70711
vn -0.50000 0.50000 -0.70711
vn -0.61237 0.35355 -0.70711
vn -0.68301 0.18301 -0.70711
vn -0.68301 0.18301 -0.70711
vn -0.61237 0.35355 -0.70711
vn -0.68301 0.18301 -0.70711
vn -0.70711 0.00000 -0.70711
vn -0.70711 0.00000 -0.70711
vn -0.68301 0.18301 -0.70711
vn -0.70711 0.00000 -0.70711
vn -0.68301 -0.18301 -0.70711
vn -0.68301 -0.18301 -0.70711
vn -0.70711 0.00000 -0.70711
vn -0.68301 -0.18301 -0.70711
vn -0.61237 -0.35355 -0.70711
vn -0.61237 -0.35355 -0.70711
vn -0.68301 -0.18301 -0.70711
vn -0.61237 -0.35355 -0.70711
vn -0.50000 -0.50000 -0.70711
vn -0.50000 -0.50000 -0.70711
vn -0.61237 -0.35355 -0.70711
vn -0.50000 -0.50000 -0.70711
vn -0.35355 -0.61237 -0.70711
vn -0.35355 -0.61237 -0.70711
vn -0.50000 -0.50000 -0.70711
vn -0.35355 -0.61237 -0.70711
vn -0.18301 -0.68301 -0.70711
vn -0.18301 -0.68301 -0.70711
vn -0.35355 -0.61237 -0.70711
vn -0.18301 -0.68301 -0.70711
vn -0.00000 -0.70711 -0.70711
vn -0.00000 -0.70711 -0.70711
vn -0.18301 -0.68301 -0.70711
vn -0.00000 -0.70711 -0.70711
vn 0.18301 -0.68301 -0.70711
vn 0.18301 -0.68301 -0.70711
vn -0.00000 -0.70711 -0.70711
vn 0.18301 -0.68301 -0.70711
vn 0.35355 -0.61237 -0.70711
vn 0.35355 -0.61237 -0.70711
vn 0.18301 -0.68301 -0.70711
vn 0.35355 -0.61237 -0.70711
vn 0.50000 -0.50000 -0.70711
vn 0.50000 -0.50000 -0.70711
vn 0.35355 -0.61237 -0.70711
vn 0.50000 -0.50000 -0.70711
vn 0.61237 -0.35355 -0.70711
vn 0.61237 -0.35355 -0.70711
vn 0.50000 -0.50000 -0.70711
vn 0.61237 -0.35355 -0.70711
vn 0.68301 -0.18301 -0.70711
vn 0.68301 -0.18301 -0.70711
vn 0.61237 -0.35355 -0.70711
vn 0.68301 -0.18301 -0.70711
vn 0.70711 -0.00000 -0.70711
vn 0.70711 -0.00000 -0.70711
vn 0.68301 -0.18301 -0.70711
vn 1.00000 0.00000 -0.00000
vn 0.96593 0.25882 -0.00000
vn 0.96593 0.25882 -0.00000
vn 1.00000 0.00000 -0.00000
vn 0.96593 0.25882 -0.00000
vn 0.86603 0.50000 -0.00000
vn 0.86603 0.50000 -0.00000
vn 0.96593 0.25882 -0.00000
vn 0.86603 0.50000 -0.00000
vn 0.70711 0.70711 -0.00000
vn 0.70711 0.70711 -0.00000
vn 0.86603 0.50000 -0.00000
vn 0.70711 0.70711 -0.00000
vn 0.50000 0.86603 -0.00000
vn 0.50000 0.86603 -0.00000
vn 0.70711 0.70711 -0.00000
vn 0.50000 0.86603 -0.00000
vn 0.25882 0.96593 -0.00000
vn 0.25882 0.96593 -0.00000
vn 0.50000 0.86603 -0.00000
vn 0.25882 0.96593 -0.00000
vn 0.00000 1.00000 -0.00000
vn 0.00000 1.00000 -0.00000
vn 0.25882 0.96593 -0.00000
vn 0.00000 1.00000 -0.00000
vn -0.25882 0.96593 -0.00000
vn -0.25882 0.96593 -0.00000
vn 0.00000 1.00000 -0.00000
vn -0.25882 0.96593 -0.00000
vn -0.50000 0.86603 -0.00000
vn -0.50000 0.86603 -0.00000
vn -0.25882 0.96593 -0.00000
vn -0.50000 0.86603 -0.00000
vn -0.70711 0.70711 -0.00000
vn -0.70711 0.70711 -0.00000
vn -0.50000 0.86603 -0.00000
vn -0.70711 0.70711 -0.00000
vn -0.86603 0.50000 -0.00000
vn -0.86603 0.50000 -0.00000
vn -0.70711 0.70711 -0.00000
vn -0.86603 0.50000 -0.00000
vn -0.96593 0.25882 -0.00000
vn -0.96593 0.25882 -0.00000
vn -0.86603 0.50000 -0.00000
vn -0.96593 0.25882 -0.00000
vn -1.00000 0.00000 -0.00000
vn -1.00000 0.00000 -0.00000
vn -0.96593 0.25882 -0.00000
vn -1.00000 0.00000 -0.00000
vn -0.96593 -0.25882 -0.00000
vn -0.96593 -0.25882 -0.00000
vn -1.00000 0.00000 -0.00000
vn -0.96593 -0.25882 -0.00000
vn -0.86603 -0.50000 -0.00000
vn -0.86603 -0.50000 -0.00000
vn -0.96593 -0.25882 -0.00000
vn -0.86603 -0.50000 -0.00000
vn -0.70711 -0.70711 -0.00000
vn -0.70711 -0.70711 -0.00000
vn -0.86603 -0.50000 -0.00000
vn -0.70711 -0.70711 -0.00000
vn -0.50000 -0.86603 -0.00000
vn -0.50000 -0.86603 -0.00000
vn -0.70711 -0.70711 -0.00000
vn -0.50000 -0.86603 -0.00000
vn -0.25882 -0.96593 -0.00000
vn -0.25882 -0.96593 -0.00000
vn -0.50000 -0.86603 -0.00000
vn -0.25882 -0.96593 -0.00000
vn -0.00000 -1.00000 -0.00000
vn -0.00000 -1.00000 -0.00000
vn -0.25882 -0.96593 -0.00000
vn -0.00000 -1.00000 -0.00000
vn 0.25882 -0.96593 -0.00000
vn 0.25882 -0.96593 -0.00000
vn -0.00000 -1.00000 -0.00000
vn 0.25882 -0.96593 -0.00000
vn 0.50000 -0.86603 -0.00000
vn 0.50000 -0.86603 -0.00000
vn 0.25882 -0.96593 -0.00000
vn 0.50000 -0.86603 -0.00000
vn 0.70711 -0.70711 -0.00000
vn 0.70711 -0.70711 -0.00000
vn 0.50000 -0.86603 -0.00000
vn 0.70711 -0.70711 -0.00000
vn 0.86603 -0.50000 -0.00000
vn 0.86603 -0.50000 -0.00000
vn 0.70711 -0.70711 -0.00000
vn 0.86603 -0.50000 -0.00000
vn 0.96593 -0.25882 -0.00000
vn 0.96593 -0.25882 -0.00000
vn 0.86603 -0.50000 -0.00000
vn 0.96593 -0.25882 -0.00000
vn 1.00000 -0.00000 -0.00000
vn 1.00000 -0.00000 -0.00000
vn 0.96593 -0.25882 -0.00000
vn 0.70711 0.00000 0.70711
vn 0.68301 0.18301 0.70711
vn 0.68301 0.18301 0.70711
vn 0.70711 0.00000 0.70711
vn 0.68301 0.18301 0.70711
vn 0.61237 0.35355 0.70711
vn 0.61237 0.35355 0.70711
vn 0.68301 0.18301 0.70711
vn 0.61237 0.35355 0.70711
vn 0.50000 0.50000 0.70711
vn 0.50000 0.50000 0.70711
vn 0.61237 0.35355 0.70711
vn 0.50000 0.50000 0.70711
vn 0.35355 0.61237 0.70711
vn 0.35355 0.61237 0.70711
vn 0.50000 0.50000 0.70711
vn 0.35355 0.61237 0.70711
vn 0.18301 0.68301 0.70711
vn 0.18301 0.68301 0.70711
vn 0.35355 0.61237 0.70711
vn 0.18301 0.68301 0.70711
vn 0.00000 0.70711 0.70711
vn 0.00000 0.70711 0.70711
vn 0.18301 0.68301 0.70711
vn 0.00000 0.70711 0.70711
vn -0.18301 0.68301 0.70711
vn -0.18301 0.68301 0.70711
vn 0.00000 0.70711 0.70711
vn -0.18301 0.68301 0.70711
vn -0.35355 0.61237 0.70711
vn -0.35355 0.61237 0.70711
vn -0.18301 0.68301 0.70711
vn -0.35355 0.61237 0.70711
vn -0.50000 0.50000 0.70711
vn -0.50000 0.50000 0.70711
vn -0.35355 0.61237 0.70711
vn -0.50000 0.50000 0.70711
vn -0.61237 0.35355 0.70711
vn -0.61237 0.35355 0.70711
vn -0.50000 0.50000 0.70711
vn -0.61237 0.35355 0.70711
vn -0.68301 0.18301 0.70711
vn -0.68301 0.18301 0.70711
vn -0.61237 0.35355 0.70711
vn -0.68301 0.18301 0.70711
vn -0.70711 0.00000 0.70711
vn -0.70711 0.00000 0.70711
vn -0.68301 0.18301 0.70711
vn -0.70711 0.00000 0.70711
vn -0.68301 -0.18301 0.70711
vn -0.68301 -0.18301 0.70711
vn -0.70711 0.00000 0.70711
vn -0.68301 -0.18301 0.70711
vn -0.61237 -0.35355 0.70711
vn -0.61237 -0.35355 0.70711
vn -0.68301 -0.18301 0.70711
vn -0.61237 -0.35355 0.70711
vn -0.50000 -0.50000 0.70711
vn -0.50000 -0.50000 0.70711
vn -0.61237 -0.35355 0.70711
vn -0.50000 -0.50000 0.70711
vn -0.35355 -0.61237 0.70711
vn -0.35355 -0.61237 0.70711
vn -0.50000 -0.50000 0.70711
vn -0.35355 -0.61237 0.70711
vn -0.18301 -0.68301 0.70711
vn -0.18301 -0.68301 0.70711
vn -0.35355 -0.61237 0.70711
vn -0.18301 -0.68301 0.70711
vn -0.00000 -0.70711 0.70711
vn -0.00000 -0.70711 0.70711
vn -0.18301 -0.68301 0.70711
vn -0.00000 -0.70711 0.70711
vn 0.18301 -0.68301 0.70711
vn 0.18301 -0.68301 0.70711
vn -0.00000 -0.70711 0.70711
vn 0.18301 -0.68301 0.70711
vn 0.35355 -0.61237 0.70711
vn 0.35355 -0.61237 0.70711
vn 0.18301 -0.68301 0.70711
vn 0.35355 -0.61237 0.70711
vn 0.50000 -0.50000 0.70711
vn 0.50000 -0.50000 0.70711
vn 0.35355 -0.61237 0.70711
vn 0.50000 -0.50000 0.70711
vn 0.61237 -0.35355 0.70711
vn 0.61237 -0.35355 0.70711
vn 0.50000 -0.50000 0.70711
vn 0.61237 -0.35355 0.70711
vn 0.68301 -0.18301 0.70711
vn 0.68301 -0.18301 0.70711
vn 0.61237 -0.35355 0.70711
vn 0.68301 -0.18301 0.70711
vn 0.70711 -0.00000 0.70711
vn 0.70711 -0.00000 0.70711
vn 0.68301 -0.18301 0.70711
vn 0.00000 0.00000 -1.00000
vn 0.00000 0.00000 -1.00000
vn 0.00000 0.00000 -1.00000
vn 0.00000 0.00000 -1.00000
vn 0.00000 0.00000 -1.00000
vn 0.00000 0.00000 -1.00000
vn 0.00000 0.00000 -1.00000
vn 0.00000 0.00000 -1.00000
vn 0.00000 0.00000 -1.00000
vn 0.00000 0.00000 -1.00000
vn 0.00000 0.00000 -1.00000
vn 0.00000 0.00000 -1.00000
vn 0.00000 0.00000 -1.00000
vn 0.00000 0.00000 -1.00000
vn 0.00000 0.00000 -1.00000
vn 0.00000 0.00000 -1.00000
vn 0.00000 0.00000 -1.00000
vn 0.00000 0.00000 -1.00000
vn 0.00000 0.00000 -1.00000
vn 0.00000 0.00000 -1.00000
vn 0.00000 0.00000 -1.00000
vn 0.00000 0.00000 -1.00000
vn 0.00000 0.00000 -1.00000
vn 0.00000 0.00000 -1.00000
vn 0.00000 0.00000 -1.00000
vn -0.00000 0.00000 -1.00000
vn -0.00000 0.00000 -1.00000
vn 0.00000 0.00000 -1.00000
vn -0.00000 0.00000 -1.00000
vn -0.00000 0.00000 -1.00000
vn -0.00000 0.00000 -1.00000
vn -0.00000 0.00000 -1.00000
vn -0.00000 0.00000 -1.00000
vn -0.00000 0.00000 -1.00000
vn -0.00000 0.00000 -1.00000
vn -0.00000 0.00000 -1.00000
vn -0.00000 0.00000 -1.00000
vn -0.00000 0.00000 -1.00000
vn -0.00000 0.00000 -1.00000
vn -0.00000 0.00000 -1.00000
vn -0.00000 0.00000 -1.00000
vn -0.00000 0.00000 -1.00000
vn -0.00000 0.00000 -1.00000
vn -0.00000 0.00000 -1.00000
vn -0.00000 0.00000 -1.00000
vn -0.00000 0.00000 -1.00000
vn -0.00000 0.00000 -1.00000
vn -0.00000 0.00000 -1.00000
vn -0.00000 0.00000 -1.00000
vn -0.00000 -0.00000 -1.00000
vn -0.00000 -0.00000 -1.00000
vn -0.00000 0.00000 -1.00000
vn -0.00000 -0.00000 -1.00000
vn -0.00000 -0.00000 -1.00000
vn -0.00000 -0.00000 -1.00000
vn -0.00000 -0.00000 -1.00000
vn -0.00000 -0.00000 -1.00000
vn -0.00000 -0.00000 -1.00000
vn -0.00000 -0.00000 -1.00000
vn -0.00000 -0.00000 -1.00000
vn -0.00000 -0.00000 -1.00000
vn -0.00000 -0.00000 -1.00000
vn -0.00000 -0.00000 -1.00000
vn -0.00000 -0.00000 -1.00000
vn -0.00000 -0.00000 -1.00000
vn -0.00000 -0.00000 -1.00000
vn -0.00000 -0.00000 -1.00000
vn -0.00000 -0.00000 -1.00000
vn -0.00000 -0.00000 -1.00000
vn -0.00000 -0.00000 -1.00000
vn -0.00000 -0.00000 -1.00000
vn -0.00000 -0.00000 -1.00000
vn -0.00000 -0.00000 -1.00000
vn 0.00000 -0.00000 -1.00000
vn 0.00000 -0.00000 -1.00000
vn -0.00000 -0.00000 -1.00000
vn 0.00000 -0.00000 -1.00000
vn 0.00000 -0.00000 -1.00000
vn 0.00000 -0.00000 -1.00000
vn 0.00000 -0.00000 -1.00000
vn 0.00000 -0.00000 -1.00000
vn 0.00000 -0.00000 -1.00000
vn 0.00000 -0.00000 -1.00000
vn 0.00000 -0.00000 -1.00000
vn 0.00000 -0.00000 -1.00000
vn 0.00000 -0.00000 -1.00000
vn 0.00000 -0.00000 -1.00000
vn 0.00000 -0.00000 -1.00000
vn 0.00000 -0.00000 -1.00000
vn 0.00000 -0.00000 -1.00000
vn 0.00000 -0.00000 -1.00000
vn 0.00000 -0.00000 -1.00000
vn 0.00000 -0.00000 -1.00000
vn 0.00000 -0.00000 -1.00000
vn 0.00000 -0.00000 -1.00000
vn 0.00000 -0.00000 -1.00000
vn 0.70711 0.00000 0.70711
vn 0.68301 0.18301 0.70711
vn 0.68301 0.18301 0.70711
vn 0.70711 0.00000 0.70711
vn 0.68301 0.18301 0.70711
vn 0.61237 0.35355 0.70711
vn 0.61237 0.35355 0.70711
vn 0.68301 0.18301 0.70711
vn 0.61237 0.35355 0.70711
vn 0.50000 0.50000 0.70711
vn 0.50000 0.50000 0.70711
vn 0.61237 0.35355 0.70711
vn 0.50000 0.50000 0.70711
vn 0.35355 0.61237 0.70711
vn 0.35355 0.61237 0.70711
vn 0.50000 0.50000 0.70711
vn 0.35355 0.61237 0.70711
vn 0.18301 0.68301 0.70711
vn 0.18301 0.68301 0.70711
vn 0.35355 0.61237 0.70711
vn 0.18301 0.68301 0.70711
vn 0.00000 0.70711 0.70711
vn 0.00000 0.70711 0.70711
vn 0.18301 0.68301 0.70711
vn 0.00000 0.70711 0.70711
vn -0.18301 0.68301 0.70711
vn -0.18301 0.68301 0.70711
vn 0.00000 0.70711 0.70711
vn -0.18301 0.68301 0.70711
vn -0.35355 0.61237 0.70711
vn -0.35355 0.61237 0.70711
vn -0.18301 0.68301 0.70711
vn -0.35355 0.61237 0.70711
vn -0.50000 0.50000 0.70711
vn -0.50000 0.50000 0.70711
vn -0.35355 0.61237 0.70711
vn -0.50000 0.50000 0.70711
vn -0.61237 0.35355 0.70711
vn -0.61237 0.35355 0.70711
vn -0.50000 0.50000 0.70711
vn -0.61237 0.35355 0.70711
vn -0.68301 0.18301 0.70711
vn -0.68301 0.18301 0.70711
vn -0.61237 0.35355 0.70711
vn -0.68301 0.18301 0.70711
vn -0.70711 0.00000 0.70711
vn -0.70711 0.00000 0.70711
vn -0.68301 0.18301 0.70711
vn -0.70711 0.00000 0.70711
vn -0.68301 -0.18301 0.70711
vn -0.68301 -0.18301 0.70711
vn -0.70711 0.00000 0.70711
vn -0.68301 -0.18301 0.70711
vn -0.61237 -0.35355 0.70711
vn -0.61237 -0.35355 0.70711
vn -0.68301 -0.18301 0.70711
vn -0.61237 -0.35355 0.70711
vn -0.50000 -0.50000 0.70711
vn -0.50000 -0.50000 0.70711
vn -0.61237 -0.35355 0.70711
vn -0.50000 -0.50000 0.70711
vn -0.35355 -0.61237 0.70711
vn -0.35355 -0.61237 0.70711
vn -0.50000 -0.50000 0.70711
vn -0.35355 -0.61237 0.70711
vn -0.18301 -0.68301 0.70711
vn -0.18301 -0.68301 0.70711
vn -0.35355 -0.61237 0.70711
vn -0.18301 -0.68301 0.70711
vn -0.00000 -0.70711 0.70711
vn -0.00000 -0.70711 0.70711
vn -0.18301 -0.68301 0.70711
vn -0.00000 -0.70711 0.70711
vn 0.18301 -0.68301 0.70711
vn 0.18301 -0.68301 0.70711
vn -0.00000 -0.70711 0.70711
vn 0.18301 -0.68301 0.70711
vn 0.35355 -0.61237 0.70711
vn 0.35355 -0.61237 0.70711
vn 0.18301 -0.68301 0.70711
vn 0.35355 -0.61237 0.70711
vn 0.50000 -0.50000 0.70711
vn 0.50000 -0.50000 0.70711
vn 0.35355 -0.61237 0.70711
vn 0.50000 -0.50000 0.70711
vn 0.61237 -0.35355 0.70711
vn 0.61237 -0.35355 0.70711
vn 0.50000 -0.50000 0.70711
vn 0.61237 -0.35355 0.70711
vn 0.68301 -0.18301 0.70711
vn 0.68301 -0.18301 0.70711
vn 0.61237 -0.35355 0.70711
vn 0.68301 -0.18301 0.70711
vn 0.70711 -0.00000 0.70711
vn 0.70711 -0.00000 0.70711
vn 0.68301 -0.18301 0.70711
vn 1.00000 0.00000 -0.00000
vn 0.96593 0.25882 -0.00000
vn 0.96593 0.25882 -0.00000
vn 1.00000 0.00000 -0.00000
vn 0.96593 0.25882 -0.00000
vn 0.86603 0.50000 -0.00000
vn 0.86603 0.50000 -0.00000
vn 0.96593 0.25882 -0.00000
vn 0.86603 0.50000 -0.00000
vn 0.70711 0.70711 -0.00000
vn 0.70711 0.70711 -0.00000
vn 0.86603 0.50000 -0.00000
vn 0.70711 0.70711 -0.00000
vn 0.50000 0.86603 -0.00000
vn 0.50000 0.86603 -0.00000
vn 0.70711 0.70711 -0.00000
vn 0.50000 0.86603 -0.00000
vn 0.25882 0.96593 -0.00000
vn 0.25882 0.96593 -0.00000
vn 0.50000 0.86603 -0.00000
vn 0.25882 0.96593 -0.00000
vn 0.00000 1.00000 -0.00000
vn 0.00000 1.00000 -0.00000
vn 0.25882 0.96593 -0.00000
vn 0.00000 1.00000 -0.00000
vn -0.25882 0.96593 -0.00000
vn -0.25882 0.96593 -0.00000
vn 0.00000 1.00000 -0.00000
vn -0.25882 0.96593 -0.00000
vn -0.50000 0.86603 -0.00000
vn -0.50000 0.86603 -0.00000
vn -0.25882 0.96593 -0.00000
vn -0.50000 0.86603 -0.00000
vn -0.70711 0.70711 -0.00000
vn -0.70711 0.70711 -0.00000
vn -0.50000 0.86603 -0.00000
vn -0.70711 0.70711 -0.00000
vn -0.86603 0.50000 -0.00000
vn -0.86603 0.50000 -0.00000
vn -0.70711 0.70711 -0.00000
vn -0.86603 0.50000 -0.00000
vn -0.96593 0.25882 -0.00000
vn -0.96593 0.25882 -0.00000
vn -0.86603 0.50000 -0.00000
vn -0.96593 0.25882 -0.00000
vn -1.00000 0.00000 -0.00000
vn -1.00000 0.00000 -0.00000
vn -0.96593 0.25882 -0.00000
vn -1.00000 0.00000 -0.00000
vn -0.96593 -0.25882 -0.00000
vn -0.96593 -0.25882 -0.00000
vn -1.00000 0.00000 -0.00000
vn -0.96593 -0.25882 -0.00000
vn -0.86603 -0.50000 -0.00000
vn -0.86603 -0.50000 -0.00000
vn -0.96593 -0.25882 -0.00000
vn -0.86603 -0.50000 -0.00000
vn -0.70711 -0.70711 -0.00000
vn -0.70711 -0.70711 -0.00000
vn -0.86603 -0.50000 -0.00000
vn -0.70711 -0.70711 -0.00000
vn -0.50000 -0.86603 -0.00000
vn -0.50000 -0.86603 -0.00000
vn -0.70711 -0.70711 -0.00000
vn -0.50000 -0.86603 -0.00000
vn -0.25882 -0.96593 -0.00000
vn -0.25882 -0.96593 -0.00000
vn -0.50000 -0.86603 -0.00000
vn -0.25882 -0.96593 -0.00000
vn -0.00000 -1.00000 -0.00000
vn -0.00000 -1.00000 -0.00000
vn -0.25882 -0.96593 -0.00000
vn -0.00000 -1.00000 -0.00000
vn 0.25882 -0.96593 -0.00000
vn 0.25882 -0.96593 -0.00000
vn -0.00000 -1.00000 -0.00000
vn 0.25882 -0.96593 -0.00000
vn 0.50000 -0.86603 -0.00000
vn 0.50000 -0.86603 -0.00000
vn 0.25882 -0.96593 -0.00000
vn 0.50000 -0.86603 -0.00000
vn 0.70711 -0.70711 -0.00000
vn 0.70711 -0.70711 -0.00000
vn 0.50000 -0.86603 -0.00000
vn 0.70711 -0.70711 -0.00000
vn 0.86603 -0.50000 -0.00000
vn 0.86603 -0.50000 -0.00000
vn 0.70711 -0.70711 -0.00000
vn 0.86603 -0.50000 -0.00000
vn 0.96593 -0.25882 -0.00000
vn 0.96593 -0.25882 -0.00000
vn 0.86603 -0.50000 -0.00000
vn 0.96593 -0.25882 -0.00000
vn 1.00000 -0.00000 -0.00000
vn 1.00000 -0.00000 -0.00000
vn 0.96593 -0.25882 -0.00000
vn 0.70711 0.00000 -0.70711
vn 0.68301 0.18301 -0.70711
vn 0.68301 0.18301 -0.70711
vn 0.70711 0.00000 -0.70711
vn 0.68301 0.18301 -0.70711
vn 0.61237 0.35355 -0.70711
vn 0.61237 0.35355 -0.70711
vn 0.68301 0.18301 -0.70711
vn 0.61237 0.35355 -0.70711
vn 0.50000 0.50000 -0.70711
vn 0.50000 0.50000 -0.70711
vn 0.61237 0.35355 -0.70711
vn 0.50000 0.50000 -0.70711
vn 0.35355 0.61237 -0.70711
vn 0.35355 0.61237 -0.70711
vn 0.50000 0.50000 -0.70711
vn 0.35355 0.61237 -0.70711
vn 0.18301 0.68301 -0.70711
vn 0.18301 0.68301 -0.70711
vn 0.35355 0.61237 -0.70711
vn 0.18301 0.68301 -0.70711
vn 0.00000 0.70711 -0.70711
vn 0.00000 0.70711 -0.70711
vn 0.18301 0.68301 -0.70711
vn 0.00000 0.70711 -0.70711
vn -0.18301 0.68301 -0.70711
vn -0.18301 0.68301 -0.70711
vn 0.00000 0.70711 -0.70711
vn -0.18301 0.68301 -0.70711
vn -0.35355 0.61237 -0.70711
vn -0.35355 0.61237 -0.70711
vn -0.18301 0.68301 -0.70711
vn -0.35355 0.61237 -0.70711
vn -0.50000 0.50000 -0.70711
vn -0.50000 0.50000 -0.70711
vn -0.35355 0.61237 -0.70711
vn -0.50000 0.50000 -0.70711
vn -0.61237 0.35355 -0.70711
vn -0.61237 0.35355 -0.70711
vn -0.50000 0.50000 -0.70711
vn -0.61237 0.35355 -0.70711
vn -0.68301 0.18301 -0.70711
vn -0.68301 0.18301 -0.70711
vn -0.61237 0.35355 -0.70711
vn -0.68301 0.18301 -0.70711
vn -0.70711 0.00000 -0.70711
vn -0.70711 0.00000 -0.70711
vn -0.68301 0.18301 -0.70711
vn -0.70711 0.00000 -0.70711
vn -0.68301 -0.18301 -0.70711
vn -0.68301 -0.18301 -0.70711
vn -0.70711 0.00000 -0.70711
vn -0.68301 -0.18301 -0.70711
vn -0.61237 -0.35355 -0.70711
vn -0.61237 -0.35355 -0.70711
vn -0.68301 -0.18301 -0.70711
vn -0.61237 -0.35355 -0.70711
vn -0.50000 -0.50000 -0.70711
vn -0.50000 -0.50000 -0.70711
vn -0.61237 -0.35355 -0.70711
vn -0.50000 -0.50000 -0.70711
vn -0.35355 -0.61237 -0.70711
vn -0.35355 -0.61237 -0.70711
vn -0.50000 -0.50000 -0.70711
vn -0.35355 -0.61237 -0.70711
vn -0.18301 -0.68301 -0.70711
vn -0.18301 -0.68301 -0.70711
vn -0.35355 -0.61237 -0.70711
vn -0.18301 -0.68301 -0.70711
vn -0.00000 -0.70711 -0.70711
vn -0.00000 -0.70711 -0.70711
vn -0.18301 -0.68301 -0.70711
vn -0.00000 -0.70711 -0.70711
vn 0.18301 -0.68301 -0.70711
vn 0.18301 -0.68301 -0.70711
vn -0.00000 -0.70711 -0.70711
vn 0.18301 -0.68301 -0.70711
vn 0.35355 -0.61237 -0.70711
vn 0.35355 -0.61237 -0.70711
vn 0.18301 -0.68301 -0.70711
vn 0.35355 -0.61237 -0.70711
vn 0.50000 -0.50000 -0.70711
vn 0.50000 -0.50000 -0.70711
vn 0.35355 -0.61237 -0.70711
vn 0.50000 -0.50000 -0.70711
vn 0.61237 -0.35355 -0.70711
vn 0.61237 -0.35355 -0.70711
vn 0.50000 -0.50000 -0.70711
vn 0.61237 -0.35355 -0.70711
vn 0.68301 -0.18301 -0.70711
vn 0.68301 -0.18301 -0.70711
vn 0.61237 -0.35355 -0.70711
vn 0.68301 -0.18301 -0.70711
vn 0.70711 -0.00000 -0.70711
vn 0.70711 -0.00000 -0.70711
vn 0.68301 -0.18301 -0.70711
vn 0.00000 0.00000 1.00000
vn 0.00000 0.00000 1.00000
vn 0.00000 0.00000 1.00000
vn 0.00000 0.00000 1.00000
vn 0.00000 0.00000 1.00000
vn 0.00000 0.00000 1.00000
vn 0.00000 0.00000 1.00000
vn 0.00000 0.00000 1.00000
vn 0.00000 0.00000 1.00000
vn 0.00000 0.00000 1.00000
vn 0.00000 0.00000 1.00000
vn 0.00000 0.00000 1.00000
vn 0.00000 0.00000 1.00000
vn 0.00000 0.00000 1.00000
vn 0.00000 0.00000 1.00000
vn 0.00000 0.00000 1.00000
vn 0.00000 0.00000 1.00000
vn 0.00000 0.00000 1.00000
vn 0.00000 0.00000 1.00000
vn 0.00000 0.00000 1.00000
vn 0.00000 0.00000 1.00000
vn 0.00000 0.00000 1.00000
vn 0.00000 0.00000 1.00000
vn 0.00000 0.00000 1.00000
vn 0.00000 0.00000 1.00000
vn -0.00000 0.00000 1.00000
vn -0.00000 0.00000 1.00000
vn 0.00000 0.00000 1.00000
vn -0.00000 0.00000 1.00000
vn -0.00000 0.00000 1.00000
vn -0.00000 0.00000 1.00000
vn -0.00000 0.00000 1.00000
vn -0.00000 0.00000 1.00000
vn -0.00000 0.00000 1.00000
vn -0.00000 0.00000 1.00000
vn -0.00000 0.00000 1.00000
vn -0.00000 0.00000 1.00000
vn -0.00000 0.00000 1.00000
vn -0.00000 0.00000 1.00000
vn -0.00000 0.00000 1.00000
vn -0.00000 0.00000 1.00000
vn -0.00000 0.00000 1.00000
vn -0.00000 0.00000 1.00000
vn -0.00000 0.00000 1.00000
vn -0.00000 0.00000 1.00000
vn -0.00000 0.00000 1.00000
vn -0.00000 0.00000 1.00000
vn -0.00000 0.00000 1.00000
vn -0.00000 0.00000 1.00000
vn -0.00000 -0.00000 1.00000
vn -0.00000 -0.00000 1.00000
vn -0.00000 0.00000 1.00000
vn -0.00000 -0.00000 1.00000
vn -0.00000 -0.00000 1.00000
vn -0.00000 -0.00000 1.00000
vn -0.00000 -0.00000 1.00000
vn -0.00000 -0.00000 1.00000
vn -0.00000 -0.00000 1.00000
vn -0.00000 -0.00000 1.00000
vn -0.00000 -0.00000 1.00000
vn -0.00000 -0.00000 1.00000
vn -0.00000 -0.00000 1.00000
vn -0.00000 -0.00000 1.00000
vn -0.00000 -0.00000 1.00000
vn -0.00000 -0.00000 1.00000
vn -0.00000 -0.00000 1.00000
vn -0.00000 -0.00000 1.00000
vn -0.00000 -0.00000 1.00000
vn -0.00000 -0.00000 1.00000
vn -0.00000 -0.00000 1.00000
vn -0.00000 -0.00000 1.00000
vn -0.00000 -0.00000 1.00000
vn -0.00000 -0.00000 1.00000
vn 0.00000 -0.00000 1.00000
vn 0.00000 -0.00000 1.00000
vn -0.00000 -0.00000 1.00000
vn 0.00000 -0.00000 1.00000
vn 0.00000 -0.00000 1.00000
vn 0.00000 -0.00000 1.00000
vn 0.00000 -0.00000 1.00000
vn 0.00000 -0.00000 1.00000
vn 0.00000 -0.00000 1.00000
vn 0.00000 -0.00000 1.00000
vn 0.00000 -0.00000 1.00000
vn 0.00000 -0.00000 1.00000
vn 0.00000 -0.00000 1.00000
vn 0.00000 -0.00000 1.00000
vn 0.00000 -0.00000 1.00000
vn 0.00000 -0.00000 1.00000
vn 0.00000 -0.00000 1.00000
vn 0.00000 -0.00000 1.00000
vn 0.00000 -0.00000 1.00000
vn 0.00000 -0.00000 1.00000
vn 0.00000 -0.00000 1.00000
vn 0.00000 -0.00000 1.00000
vn 0.00000 -0.00000 1.00000
vn 0.55470 0.00000 -0.83205
vn 0.53580 0.14357 -0.83205
vn 0.53580 0.14357 -0.83205
vn 0.55470 0.00000 -0.83205
vn 0.53580 0.14357 -0.83205
vn 0.48038 0.27735 -0.83205
vn 0.48038 0.27735 -0.83205
vn 0.53580 0.14357 -0.83205
vn 0.48038 0.27735 -0.83205
vn 0.39223 0.39223 -0.83205
vn 0.39223 0.39223 -0.83205
vn 0.48038 0.27735 -0.83205
vn 0.39223 0.39223 -0.83205
vn 0.27735 0.48038 -0.83205
vn 0.27735 0.48038 -0.83205
vn 0.39223 0.39223 -0.83205
vn 0.27735 0.48038 -0.83205
vn 0.14357 0.53580 -0.83205
vn 0.14357 0.53580 -0.83205
vn 0.27735 0.48038 -0.83205
vn 0.14357 0.53580 -0.83205
vn 0.00000 0.55470 -0.83205
vn 0.00000 0.55470 -0.83205
vn 0.14357 0.53580 -0.83205
vn 0.00000 0.55470 -0.83205
vn -0.14357 0.53580 -0.83205
vn -0.14357 0.53580 -0.83205
vn 0.00000 0.55470 -0.83205
vn -0.14357 0.53580 -0.83205
vn -0.27735 0.48038 -0.83205
vn -0.27735 0.48038 -0.83205
vn -0.14357 0.53580 -0.83205
vn -0.27735 0.48038 -0.83205
vn -0.39223 0.39223 -0.83205
vn -0.39223 0.39223 -0.83205
vn -0.27735 0.48038 -0.83205
vn -0.39223 0.39223 -0.83205
vn -0.48038 0.27735 -0.83205
vn -0.48038 0.27735 -0.83205
vn -0.39223 0.39223 -0.83205
vn -0.48038 0.27735 -0.83205
vn -0.53580 0.14357 -0.83205
vn -0.53580 0.14357 -0.83205
vn -0.48038 0.27735 -0.83205
vn -0.53580 0.14357 -0.83205
vn -0.55470 0.00000 -0.83205
vn -0.55470 0.00000 -0.83205
vn -0.53580 0.14357 -0.83205
vn -0.55470 0.00000 -0.83205
vn -0.53580 -0.14357 -0.83205
vn -0.53580 -0.14357 -0.83205
vn -0.55470 0.00000 -0.83205
vn -0.53580 -0.14357 -0.83205
vn -0.48038 -0.27735 -0.83205
vn -0.48038 -0.27735 -0.83205
vn -0.53580 -0.14357 -0.83205
vn -0.48038 -0.27735 -0.83205
vn -0.39223 -0.39223 -0.83205
vn -0.39223 -0.39223 -0.83205
vn -0.48038 -0.27735 -0.83205
vn -0.39223 -0.39223 -0.83205
vn -0.27735 -0.48038 -0.83205
vn -0.27735 -0.48038 -0.83205
vn -0.39223 -0.39223 -0.83205
vn -0.27735 -0.48038 -0.83205
vn -0.14357 -0.53580 -0.83205
vn -0.14357 -0.53580 -0.83205
vn -0.27735 -0.48038 -0.83205
vn -0.14357 -0.53580 -0.83205
vn -0.00000 -0.55470 -0.83205
vn -0.00000 -0.55470 -0.83205
vn -0.14357 -0.53580 -0.83205
vn -0.00000 -0.55470 -0.83205
vn 0.14357 -0.53580 -0.83205
vn 0.14357 -0.53580 -0.83205
vn -0.00000 -0.55470 -0.83205
vn 0.14357 -0.53580 -0.83205
vn 0.27735 -0.48038 -0.83205
vn 0.27735 -0.48038 -0.83205
vn 0.14357 -0.53580 -0.83205
vn 0.27735 -0.48038 -0.83205
vn 0.39223 -0.39223 -0.83205
vn 0.39223 -0.39223 -0.83205
vn 0.27735 -0.48038 -0.83205
vn 0.39223 -0.39223 -0.83205
vn 0.48038 -0.27735 -0.83205
vn 0.48038 -0.27735 -0.83205
vn 0.39223 -0.39223 -0.83205
vn 0.48038 -0.27735 -0.83205
vn 0.53580 -0.14357 -0.83205
vn 0.53580 -0.14357 -0.83205
vn 0.48038 -0.27735 -0.83205
vn 0.53580 -0.14357 -0.83205
vn 0.55470 -0.00000 -0.83205
vn 0.55470 -0.00000 -0.83205
vn 0.53580 -0.14357 -0.83205
vn 1.00000 0.00000 -0.00000
vn 0.96593 0.25882 -0.00000
vn 0.96593 0.25882 -0.00000
vn 1.00000 0.00000 -0.00000
vn 0.96593 0.25882 -0.00000
vn 0.86603 0.50000 -0.00000
vn 0.86603 0.50000 -0.00000
vn 0.96593 0.25882 -0.00000
vn 0.86603 0.50000 -0.00000
vn 0.70711 0.70711 -0.00000
vn 0.70711 0.70711 -0.00000
vn 0.86603 0.50000 -0.00000
vn 0.70711 0.70711 -0.00000
vn 0.50000 0.86603 -0.00000
vn 0.50000 0.86603 -0.00000
vn 0.70711 0.70711 -0.00000
vn 0.50000 0.86603 -0.00000
vn 0.25882 0.96593 -0.00000
vn 0.25882 0.96593 -0.00000
vn 0.50000 0.86603 -0.00000
vn 0.25882 0.96593 -0.00000
vn 0.00000 1.00000 -0.00000
vn 0.00000 1.00000 -0.00000
vn 0.25882 0.96593 -0.00000
vn 0.00000 1.00000 -0.00000
vn -0.25882 0.96593 -0.00000
vn -0.25882 0.96593 -0.00000
vn 0.00000 1.00000 -0.00000
vn -0.25882 0.96593 -0.00000
vn -0.50000 0.86603 -0.00000
vn -0.50000 0.86603 -0.00000
vn -0.25882 0.96593 -0.00000
vn -0.50000 0.86603 -0.00000
vn -0.70711 0.70711 -0.00000
vn -0.70711 0.70711 -0.00000
vn -0.50000 0.86603 -0.00000
vn -0.70711 0.70711 -0.00000
vn -0.86603 0.50000 -0.00000
vn -0.86603 0.50000 -0.00000
vn -0.70711 0.70711 -0.00000
vn -0.86603 0.50000 -0.00000
vn -0.96593 0.25882 -0.00000
vn -0.96593 0.25882 -0.00000
vn -0.86603 0.50000 -0.00000
vn -0.96593 0.25882 -0.00000
vn -1.00000 0.00000 -0.00000
vn -1.00000 0.00000 -0.00000
vn -0.96593 0.25882 -0.00000
vn -1.00000 0.00000 -0.00000
vn -0.96593 -0.25882 -0.00000
vn -0.96593 -0.25882 -0.00000
vn -1.00000 0.00000 -0.00000
vn -0.96593 -0.25882 -0.00000
vn -0.86603 -0.50000 -0.00000
vn -0.86603 -0.50000 -0.00000
vn -0.96593 -0.25882 -0.00000
vn -0.86603 -0.50000 -0.00000
vn -0.70711 -0.70711 -0.00000
vn -0.70711 -0.70711 -0.00000
vn -0.86603 -0.50000 -0.00000
vn -0.70711 -0.70711 -0.00000
vn -0.50000 -0.86603 -0.00000
vn -0.50000 -0.86603 -0.00000
vn -0.70711 -0.70711 -0.00000
vn -0.50000 -0.86603 -0.00000
vn -0.25882 -0.96593 -0.00000
vn -0.25882 -0.96593 -0.00000
vn -0.50000 -0.86603 -0.00000
vn -0.25882 -0.96593 -0.00000
vn -0.00000 -1.00000 -0.00000
vn -0.00000 -1.00000 -0.00000
vn -0.25882 -0.96593 -0.00000
vn -0.00000 -1.00000 -0.00000
vn 0.25882 -0.96593 -0.00000
vn 0.25882 -0.96593 -0.00000
vn -0.00000 -1.00000 -0.00000
vn 0.25882 -0.96593 -0.00000
vn 0.50000 -0.86603 -0.00000
vn 0.50000 -0.86603 -0.00000
vn 0.25882 -0.96593 -0.00000
vn 0.50000 -0.86603 -0.00000
vn 0.70711 -0.70711 -0.00000
vn 0.70711 -0.70711 -0.00000
vn 0.50000 -0.86603 -0.00000
vn 0.70711 -0.70711 -0.00000
vn 0.86603 -0.50000 -0.00000
vn 0.86603 -0.50000 -0.00000
vn 0.70711 -0.70711 -0.00000
vn 0.86603 -0.50000 -0.00000
vn 0.96593 -0.25882 -0.00000
vn 0.96593 -0.25882 -0.00000
vn 0.86603 -0.50000 -0.00000
vn 0.96593 -0.25882 -0.00000
vn 1.00000 -0.00000 -0.00000
vn 1.00000 -0.00000 -0.00000
vn 0.96593 -0.25882 -0.00000
vn 0.00000 0.00000 1.00000
vn 0.00000 0.00000 1.00000
vn 0.00000 0.00000 1.00000
vn 0.00000 0.00000 1.00000
vn 0.00000 0.00000 1.00000
vn 0.00000 0.00000 1.00000
vn 0.00000 0.00000 1.00000
vn 0.00000 0.00000 1.00000
vn 0.00000 0.00000 1.00000
vn 0.00000 0.00000 1.00000
vn 0.00000 0.00000 1.00000
vn 0.00000 0.00000 1.00000
vn 0.00000 0.00000 1.00000
vn 0.00000 0.00000 1.00000
vn 0.00000 0.00000 1.00000
vn 0.00000 0.00000 1.00000
vn 0.00000 0.00000 1.00000
vn 0.00000 0.00000 1.00000
vn 0.00000 0.00000 1.00000
vn 0.00000 0.00000 1.00000
vn 0.00000 0.00000 1.00000
vn 0.00000 0.00000 1.00000
vn 0.00000 0.00000 1.00000
vn 0.00000 0.00000 1.00000
vn 0.00000 0.00000 1.00000
vn -0.00000 0.00000 1.00000
vn -0.00000 0.00000 1.00000
vn 0.00000 0.00000 1.00000
vn -0.00000 0.00000 1.00000
vn -0.00000 0.00000 1.00000
vn -0.00000 0.00000 1.00000
vn -0.00000 0.00000 1.00000
vn -0.00000 0.00000 1.00000
vn -0.00000 0.00000 1.00000
vn -0.00000 0.00000 1.00000
vn -0.00000 0.00000 1.00000
vn -0.00000 0.00000 1.00000
vn -0.00000 0.00000 1.00000
vn -0.00000 0.00000 1.00000
vn -0.00000 0.00000 1.00000
vn -0.00000 0.00000 1.00000
vn -0.00000 0.00000 1.00000
vn -0.00000 0.00000 1.00000
vn -0.00000 0.00000 1.00000
vn -0.00000 0.00000 1.00000
vn -0.00000 0.00000 1.00000
vn -0.00000 0.00000 1.00000
vn -0.00000 0.00000 1.00000
vn -0.00000 0.00000 1.00000
vn -0.00000 -0.00000 1.00000
vn -0.00000 -0.00000 1.00000
vn -0.00000 0.00000 1.00000
vn -0.00000 -0.00000 1.00000
vn -0.00000 -0.00000 1.00000
vn -0.00000 -0.00000 1.00000
vn -0.00000 -0.00000 1.00000
vn -0.00000 -0.00000 1.00000
vn -0.00000 -0.00000 1.00000
vn -0.00000 -0.00000 1.00000
vn -0.00000 -0.00000 1.00000
vn -0.00000 -0.00000 1.00000
vn -0.00000 -0.00000 1.00000
vn -0.00000 -0.00000 1.00000
vn -0.00000 -0.00000 1.00000
vn -0.00000 -0.00000 1.00000
vn -0.00000 -0.00000 1.00000
vn -0.00000 -0.00000 1.00000
vn -0.00000 -0.00000 1.00000
vn -0.00000 -0.00000 1.00000
vn -0.00000 -0.00000 1.00000
vn -0.00000 -0.00000 1.00000
vn -0.00000 -0.00000 1.00000
vn -0.00000 -0.00000 1.00000
vn 0.00000 -0.00000 1.00000
vn 0.00000 -0.00000 1.00000
vn -0.00000 -0.00000 1.00000
vn 0.00000 -0.00000 1.00000
vn 0.00000 -0.00000 1.00000
vn 0.00000 -0.00000 1.00000
vn 0.00000 -0.00000 1.00000
vn 0.00000 -0.00000 1.00000
vn 0.00000 -0.00000 1.00000
vn 0.00000 -0.00000 1.00000
vn 0.00000 -0.00000 1.00000
vn 0.00000 -0.00000 1.00000
vn 0.00000 -0.00000 1.00000
vn 0.00000 -0.00000 1.00000
vn 0.00000 -0.00000 1.00000
vn 0.00000 -0.00000 1.00000
vn 0.00000 -0.00000 1.00000
vn 0.00000 -0.00000 1.00000
vn 0.00000 -0.00000 1.00000
vn 0.00000 -0.00000 1.00000
vn 0.00000 -0.00000 1.00000
vn 0.00000 -0.00000 1.00000
vn 0.00000 -0.00000 1.00000
vn 1.00000 0.00000 0.00000
vn -1.00000 0.00000 0.00000
vn 0.00000 1.00000 0.00000
vn 0.00000 -1.00000 0.00000
vn 0.00000 0.00000 1.00000
vn 0.00000 0.00000 -1.00000
vn 1.00000 -0.00000 0.00000
vn 0.80902 -0.00000 0.58779
vn 0.80902 -0.00000 0.58779
vn 1.00000 -0.00000 0.00000
vn 0.80902 -0.00000 0.58779
vn 0.30902 -0.00000 0.95106
vn 0.30902 -0.00000 0.95106
vn 0.80902 -0.00000 0.58779
vn 0.30902 -0.00000 0.95106
vn -0.30902 -0.00000 0.95106
vn -0.30902 -0.00000 0.95106
vn 0.30902 -0.00000 0.95106
vn -0.30902 -0.00000 0.95106
vn -0.80902 -0.00000 0.58779
vn -0.80902 -0.00000 0.58779
vn -0.30902 -0.00000 0.95106
vn -0.80902 -0.00000 0.58779
vn -1.00000 -0.00000 0.00000
vn -1.00000 -0.00000 0.00000
vn -0.80902 -0.00000 0.58779
vn -1.00000 -0.00000 0.00000
vn -0.80902 -0.00000 -0.58779
vn -0.80902 -0.00000 -0.58779
vn -1.00000 -0.00000 0.00000
vn -0.80902 -0.00000 -0.58779
vn -0.30902 -0.00000 -0.95106
vn -0.30902 -0.00000 -0.95106
vn -0.80902 -0.00000 -0.58779
vn -0.30902 -0.00000 -0.95106
vn 0.30902 -0.00000 -0.95106
vn 0.30902 -0.00000 -0.95106
vn -0.30902 -0.00000 -0.95106
vn 0.30902 -0.00000 -0.95106
vn 0.80902 -0.00000 -0.58779
vn 0.80902 -0.00000 -0.58779
vn 0.30902 -0.00000 -0.95106
vn 0.80902 -0.00000 -0.58779
vn 1.00000 -0.00000 -0.00000
vn 1.00000 -0.00000 -0.00000
vn 0.80902 -0.00000 -0.58779
vn 0.00000 0.00000 -1.00000
vn 0.00000 0.00000 -1.00000
vn 0.00000 0.00000 -1.00000
vn 0.00000 0.00000 -1.00000
vn 0.00000 0.00000 -1.00000
vn 0.00000 0.00000 -1.00000
vn 0.00000 0.00000 -1.00000
vn 0.00000 0.00000 -1.00000
vn 0.00000 0.00000 -1.00000
vn 0.00000 0.00000 -1.00000
vn 0.00000 0.00000 -1.00000
vn 0.00000 0.00000 -1.00000
vn 0.00000 0.00000 -1.00000
vn 0.00000 0.00000 -1.00000
vn 0.00000 0.00000 -1.00000
vn 0.00000 0.00000 -1.00000
vn 0.00000 0.00000 -1.00000
vn -0.00000 0.00000 -1.00000
vn -0.00000 0.00000 -1.00000
vn 0.00000 0.00000 -1.00000
vn -0.00000 0.00000 -1.00000
vn -0.00000 0.00000 -1.00000
vn -0.00000 0.00000 -1.00000
vn -0.00000 0.00000 -1.00000
vn -0.00000 0.00000 -1.00000
vn -0.00000 0.00000 -1.00000
vn -0.00000 0.00000 -1.00000
vn -0.00000 0.00000 -1.00000
vn -0.00000 0.00000 -1.00000
vn -0.00000 0.00000 -1.00000
vn -0.00000 0.00000 -1.00000
vn -0.00000 0.00000 -1.00000
vn -0.00000 0.00000 -1.00000
vn -0.00000 0.00000 -1.00000
vn -0.00000 0.00000 -1.00000
vn -0.00000 0.00000 -1.00000
vn -0.00000 0.00000 -1.00000
vn -0.00000 -0.00000 -1.00000
vn -0.00000 -0.00000 -1.00000
vn -0.00000 0.00000 -1.00000
vn -0.00000 -0.00000 -1.00000
vn -0.00000 -0.00000 -1.00000
vn -0.00000 -0.00000 -1.00000
vn -0.00000 -0.00000 -1.00000
vn -0.00000 -0.00000 -1.00000
vn -0.00000 -0.00000 -1.00000
vn -0.00000 -0.00000 -1.00000
vn -0.00000 -0.00000 -1.00000
vn -0.00000 -0.00000 -1.00000
vn -0.00000 -0.00000 -1.00000
vn -0.00000 -0.00000 -1.00000
vn -0.00000 -0.00000 -1.00000
vn -0.00000 -0.00000 -1.00000
vn 0.00000 -0.00000 -1.00000
vn 0.00000 -0.00000 -1.00000
vn -0.00000 -0.00000 -1.00000
vn 0.00000 -0.00000 -1.00000
vn 0.00000 -0.00000 -1.00000
vn 0.00000 -0.00000 -1.00000
vn 0.00000 -0.00000 -1.00000
vn 0.00000 -0.00000 -1.00000
vn 0.00000 -0.00000 -1.00000
vn 0.00000 -0.00000 -1.00000
vn 0.00000 -0.00000 -1.00000
vn 0.00000 -0.00000 -1.00000
vn 0.00000 -0.00000 -1.00000
vn 0.00000 -0.00000 -1.00000
vn 0.00000 -0.00000 -1.00000
vn 0.00000 -0.00000 -1.00000
vn 0.00000 -0.00000 -1.00000
vn 0.00000 -0.00000 -1.00000
vn 0.00000 -0.00000 -1.00000
vn 1.00000 0.00000 -0.00000
vn 0.93969 0.34202 -0.00000
vn 0.93969 0.34202 -0.00000
vn 1.00000 0.00000 -0.00000
vn 0.93969 0.34202 -0.00000
vn 0.76604 0.64279 -0.00000
vn 0.76604 0.64279 -0.00000
vn 0.93969 0.34202 -0.00000
vn 0.76604 0.64279 -0.00000
vn 0.50000 0.86603 -0.00000
vn 0.50000 0.86603 -0.00000
vn 0.76604 0.64279 -0.00000
vn 0.50000 0.86603 -0.00000
vn 0.17365 0.98481 -0.00000
vn 0.17365 0.98481 -0.00000
vn 0.50000 0.86603 -0.00000
vn 0.17365 0.98481 -0.00000
vn -0.17365 0.98481 -0.00000
vn -0.17365 0.98481 -0.00000
vn 0.17365 0.98481 -0.00000
vn -0.17365 0.98481 -0.00000
vn -0.50000 0.86603 -0.00000
vn -0.50000 0.86603 -0.00000
vn -0.17365 0.98481 -0.00000
vn -0.50000 0.86603 -0.00000
vn -0.76604 0.64279 -0.00000
vn -0.76604 0.64279 -0.00000
vn -0.50000 0.86603 -0.00000
vn -0.76604 0.64279 -0.00000
vn -0.93969 0.34202 -0.00000
vn -0.93969 0.34202 -0.00000
vn -0.76604 0.64279 -0.00000
vn -0.93969 0.34202 -0.00000
vn -1.00000 0.00000 -0.00000
vn -1.00000 0.00000 -0.00000
vn -0.93969 0.34202 -0.00000
vn -1.00000 0.00000 -0.00000
vn -0.93969 -0.34202 -0.00000
vn -0.93969 -0.34202 -0.00000
vn -1.00000 0.00000 -0.00000
vn -0.93969 -0.34202 -0.00000
vn -0.76604 -0.64279 -0.00000
vn -0.76604 -0.64279 -0.00000
vn -0.93969 -0.34202 -0.00000
vn -0.76604 -0.64279 -0.00000
vn -0.50000 -0.86603 -0.00000
vn -0.50000 -0.86603 -0.00000
vn -0.76604 -0.64279 -0.00000
vn -0.50000 -0.86603 -0.00000
vn -0.17365 -0.98481 -0.00000
vn -0.17365 -0.98481 -0.00000
vn -0.50000 -0.86603 -0.00000
vn -0.17365 -0.98481 -0.00000
vn 0.17365 -0.98481 -0.00000
vn 0.17365 -0.98481 -0.00000
vn -0.17365 -0.98481 -0.00000
vn 0.17365 -0.98481 -0.00000
vn 0.50000 -0.86603 -0.00000
vn 0.50000 -0.86603 -0.00000
vn 0.17365 -0.98481 -0.00000
vn 0.50000 -0.86603 -0.00000
vn 0.76604 -0.64279 -0.00000
vn 0.76604 -0.64279 -0.00000
vn 0.50000 -0.86603 -0.00000
vn 0.76604 -0.64279 -0.00000
vn 0.93969 -0.34202 -0.00000
vn 0.93969 -0.34202 -0.00000
vn 0.76604 -0.64279 -0.00000
vn 0.93969 -0.34202 -0.00000
vn 1.00000 -0.00000 -0.00000
vn 1.00000 -0.00000 -0.00000
vn 0.93969 -0.34202 -0.00000
vn 0.00000 0.00000 1.00000
vn 0.00000 0.00000 1.00000
vn 0.00000 0.00000 1.00000
vn 0.00000 0.00000 1.00000
vn 0.00000 0.00000 1.00000
vn 0.00000 0.00000 1.00000
vn 0.00000 0.00000 1.00000
vn 0.00000 0.00000 1.00000
vn 0.00000 0.00000 1.00000
vn 0.00000 0.00000 1.00000
vn 0.00000 0.00000 1.00000
vn 0.00000 0.00000 1.00000
vn 0.00000 0.00000 1.00000
vn 0.00000 0.00000 1.00000
vn 0.00000 0.00000 1.00000
vn 0.00000 0.00000 1.00000
vn 0.00000 0.00000 1.00000
vn -0.00000 0.00000 1.00000
vn -0.00000 0.00000 1.00000
vn 0.00000 0.00000 1.00000
vn -0.00000 0.00000 1.00000
vn -0.00000 0.00000 1.00000
vn -0.00000 0.00000 1.00000
vn -0.00000 0.00000 1.00000
vn -0.00000 0.00000 1.00000
vn -0.00000 0.00000 1.00000
vn -0.00000 0.00000 1.00000
vn -0.00000 0.00000 1.00000
vn -0.00000 0.00000 1.00000
vn -0.00000 0.00000 1.00000
vn -0.00000 0.00000 1.00000
vn -0.00000 0.00000 1.00000
vn -0.00000 0.00000 1.00000
vn -0.00000 0.00000 1.00000
vn -0.00000 0.00000 1.00000
vn -0.00000 0.00000 1.00000
vn -0.00000 0.00000 1.00000
vn -0.00000 -0.00000 1.00000
vn -0.00000 -0.00000 1.00000
vn -0.00000 0.00000 1.00000
vn -0.00000 -0.00000 1.00000
vn -0.00000 -0.00000 1.00000
vn -0.00000 -0.00000 1.00000
vn -0.00000 -0.00000 1.00000
vn -0.00000 -0.00000 1.00000
vn -0.00000 -0.00000 1.00000
vn -0.00000 -0.00000 1.00000
vn -0.00000 -0.00000 1.00000
vn -0.00000 -0.00000 1.00000
vn -0.00000 -0.00000 1.00000
vn -0.00000 -0.00000 1.00000
vn -0.00000 -0.00000 1.00000
vn -0.00000 -0.00000 1.00000
vn 0.00000 -0.00000 1.00000
vn 0.00000 -0.00000 1.00000
vn -0.00000 -0.00000 1.00000
vn 0.00000 -0.00000 1.00000
vn 0.00000 -0.00000 1.00000
vn 0.00000 -0.00000 1.00000
vn 0.00000 -0.00000 1.00000
vn 0.00000 -0.00000 1.00000
vn 0.00000 -0.00000 1.00000
vn 0.00000 -0.00000 1.00000
vn 0.00000 -0.00000 1.00000
vn 0.00000 -0.00000 1.00000
vn 0.00000 -0.00000 1.00000
vn 0.00000 -0.00000 1.00000
vn 0.00000 -0.00000 1.00000
vn 0.00000 -0.00000 1.00000
vn 0.00000 -0.00000 1.00000
vn 0.00000 -0.00000 1.00000
vn 0.00000 -0.00000 1.00000
vn 1.00000 0.00000 0.00000
vn 0.80902 0.58779 0.00000
vn 0.80902 0.58779 0.00000
vn 1.00000 0.00000 0.00000
vn 0.80902 0.58779 0.00000
vn 0.30902 0.95106 0.00000
vn 0.30902 0.95106 0.00000
vn 0.80902 0.58779 0.00000
vn 0.30902 0.95106 0.00000
vn -0.30902 0.95106 0.00000
vn -0.30902 0.95106 0.00000
vn 0.30902 0.95106 0.00000
vn -0.30902 0.95106 0.00000
vn -0.80902 0.58779 0.00000
vn -0.80902 0.58779 0.00000
vn -0.30902 0.95106 0.00000
vn -0.80902 0.58779 0.00000
vn -1.00000 0.00000 0.00000
vn -1.00000 0.00000 0.00000
vn -0.80902 0.58779 0.00000
vn -1.00000 0.00000 0.00000
vn -0.80902 -0.58779 -0.00000
vn -0.80902 -0.58779 -0.00000
vn -1.00000 0.00000 0.00000
vn -0.80902 -0.58779 -0.00000
vn -0.30902 -0.95106 -0.00000
vn -0.30902 -0.95106 -0.00000
vn -0.80902 -0.58779 -0.00000
vn -0.30902 -0.95106 -0.00000
vn 0.30902 -0.95106 0.00000
vn 0.30902 -0.95106 0.00000
vn -0.30902 -0.95106 -0.00000
vn 0.30902 -0.95106 0.00000
vn 0.80902 -0.58779 0.00000
vn 0.80902 -0.58779 0.00000
vn 0.30902 -0.95106 0.00000
vn 0.80902 -0.58779 0.00000
vn 1.00000 0.00000 0.00000
vn 1.00000 0.00000 0.00000
vn 0.80902 -0.58779 0.00000
vn -0.00000 -0.00000 -1.00000
vn 0.00000 0.00000 1.00000
vn 0.83205 -0.55470 0.00000
vn 0.74965 -0.55470 0.36101
vn 0.74965 -0.55470 0.36101
vn 0.83205 -0.55470 0.00000
vn 0.74965 -0.55470 0.36101
vn 0.51877 -0.55470 0.65052
vn 0.51877 -0.55470 0.65052
vn 0.74965 -0.55470 0.36101
vn 0.51877 -0.55470 0.65052
vn 0.18515 -0.55470 0.81119
vn 0.18515 -0.55470 0.81119
vn 0.51877 -0.55470 0.65052
vn 0.18515 -0.55470 0.81119
vn -0.18515 -0.55470 0.81119
vn -0.18515 -0.55470 0.81119
vn 0.18515 -0.55470 0.81119
vn -0.18515 -0.55470 0.81119
vn -0.51877 -0.55470 0.65052
vn -0.51877 -0.55470 0.65052
vn -0.18515 -0.55470 0.81119
vn -0.51877 -0.55470 0.65052
vn -0.74965 -0.55470 0.36101
vn -0.74965 -0.55470 0.36101
vn -0.51877 -0.55470 0.65052
vn -0.74965 -0.55470 0.36101
vn -0.83205 -0.55470 0.00000
vn -0.83205 -0.55470 0.00000
vn -0.74965 -0.55470 0.36101
vn -0.83205 -0.55470 0.00000
vn -0.74965 -0.55470 -0.36101
vn -0.74965 -0.55470 -0.36101
vn -0.83205 -0.55470 0.00000
vn -0.74965 -0.55470 -0.36101
vn -0.51877 -0.55470 -0.65052
vn -0.51877 -0.55470 -0.65052
vn -0.74965 -0.55470 -0.36101
vn -0.51877 -0.55470 -0.65052
vn -0.18515 -0.55470 -0.81119
vn -0.18515 -0.55470 -0.81119
vn -0.51877 -0.55470 -0.65052
vn -0.18515 -0.55470 -0.81119
vn 0.18515 -0.55470 -0.81119
vn 0.18515 -0.55470 -0.81119
vn -0.18515 -0.55470 -0.81119
vn 0.18515 -0.55470 -0.81119
vn 0.51877 -0.55470 -0.65052
vn 0.51877 -0.55470 -0.65052
vn 0.18515 -0.55470 -0.81119
vn 0.51877 -0.55470 -0.65052
vn 0.74965 -0.55470 -0.36101
vn 0.74965 -0.55470 -0.36101
vn 0.51877 -0.55470 -0.65052
vn 0.74965 -0.55470 -0.36101
vn 0.83205 -0.55470 -0.00000
vn 0.83205 -0.55470 -0.00000
vn 0.74965 -0.55470 -0.36101
vn 1.00000 -0.00000 0.00000
vn 0.90097 -0.00000 0.43388
vn 0.90097 -0.00000 0.43388
vn 1.00000 -0.00000 0.00000
vn 0.90097 -0.00000 0.43388
vn 0.62349 -0.00000 0.78183
vn 0.62349 -0.00000 0.78183
vn 0.90097 -0.00000 0.43388
vn 0.62349 -0.00000 0.78183
vn 0.22252 -0.00000 0.97493
vn 0.22252 -0.00000 0.97493
vn 0.62349 -0.00000 0.78183
vn 0.22252 -0.00000 0.97493
vn -0.22252 -0.00000 0.97493
vn -0.22252 -0.00000 0.97493
vn 0.22252 -0.00000 0.97493
vn -0.22252 -0.00000 0.97493
vn -0.62349 -0.00000 0.78183
vn -0.62349 -0.00000 0.78183
vn -0.22252 -0.00000 0.97493
vn -0.62349 -0.00000 0.78183
vn -0.90097 -0.00000 0.43388
vn -0.90097 -0.00000 0.43388
vn -0.62349 -0.00000 0.78183
vn -0.90097 -0.00000 0.43388
vn -1.00000 -0.00000 0.00000
vn -1.00000 -0.00000 0.00000
vn -0.90097 -0.00000 0.43388
vn -1.00000 -0.00000 0.00000
vn -0.90097 -0.00000 -0.43388
vn -0.90097 -0.00000 -0.43388
vn -1.00000 -0.00000 0.00000
vn -0.90097 -0.00000 -0.43388
vn -0.62349 -0.00000 -0.78183
vn -0.62349 -0.00000 -0.78183
vn -0.90097 -0.00000 -0.43388
vn -0.62349 -0.00000 -0.78183
vn -0.22252 -0.00000 -0.97493
vn -0.22252 -0.00000 -0.97493
vn -0.62349 -0.00000 -0.78183
vn -0.22252 -0.00000 -0.97493
vn 0.22252 -0.00000 -0.97493
vn 0.22252 -0.00000 -0.97493
vn -0.22252 -0.00000 -0.97493
vn 0.22252 -0.00000 -0.97493
vn 0.62349 -0.00000 -0.78183
vn 0.62349 -0.00000 -0.78183
vn 0.22252 -0.00000 -0.97493
vn 0.62349 -0.00000 -0.78183
vn 0.90097 -0.00000 -0.43388
vn 0.90097 -0.00000 -0.43388
vn 0.62349 -0.00000 -0.78183
vn 0.90097 -0.00000 -0.43388
vn 1.00000 -0.00000 -0.00000
vn 1.00000 -0.00000 -0.00000
vn 0.90097 -0.00000 -0.43388
vn 0.83205 0.55470 0.00000
vn 0.74965 0.55470 0.36101
vn 0.74965 0.55470 0.36101
vn 0.83205 0.55470 0.00000
vn 0.74965 0.55470 0.36101
vn 0.51877 0.55470 0.65052
vn 0.51877 0.55470 0.65052
vn 0.74965 0.55470 0.36101
vn 0.51877 0.55470 0.65052
vn 0.18515 0.55470 0.81119
vn 0.18515 0.55470 0.81119
vn 0.51877 0.55470 0.65052
vn 0.18515 0.55470 0.81119
vn -0.18515 0.55470 0.81119
vn -0.18515 0.55470 0.81119
vn 0.18515 0.55470 0.81119
vn -0.18515 0.55470 0.81119
vn -0.51877 0.55470 0.65052
vn -0.51877 0.55470 0.65052
vn -0.18515 0.55470 0.81119
vn -0.51877 0.55470 0.65052
vn -0.74965 0.55470 0.36101
vn -0.74965 0.55470 0.36101
vn -0.51877 0.55470 0.65052
vn -0.74965 0.55470 0.36101
vn -0.83205 0.55470 0.00000
vn -0.83205 0.55470 0.00000
vn -0.74965 0.55470 0.36101
vn -0.83205 0.55470 0.00000
vn -0.74965 0.55470 -0.36101
vn -0.74965 0.55470 -0.36101
vn -0.83205 0.55470 0.00000
vn -0.74965 0.55470 -0.36101
vn -0.51877 0.55470 -0.65052
vn -0.51877 0.55470 -0.65052
vn -0.74965 0.55470 -0.36101
vn -0.51877 0.55470 -0.65052
vn -0.18515 0.55470 -0.81119
vn -0.18515 0.55470 -0.81119
vn -0.51877 0.55470 -0.65052
vn -0.18515 0.55470 -0.81119
vn 0.18515 0.55470 -0.81119
vn 0.18515 0.55470 -0.81119
vn -0.18515 0.55470 -0.81119
vn 0.18515 0.55470 -0.81119
vn 0.51877 0.55470 -0.65052
vn 0.51877 0.55470 -0.65052
vn 0.18515 0.55470 -0.81119
vn 0.51877 0.55470 -0.65052
vn 0.74965 0.55470 -0.36101
vn 0.74965 0.55470 -0.36101
vn 0.51877 0.55470 -0.65052
vn 0.74965 0.55470 -0.36101
vn 0.83205 0.55470 -0.00000
vn 0.83205 0.55470 -0.00000
vn 0.74965 0.55470 -0.36101
vn 0.09950 0.99504 0.00000
vn 0.08965 0.99504 0.04317
vn 0.08965 0.99504 0.04317
vn 0.09950 0.99504 0.00000
vn 0.08965 0.99504 0.04317
vn 0.06204 0.99504 0.07780
vn 0.06204 0.99504 0.07780
vn 0.08965 0.99504 0.04317
vn 0.06204 0.99504 0.07780
vn 0.02214 0.99504 0.09701
vn 0.02214 0.99504 0.09701
vn 0.06204 0.99504 0.07780
vn 0.02214 0.99504 0.09701
vn -0.02214 0.99504 0.09701
vn -0.02214 0.99504 0.09701
vn 0.02214 0.99504 0.09701
vn -0.02214 0.99504 0.09701
vn -0.06204 0.99504 0.07780
vn -0.06204 0.99504 0.07780
vn -0.02214 0.99504 0.09701
vn -0.06204 0.99504 0.07780
vn -0.08965 0.99504 0.04317
vn -0.08965 0.99504 0.04317
vn -0.06204 0.99504 0.07780
vn -0.08965 0.99504 0.04317
vn -0.09950 0.99504 0.00000
vn -0.09950 0.99504 0.00000
vn -0.08965 0.99504 0.04317
vn -0.09950 0.99504 0.00000
vn -0.08965 0.99504 -0.04317
vn -0.08965 0.99504 -0.04317
vn -0.09950 0.99504 0.00000
vn -0.08965 0.99504 -0.04317
vn -0.06204 0.99504 -0.07780
vn -0.06204 0.99504 -0.07780
vn -0.08965 0.99504 -0.04317
vn -0.06204 0.99504 -0.07780
vn -0.02214 0.99504 -0.09701
vn -0.02214 0.99504 -0.09701
vn -0.06204 0.99504 -0.07780
vn -0.02214 0.99504 -0.09701
vn 0.02214 0.99504 -0.09701
vn 0.02214 0.99504 -0.09701
vn -0.02214 0.99504 -0.09701
vn 0.02214 0.99504 -0.09701
vn 0.06204 0.99504 -0.07780
vn 0.06204 0.99504 -0.07780
vn 0.02214 0.99504 -0.09701
vn 0.06204 0.99504 -0.07780
vn 0.08965 0.99504 -0.04317
vn 0.08965 0.99504 -0.04317
vn 0.06204 0.99504 -0.07780
vn 0.08965 0.99504 -0.04317
vn 0.09950 0.99504 -0.00000
vn 0.09950 0.99504 -0.00000
vn 0.08965 0.99504 -0.04317
vn 0.83205 -0.55470 0.00000
vn 0.74965 -0.55470 0.36101
vn 0.74965 -0.55470 0.36101
vn 0.83205 -0.55470 0.00000
vn 0.74965 -0.55470 0.36101
vn 0.51877 -0.55470 0.65052
vn 0.51877 -0.55470 0.65052
vn 0.74965 -0.55470 0.36101
vn 0.51877 -0.55470 0.65052
vn 0.18515 -0.55470 0.81119
vn 0.18515 -0.55470 0.81119
vn 0.51877 -0.55470 0.65052
vn 0.18515 -0.55470 0.81119
vn -0.18515 -0.55470 0.81119
vn -0.18515 -0.55470 0.81119
vn 0.18515 -0.55470 0.81119
vn -0.18515 -0.55470 0.81119
vn -0.51877 -0.55470 0.65052
vn -0.51877 -0.55470 0.65052
vn -0.18515 -0.55470 0.81119
vn -0.51877 -0.55470 0.65052
vn -0.74965 -0.55470 0.36101
vn -0.74965 -0.55470 0.36101
vn -0.51877 -0.55470 0.65052
vn -0.74965 -0.55470 0.36101
vn -0.83205 -0.55470 0.00000
vn -0.83205 -0.55470 0.00000
vn -0.74965 -0.55470 0.36101
vn -0.83205 -0.55470 0.00000
vn -0.74965 -0.55470 -0.36101
vn -0.74965 -0.55470 -0.36101
vn -0.83205 -0.55470 0.00000
vn -0.74965 -0.55470 -0.36101
vn -0.51877 -0.55470 -0.65052
vn -0.51877 -0.55470 -0.65052
vn -0.74965 -0.55470 -0.36101
vn -0.51877 -0.55470 -0.65052
vn -0.18515 -0.55470 -0.81119
vn -0.18515 -0.55470 -0.81119
vn -0.51877 -0.55470 -0.65052
vn -0.18515 -0.55470 -0.81119
vn 0.18515 -0.55470 -0.81119
vn 0.18515 -0.55470 -0.81119
vn -0.18515 -0.55470 -0.81119
vn 0.18515 -0.55470 -0.81119
vn 0.51877 -0.55470 -0.65052
vn 0.51877 -0.55470 -0.65052
vn 0.18515 -0.55470 -0.81119
vn 0.51877 -0.55470 -0.65052
vn 0.74965 -0.55470 -0.36101
vn 0.74965 -0.55470 -0.36101
vn 0.51877 -0.55470 -0.65052
vn 0.74965 -0.55470 -0.36101
vn 0.83205 -0.55470 -0.00000
vn 0.83205 -0.55470 -0.00000
vn 0.74965 -0.55470 -0.36101
vn 1.00000 -0.00000 0.00000
vn 0.90097 -0.00000 0.43388
vn 0.90097 -0.00000 0.43388
vn 1.00000 -0.00000 0.00000
vn 0.90097 -0.00000 0.43388
vn 0.62349 -0.00000 0.78183
vn 0.62349 -0.00000 0.78183
vn 0.90097 -0.00000 0.43388
vn 0.62349 -0.00000 0.78183
vn 0.22252 -0.00000 0.97493
vn 0.22252 -0.00000 0.97493
vn 0.62349 -0.00000 0.78183
vn 0.22252 -0.00000 0.97493
vn -0.22252 -0.00000 0.97493
vn -0.22252 -0.00000 0.97493
vn 0.22252 -0.00000 0.97493
vn -0.22252 -0.00000 0.97493
vn -0.62349 -0.00000 0.78183
vn -0.62349 -0.00000 0.78183
vn -0.22252 -0.00000 0.97493
vn -0.62349 -0.00000 0.78183
vn -0.90097 -0.00000 0.43388
vn -0.90097 -0.00000 0.43388
vn -0.62349 -0.00000 0.78183
vn -0.90097 -0.00000 0.43388
vn -1.00000 -0.00000 0.00000
vn -1.00000 -0.00000 0.00000
vn -0.90097 -0.00000 0.43388
vn -1.00000 -0.00000 0.00000
vn -0.90097 -0.00000 -0.43388
vn -0.90097 -0.00000 -0.43388
vn -1.00000 -0.00000 0.00000
vn -0.90097 -0.00000 -0.43388
vn -0.62349 -0.00000 -0.78183
vn -0.62349 -0.00000 -0.78183
vn -0.90097 -0.00000 -0.43388
vn -0.62349 -0.00000 -0.78183
vn -0.22252 -0.00000 -0.97493
vn -0.22252 -0.00000 -0.97493
vn -0.62349 -0.00000 -0.78183
vn -0.22252 -0.00000 -0.97493
vn 0.22252 -0.00000 -0.97493
vn 0.22252 -0.00000 -0.97493
vn -0.22252 -0.00000 -0.97493
vn 0.22252 -0.00000 -0.97493
vn 0.62349 -0.00000 -0.78183
vn 0.62349 -0.00000 -0.78183
vn 0.22252 -0.00000 -0.97493
vn 0.62349 -0.00000 -0.78183
vn 0.90097 -0.00000 -0.43388
vn 0.90097 -0.00000 -0.43388
vn 0.62349 -0.00000 -0.78183
vn 0.90097 -0.00000 -0.43388
vn 1.00000 -0.00000 -0.00000
vn 1.00000 -0.00000 -0.00000
vn 0.90097 -0.00000 -0.43388
vn 0.83205 0.55470 0.00000
vn 0.74965 0.55470 0.36101
vn 0.74965 0.55470 0.36101
vn 0.83205 0.55470 0.00000
vn 0.74965 0.55470 0.36101
vn 0.51877 0.55470 0.65052
vn 0.51877 0.55470 0.65052
vn 0.74965 0.55470 0.36101
vn 0.51877 0.55470 0.65052
vn 0.18515 0.55470 0.81119
vn 0.18515 0.55470 0.81119
vn 0.51877 0.55470 0.65052
vn 0.18515 0.55470 0.81119
vn -0.18515 0.55470 0.81119
vn -0.18515 0.55470 0.81119
vn 0.18515 0.55470 0.81119
vn -0.18515 0.55470 0.81119
vn -0.51877 0.55470 0.65052
vn -0.51877 0.55470 0.65052
vn -0.18515 0.55470 0.81119
vn -0.51877 0.55470 0.65052
vn -0.74965 0.55470 0.36101
vn -0.74965 0.55470 0.36101
vn -0.51877 0.55470 0.65052
vn -0.74965 0.55470 0.36101
vn -0.83205 0.55470 0.00000
vn -0.83205 0.55470 0.00000
vn -0.74965 0.55470 0.36101
vn -0.83205 0.55470 0.00000
vn -0.74965 0.55470 -0.36101
vn -0.74965 0.55470 -0.36101
vn -0.83205 0.55470 0.00000
vn -0.74965 0.55470 -0.36101
vn -0.51877 0.55470 -0.65052
vn -0.51877 0.55470 -0.65052
vn -0.74965 0.55470 -0.36101
vn -0.51877 0.55470 -0.65052
vn -0.18515 0.55470 -0.81119
vn -0.18515 0.55470 -0.81119
vn -0.51877 0.55470 -0.65052
vn -0.18515 0.55470 -0.81119
vn 0.18515 0.55470 -0.81119
vn 0.18515 0.55470 -0.81119
vn -0.18515 0.55470 -0.81119
vn 0.18515 0.55470 -0.81119
vn 0.51877 0.55470 -0.65052
vn 0.51877 0.55470 -0.65052
vn 0.18515 0.55470 -0.81119
vn 0.51877 0.55470 -0.65052
vn 0.74965 0.55470 -0.36101
vn 0.74965 0.55470 -0.36101
vn 0.51877 0.55470 -0.65052
vn 0.74965 0.55470 -0.36101
vn 0.83205 0.55470 -0.00000
vn 0.83205 0.55470 -0.00000
vn 0.74965 0.55470 -0.36101
vn 0.09950 0.99504 0.00000
vn 0.08965 0.99504 0.04317
vn 0.08965 0.99504 0.04317
vn 0.09950 0.99504 0.00000
vn 0.08965 0.99504 0.04317
vn 0.06204 0.99504 0.07780
vn 0.06204 0.99504 0.07780
vn 0.08965 0.99504 0.04317
vn 0.06204 0.99504 0.07780
vn 0.02214 0.99504 0.09701
vn 0.02214 0.99504 0.09701
vn 0.06204 0.99504 0.07780
vn 0.02214 0.99504 0.09701
vn -0.02214 0.99504 0.09701
vn -0.02214 0.99504 0.09701
vn 0.02214 0.99504 0.09701
vn -0.02214 0.99504 0.09701
vn -0.06204 0.99504 0.07780
vn -0.06204 0.99504 0.07780
vn -0.02214 0.99504 0.09701
vn -0.06204 0.99504 0.07780
vn -0.08965 0.99504 0.04317
vn -0.08965 0.99504 0.04317
vn -0.06204 0.99504 0.07780
vn -0.08965 0.99504 0.04317
vn -0.09950 0.99504 0.00000
vn -0.09950 0.99504 0.00000
vn -0.08965 0.99504 0.04317
vn -0.09950 0.99504 0.00000
vn -0.08965 0.99504 -0.04317
vn -0.08965 0.99504 -0.04317
vn -0.09950 0.99504 0.00000
vn -0.08965 0.99504 -0.04317
vn -0.06204 0.99504 -0.07780
vn -0.06204 0.99504 -0.07780
vn -0.08965 0.99504 -0.04317
vn -0.06204 0.99504 -0.07780
vn -0.02214 0.99504 -0.09701
vn -0.02214 0.99504 -0.09701
vn -0.06204 0.99504 -0.07780
vn -0.02214 0.99504 -0.09701
vn 0.02214 0.99504 -0.09701
vn 0.02214 0.99504 -0.09701
vn -0.02214 0.99504 -0.09701
vn 0.02214 0.99504 -0.09701
vn 0.06204 0.99504 -0.07780
vn 0.06204 0.99504 -0.07780
vn 0.02214 0.99504 -0.09701
vn 0.06204 0.99504 -0.07780
vn 0.08965 0.99504 -0.04317
vn 0.08965 0.99504 -0.04317
vn 0.06204 0.99504 -0.07780
vn 0.08965 0.99504 -0.04317
vn 0.09950 0.99504 -0.00000
vn 0.09950 0.99504 -0.00000
vn 0.08965 0.99504 -0.04317
vn -1.00000 0.00000 0.00000
vn -0.86603 0.50000 0.00000
vn -0.86603 0.50000 0.00000
vn -1.00000 0.00000 0.00000
vn -0.86603 0.50000 0.00000
vn -0.50000 0.86603 0.00000
vn -0.50000 0.86603 0.00000
vn -0.86603 0.50000 0.00000
vn -0.50000 0.86603 0.00000
vn -0.00000 1.00000 0.00000
vn -0.00000 1.00000 0.00000
vn -0.50000 0.86603 0.00000
vn -0.00000 1.00000 0.00000
vn 0.50000 0.86603 0.00000
vn 0.50000 0.86603 0.00000
vn -0.00000 1.00000 0.00000
vn 0.50000 0.86603 0.00000
vn 0.86603 0.50000 0.00000
vn 0.86603 0.50000 0.00000
vn 0.50000 0.86603 0.00000
vn 0.86603 0.50000 0.00000
vn 1.00000 0.00000 0.00000
vn 1.00000 0.00000 0.00000
vn 0.86603 0.50000 0.00000
vn 1.00000 0.00000 0.00000
vn 0.86603 -0.50000 -0.00000
vn 0.86603 -0.50000 -0.00000
vn 1.00000 0.00000 0.00000
vn 0.86603 -0.50000 -0.00000
vn 0.50000 -0.86603 -0.00000
vn 0.50000 -0.86603 -0.00000
vn 0.86603 -0.50000 -0.00000
vn 0.50000 -0.86603 -0.00000
vn 0.00000 -1.00000 -0.00000
vn 0.00000 -1.00000 -0.00000
vn 0.50000 -0.86603 -0.00000
vn 0.00000 -1.00000 -0.00000
vn -0.50000 -0.86603 0.00000
vn -0.50000 -0.86603 0.00000
vn 0.00000 -1.00000 -0.00000
vn -0.50000 -0.86603 0.00000
vn -0.86603 -0.50000 0.00000
vn -0.86603 -0.50000 0.00000
vn -0.50000 -0.86603 0.00000
vn -0.86603 -0.50000 0.00000
vn -1.00000 0.00000 0.00000
vn -1.00000 0.00000 0.00000
vn -0.86603 -0.50000 0.00000
vn -0.00000 -0.00000 1.00000
vn 0.00000 0.00000 -1.00000
vn 1.00000 0.00000 0.00000
vn -1.00000 0.00000 0.00000
vn 0.00000 1.00000 0.00000
vn 0.00000 -1.00000 0.00000
vn 0.00000 0.00000 1.00000
vn 0.00000 0.00000 -1.00000
vn -0.00000 0.70711 0.70711
vn 0.00000 -0.70711 0.70711
vn 0.00000 0.70711 -0.70711
vn -0.00000 -0.70711 -0.70711
vn -0.70711 0.00000 -0.70711
vn 0.70711 -0.00000 -0.70711
vn -0.70711 -0.00000 0.70711
vn 0.70711 0.00000 0.70711
vn 0.70711 0.70711 -0.00000
vn -0.70711 0.70711 0.00000
vn 0.70711 -0.70711 0.00000
vn -0.70711 -0.70711 -0.00000
vn 0.57735 0.57735 0.57735
vn -0.57735 -0.57735 0.57735
vn -0.57735 0.57735 -0.57735
vn 0.57735 -0.57735 -0.57735
vn 0.57735 -0.57735 -0.57735
vn -0.57735 0.57735 -0.57735
vn -0.57735 -0.57735 0.57735
vn 0.57735 0.57735 0.57735
usemtl steel_dark
f 1/1/1 2/2/1 3/3/1 4/4/1
f 5/5/2 6/6/2 7/7/2 8/8/2
f 9/9/3 10/10/3 11/11/3 12/12/3
f 13/13/4 14/14/4 15/15/4 16/16/4
f 17/17/5 18/18/5 19/19/5 20/20/5
f 21/21/6 22/22/6 23/23/6 24/24/6
f 25/25/7 26/26/7 27/27/7 28/28/7
f 29/29/8 30/30/8 31/31/8 32/32/8
f 33/33/9 34/34/9 35/35/9 36/36/9
f 37/37/10 38/38/10 39/39/10 40/40/10
f 41/41/11 42/42/11 43/43/11 44/44/11
f 45/45/12 46/46/12 47/47/12 48/48/12
f 49/49/13 50/50/13 51/51/13 52/52/13
f 53/53/14 54/54/14 55/55/14 56/56/14
f 57/57/15 58/58/15 59/59/15 60/60/15
f 61/61/16 62/62/16 63/63/16 64/64/16
f 65/65/17 66/66/17 67/67/17 68/68/17
f 69/69/18 70/70/18 71/71/18 72/72/18
f 73/73/19 74/74/19 75/75/19 76/76/19
f 77/77/20 78/78/20 79/79/20 80/80/20
f 81/81/21 82/82/21 83/83/21 84/84/21
f 85/85/22 86/86/22 87/87/22 88/88/22
f 89/89/23 90/90/23 91/91/23 92/92/23
f 93/93/24 94/94/24 95/95/24 96/96/24
f 97/97/25 98/98/25 99/99/25 100/100/25
f 101/101/26 102/102/26 103/103/26 104/104/26
f 105/105/27 106/106/27 107/107/27 108/108/27
f 109/109/28 110/110/28 111/111/28 112/112/28
f 113/113/29 114/114/29 115/115/29 116/116/29
f 117/117/30 118/118/30 119/119/30 120/120/30
f 121/121/31 122/122/31 123/123/31 124/124/31
f 125/125/32 126/126/32 127/127/32 128/128/32
f 129/129/33 130/130/33 131/131/33 132/132/33
f 133/133/34 134/134/34 135/135/34 136/136/34
f 137/137/35 138/138/35 139/139/35 140/140/35
f 141/141/36 142/142/36 143/143/36 144/144/36
f 145/145/37 146/146/37 147/147/37 148/148/37
f 149/149/38 150/150/38 151/151/38 152/152/38
f 153/153/39 154/154/39 155/155/39 156/156/39
f 157/157/40 158/158/40 159/159/40 160/160/40
f 161/161/41 162/162/41 163/163/41 164/164/41
f 165/165/42 166/166/42 167/167/42 168/168/42
f 169/169/43 170/170/43 171/171/43 172/172/43
f 173/173/44 174/174/44 175/175/44 176/176/44
f 177/177/45 178/178/45 179/179/45 180/180/45
f 181/181/46 182/182/46 183/183/46 184/184/46
f 185/185/47 186/186/47 187/187/47 188/188/47
f 189/189/48 190/190/48 191/191/48 192/192/48
f 193/193/49 194/194/49 195/195/49
f 196/196/50 197/197/50 198/198/50
f 199/199/51 200/200/51 201/201/51
f 202/202/52 203/203/52 204/204/52
f 205/205/53 206/206/53 207/207/53
f 208/208/54 209/209/54 210/210/54
f 211/211/55 212/212/55 213/213/55
f 214/214/56 215/215/56 216/216/56
f 505/505/345 506/506/346 507/507/347 508/508/348
f 509/509/349 510/510/350 511/511/351 512/512/352
f 513/513/353 514/514/354 515/515/355 516/516/356
f 517/517/357 518/518/358 519/519/359 520/520/360
f 521/521/361 522/522/362 523/523/363 524/524/364
f 525/525/365 526/526/366 527/527/367 528/528/368
f 529/529/369 530/530/370 531/531/371 532/532/372
f 533/533/373 534/534/374 535/535/375 536/536/376
f 537/537/377 538/538/378 539/539/379 540/540/380
f 541/541/381 542/542/382 543/543/383 544/544/384
f 545/545/385 546/546/386 547/547/387 548/548/388
f 549/549/389 550/550/390 551/551/391 552/552/392
f 553/553/393 554/554/394 555/555/395 556/556/396
f 557/557/397 558/558/398 559/559/399 560/560/400
f 561/561/401 562/562/402 563/563/403 564/564/404
f 565/565/405 566/566/406 567/567/407 568/568/408
f 569/569/409 570/570/410 571/571/411 572/572/412
f 573/573/413 574/574/414 575/575/415 576/576/416
f 577/577/417 578/578/418 579/579/419 580/580/420
f 581/581/421 582/582/422 583/583/423 584/584/424
f 585/585/425 586/586/426 587/587/427 588/588/428
f 589/589/429 590/590/430 591/591/431 592/592/432
f 593/593/433 594/594/434 595/595/435 596/596/436
f 597/597/437 598/598/438 599/599/439 600/600/440
f 601/601/441 602/602/442 603/603/443 604/604/444
f 605/605/445 606/606/446 607/607/447 608/608/448
f 609/609/449 610/610/450 611/611/451 612/612/452
f 613/613/453 614/614/454 615/615/455 616/616/456
f 617/617/457 618/618/458 619/619/459 620/620/460
f 621/621/461 622/622/462 623/623/463 624/624/464
f 625/625/465 626/626/466 627/627/467 628/628/468
f 629/629/469 630/630/470 631/631/471 632/632/472
f 633/633/473 634/634/474 635/635/475 636/636/476
f 637/637/477 638/638/478 639/639/479 640/640/480
f 641/641/481 642/642/482 643/643/483 644/644/484
f 645/645/485 646/646/486 647/647/487 648/648/488
f 649/649/489 650/650/490 651/651/491 652/652/492
f 653/653/493 654/654/494 655/655/495 656/656/496
f 657/657/497 658/658/498 659/659/499 660/660/500
f 661/661/501 662/662/502 663/663/503 664/664/504
f 665/665/505 666/666/506 667/667/507 668/668/508
f 669/669/509 670/670/510 671/671/511 672/672/512
f 673/673/513 674/674/514 675/675/515 676/676/516
f 677/677/517 678/678/518 679/679/519 680/680/520
f 681/681/521 682/682/522 683/683/523 684/684/524
f 685/685/525 686/686/526 687/687/527 688/688/528
f 689/689/529 690/690/530 691/691/531 692/692/532
f 693/693/533 694/694/534 695/695/535 696/696/536
f 697/697/537 698/698/538 699/699/539 700/700/540
f 701/701/541 702/702/542 703/703/543 704/704/544
f 705/705/545 706/706/546 707/707/547 708/708/548
f 709/709/549 710/710/550 711/711/551 712/712/552
f 713/713/553 714/714/554 715/715/555 716/716/556
f 717/717/557 718/718/558 719/719/559 720/720/560
f 721/721/561 722/722/562 723/723/563 724/724/564
f 725/725/565 726/726/566 727/727/567 728/728/568
f 729/729/569 730/730/570 731/731/571 732/732/572
f 733/733/573 734/734/574 735/735/575 736/736/576
f 737/737/577 738/738/578 739/739/579 740/740/580
f 741/741/581 742/742/582 743/743/583 744/744/584
f 745/745/585 746/746/586 747/747/587 748/748/588
f 749/749/589 750/750/590 751/751/591 752/752/592
f 753/753/593 754/754/594 755/755/595 756/756/596
f 757/757/597 758/758/598 759/759/599 760/760/600
f 761/761/601 762/762/602 763/763/603 764/764/604
f 765/765/605 766/766/606 767/767/607 768/768/608
f 769/769/609 770/770/610 771/771/611 772/772/612
f 773/773/613 774/774/614 775/775/615 776/776/616
f 777/777/617 778/778/618 779/779/619 780/780/620
f 781/781/621 782/782/622 783/783/623 784/784/624
f 785/785/625 786/786/626 787/787/627 788/788/628
f 789/789/629 790/790/630 791/791/631 792/792/632
f 793/793/633 794/794/634 795/795/635 796/796/636
f 797/797/637 798/798/638 799/799/639 800/800/640
f 801/801/641 802/802/642 803/803/643 804/804/644
f 805/805/645 806/806/646 807/807/647 808/808/648
f 809/809/649 810/810/650 811/811/651 812/812/652
f 813/813/653 814/814/654 815/815/655 816/816/656
f 817/817/657 818/818/658 819/819/659 820/820/660
f 821/821/661 822/822/662 823/823/663 824/824/664
f 825/825/665 826/826/666 827/827/667 828/828/668
f 829/829/669 830/830/670 831/831/671 832/832/672
f 833/833/673 834/834/674 835/835/675 836/836/676
f 837/837/677 838/838/678 839/839/679 840/840/680
f 841/841/681 842/842/682 843/843/683 844/844/684
f 845/845/685 846/846/686 847/847/687 848/848/688
f 849/849/689 850/850/690 851/851/691 852/852/692
f 853/853/693 854/854/694 855/855/695 856/856/696
f 857/857/697 858/858/698 859/859/699 860/860/700
f 861/861/701 862/862/702 863/863/703 864/864/704
f 865/865/705 866/866/706 867/867/707 868/868/708
f 869/869/709 870/870/710 871/871/711 872/872/712
f 873/873/713 874/874/714 875/875/715 876/876/716
f 877/877/717 878/878/718 879/879/719 880/880/720
f 881/881/721 882/882/722 883/883/723 884/884/724
f 885/885/725 886/886/726 887/887/727 888/888/728
f 889/889/729 890/890/730 891/891/731 892/892/732
f 893/893/733 894/894/734 895/895/735 896/896/736
f 897/897/737 898/898/738 899/899/739 900/900/740
f 901/901/741 902/902/742 903/903/743 904/904/744
f 905/905/745 906/906/746 907/907/747 908/908/748
f 909/909/749 910/910/750 911/911/751 912/912/752
f 913/913/753 914/914/754 915/915/755 916/916/756
f 917/917/757 918/918/758 919/919/759 920/920/760
f 921/921/761 922/922/762 923/923/763 924/924/764
f 925/925/765 926/926/766 927/927/767 928/928/768
f 929/929/769 930/930/770 931/931/771 932/932/772
f 933/933/773 934/934/774 935/935/775 936/936/776
f 937/937/777 938/938/778 939/939/779 940/940/780
f 941/941/781 942/942/782 943/943/783 944/944/784
f 945/945/785 946/946/786 947/947/787 948/948/788
f 949/949/789 950/950/790 951/951/791 952/952/792
f 953/953/793 954/954/794 955/955/795 956/956/796
f 957/957/797 958/958/798 959/959/799 960/960/800
f 961/961/801 962/962/802 963/963/803 964/964/804
f 965/965/805 966/966/806 967/967/807 968/968/808
f 969/969/809 970/970/810 971/971/811 972/972/812
f 973/973/813 974/974/814 975/975/815 976/976/816
f 977/977/817 978/978/818 979/979/819 980/980/820
f 981/981/821 982/982/822 983/983/823 984/984/824
f 1273/1273/1113 1274/1274/1113 1275/1275/1113 1276/1276/1113
f 1277/1277/1114 1278/1278/1114 1279/1279/1114 1280/1280/1114
f 1281/1281/1115 1282/1282/1115 1283/1283/1115 1284/1284/1115
f 1285/1285/1116 1286/1286/1116 1287/1287/1116 1288/1288/1116
f 1289/1289/1117 1290/1290/1117 1291/1291/1117 1292/1292/1117
f 1293/1293/1118 1294/1294/1118 1295/1295/1118 1296/1296/1118
f 1841/1841/1663 1842/1842/1664 1843/1843/1665 1844/1844/1666
f 1845/1845/1667 1846/1846/1668 1847/1847/1669 1848/1848/1670
f 1849/1849/1671 1850/1850/1672 1851/1851/1673 1852/1852/1674
f 1853/1853/1675 1854/1854/1676 1855/1855/1677 1856/1856/1678
f 1857/1857/1679 1858/1858/1680 1859/1859/1681 1860/1860/1682
f 1861/1861/1683 1862/1862/1684 1863/1863/1685 1864/1864/1686
f 1865/1865/1687 1866/1866/1688 1867/1867/1689 1868/1868/1690
f 1869/1869/1691 1870/1870/1692 1871/1871/1693 1872/1872/1694
f 1873/1873/1695 1874/1874/1696 1875/1875/1697 1876/1876/1698
f 1877/1877/1699 1878/1878/1700 1879/1879/1701 1880/1880/1702
f 1881/1881/1703 1882/1882/1704 1883/1883/1705 1884/1884/1706
f 1885/1885/1707 1886/1886/1708 1887/1887/1709 1888/1888/1710
f 1889/1889/1711 1890/1890/1712 1891/1891/1713 1892/1892/1714
f 1893/1893/1715 1894/1894/1716 1895/1895/1717 1896/1896/1718
f 1897/1897/1719 1898/1898/1720 1899/1899/1721 1900/1900/1722
f 1901/1901/1723 1902/1902/1724 1903/1903/1725 1904/1904/1726
f 1905/1905/1727 1906/1906/1728 1907/1907/1729 1908/1908/1730
f 1909/1909/1731 1910/1910/1732 1911/1911/1733 1912/1912/1734
f 1913/1913/1735 1914/1914/1736 1915/1915/1737 1916/1916/1738
f 1917/1917/1739 1918/1918/1740 1919/1919/1741 1920/1920/1742
f 1921/1921/1743 1922/1922/1744 1923/1923/1745 1924/1924/1746
f 1925/1925/1747 1926/1926/1748 1927/1927/1749 1928/1928/1750
f 1929/1929/1751 1930/1930/1752 1931/1931/1753 1932/1932/1754
f 1933/1933/1755 1934/1934/1756 1935/1935/1757 1936/1936/1758
f 1937/1937/1759 1938/1938/1760 1939/1939/1761 1940/1940/1762
f 1941/1941/1763 1942/1942/1764 1943/1943/1765 1944/1944/1766
f 1945/1945/1767 1946/1946/1768 1947/1947/1769 1948/1948/1770
f 1949/1949/1771 1950/1950/1772 1951/1951/1773 1952/1952/1774
f 1953/1953/1775 1954/1954/1776 1955/1955/1777 1956/1956/1778
f 1957/1957/1779 1958/1958/1780 1959/1959/1781 1960/1960/1782
f 1961/1961/1783 1962/1962/1784 1963/1963/1785 1964/1964/1786
f 1965/1965/1787 1966/1966/1788 1967/1967/1789 1968/1968/1790
f 1969/1969/1791 1970/1970/1792 1971/1971/1793 1972/1972/1794
f 1973/1973/1795 1974/1974/1796 1975/1975/1797 1976/1976/1798
f 1977/1977/1799 1978/1978/1800 1979/1979/1801 1980/1980/1802
f 1981/1981/1803 1982/1982/1804 1983/1983/1805 1984/1984/1806
f 1985/1985/1807 1986/1986/1808 1987/1987/1809 1988/1988/1810
f 1989/1989/1811 1990/1990/1812 1991/1991/1813 1992/1992/1814
f 1993/1993/1815 1994/1994/1816 1995/1995/1817 1996/1996/1818
f 1997/1997/1819 1998/1998/1820 1999/1999/1821 2000/2000/1822
f 2001/2001/1823 2002/2002/1824 2003/2003/1825 2004/2004/1826
f 2005/2005/1827 2006/2006/1828 2007/2007/1829 2008/2008/1830
f 2009/2009/1831 2010/2010/1832 2011/2011/1833 2012/2012/1834
f 2013/2013/1835 2014/2014/1836 2015/2015/1837 2016/2016/1838
f 2017/2017/1839 2018/2018/1840 2019/2019/1841 2020/2020/1842
f 2021/2021/1843 2022/2022/1844 2023/2023/1845 2024/2024/1846
f 2025/2025/1847 2026/2026/1848 2027/2027/1849 2028/2028/1850
f 2029/2029/1851 2030/2030/1852 2031/2031/1853 2032/2032/1854
f 2033/2033/1855 2034/2034/1856 2035/2035/1857 2036/2036/1858
f 2037/2037/1859 2038/2038/1860 2039/2039/1861 2040/2040/1862
f 2041/2041/1863 2042/2042/1864 2043/2043/1865 2044/2044/1866
f 2045/2045/1867 2046/2046/1868 2047/2047/1869 2048/2048/1870
f 2049/2049/1871 2050/2050/1872 2051/2051/1873 2052/2052/1874
f 2053/2053/1875 2054/2054/1876 2055/2055/1877 2056/2056/1878
f 2057/2057/1879 2058/2058/1880 2059/2059/1881 2060/2060/1882
f 2061/2061/1883 2062/2062/1884 2063/2063/1885 2064/2064/1886
f 2065/2065/1887 2066/2066/1888 2067/2067/1889 2068/2068/1890
f 2069/2069/1891 2070/2070/1892 2071/2071/1893 2072/2072/1894
f 2073/2073/1895 2074/2074/1896 2075/2075/1897 2076/2076/1898
f 2077/2077/1899 2078/2078/1900 2079/2079/1901 2080/2080/1902
f 2081/2081/1903 2082/2082/1904 2083/2083/1905 2084/2084/1906
f 2085/2085/1907 2086/2086/1908 2087/2087/1909 2088/2088/1910
f 2089/2089/1911 2090/2090/1912 2091/2091/1913 2092/2092/1914
f 2093/2093/1915 2094/2094/1916 2095/2095/1917 2096/2096/1918
f 2097/2097/1919 2098/2098/1920 2099/2099/1921 2100/2100/1922
f 2101/2101/1923 2102/2102/1924 2103/2103/1925 2104/2104/1926
f 2105/2105/1927 2106/2106/1928 2107/2107/1929 2108/2108/1930
f 2109/2109/1931 2110/2110/1932 2111/2111/1933 2112/2112/1934
f 2113/2113/1935 2114/2114/1936 2115/2115/1937 2116/2116/1938
f 2117/2117/1939 2118/2118/1940 2119/2119/1941 2120/2120/1942
f 2121/2121/1943 2122/2122/1944 2123/2123/1945 2124/2124/1946
f 2125/2125/1947 2126/2126/1948 2127/2127/1949 2128/2128/1950
f 2129/2129/1951 2130/2130/1952 2131/2131/1953 2132/2132/1954
f 2133/2133/1955 2134/2134/1956 2135/2135/1957 2136/2136/1958
f 2137/2137/1959 2138/2138/1960 2139/2139/1961 2140/2140/1962
f 2141/2141/1963 2142/2142/1964 2143/2143/1965 2144/2144/1966
f 2145/2145/1967 2146/2146/1968 2147/2147/1969 2148/2148/1970
f 2149/2149/1971 2150/2150/1972 2151/2151/1973 2152/2152/1974
f 2153/2153/1975 2154/2154/1976 2155/2155/1977 2156/2156/1978
f 2157/2157/1979 2158/2158/1980 2159/2159/1981 2160/2160/1982
f 2161/2161/1983 2162/2162/1984 2163/2163/1985 2164/2164/1986
f 2165/2165/1987 2166/2166/1988 2167/2167/1989 2168/2168/1990
f 2169/2169/1991 2170/2170/1992 2171/2171/1993 2172/2172/1994
f 2173/2173/1995 2174/2174/1996 2175/2175/1997 2176/2176/1998
f 2177/2177/1999 2178/2178/2000 2179/2179/2001 2180/2180/2002
f 2181/2181/2003 2182/2182/2004 2183/2183/2005 2184/2184/2006
f 2185/2185/2007 2186/2186/2008 2187/2187/2009 2188/2188/2010
f 2189/2189/2011 2190/2190/2012 2191/2191/2013 2192/2192/2014
f 2193/2193/2015 2194/2194/2016 2195/2195/2017 2196/2196/2018
f 2197/2197/2019 2198/2198/2020 2199/2199/2021 2200/2200/2022
f 2201/2201/2023 2202/2202/2024 2203/2203/2025 2204/2204/2026
f 2205/2205/2027 2206/2206/2028 2207/2207/2029 2208/2208/2030
f 2209/2209/2031 2210/2210/2032 2211/2211/2033 2212/2212/2034
f 2213/2213/2035 2214/2214/2036 2215/2215/2037 2216/2216/2038
f 2217/2217/2039 2218/2218/2040 2219/2219/2041 2220/2220/2042
f 2221/2221/2043 2222/2222/2044 2223/2223/2045 2224/2224/2046
f 2225/2225/2047 2226/2226/2048 2227/2227/2049 2228/2228/2050
f 2229/2229/2051 2230/2230/2052 2231/2231/2053 2232/2232/2054
f 2233/2233/2055 2234/2234/2056 2235/2235/2057 2236/2236/2058
f 2237/2237/2059 2238/2238/2060 2239/2239/2061 2240/2240/2062
f 2241/2241/2063 2242/2242/2064 2243/2243/2065 2244/2244/2066
f 2245/2245/2067 2246/2246/2068 2247/2247/2069 2248/2248/2070
f 2249/2249/2071 2250/2250/2072 2251/2251/2073 2252/2252/2074
f 2253/2253/2075 2254/2254/2076 2255/2255/2077 2256/2256/2078
f 2257/2257/2079 2258/2258/2080 2259/2259/2081 2260/2260/2082
f 2261/2261/2083 2262/2262/2084 2263/2263/2085 2264/2264/2086
f 2265/2265/2087 2266/2266/2088 2267/2267/2089 2268/2268/2090
f 2269/2269/2091 2270/2270/2092 2271/2271/2093 2272/2272/2094
f 2273/2273/2095 2274/2274/2096 2275/2275/2097 2276/2276/2098
f 2277/2277/2099 2278/2278/2100 2279/2279/2101 2280/2280/2102
f 2281/2281/2103 2282/2282/2104 2283/2283/2105 2284/2284/2106
f 2285/2285/2107 2286/2286/2108 2287/2287/2109 2288/2288/2110
f 2289/2289/2111 2290/2290/2112 2291/2291/2113 2292/2292/2114
f 2293/2293/2115 2294/2294/2116 2295/2295/2117 2296/2296/2118
f 2297/2297/2119 2298/2298/2120 2299/2299/2121 2300/2300/2122
f 2301/2301/2123 2302/2302/2124 2303/2303/2125 2304/2304/2126
f 2305/2305/2127 2306/2306/2128 2307/2307/2129 2308/2308/2130
f 2309/2309/2131 2310/2310/2132 2311/2311/2133 2312/2312/2134
f 2313/2313/2135 2314/2314/2136 2315/2315/2137 2316/2316/2138
f 2317/2317/2139 2318/2318/2140 2319/2319/2141 2320/2320/2142
f 2609/2609/2431 2610/2610/2431 2611/2611/2431 2612/2612/2431
f 2613/2613/2432 2614/2614/2432 2615/2615/2432 2616/2616/2432
f 2617/2617/2433 2618/2618/2433 2619/2619/2433 2620/2620/2433
f 2621/2621/2434 2622/2622/2434 2623/2623/2434 2624/2624/2434
f 2625/2625/2435 2626/2626/2435 2627/2627/2435 2628/2628/2435
f 2629/2629/2436 2630/2630/2436 2631/2631/2436 2632/2632/2436
f 2889/2889/2693 2890/2890/2694 2891/2891/2695 2892/2892/2696
f 2893/2893/2697 2894/2894/2698 2895/2895/2699 2896/2896/2700
f 2897/2897/2701 2898/2898/2702 2899/2899/2703 2900/2900/2704
f 2901/2901/2705 2902/2902/2706 2903/2903/2707 2904/2904/2708
f 2905/2905/2709 2906/2906/2710 2907/2907/2711 2908/2908/2712
f 2909/2909/2713 2910/2910/2714 2911/2911/2715 2912/2912/2716
f 2913/2913/2717 2914/2914/2718 2915/2915/2719 2916/2916/2720
f 2917/2917/2721 2918/2918/2722 2919/2919/2723 2920/2920/2724
f 2921/2921/2725 2922/2922/2726 2923/2923/2727 2924/2924/2728
f 2925/2925/2729 2926/2926/2730 2927/2927/2731 2928/2928/2732
f 2929/2929/2733 2930/2930/2733 2931/2931/2733 2932/2932/2733 2933/2933/2733 2934/2934/2733 2935/2935/2733 2936/2936/2733 2937/2937/2733 2938/2938/2733
f 2939/2939/2734 2940/2940/2734 2941/2941/2734 2942/2942/2734 2943/2943/2734 2944/2944/2734 2945/2945/2734 2946/2946/2734 2947/2947/2734 2948/2948/2734
f 3237/3237/3023 3238/3238/3024 3239/3239/3025 3240/3240/3026
f 3241/3241/3027 3242/3242/3028 3243/3243/3029 3244/3244/3030
f 3245/3245/3031 3246/3246/3032 3247/3247/3033 3248/3248/3034
f 3249/3249/3035 3250/3250/3036 3251/3251/3037 3252/3252/3038
f 3253/3253/3039 3254/3254/3040 3255/3255/3041 3256/3256/3042
f 3257/3257/3043 3258/3258/3044 3259/3259/3045 3260/3260/3046
f 3261/3261/3047 3262/3262/3048 3263/3263/3049 3264/3264/3050
f 3265/3265/3051 3266/3266/3052 3267/3267/3053 3268/3268/3054
f 3269/3269/3055 3270/3270/3056 3271/3271/3057 3272/3272/3058
f 3273/3273/3059 3274/3274/3060 3275/3275/3061 3276/3276/3062
f 3277/3277/3063 3278/3278/3064 3279/3279/3065 3280/3280/3066
f 3281/3281/3067 3282/3282/3068 3283/3283/3069 3284/3284/3070
f 3285/3285/3071 3286/3286/3072 3287/3287/3073 3288/3288/3074
f 3289/3289/3075 3290/3290/3076 3291/3291/3077 3292/3292/3078
f 3293/3293/3079 3294/3294/3080 3295/3295/3081 3296/3296/3082
f 3297/3297/3083 3298/3298/3084 3299/3299/3085 3300/3300/3086
f 3301/3301/3087 3302/3302/3088 3303/3303/3089 3304/3304/3090
f 3305/3305/3091 3306/3306/3092 3307/3307/3093 3308/3308/3094
f 3309/3309/3095 3310/3310/3096 3311/3311/3097 3312/3312/3098
f 3313/3313/3099 3314/3314/3100 3315/3315/3101 3316/3316/3102
f 3317/3317/3103 3318/3318/3104 3319/3319/3105 3320/3320/3106
f 3321/3321/3107 3322/3322/3108 3323/3323/3109 3324/3324/3110
f 3325/3325/3111 3326/3326/3112 3327/3327/3113 3328/3328/3114
f 3329/3329/3115 3330/3330/3116 3331/3331/3117 3332/3332/3118
f 3333/3333/3119 3334/3334/3120 3335/3335/3121 3336/3336/3122
f 3337/3337/3123 3338/3338/3124 3339/3339/3125 3340/3340/3126
f 3341/3341/3127 3342/3342/3128 3343/3343/3129 3344/3344/3130
f 3345/3345/3131 3346/3346/3132 3347/3347/3133 3348/3348/3134
f 3349/3349/3135 3350/3350/3136 3351/3351/3137 3352/3352/3138
f 3353/3353/3139 3354/3354/3140 3355/3355/3141 3356/3356/3142
f 3357/3357/3143 3358/3358/3144 3359/3359/3145 3360/3360/3146
f 3361/3361/3147 3362/3362/3148 3363/3363/3149 3364/3364/3150
f 3365/3365/3151 3366/3366/3152 3367/3367/3153 3368/3368/3154
f 3369/3369/3155 3370/3370/3156 3371/3371/3157 3372/3372/3158
f 3373/3373/3159 3374/3374/3160 3375/3375/3161 3376/3376/3162
f 3377/3377/3163 3378/3378/3164 3379/3379/3165 3380/3380/3166
f 3381/3381/3167 3382/3382/3168 3383/3383/3169 3384/3384/3170
f 3385/3385/3171 3386/3386/3172 3387/3387/3173 3388/3388/3174
f 3389/3389/3175 3390/3390/3176 3391/3391/3177 3392/3392/3178
f 3393/3393/3179 3394/3394/3180 3395/3395/3181 3396/3396/3182
f 3397/3397/3183 3398/3398/3184 3399/3399/3185 3400/3400/3186
f 3401/3401/3187 3402/3402/3188 3403/3403/3189 3404/3404/3190
f 3405/3405/3191 3406/3406/3192 3407/3407/3193 3408/3408/3194
f 3409/3409/3195 3410/3410/3196 3411/3411/3197 3412/3412/3198
f 3413/3413/3199 3414/3414/3200 3415/3415/3201 3416/3416/3202
f 3417/3417/3203 3418/3418/3204 3419/3419/3205 3420/3420/3206
f 3421/3421/3207 3422/3422/3208 3423/3423/3209 3424/3424/3210
f 3425/3425/3211 3426/3426/3212 3427/3427/3213 3428/3428/3214
f 3429/3429/3215 3430/3430/3216 3431/3431/3217 3432/3432/3218
f 3433/3433/3219 3434/3434/3220 3435/3435/3221 3436/3436/3222
f 3437/3437/3223 3438/3438/3224 3439/3439/3225 3440/3440/3226
f 3441/3441/3227 3442/3442/3228 3443/3443/3229 3444/3444/3230
f 3445/3445/3231 3446/3446/3232 3447/3447/3233 3448/3448/3234
f 3449/3449/3235 3450/3450/3236 3451/3451/3237 3452/3452/3238
f 3453/3453/3239 3454/3454/3240 3455/3455/3241 3456/3456/3242
f 3457/3457/3243 3458/3458/3244 3459/3459/3245 3460/3460/3246
f 3461/3461/3247 3462/3462/3248 3463/3463/3249 3464/3464/3250
f 3465/3465/3251 3466/3466/3252 3467/3467/3253 3468/3468/3254
f 3469/3469/3255 3470/3470/3256 3471/3471/3257 3472/3472/3258
f 3473/3473/3259 3474/3474/3260 3475/3475/3261 3476/3476/3262
f 3477/3477/3263 3478/3478/3264 3479/3479/3265 3480/3480/3266
f 3481/3481/3267 3482/3482/3268 3483/3483/3269 3484/3484/3270
f 3485/3485/3271 3486/3486/3272 3487/3487/3273 3488/3488/3274
f 3489/3489/3275 3490/3490/3276 3491/3491/3277 3492/3492/3278
f 3493/3493/3279 3494/3494/3280 3495/3495/3281 3496/3496/3282
f 3497/3497/3283 3498/3498/3284 3499/3499/3285 3500/3500/3286
f 3501/3501/3287 3502/3502/3288 3503/3503/3289 3504/3504/3290
f 3505/3505/3291 3506/3506/3292 3507/3507/3293 3508/3508/3294
f 3509/3509/3295 3510/3510/3296 3511/3511/3297 3512/3512/3298
f 3513/3513/3299 3514/3514/3300 3515/3515/3301 3516/3516/3302
f 3517/3517/3303 3518/3518/3304 3519/3519/3305 3520/3520/3306
f 3521/3521/3307 3522/3522/3308 3523/3523/3309 3524/3524/3310
f 3525/3525/3311 3526/3526/3312 3527/3527/3313 3528/3528/3314
f 3529/3529/3315 3530/3530/3316 3531/3531/3317 3532/3532/3318
f 3533/3533/3319 3534/3534/3320 3535/3535/3321 3536/3536/3322
f 3537/3537/3323 3538/3538/3324 3539/3539/3325 3540/3540/3326
f 3541/3541/3327 3542/3542/3328 3543/3543/3329 3544/3544/3330
f 3545/3545/3331 3546/3546/3332 3547/3547/3333 3548/3548/3334
f 3549/3549/3335 3550/3550/3336 3551/3551/3337 3552/3552/3338
f 3553/3553/3339 3554/3554/3340 3555/3555/3341 3556/3556/3342
f 3557/3557/3343 3558/3558/3344 3559/3559/3345 3560/3560/3346
f 3561/3561/3347 3562/3562/3348 3563/3563/3349 3564/3564/3350
f 3565/3565/3351 3566/3566/3352 3567/3567/3353 3568/3568/3354
f 3569/3569/3355 3570/3570/3356 3571/3571/3357 3572/3572/3358
f 3573/3573/3359 3574/3574/3360 3575/3575/3361 3576/3576/3362
f 3577/3577/3363 3578/3578/3364 3579/3579/3365 3580/3580/3366
f 3581/3581/3367 3582/3582/3368 3583/3583/3369 3584/3584/3370
f 3585/3585/3371 3586/3586/3372 3587/3587/3373 3588/3588/3374
f 3589/3589/3375 3590/3590/3376 3591/3591/3377 3592/3592/3378
f 3593/3593/3379 3594/3594/3380 3595/3595/3381 3596/3596/3382
f 3597/3597/3383 3598/3598/3384 3599/3599/3385 3600/3600/3386
f 3601/3601/3387 3602/3602/3388 3603/3603/3389 3604/3604/3390
f 3605/3605/3391 3606/3606/3392 3607/3607/3393 3608/3608/3394
f 3609/3609/3395 3610/3610/3396 3611/3611/3397 3612/3612/3398
f 3613/3613/3399 3614/3614/3400 3615/3615/3401 3616/3616/3402
f 3617/3617/3403 3618/3618/3404 3619/3619/3405 3620/3620/3406
f 3621/3621/3407 3622/3622/3408 3623/3623/3409 3624/3624/3410
f 3625/3625/3411 3626/3626/3412 3627/3627/3413 3628/3628/3414
f 3629/3629/3415 3630/3630/3416 3631/3631/3417 3632/3632/3418
f 3633/3633/3419 3634/3634/3420 3635/3635/3421 3636/3636/3422
f 3637/3637/3423 3638/3638/3424 3639/3639/3425 3640/3640/3426
f 3641/3641/3427 3642/3642/3428 3643/3643/3429 3644/3644/3430
f 3645/3645/3431 3646/3646/3432 3647/3647/3433 3648/3648/3434
f 3649/3649/3435 3650/3650/3436 3651/3651/3437 3652/3652/3438
f 3653/3653/3439 3654/3654/3440 3655/3655/3441 3656/3656/3442
f 3657/3657/3443 3658/3658/3444 3659/3659/3445 3660/3660/3446
f 3661/3661/3447 3662/3662/3448 3663/3663/3449 3664/3664/3450
f 3665/3665/3451 3666/3666/3452 3667/3667/3453 3668/3668/3454
f 3669/3669/3455 3670/3670/3456 3671/3671/3457 3672/3672/3458
f 3673/3673/3459 3674/3674/3460 3675/3675/3461 3676/3676/3462
f 3677/3677/3463 3678/3678/3464 3679/3679/3465 3680/3680/3466
f 3681/3681/3467 3682/3682/3468 3683/3683/3469 3684/3684/3470
f 3685/3685/3471 3686/3686/3472 3687/3687/3473 3688/3688/3474
f 3689/3689/3475 3690/3690/3476 3691/3691/3477 3692/3692/3478
f 3693/3693/3479 3694/3694/3480 3695/3695/3481 3696/3696/3482
f 3697/3697/3483 3698/3698/3484 3699/3699/3485 3700/3700/3486
f 3701/3701/3487 3702/3702/3488 3703/3703/3489 3704/3704/3490
f 3705/3705/3491 3706/3706/3492 3707/3707/3493 3708/3708/3494
f 3709/3709/3495 3710/3710/3496 3711/3711/3497 3712/3712/3498
f 3713/3713/3499 3714/3714/3500 3715/3715/3501 3716/3716/3502
f 4005/4005/3791 4006/4006/3791 4007/4007/3791 4008/4008/3791
f 4009/4009/3792 4010/4010/3792 4011/4011/3792 4012/4012/3792
f 4013/4013/3793 4014/4014/3793 4015/4015/3793 4016/4016/3793
f 4017/4017/3794 4018/4018/3794 4019/4019/3794 4020/4020/3794
f 4021/4021/3795 4022/4022/3795 4023/4023/3795 4024/4024/3795
f 4025/4025/3796 4026/4026/3796 4027/4027/3796 4028/4028/3796
f 4573/4573/4341 4574/4574/4342 4575/4575/4343 4576/4576/4344
f 4577/4577/4345 4578/4578/4346 4579/4579/4347 4580/4580/4348
f 4581/4581/4349 4582/4582/4350 4583/4583/4351 4584/4584/4352
f 4585/4585/4353 4586/4586/4354 4587/4587/4355 4588/4588/4356
f 4589/4589/4357 4590/4590/4358 4591/4591/4359 4592/4592/4360
f 4593/4593/4361 4594/4594/4362 4595/4595/4363 4596/4596/4364
f 4597/4597/4365 4598/4598/4366 4599/4599/4367 4600/4600/4368
f 4601/4601/4369 4602/4602/4370 4603/4603/4371 4604/4604/4372
f 4605/4605/4373 4606/4606/4374 4607/4607/4375 4608/4608/4376
f 4609/4609/4377 4610/4610/4378 4611/4611/4379 4612/4612/4380
f 4613/4613/4381 4614/4614/4382 4615/4615/4383 4616/4616/4384
f 4617/4617/4385 4618/4618/4386 4619/4619/4387 4620/4620/4388
f 4621/4621/4389 4622/4622/4390 4623/4623/4391 4624/4624/4392
f 4625/4625/4393 4626/4626/4394 4627/4627/4395 4628/4628/4396
f 4629/4629/4397 4630/4630/4398 4631/4631/4399 4632/4632/4400
f 4633/4633/4401 4634/4634/4402 4635/4635/4403 4636/4636/4404
f 4637/4637/4405 4638/4638/4406 4639/4639/4407 4640/4640/4408
f 4641/4641/4409 4642/4642/4410 4643/4643/4411 4644/4644/4412
f 4645/4645/4413 4646/4646/4414 4647/4647/4415 4648/4648/4416
f 4649/4649/4417 4650/4650/4418 4651/4651/4419 4652/4652/4420
f 4653/4653/4421 4654/4654/4422 4655/4655/4423 4656/4656/4424
f 4657/4657/4425 4658/4658/4426 4659/4659/4427 4660/4660/4428
f 4661/4661/4429 4662/4662/4430 4663/4663/4431 4664/4664/4432
f 4665/4665/4433 4666/4666/4434 4667/4667/4435 4668/4668/4436
f 4669/4669/4437 4670/4670/4438 4671/4671/4439 4672/4672/4440
f 4673/4673/4441 4674/4674/4442 4675/4675/4443 4676/4676/4444
f 4677/4677/4445 4678/4678/4446 4679/4679/4447 4680/4680/4448
f 4681/4681/4449 4682/4682/4450 4683/4683/4451 4684/4684/4452
f 4685/4685/4453 4686/4686/4454 4687/4687/4455 4688/4688/4456
f 4689/4689/4457 4690/4690/4458 4691/4691/4459 4692/4692/4460
f 4693/4693/4461 4694/4694/4462 4695/4695/4463 4696/4696/4464
f 4697/4697/4465 4698/4698/4466 4699/4699/4467 4700/4700/4468
f 4701/4701/4469 4702/4702/4470 4703/4703/4471 4704/4704/4472
f 4705/4705/4473 4706/4706/4474 4707/4707/4475 4708/4708/4476
f 4709/4709/4477 4710/4710/4478 4711/4711/4479 4712/4712/4480
f 4713/4713/4481 4714/4714/4482 4715/4715/4483 4716/4716/4484
f 4717/4717/4485 4718/4718/4486 4719/4719/4487 4720/4720/4488
f 4721/4721/4489 4722/4722/4490 4723/4723/4491 4724/4724/4492
f 4725/4725/4493 4726/4726/4494 4727/4727/4495 4728/4728/4496
f 4729/4729/4497 4730/4730/4498 4731/4731/4499 4732/4732/4500
f 4733/4733/4501 4734/4734/4502 4735/4735/4503 4736/4736/4504
f 4737/4737/4505 4738/4738/4506 4739/4739/4507 4740/4740/4508
f 4741/4741/4509 4742/4742/4510 4743/4743/4511 4744/4744/4512
f 4745/4745/4513 4746/4746/4514 4747/4747/4515 4748/4748/4516
f 4749/4749/4517 4750/4750/4518 4751/4751/4519 4752/4752/4520
f 4753/4753/4521 4754/4754/4522 4755/4755/4523 4756/4756/4524
f 4757/4757/4525 4758/4758/4526 4759/4759/4527 4760/4760/4528
f 4761/4761/4529 4762/4762/4530 4763/4763/4531 4764/4764/4532
f 4765/4765/4533 4766/4766/4534 4767/4767/4535 4768/4768/4536
f 4769/4769/4537 4770/4770/4538 4771/4771/4539 4772/4772/4540
f 4773/4773/4541 4774/4774/4542 4775/4775/4543 4776/4776/4544
f 4777/4777/4545 4778/4778/4546 4779/4779/4547 4780/4780/4548
f 4781/4781/4549 4782/4782/4550 4783/4783/4551 4784/4784/4552
f 4785/4785/4553 4786/4786/4554 4787/4787/4555 4788/4788/4556
f 4789/4789/4557 4790/4790/4558 4791/4791/4559 4792/4792/4560
f 4793/4793/4561 4794/4794/4562 4795/4795/4563 4796/4796/4564
f 4797/4797/4565 4798/4798/4566 4799/4799/4567 4800/4800/4568
f 4801/4801/4569 4802/4802/4570 4803/4803/4571 4804/4804/4572
f 4805/4805/4573 4806/4806/4574 4807/4807/4575 4808/4808/4576
f 4809/4809/4577 4810/4810/4578 4811/4811/4579 4812/4812/4580
f 4813/4813/4581 4814/4814/4582 4815/4815/4583 4816/4816/4584
f 4817/4817/4585 4818/4818/4586 4819/4819/4587 4820/4820/4588
f 4821/4821/4589 4822/4822/4590 4823/4823/4591 4824/4824/4592
f 4825/4825/4593 4826/4826/4594 4827/4827/4595 4828/4828/4596
f 4829/4829/4597 4830/4830/4598 4831/4831/4599 4832/4832/4600
f 4833/4833/4601 4834/4834/4602 4835/4835/4603 4836/4836/4604
f 4837/4837/4605 4838/4838/4606 4839/4839/4607 4840/4840/4608
f 4841/4841/4609 4842/4842/4610 4843/4843/4611 4844/4844/4612
f 4845/4845/4613 4846/4846/4614 4847/4847/4615 4848/4848/4616
f 4849/4849/4617 4850/4850/4618 4851/4851/4619 4852/4852/4620
f 4853/4853/4621 4854/4854/4622 4855/4855/4623 4856/4856/4624
f 4857/4857/4625 4858/4858/4626 4859/4859/4627 4860/4860/4628
f 4861/4861/4629 4862/4862/4630 4863/4863/4631 4864/4864/4632
f 4865/4865/4633 4866/4866/4634 4867/4867/4635 4868/4868/4636
f 4869/4869/4637 4870/4870/4638 4871/4871/4639 4872/4872/4640
f 4873/4873/4641 4874/4874/4642 4875/4875/4643 4876/4876/4644
f 4877/4877/4645 4878/4878/4646 4879/4879/4647 4880/4880/4648
f 4881/4881/4649 4882/4882/4650 4883/4883/4651 4884/4884/4652
f 4885/4885/4653 4886/4886/4654 4887/4887/4655 4888/4888/4656
f 4889/4889/4657 4890/4890/4658 4891/4891/4659 4892/4892/4660
f 4893/4893/4661 4894/4894/4662 4895/4895/4663 4896/4896/4664
f 4897/4897/4665 4898/4898/4666 4899/4899/4667 4900/4900/4668
f 4901/4901/4669 4902/4902/4670 4903/4903/4671 4904/4904/4672
f 4905/4905/4673 4906/4906/4674 4907/4907/4675 4908/4908/4676
f 4909/4909/4677 4910/4910/4678 4911/4911/4679 4912/4912/4680
f 4913/4913/4681 4914/4914/4682 4915/4915/4683 4916/4916/4684
f 4917/4917/4685 4918/4918/4686 4919/4919/4687 4920/4920/4688
f 4921/4921/4689 4922/4922/4690 4923/4923/4691 4924/4924/4692
f 4925/4925/4693 4926/4926/4694 4927/4927/4695 4928/4928/4696
f 4929/4929/4697 4930/4930/4698 4931/4931/4699 4932/4932/4700
f 4933/4933/4701 4934/4934/4702 4935/4935/4703 4936/4936/4704
f 4937/4937/4705 4938/4938/4706 4939/4939/4707 4940/4940/4708
f 4941/4941/4709 4942/4942/4710 4943/4943/4711 4944/4944/4712
f 4945/4945/4713 4946/4946/4714 4947/4947/4715 4948/4948/4716
f 4949/4949/4717 4950/4950/4718 4951/4951/4719 4952/4952/4720
f 4953/4953/4721 4954/4954/4722 4955/4955/4723 4956/4956/4724
f 4957/4957/4725 4958/4958/4726 4959/4959/4727 4960/4960/4728
f 4961/4961/4729 4962/4962/4730 4963/4963/4731 4964/4964/4732
f 4965/4965/4733 4966/4966/4734 4967/4967/4735 4968/4968/4736
f 4969/4969/4737 4970/4970/4738 4971/4971/4739 4972/4972/4740
f 4973/4973/4741 4974/4974/4742 4975/4975/4743 4976/4976/4744
f 4977/4977/4745 4978/4978/4746 4979/4979/4747 4980/4980/4748
f 4981/4981/4749 4982/4982/4750 4983/4983/4751 4984/4984/4752
f 4985/4985/4753 4986/4986/4754 4987/4987/4755 4988/4988/4756
f 4989/4989/4757 4990/4990/4758 4991/4991/4759 4992/4992/4760
f 4993/4993/4761 4994/4994/4762 4995/4995/4763 4996/4996/4764
f 4997/4997/4765 4998/4998/4766 4999/4999/4767 5000/5000/4768
f 5001/5001/4769 5002/5002/4770 5003/5003/4771 5004/5004/4772
f 5005/5005/4773 5006/5006/4774 5007/5007/4775 5008/5008/4776
f 5009/5009/4777 5010/5010/4778 5011/5011/4779 5012/5012/4780
f 5013/5013/4781 5014/5014/4782 5015/5015/4783 5016/5016/4784
f 5017/5017/4785 5018/5018/4786 5019/5019/4787 5020/5020/4788
f 5021/5021/4789 5022/5022/4790 5023/5023/4791 5024/5024/4792
f 5025/5025/4793 5026/5026/4794 5027/5027/4795 5028/5028/4796
f 5029/5029/4797 5030/5030/4798 5031/5031/4799 5032/5032/4800
f 5033/5033/4801 5034/5034/4802 5035/5035/4803 5036/5036/4804
f 5037/5037/4805 5038/5038/4806 5039/5039/4807 5040/5040/4808
f 5041/5041/4809 5042/5042/4810 5043/5043/4811 5044/5044/4812
f 5045/5045/4813 5046/5046/4814 5047/5047/4815 5048/5048/4816
f 5049/5049/4817 5050/5050/4818 5051/5051/4819 5052/5052/4820
f 5341/5341/5109 5342/5342/5109 5343/5343/5109 5344/5344/5109
f 5345/5345/5110 5346/5346/5110 5347/5347/5110 5348/5348/5110
f 5349/5349/5111 5350/5350/5111 5351/5351/5111 5352/5352/5111
f 5353/5353/5112 5354/5354/5112 5355/5355/5112 5356/5356/5112
f 5357/5357/5113 5358/5358/5113 5359/5359/5113 5360/5360/5113
f 5361/5361/5114 5362/5362/5114 5363/5363/5114 5364/5364/5114
f 5621/5621/5371 5622/5622/5372 5623/5623/5373 5624/5624/5374
f 5625/5625/5375 5626/5626/5376 5627/5627/5377 5628/5628/5378
f 5629/5629/5379 5630/5630/5380 5631/5631/5381 5632/5632/5382
f 5633/5633/5383 5634/5634/5384 5635/5635/5385 5636/5636/5386
f 5637/5637/5387 5638/5638/5388 5639/5639/5389 5640/5640/5390
f 5641/5641/5391 5642/5642/5392 5643/5643/5393 5644/5644/5394
f 5645/5645/5395 5646/5646/5396 5647/5647/5397 5648/5648/5398
f 5649/5649/5399 5650/5650/5400 5651/5651/5401 5652/5652/5402
f 5653/5653/5403 5654/5654/5404 5655/5655/5405 5656/5656/5406
f 5657/5657/5407 5658/5658/5408 5659/5659/5409 5660/5660/5410
f 5661/5661/5411 5662/5662/5411 5663/5663/5411 5664/5664/5411 5665/5665/5411 5666/5666/5411 5667/5667/5411 5668/5668/5411 5669/5669/5411 5670/5670/5411
f 5671/5671/5412 5672/5672/5412 5673/5673/5412 5674/5674/5412 5675/5675/5412 5676/5676/5412 5677/5677/5412 5678/5678/5412 5679/5679/5412 5680/5680/5412
f 6129/6129/5861 6130/6130/5862 6131/6131/5863 6132/6132/5864
f 6133/6133/5865 6134/6134/5866 6135/6135/5867 6136/6136/5868
f 6137/6137/5869 6138/6138/5870 6139/6139/5871 6140/6140/5872
f 6141/6141/5873 6142/6142/5874 6143/6143/5875 6144/6144/5876
f 6145/6145/5877 6146/6146/5878 6147/6147/5879 6148/6148/5880
f 6149/6149/5881 6150/6150/5882 6151/6151/5883 6152/6152/5884
f 6153/6153/5885 6154/6154/5886 6155/6155/5887 6156/6156/5888
f 6157/6157/5889 6158/6158/5890 6159/6159/5891 6160/6160/5892
f 6161/6161/5893 6162/6162/5894 6163/6163/5895 6164/6164/5896
f 6165/6165/5897 6166/6166/5898 6167/6167/5899 6168/6168/5900
f 6169/6169/5901 6170/6170/5902 6171/6171/5903 6172/6172/5904
f 6173/6173/5905 6174/6174/5906 6175/6175/5907 6176/6176/5908
f 6177/6177/5909 6178/6178/5909 6179/6179/5909 6180/6180/5909 6181/6181/5909 6182/6182/5909 6183/6183/5909 6184/6184/5909 6185/6185/5909 6186/6186/5909 6187/6187/5909 6188/6188/5909
f 6189/6189/5910 6190/6190/5910 6191/6191/5910 6192/6192/5910 6193/6193/5910 6194/6194/5910 6195/6195/5910 6196/6196/5910 6197/6197/5910 6198/6198/5910 6199/6199/5910 6200/6200/5910
f 6201/6201/5911 6202/6202/5911 6203/6203/5911 6204/6204/5911
f 6205/6205/5912 6206/6206/5912 6207/6207/5912 6208/6208/5912
f 6209/6209/5913 6210/6210/5913 6211/6211/5913 6212/6212/5913
f 6213/6213/5914 6214/6214/5914 6215/6215/5914 6216/6216/5914
f 6217/6217/5915 6218/6218/5915 6219/6219/5915 6220/6220/5915
f 6221/6221/5916 6222/6222/5916 6223/6223/5916 6224/6224/5916
f 6225/6225/5917 6226/6226/5917 6227/6227/5917 6228/6228/5917
f 6229/6229/5918 6230/6230/5918 6231/6231/5918 6232/6232/5918
f 6233/6233/5919 6234/6234/5919 6235/6235/5919 6236/6236/5919
f 6237/6237/5920 6238/6238/5920 6239/6239/5920 6240/6240/5920
f 6241/6241/5921 6242/6242/5921 6243/6243/5921 6244/6244/5921
f 6245/6245/5922 6246/6246/5922 6247/6247/5922 6248/6248/5922
f 6249/6249/5923 6250/6250/5923 6251/6251/5923 6252/6252/5923
f 6253/6253/5924 6254/6254/5924 6255/6255/5924 6256/6256/5924
f 6257/6257/5925 6258/6258/5925 6259/6259/5925 6260/6260/5925
f 6261/6261/5926 6262/6262/5926 6263/6263/5926 6264/6264/5926
f 6265/6265/5927 6266/6266/5927 6267/6267/5927 6268/6268/5927
f 6269/6269/5928 6270/6270/5928 6271/6271/5928 6272/6272/5928
f 6273/6273/5929 6274/6274/5929 6275/6275/5929
f 6276/6276/5930 6277/6277/5930 6278/6278/5930
f 6279/6279/5931 6280/6280/5931 6281/6281/5931
f 6282/6282/5932 6283/6283/5932 6284/6284/5932
f 6285/6285/5933 6286/6286/5933 6287/6287/5933
f 6288/6288/5934 6289/6289/5934 6290/6290/5934
f 6291/6291/5935 6292/6292/5935 6293/6293/5935
f 6294/6294/5936 6295/6295/5936 6296/6296/5936
usemtl steel
f 217/217/57 218/218/58 219/219/59 220/220/60
f 221/221/61 222/222/62 223/223/63 224/224/64
f 225/225/65 226/226/66 227/227/67 228/228/68
f 229/229/69 230/230/70 231/231/71 232/232/72
f 233/233/73 234/234/74 235/235/75 236/236/76
f 237/237/77 238/238/78 239/239/79 240/240/80
f 241/241/81 242/242/82 243/243/83 244/244/84
f 245/245/85 246/246/86 247/247/87 248/248/88
f 249/249/89 250/250/90 251/251/91 252/252/92
f 253/253/93 254/254/94 255/255/95 256/256/96
f 257/257/97 258/258/98 259/259/99 260/260/100
f 261/261/101 262/262/102 263/263/103 264/264/104
f 265/265/105 266/266/106 267/267/107 268/268/108
f 269/269/109 270/270/110 271/271/111 272/272/112
f 273/273/113 274/274/114 275/275/115 276/276/116
f 277/277/117 278/278/118 279/279/119 280/280/120
f 281/281/121 282/282/122 283/283/123 284/284/124
f 285/285/125 286/286/126 287/287/127 288/288/128
f 289/289/129 290/290/130 291/291/131 292/292/132
f 293/293/133 294/294/134 295/295/135 296/296/136
f 297/297/137 298/298/138 299/299/139 300/300/140
f 301/301/141 302/302/142 303/303/143 304/304/144
f 305/305/145 306/306/146 307/307/147 308/308/148
f 309/309/149 310/310/150 311/311/151 312/312/152
f 313/313/153 314/314/154 315/315/155 316/316/156
f 317/317/157 318/318/158 319/319/159 320/320/160
f 321/321/161 322/322/162 323/323/163 324/324/164
f 325/325/165 326/326/166 327/327/167 328/328/168
f 329/329/169 330/330/170 331/331/171 332/332/172
f 333/333/173 334/334/174 335/335/175 336/336/176
f 337/337/177 338/338/178 339/339/179 340/340/180
f 341/341/181 342/342/182 343/343/183 344/344/184
f 345/345/185 346/346/186 347/347/187 348/348/188
f 349/349/189 350/350/190 351/351/191 352/352/192
f 353/353/193 354/354/194 355/355/195 356/356/196
f 357/357/197 358/358/198 359/359/199 360/360/200
f 361/361/201 362/362/202 363/363/203 364/364/204
f 365/365/205 366/366/206 367/367/207 368/368/208
f 369/369/209 370/370/210 371/371/211 372/372/212
f 373/373/213 374/374/214 375/375/215 376/376/216
f 377/377/217 378/378/218 379/379/219 380/380/220
f 381/381/221 382/382/222 383/383/223 384/384/224
f 385/385/225 386/386/226 387/387/227 388/388/228
f 389/389/229 390/390/230 391/391/231 392/392/232
f 393/393/233 394/394/234 395/395/235 396/396/236
f 397/397/237 398/398/238 399/399/239 400/400/240
f 401/401/241 402/402/242 403/403/243 404/404/244
f 405/405/245 406/406/246 407/407/247 408/408/248
f 409/409/249 410/410/250 411/411/251 412/412/252
f 413/413/253 414/414/254 415/415/255 416/416/256
f 417/417/257 418/418/258 419/419/259 420/420/260
f 421/421/261 422/422/262 423/423/263 424/424/264
f 425/425/265 426/426/266 427/427/267 428/428/268
f 429/429/269 430/430/270 431/431/271 432/432/272
f 433/433/273 434/434/274 435/435/275 436/436/276
f 437/437/277 438/438/278 439/439/279 440/440/280
f 441/441/281 442/442/282 443/443/283 444/444/284
f 445/445/285 446/446/286 447/447/287 448/448/288
f 449/449/289 450/450/290 451/451/291 452/452/292
f 453/453/293 454/454/294 455/455/295 456/456/296
f 457/457/297 458/458/298 459/459/299 460/460/300
f 461/461/301 462/462/302 463/463/303 464/464/304
f 465/465/305 466/466/306 467/467/307 468/468/308
f 469/469/309 470/470/310 471/471/311 472/472/312
f 473/473/313 474/474/314 475/475/315 476/476/316
f 477/477/317 478/478/318 479/479/319 480/480/320
f 481/481/321 482/482/322 483/483/323 484/484/324
f 485/485/325 486/486/326 487/487/327 488/488/328
f 489/489/329 490/490/330 491/491/331 492/492/332
f 493/493/333 494/494/334 495/495/335 496/496/336
f 497/497/337 498/498/338 499/499/339 500/500/340
f 501/501/341 502/502/342 503/503/343 504/504/344
f 985/985/825 986/986/826 987/987/827 988/988/828
f 989/989/829 990/990/830 991/991/831 992/992/832
f 993/993/833 994/994/834 995/995/835 996/996/836
f 997/997/837 998/998/838 999/999/839 1000/1000/840
f 1001/1001/841 1002/1002/842 1003/1003/843 1004/1004/844
f 1005/1005/845 1006/1006/846 1007/1007/847 1008/1008/848
f 1009/1009/849 1010/1010/850 1011/1011/851 1012/1012/852
f 1013/1013/853 1014/1014/854 1015/1015/855 1016/1016/856
f 1017/1017/857 1018/1018/858 1019/1019/859 1020/1020/860
f 1021/1021/861 1022/1022/862 1023/1023/863 1024/1024/864
f 1025/1025/865 1026/1026/866 1027/1027/867 1028/1028/868
f 1029/1029/869 1030/1030/870 1031/1031/871 1032/1032/872
f 1033/1033/873 1034/1034/874 1035/1035/875 1036/1036/876
f 1037/1037/877 1038/1038/878 1039/1039/879 1040/1040/880
f 1041/1041/881 1042/1042/882 1043/1043/883 1044/1044/884
f 1045/1045/885 1046/1046/886 1047/1047/887 1048/1048/888
f 1049/1049/889 1050/1050/890 1051/1051/891 1052/1052/892
f 1053/1053/893 1054/1054/894 1055/1055/895 1056/1056/896
f 1057/1057/897 1058/1058/898 1059/1059/899 1060/1060/900
f 1061/1061/901 1062/1062/902 1063/1063/903 1064/1064/904
f 1065/1065/905 1066/1066/906 1067/1067/907 1068/1068/908
f 1069/1069/909 1070/1070/910 1071/1071/911 1072/1072/912
f 1073/1073/913 1074/1074/914 1075/1075/915 1076/1076/916
f 1077/1077/917 1078/1078/918 1079/1079/919 1080/1080/920
f 1081/1081/921 1082/1082/922 1083/1083/923 1084/1084/924
f 1085/1085/925 1086/1086/926 1087/1087/927 1088/1088/928
f 1089/1089/929 1090/1090/930 1091/1091/931 1092/1092/932
f 1093/1093/933 1094/1094/934 1095/1095/935 1096/1096/936
f 1097/1097/937 1098/1098/938 1099/1099/939 1100/1100/940
f 1101/1101/941 1102/1102/942 1103/1103/943 1104/1104/944
f 1105/1105/945 1106/1106/946 1107/1107/947 1108/1108/948
f 1109/1109/949 1110/1110/950 1111/1111/951 1112/1112/952
f 1113/1113/953 1114/1114/954 1115/1115/955 1116/1116/956
f 1117/1117/957 1118/1118/958 1119/1119/959 1120/1120/960
f 1121/1121/961 1122/1122/962 1123/1123/963 1124/1124/964
f 1125/1125/965 1126/1126/966 1127/1127/967 1128/1128/968
f 1129/1129/969 1130/1130/970 1131/1131/971 1132/1132/972
f 1133/1133/973 1134/1134/974 1135/1135/975 1136/1136/976
f 1137/1137/977 1138/1138/978 1139/1139/979 1140/1140/980
f 1141/1141/981 1142/1142/982 1143/1143/983 1144/1144/984
f 1145/1145/985 1146/1146/986 1147/1147/987 1148/1148/988
f 1149/1149/989 1150/1150/990 1151/1151/991 1152/1152/992
f 1153/1153/993 1154/1154/994 1155/1155/995 1156/1156/996
f 1157/1157/997 1158/1158/998 1159/1159/999 1160/1160/1000
f 1161/1161/1001 1162/1162/1002 1163/1163/1003 1164/1164/1004
f 1165/1165/1005 1166/1166/1006 1167/1167/1007 1168/1168/1008
f 1169/1169/1009 1170/1170/1010 1171/1171/1011 1172/1172/1012
f 1173/1173/1013 1174/1174/1014 1175/1175/1015 1176/1176/1016
f 1177/1177/1017 1178/1178/1018 1179/1179/1019 1180/1180/1020
f 1181/1181/1021 1182/1182/1022 1183/1183/1023 1184/1184/1024
f 1185/1185/1025 1186/1186/1026 1187/1187/1027 1188/1188/1028
f 1189/1189/1029 1190/1190/1030 1191/1191/1031 1192/1192/1032
f 1193/1193/1033 1194/1194/1034 1195/1195/1035 1196/1196/1036
f 1197/1197/1037 1198/1198/1038 1199/1199/1039 1200/1200/1040
f 1201/1201/1041 1202/1202/1042 1203/1203/1043 1204/1204/1044
f 1205/1205/1045 1206/1206/1046 1207/1207/1047 1208/1208/1048
f 1209/1209/1049 1210/1210/1050 1211/1211/1051 1212/1212/1052
f 1213/1213/1053 1214/1214/1054 1215/1215/1055 1216/1216/1056
f 1217/1217/1057 1218/1218/1058 1219/1219/1059 1220/1220/1060
f 1221/1221/1061 1222/1222/1062 1223/1223/1063 1224/1224/1064
f 1225/1225/1065 1226/1226/1066 1227/1227/1067 1228/1228/1068
f 1229/1229/1069 1230/1230/1070 1231/1231/1071 1232/1232/1072
f 1233/1233/1073 1234/1234/1074 1235/1235/1075 1236/1236/1076
f 1237/1237/1077 1238/1238/1078 1239/1239/1079 1240/1240/1080
f 1241/1241/1081 1242/1242/1082 1243/1243/1083 1244/1244/1084
f 1245/1245/1085 1246/1246/1086 1247/1247/1087 1248/1248/1088
f 1249/1249/1089 1250/1250/1090 1251/1251/1091 1252/1252/1092
f 1253/1253/1093 1254/1254/1094 1255/1255/1095 1256/1256/1096
f 1257/1257/1097 1258/1258/1098 1259/1259/1099 1260/1260/1100
f 1261/1261/1101 1262/1262/1102 1263/1263/1103 1264/1264/1104
f 1265/1265/1105 1266/1266/1106 1267/1267/1107 1268/1268/1108
f 1269/1269/1109 1270/1270/1110 1271/1271/1111 1272/1272/1112
f 1553/1553/1375 1554/1554/1376 1555/1555/1377 1556/1556/1378
f 1557/1557/1379 1558/1558/1380 1559/1559/1381 1560/1560/1382
f 1561/1561/1383 1562/1562/1384 1563/1563/1385 1564/1564/1386
f 1565/1565/1387 1566/1566/1388 1567/1567/1389 1568/1568/1390
f 1569/1569/1391 1570/1570/1392 1571/1571/1393 1572/1572/1394
f 1573/1573/1395 1574/1574/1396 1575/1575/1397 1576/1576/1398
f 1577/1577/1399 1578/1578/1400 1579/1579/1401 1580/1580/1402
f 1581/1581/1403 1582/1582/1404 1583/1583/1405 1584/1584/1406
f 1585/1585/1407 1586/1586/1408 1587/1587/1409 1588/1588/1410
f 1589/1589/1411 1590/1590/1412 1591/1591/1413 1592/1592/1414
f 1593/1593/1415 1594/1594/1416 1595/1595/1417 1596/1596/1418
f 1597/1597/1419 1598/1598/1420 1599/1599/1421 1600/1600/1422
f 1601/1601/1423 1602/1602/1424 1603/1603/1425 1604/1604/1426
f 1605/1605/1427 1606/1606/1428 1607/1607/1429 1608/1608/1430
f 1609/1609/1431 1610/1610/1432 1611/1611/1433 1612/1612/1434
f 1613/1613/1435 1614/1614/1436 1615/1615/1437 1616/1616/1438
f 1617/1617/1439 1618/1618/1440 1619/1619/1441 1620/1620/1442
f 1621/1621/1443 1622/1622/1444 1623/1623/1445 1624/1624/1446
f 1625/1625/1447 1626/1626/1448 1627/1627/1449 1628/1628/1450
f 1629/1629/1451 1630/1630/1452 1631/1631/1453 1632/1632/1454
f 1633/1633/1455 1634/1634/1456 1635/1635/1457 1636/1636/1458
f 1637/1637/1459 1638/1638/1460 1639/1639/1461 1640/1640/1462
f 1641/1641/1463 1642/1642/1464 1643/1643/1465 1644/1644/1466
f 1645/1645/1467 1646/1646/1468 1647/1647/1469 1648/1648/1470
f 1649/1649/1471 1650/1650/1472 1651/1651/1473 1652/1652/1474
f 1653/1653/1475 1654/1654/1476 1655/1655/1477 1656/1656/1478
f 1657/1657/1479 1658/1658/1480 1659/1659/1481 1660/1660/1482
f 1661/1661/1483 1662/1662/1484 1663/1663/1485 1664/1664/1486
f 1665/1665/1487 1666/1666/1488 1667/1667/1489 1668/1668/1490
f 1669/1669/1491 1670/1670/1492 1671/1671/1493 1672/1672/1494
f 1673/1673/1495 1674/1674/1496 1675/1675/1497 1676/1676/1498
f 1677/1677/1499 1678/1678/1500 1679/1679/1501 1680/1680/1502
f 1681/1681/1503 1682/1682/1504 1683/1683/1505 1684/1684/1506
f 1685/1685/1507 1686/1686/1508 1687/1687/1509 1688/1688/1510
f 1689/1689/1511 1690/1690/1512 1691/1691/1513 1692/1692/1514
f 1693/1693/1515 1694/1694/1516 1695/1695/1517 1696/1696/1518
f 1697/1697/1519 1698/1698/1520 1699/1699/1521 1700/1700/1522
f 1701/1701/1523 1702/1702/1524 1703/1703/1525 1704/1704/1526
f 1705/1705/1527 1706/1706/1528 1707/1707/1529 1708/1708/1530
f 1709/1709/1531 1710/1710/1532 1711/1711/1533 1712/1712/1534
f 1713/1713/1535 1714/1714/1536 1715/1715/1537 1716/1716/1538
f 1717/1717/1539 1718/1718/1540 1719/1719/1541 1720/1720/1542
f 1721/1721/1543 1722/1722/1544 1723/1723/1545 1724/1724/1546
f 1725/1725/1547 1726/1726/1548 1727/1727/1549 1728/1728/1550
f 1729/1729/1551 1730/1730/1552 1731/1731/1553 1732/1732/1554
f 1733/1733/1555 1734/1734/1556 1735/1735/1557 1736/1736/1558
f 1737/1737/1559 1738/1738/1560 1739/1739/1561 1740/1740/1562
f 1741/1741/1563 1742/1742/1564 1743/1743/1565 1744/1744/1566
f 1745/1745/1567 1746/1746/1568 1747/1747/1569 1748/1748/1570
f 1749/1749/1571 1750/1750/1572 1751/1751/1573 1752/1752/1574
f 1753/1753/1575 1754/1754/1576 1755/1755/1577 1756/1756/1578
f 1757/1757/1579 1758/1758/1580 1759/1759/1581 1760/1760/1582
f 1761/1761/1583 1762/1762/1584 1763/1763/1585 1764/1764/1586
f 1765/1765/1587 1766/1766/1588 1767/1767/1589 1768/1768/1590
f 1769/1769/1591 1770/1770/1592 1771/1771/1593 1772/1772/1594
f 1773/1773/1595 1774/1774/1596 1775/1775/1597 1776/1776/1598
f 1777/1777/1599 1778/1778/1600 1779/1779/1601 1780/1780/1602
f 1781/1781/1603 1782/1782/1604 1783/1783/1605 1784/1784/1606
f 1785/1785/1607 1786/1786/1608 1787/1787/1609 1788/1788/1610
f 1789/1789/1611 1790/1790/1612 1791/1791/1613 1792/1792/1614
f 1793/1793/1615 1794/1794/1616 1795/1795/1617 1796/1796/1618
f 1797/1797/1619 1798/1798/1620 1799/1799/1621 1800/1800/1622
f 1801/1801/1623 1802/1802/1624 1803/1803/1625 1804/1804/1626
f 1805/1805/1627 1806/1806/1628 1807/1807/1629 1808/1808/1630
f 1809/1809/1631 1810/1810/1632 1811/1811/1633 1812/1812/1634
f 1813/1813/1635 1814/1814/1636 1815/1815/1637 1816/1816/1638
f 1817/1817/1639 1818/1818/1640 1819/1819/1641 1820/1820/1642
f 1821/1821/1643 1822/1822/1644 1823/1823/1645 1824/1824/1646
f 1825/1825/1647 1826/1826/1648 1827/1827/1649 1828/1828/1650
f 1829/1829/1651 1830/1830/1652 1831/1831/1653 1832/1832/1654
f 1833/1833/1655 1834/1834/1656 1835/1835/1657 1836/1836/1658
f 1837/1837/1659 1838/1838/1660 1839/1839/1661 1840/1840/1662
f 2321/2321/2143 2322/2322/2144 2323/2323/2145 2324/2324/2146
f 2325/2325/2147 2326/2326/2148 2327/2327/2149 2328/2328/2150
f 2329/2329/2151 2330/2330/2152 2331/2331/2153 2332/2332/2154
f 2333/2333/2155 2334/2334/2156 2335/2335/2157 2336/2336/2158
f 2337/2337/2159 2338/2338/2160 2339/2339/2161 2340/2340/2162
f 2341/2341/2163 2342/2342/2164 2343/2343/2165 2344/2344/2166
f 2345/2345/2167 2346/2346/2168 2347/2347/2169 2348/2348/2170
f 2349/2349/2171 2350/2350/2172 2351/2351/2173 2352/2352/2174
f 2353/2353/2175 2354/2354/2176 2355/2355/2177 2356/2356/2178
f 2357/2357/2179 2358/2358/2180 2359/2359/2181 2360/2360/2182
f 2361/2361/2183 2362/2362/2184 2363/2363/2185 2364/2364/2186
f 2365/2365/2187 2366/2366/2188 2367/2367/2189 2368/2368/2190
f 2369/2369/2191 2370/2370/2192 2371/2371/2193 2372/2372/2194
f 2373/2373/2195 2374/2374/2196 2375/2375/2197 2376/2376/2198
f 2377/2377/2199 2378/2378/2200 2379/2379/2201 2380/2380/2202
f 2381/2381/2203 2382/2382/2204 2383/2383/2205 2384/2384/2206
f 2385/2385/2207 2386/2386/2208 2387/2387/2209 2388/2388/2210
f 2389/2389/2211 2390/2390/2212 2391/2391/2213 2392/2392/2214
f 2393/2393/2215 2394/2394/2216 2395/2395/2217 2396/2396/2218
f 2397/2397/2219 2398/2398/2220 2399/2399/2221 2400/2400/2222
f 2401/2401/2223 2402/2402/2224 2403/2403/2225 2404/2404/2226
f 2405/2405/2227 2406/2406/2228 2407/2407/2229 2408/2408/2230
f 2409/2409/2231 2410/2410/2232 2411/2411/2233 2412/2412/2234
f 2413/2413/2235 2414/2414/2236 2415/2415/2237 2416/2416/2238
f 2417/2417/2239 2418/2418/2240 2419/2419/2241 2420/2420/2242
f 2421/2421/2243 2422/2422/2244 2423/2423/2245 2424/2424/2246
f 2425/2425/2247 2426/2426/2248 2427/2427/2249 2428/2428/2250
f 2429/2429/2251 2430/2430/2252 2431/2431/2253 2432/2432/2254
f 2433/2433/2255 2434/2434/2256 2435/2435/2257 2436/2436/2258
f 2437/2437/2259 2438/2438/2260 2439/2439/2261 2440/2440/2262
f 2441/2441/2263 2442/2442/2264 2443/2443/2265 2444/2444/2266
f 2445/2445/2267 2446/2446/2268 2447/2447/2269 2448/2448/2270
f 2449/2449/2271 2450/2450/2272 2451/2451/2273 2452/2452/2274
f 2453/2453/2275 2454/2454/2276 2455/2455/2277 2456/2456/2278
f 2457/2457/2279 2458/2458/2280 2459/2459/2281 2460/2460/2282
f 2461/2461/2283 2462/2462/2284 2463/2463/2285 2464/2464/2286
f 2465/2465/2287 2466/2466/2288 2467/2467/2289 2468/2468/2290
f 2469/2469/2291 2470/2470/2292 2471/2471/2293 2472/2472/2294
f 2473/2473/2295 2474/2474/2296 2475/2475/2297 2476/2476/2298
f 2477/2477/2299 2478/2478/2300 2479/2479/2301 2480/2480/2302
f 2481/2481/2303 2482/2482/2304 2483/2483/2305 2484/2484/2306
f 2485/2485/2307 2486/2486/2308 2487/2487/2309 2488/2488/2310
f 2489/2489/2311 2490/2490/2312 2491/2491/2313 2492/2492/2314
f 2493/2493/2315 2494/2494/2316 2495/2495/2317 2496/2496/2318
f 2497/2497/2319 2498/2498/2320 2499/2499/2321 2500/2500/2322
f 2501/2501/2323 2502/2502/2324 2503/2503/2325 2504/2504/2326
f 2505/2505/2327 2506/2506/2328 2507/2507/2329 2508/2508/2330
f 2509/2509/2331 2510/2510/2332 2511/2511/2333 2512/2512/2334
f 2513/2513/2335 2514/2514/2336 2515/2515/2337 2516/2516/2338
f 2517/2517/2339 2518/2518/2340 2519/2519/2341 2520/2520/2342
f 2521/2521/2343 2522/2522/2344 2523/2523/2345 2524/2524/2346
f 2525/2525/2347 2526/2526/2348 2527/2527/2349 2528/2528/2350
f 2529/2529/2351 2530/2530/2352 2531/2531/2353 2532/2532/2354
f 2533/2533/2355 2534/2534/2356 2535/2535/2357 2536/2536/2358
f 2537/2537/2359 2538/2538/2360 2539/2539/2361 2540/2540/2362
f 2541/2541/2363 2542/2542/2364 2543/2543/2365 2544/2544/2366
f 2545/2545/2367 2546/2546/2368 2547/2547/2369 2548/2548/2370
f 2549/2549/2371 2550/2550/2372 2551/2551/2373 2552/2552/2374
f 2553/2553/2375 2554/2554/2376 2555/2555/2377 2556/2556/2378
f 2557/2557/2379 2558/2558/2380 2559/2559/2381 2560/2560/2382
f 2561/2561/2383 2562/2562/2384 2563/2563/2385 2564/2564/2386
f 2565/2565/2387 2566/2566/2388 2567/2567/2389 2568/2568/2390
f 2569/2569/2391 2570/2570/2392 2571/2571/2393 2572/2572/2394
f 2573/2573/2395 2574/2574/2396 2575/2575/2397 2576/2576/2398
f 2577/2577/2399 2578/2578/2400 2579/2579/2401 2580/2580/2402
f 2581/2581/2403 2582/2582/2404 2583/2583/2405 2584/2584/2406
f 2585/2585/2407 2586/2586/2408 2587/2587/2409 2588/2588/2410
f 2589/2589/2411 2590/2590/2412 2591/2591/2413 2592/2592/2414
f 2593/2593/2415 2594/2594/2416 2595/2595/2417 2596/2596/2418
f 2597/2597/2419 2598/2598/2420 2599/2599/2421 2600/2600/2422
f 2601/2601/2423 2602/2602/2424 2603/2603/2425 2604/2604/2426
f 2605/2605/2427 2606/2606/2428 2607/2607/2429 2608/2608/2430
f 2949/2949/2735 2950/2950/2736 2951/2951/2737 2952/2952/2738
f 2953/2953/2739 2954/2954/2740 2955/2955/2741 2956/2956/2742
f 2957/2957/2743 2958/2958/2744 2959/2959/2745 2960/2960/2746
f 2961/2961/2747 2962/2962/2748 2963/2963/2749 2964/2964/2750
f 2965/2965/2751 2966/2966/2752 2967/2967/2753 2968/2968/2754
f 2969/2969/2755 2970/2970/2756 2971/2971/2757 2972/2972/2758
f 2973/2973/2759 2974/2974/2760 2975/2975/2761 2976/2976/2762
f 2977/2977/2763 2978/2978/2764 2979/2979/2765 2980/2980/2766
f 2981/2981/2767 2982/2982/2768 2983/2983/2769 2984/2984/2770
f 2985/2985/2771 2986/2986/2772 2987/2987/2773 2988/2988/2774
f 2989/2989/2775 2990/2990/2776 2991/2991/2777 2992/2992/2778
f 2993/2993/2779 2994/2994/2780 2995/2995/2781 2996/2996/2782
f 2997/2997/2783 2998/2998/2784 2999/2999/2785 3000/3000/2786
f 3001/3001/2787 3002/3002/2788 3003/3003/2789 3004/3004/2790
f 3005/3005/2791 3006/3006/2792 3007/3007/2793 3008/3008/2794
f 3009/3009/2795 3010/3010/2796 3011/3011/2797 3012/3012/2798
f 3013/3013/2799 3014/3014/2800 3015/3015/2801 3016/3016/2802
f 3017/3017/2803 3018/3018/2804 3019/3019/2805 3020/3020/2806
f 3021/3021/2807 3022/3022/2808 3023/3023/2809 3024/3024/2810
f 3025/3025/2811 3026/3026/2812 3027/3027/2813 3028/3028/2814
f 3029/3029/2815 3030/3030/2816 3031/3031/2817 3032/3032/2818
f 3033/3033/2819 3034/3034/2820 3035/3035/2821 3036/3036/2822
f 3037/3037/2823 3038/3038/2824 3039/3039/2825 3040/3040/2826
f 3041/3041/2827 3042/3042/2828 3043/3043/2829 3044/3044/2830
f 3045/3045/2831 3046/3046/2832 3047/3047/2833 3048/3048/2834
f 3049/3049/2835 3050/3050/2836 3051/3051/2837 3052/3052/2838
f 3053/3053/2839 3054/3054/2840 3055/3055/2841 3056/3056/2842
f 3057/3057/2843 3058/3058/2844 3059/3059/2845 3060/3060/2846
f 3061/3061/2847 3062/3062/2848 3063/3063/2849 3064/3064/2850
f 3065/3065/2851 3066/3066/2852 3067/3067/2853 3068/3068/2854
f 3069/3069/2855 3070/3070/2856 3071/3071/2857 3072/3072/2858
f 3073/3073/2859 3074/3074/2860 3075/3075/2861 3076/3076/2862
f 3077/3077/2863 3078/3078/2864 3079/3079/2865 3080/3080/2866
f 3081/3081/2867 3082/3082/2868 3083/3083/2869 3084/3084/2870
f 3085/3085/2871 3086/3086/2872 3087/3087/2873 3088/3088/2874
f 3089/3089/2875 3090/3090/2876 3091/3091/2877 3092/3092/2878
f 3093/3093/2879 3094/3094/2880 3095/3095/2881 3096/3096/2882
f 3097/3097/2883 3098/3098/2884 3099/3099/2885 3100/3100/2886
f 3101/3101/2887 3102/3102/2888 3103/3103/2889 3104/3104/2890
f 3105/3105/2891 3106/3106/2892 3107/3107/2893 3108/3108/2894
f 3109/3109/2895 3110/3110/2896 3111/3111/2897 3112/3112/2898
f 3113/3113/2899 3114/3114/2900 3115/3115/2901 3116/3116/2902
f 3117/3117/2903 3118/3118/2904 3119/3119/2905 3120/3120/2906
f 3121/3121/2907 3122/3122/2908 3123/3123/2909 3124/3124/2910
f 3125/3125/2911 3126/3126/2912 3127/3127/2913 3128/3128/2914
f 3129/3129/2915 3130/3130/2916 3131/3131/2917 3132/3132/2918
f 3133/3133/2919 3134/3134/2920 3135/3135/2921 3136/3136/2922
f 3137/3137/2923 3138/3138/2924 3139/3139/2925 3140/3140/2926
f 3141/3141/2927 3142/3142/2928 3143/3143/2929 3144/3144/2930
f 3145/3145/2931 3146/3146/2932 3147/3147/2933 3148/3148/2934
f 3149/3149/2935 3150/3150/2936 3151/3151/2937 3152/3152/2938
f 3153/3153/2939 3154/3154/2940 3155/3155/2941 3156/3156/2942
f 3157/3157/2943 3158/3158/2944 3159/3159/2945 3160/3160/2946
f 3161/3161/2947 3162/3162/2948 3163/3163/2949 3164/3164/2950
f 3165/3165/2951 3166/3166/2952 3167/3167/2953 3168/3168/2954
f 3169/3169/2955 3170/3170/2956 3171/3171/2957 3172/3172/2958
f 3173/3173/2959 3174/3174/2960 3175/3175/2961 3176/3176/2962
f 3177/3177/2963 3178/3178/2964 3179/3179/2965 3180/3180/2966
f 3181/3181/2967 3182/3182/2968 3183/3183/2969 3184/3184/2970
f 3185/3185/2971 3186/3186/2972 3187/3187/2973 3188/3188/2974
f 3189/3189/2975 3190/3190/2976 3191/3191/2977 3192/3192/2978
f 3193/3193/2979 3194/3194/2980 3195/3195/2981 3196/3196/2982
f 3197/3197/2983 3198/3198/2984 3199/3199/2985 3200/3200/2986
f 3201/3201/2987 3202/3202/2988 3203/3203/2989 3204/3204/2990
f 3205/3205/2991 3206/3206/2992 3207/3207/2993 3208/3208/2994
f 3209/3209/2995 3210/3210/2996 3211/3211/2997 3212/3212/2998
f 3213/3213/2999 3214/3214/3000 3215/3215/3001 3216/3216/3002
f 3217/3217/3003 3218/3218/3004 3219/3219/3005 3220/3220/3006
f 3221/3221/3007 3222/3222/3008 3223/3223/3009 3224/3224/3010
f 3225/3225/3011 3226/3226/3012 3227/3227/3013 3228/3228/3014
f 3229/3229/3015 3230/3230/3016 3231/3231/3017 3232/3232/3018
f 3233/3233/3019 3234/3234/3020 3235/3235/3021 3236/3236/3022
f 3717/3717/3503 3718/3718/3504 3719/3719/3505 3720/3720/3506
f 3721/3721/3507 3722/3722/3508 3723/3723/3509 3724/3724/3510
f 3725/3725/3511 3726/3726/3512 3727/3727/3513 3728/3728/3514
f 3729/3729/3515 3730/3730/3516 3731/3731/3517 3732/3732/3518
f 3733/3733/3519 3734/3734/3520 3735/3735/3521 3736/3736/3522
f 3737/3737/3523 3738/3738/3524 3739/3739/3525 3740/3740/3526
f 3741/3741/3527 3742/3742/3528 3743/3743/3529 3744/3744/3530
f 3745/3745/3531 3746/3746/3532 3747/3747/3533 3748/3748/3534
f 3749/3749/3535 3750/3750/3536 3751/3751/3537 3752/3752/3538
f 3753/3753/3539 3754/3754/3540 3755/3755/3541 3756/3756/3542
f 3757/3757/3543 3758/3758/3544 3759/3759/3545 3760/3760/3546
f 3761/3761/3547 3762/3762/3548 3763/3763/3549 3764/3764/3550
f 3765/3765/3551 3766/3766/3552 3767/3767/3553 3768/3768/3554
f 3769/3769/3555 3770/3770/3556 3771/3771/3557 3772/3772/3558
f 3773/3773/3559 3774/3774/3560 3775/3775/3561 3776/3776/3562
f 3777/3777/3563 3778/3778/3564 3779/3779/3565 3780/3780/3566
f 3781/3781/3567 3782/3782/3568 3783/3783/3569 3784/3784/3570
f 3785/3785/3571 3786/3786/3572 3787/3787/3573 3788/3788/3574
f 3789/3789/3575 3790/3790/3576 3791/3791/3577 3792/3792/3578
f 3793/3793/3579 3794/3794/3580 3795/3795/3581 3796/3796/3582
f 3797/3797/3583 3798/3798/3584 3799/3799/3585 3800/3800/3586
f 3801/3801/3587 3802/3802/3588 3803/3803/3589 3804/3804/3590
f 3805/3805/3591 3806/3806/3592 3807/3807/3593 3808/3808/3594
f 3809/3809/3595 3810/3810/3596 3811/3811/3597 3812/3812/3598
f 3813/3813/3599 3814/3814/3600 3815/3815/3601 3816/3816/3602
f 3817/3817/3603 3818/3818/3604 3819/3819/3605 3820/3820/3606
f 3821/3821/3607 3822/3822/3608 3823/3823/3609 3824/3824/3610
f 3825/3825/3611 3826/3826/3612 3827/3827/3613 3828/3828/3614
f 3829/3829/3615 3830/3830/3616 3831/3831/3617 3832/3832/3618
f 3833/3833/3619 3834/3834/3620 3835/3835/3621 3836/3836/3622
f 3837/3837/3623 3838/3838/3624 3839/3839/3625 3840/3840/3626
f 3841/3841/3627 3842/3842/3628 3843/3843/3629 3844/3844/3630
f 3845/3845/3631 3846/3846/3632 3847/3847/3633 3848/3848/3634
f 3849/3849/3635 3850/3850/3636 3851/3851/3637 3852/3852/3638
f 3853/3853/3639 3854/3854/3640 3855/3855/3641 3856/3856/3642
f 3857/3857/3643 3858/3858/3644 3859/3859/3645 3860/3860/3646
f 3861/3861/3647 3862/3862/3648 3863/3863/3649 3864/3864/3650
f 3865/3865/3651 3866/3866/3652 3867/3867/3653 3868/3868/3654
f 3869/3869/3655 3870/3870/3656 3871/3871/3657 3872/3872/3658
f 3873/3873/3659 3874/3874/3660 3875/3875/3661 3876/3876/3662
f 3877/3877/3663 3878/3878/3664 3879/3879/3665 3880/3880/3666
f 3881/3881/3667 3882/3882/3668 3883/3883/3669 3884/3884/3670
f 3885/3885/3671 3886/3886/3672 3887/3887/3673 3888/3888/3674
f 3889/3889/3675 3890/3890/3676 3891/3891/3677 3892/3892/3678
f 3893/3893/3679 3894/3894/3680 3895/3895/3681 3896/3896/3682
f 3897/3897/3683 3898/3898/3684 3899/3899/3685 3900/3900/3686
f 3901/3901/3687 3902/3902/3688 3903/3903/3689 3904/3904/3690
f 3905/3905/3691 3906/3906/3692 3907/3907/3693 3908/3908/3694
f 3909/3909/3695 3910/3910/3696 3911/3911/3697 3912/3912/3698
f 3913/3913/3699 3914/3914/3700 3915/3915/3701 3916/3916/3702
f 3917/3917/3703 3918/3918/3704 3919/3919/3705 3920/3920/3706
f 3921/3921/3707 3922/3922/3708 3923/3923/3709 3924/3924/3710
f 3925/3925/3711 3926/3926/3712 3927/3927/3713 3928/3928/3714
f 3929/3929/3715 3930/3930/3716 3931/3931/3717 3932/3932/3718
f 3933/3933/3719 3934/3934/3720 3935/3935/3721 3936/3936/3722
f 3937/3937/3723 3938/3938/3724 3939/3939/3725 3940/3940/3726
f 3941/3941/3727 3942/3942/3728 3943/3943/3729 3944/3944/3730
f 3945/3945/3731 3946/3946/3732 3947/3947/3733 3948/3948/3734
f 3949/3949/3735 3950/3950/3736 3951/3951/3737 3952/3952/3738
f 3953/3953/3739 3954/3954/3740 3955/3955/3741 3956/3956/3742
f 3957/3957/3743 3958/3958/3744 3959/3959/3745 3960/3960/3746
f 3961/3961/3747 3962/3962/3748 3963/3963/3749 3964/3964/3750
f 3965/3965/3751 3966/3966/3752 3967/3967/3753 3968/3968/3754
f 3969/3969/3755 3970/3970/3756 3971/3971/3757 3972/3972/3758
f 3973/3973/3759 3974/3974/3760 3975/3975/3761 3976/3976/3762
f 3977/3977/3763 3978/3978/3764 3979/3979/3765 3980/3980/3766
f 3981/3981/3767 3982/3982/3768 3983/3983/3769 3984/3984/3770
f 3985/3985/3771 3986/3986/3772 3987/3987/3773 3988/3988/3774
f 3989/3989/3775 3990/3990/3776 3991/3991/3777 3992/3992/3778
f 3993/3993/3779 3994/3994/3780 3995/3995/3781 3996/3996/3782
f 3997/3997/3783 3998/3998/3784 3999/3999/3785 4000/4000/3786
f 4001/4001/3787 4002/4002/3788 4003/4003/3789 4004/4004/3790
f 4285/4285/4053 4286/4286/4054 4287/4287/4055 4288/4288/4056
f 4289/4289/4057 4290/4290/4058 4291/4291/4059 4292/4292/4060
f 4293/4293/4061 4294/4294/4062 4295/4295/4063 4296/4296/4064
f 4297/4297/4065 4298/4298/4066 4299/4299/4067 4300/4300/4068
f 4301/4301/4069 4302/4302/4070 4303/4303/4071 4304/4304/4072
f 4305/4305/4073 4306/4306/4074 4307/4307/4075 4308/4308/4076
f 4309/4309/4077 4310/4310/4078 4311/4311/4079 4312/4312/4080
f 4313/4313/4081 4314/4314/4082 4315/4315/4083 4316/4316/4084
f 4317/4317/4085 4318/4318/4086 4319/4319/4087 4320/4320/4088
f 4321/4321/4089 4322/4322/4090 4323/4323/4091 4324/4324/4092
f 4325/4325/4093 4326/4326/4094 4327/4327/4095 4328/4328/4096
f 4329/4329/4097 4330/4330/4098 4331/4331/4099 4332/4332/4100
f 4333/4333/4101 4334/4334/4102 4335/4335/4103 4336/4336/4104
f 4337/4337/4105 4338/4338/4106 4339/4339/4107 4340/4340/4108
f 4341/4341/4109 4342/4342/4110 4343/4343/4111 4344/4344/4112
f 4345/4345/4113 4346/4346/4114 4347/4347/4115 4348/4348/4116
f 4349/4349/4117 4350/4350/4118 4351/4351/4119 4352/4352/4120
f 4353/4353/4121 4354/4354/4122 4355/4355/4123 4356/4356/4124
f 4357/4357/4125 4358/4358/4126 4359/4359/4127 4360/4360/4128
f 4361/4361/4129 4362/4362/4130 4363/4363/4131 4364/4364/4132
f 4365/4365/4133 4366/4366/4134 4367/4367/4135 4368/4368/4136
f 4369/4369/4137 4370/4370/4138 4371/4371/4139 4372/4372/4140
f 4373/4373/4141 4374/4374/4142 4375/4375/4143 4376/4376/4144
f 4377/4377/4145 4378/4378/4146 4379/4379/4147 4380/4380/4148
f 4381/4381/4149 4382/4382/4150 4383/4383/4151 4384/4384/4152
f 4385/4385/4153 4386/4386/4154 4387/4387/4155 4388/4388/4156
f 4389/4389/4157 4390/4390/4158 4391/4391/4159 4392/4392/4160
f 4393/4393/4161 4394/4394/4162 4395/4395/4163 4396/4396/4164
f 4397/4397/4165 4398/4398/4166 4399/4399/4167 4400/4400/4168
f 4401/4401/4169 4402/4402/4170 4403/4403/4171 4404/4404/4172
f 4405/4405/4173 4406/4406/4174 4407/4407/4175 4408/4408/4176
f 4409/4409/4177 4410/4410/4178 4411/4411/4179 4412/4412/4180
f 4413/4413/4181 4414/4414/4182 4415/4415/4183 4416/4416/4184
f 4417/4417/4185 4418/4418/4186 4419/4419/4187 4420/4420/4188
f 4421/4421/4189 4422/4422/4190 4423/4423/4191 4424/4424/4192
f 4425/4425/4193 4426/4426/4194 4427/4427/4195 4428/4428/4196
f 4429/4429/4197 4430/4430/4198 4431/4431/4199 4432/4432/4200
f 4433/4433/4201 4434/4434/4202 4435/4435/4203 4436/4436/4204
f 4437/4437/4205 4438/4438/4206 4439/4439/4207 4440/4440/4208
f 4441/4441/4209 4442/4442/4210 4443/4443/4211 4444/4444/4212
f 4445/4445/4213 4446/4446/4214 4447/4447/4215 4448/4448/4216
f 4449/4449/4217 4450/4450/4218 4451/4451/4219 4452/4452/4220
f 4453/4453/4221 4454/4454/4222 4455/4455/4223 4456/4456/4224
f 4457/4457/4225 4458/4458/4226 4459/4459/4227 4460/4460/4228
f 4461/4461/4229 4462/4462/4230 4463/4463/4231 4464/4464/4232
f 4465/4465/4233 4466/4466/4234 4467/4467/4235 4468/4468/4236
f 4469/4469/4237 4470/4470/4238 4471/4471/4239 4472/4472/4240
f 4473/4473/4241 4474/4474/4242 4475/4475/4243 4476/4476/4244
f 4477/4477/4245 4478/4478/4246 4479/4479/4247 4480/4480/4248
f 4481/4481/4249 4482/4482/4250 4483/4483/4251 4484/4484/4252
f 4485/4485/4253 4486/4486/4254 4487/4487/4255 4488/4488/4256
f 4489/4489/4257 4490/4490/4258 4491/4491/4259 4492/4492/4260
f 4493/4493/4261 4494/4494/4262 4495/4495/4263 4496/4496/4264
f 4497/4497/4265 4498/4498/4266 4499/4499/4267 4500/4500/4268
f 4501/4501/4269 4502/4502/4270 4503/4503/4271 4504/4504/4272
f 4505/4505/4273 4506/4506/4274 4507/4507/4275 4508/4508/4276
f 4509/4509/4277 4510/4510/4278 4511/4511/4279 4512/4512/4280
f 4513/4513/4281 4514/4514/4282 4515/4515/4283 4516/4516/4284
f 4517/4517/4285 4518/4518/4286 4519/4519/4287 4520/4520/4288
f 4521/4521/4289 4522/4522/4290 4523/4523/4291 4524/4524/4292
f 4525/4525/4293 4526/4526/4294 4527/4527/4295 4528/4528/4296
f 4529/4529/4297 4530/4530/4298 4531/4531/4299 4532/4532/4300
f 4533/4533/4301 4534/4534/4302 4535/4535/4303 4536/4536/4304
f 4537/4537/4305 4538/4538/4306 4539/4539/4307 4540/4540/4308
f 4541/4541/4309 4542/4542/4310 4543/4543/4311 4544/4544/4312
f 4545/4545/4313 4546/4546/4314 4547/4547/4315 4548/4548/4316
f 4549/4549/4317 4550/4550/4318 4551/4551/4319 4552/4552/4320
f 4553/4553/4321 4554/4554/4322 4555/4555/4323 4556/4556/4324
f 4557/4557/4325 4558/4558/4326 4559/4559/4327 4560/4560/4328
f 4561/4561/4329 4562/4562/4330 4563/4563/4331 4564/4564/4332
f 4565/4565/4333 4566/4566/4334 4567/4567/4335 4568/4568/4336
f 4569/4569/4337 4570/4570/4338 4571/4571/4339 4572/4572/4340
f 5053/5053/4821 5054/5054/4822 5055/5055/4823 5056/5056/4824
f 5057/5057/4825 5058/5058/4826 5059/5059/4827 5060/5060/4828
f 5061/5061/4829 5062/5062/4830 5063/5063/4831 5064/5064/4832
f 5065/5065/4833 5066/5066/4834 5067/5067/4835 5068/5068/4836
f 5069/5069/4837 5070/5070/4838 5071/5071/4839 5072/5072/4840
f 5073/5073/4841 5074/5074/4842 5075/5075/4843 5076/5076/4844
f 5077/5077/4845 5078/5078/4846 5079/5079/4847 5080/5080/4848
f 5081/5081/4849 5082/5082/4850 5083/5083/4851 5084/5084/4852
f 5085/5085/4853 5086/5086/4854 5087/5087/4855 5088/5088/4856
f 5089/5089/4857 5090/5090/4858 5091/5091/4859 5092/5092/4860
f 5093/5093/4861 5094/5094/4862 5095/5095/4863 5096/5096/4864
f 5097/5097/4865 5098/5098/4866 5099/5099/4867 5100/5100/4868
f 5101/5101/4869 5102/5102/4870 5103/5103/4871 5104/5104/4872
f 5105/5105/4873 5106/5106/4874 5107/5107/4875 5108/5108/4876
f 5109/5109/4877 5110/5110/4878 5111/5111/4879 5112/5112/4880
f 5113/5113/4881 5114/5114/4882 5115/5115/4883 5116/5116/4884
f 5117/5117/4885 5118/5118/4886 5119/5119/4887 5120/5120/4888
f 5121/5121/4889 5122/5122/4890 5123/5123/4891 5124/5124/4892
f 5125/5125/4893 5126/5126/4894 5127/5127/4895 5128/5128/4896
f 5129/5129/4897 5130/5130/4898 5131/5131/4899 5132/5132/4900
f 5133/5133/4901 5134/5134/4902 5135/5135/4903 5136/5136/4904
f 5137/5137/4905 5138/5138/4906 5139/5139/4907 5140/5140/4908
f 5141/5141/4909 5142/5142/4910 5143/5143/4911 5144/5144/4912
f 5145/5145/4913 5146/5146/4914 5147/5147/4915 5148/5148/4916
f 5149/5149/4917 5150/5150/4918 5151/5151/4919 5152/5152/4920
f 5153/5153/4921 5154/5154/4922 5155/5155/4923 5156/5156/4924
f 5157/5157/4925 5158/5158/4926 5159/5159/4927 5160/5160/4928
f 5161/5161/4929 5162/5162/4930 5163/5163/4931 5164/5164/4932
f 5165/5165/4933 5166/5166/4934 5167/5167/4935 5168/5168/4936
f 5169/5169/4937 5170/5170/4938 5171/5171/4939 5172/5172/4940
f 5173/5173/4941 5174/5174/4942 5175/5175/4943 5176/5176/4944
f 5177/5177/4945 5178/5178/4946 5179/5179/4947 5180/5180/4948
f 5181/5181/4949 5182/5182/4950 5183/5183/4951 5184/5184/4952
f 5185/5185/4953 5186/5186/4954 5187/5187/4955 5188/5188/4956
f 5189/5189/4957 5190/5190/4958 5191/5191/4959 5192/5192/4960
f 5193/5193/4961 5194/5194/4962 5195/5195/4963 5196/5196/4964
f 5197/5197/4965 5198/5198/4966 5199/5199/4967 5200/5200/4968
f 5201/5201/4969 5202/5202/4970 5203/5203/4971 5204/5204/4972
f 5205/5205/4973 5206/5206/4974 5207/5207/4975 5208/5208/4976
f 5209/5209/4977 5210/5210/4978 5211/5211/4979 5212/5212/4980
f 5213/5213/4981 5214/5214/4982 5215/5215/4983 5216/5216/4984
f 5217/5217/4985 5218/5218/4986 5219/5219/4987 5220/5220/4988
f 5221/5221/4989 5222/5222/4990 5223/5223/4991 5224/5224/4992
f 5225/5225/4993 5226/5226/4994 5227/5227/4995 5228/5228/4996
f 5229/5229/4997 5230/5230/4998 5231/5231/4999 5232/5232/5000
f 5233/5233/5001 5234/5234/5002 5235/5235/5003 5236/5236/5004
f 5237/5237/5005 5238/5238/5006 5239/5239/5007 5240/5240/5008
f 5241/5241/5009 5242/5242/5010 5243/5243/5011 5244/5244/5012
f 5245/5245/5013 5246/5246/5014 5247/5247/5015 5248/5248/5016
f 5249/5249/5017 5250/5250/5018 5251/5251/5019 5252/5252/5020
f 5253/5253/5021 5254/5254/5022 5255/5255/5023 5256/5256/5024
f 5257/5257/5025 5258/5258/5026 5259/5259/5027 5260/5260/5028
f 5261/5261/5029 5262/5262/5030 5263/5263/5031 5264/5264/5032
f 5265/5265/5033 5266/5266/5034 5267/5267/5035 5268/5268/5036
f 5269/5269/5037 5270/5270/5038 5271/5271/5039 5272/5272/5040
f 5273/5273/5041 5274/5274/5042 5275/5275/5043 5276/5276/5044
f 5277/5277/5045 5278/5278/5046 5279/5279/5047 5280/5280/5048
f 5281/5281/5049 5282/5282/5050 5283/5283/5051 5284/5284/5052
f 5285/5285/5053 5286/5286/5054 5287/5287/5055 5288/5288/5056
f 5289/5289/5057 5290/5290/5058 5291/5291/5059 5292/5292/5060
f 5293/5293/5061 5294/5294/5062 5295/5295/5063 5296/5296/5064
f 5297/5297/5065 5298/5298/5066 5299/5299/5067 5300/5300/5068
f 5301/5301/5069 5302/5302/5070 5303/5303/5071 5304/5304/5072
f 5305/5305/5073 5306/5306/5074 5307/5307/5075 5308/5308/5076
f 5309/5309/5077 5310/5310/5078 5311/5311/5079 5312/5312/5080
f 5313/5313/5081 5314/5314/5082 5315/5315/5083 5316/5316/5084
f 5317/5317/5085 5318/5318/5086 5319/5319/5087 5320/5320/5088
f 5321/5321/5089 5322/5322/5090 5323/5323/5091 5324/5324/5092
f 5325/5325/5093 5326/5326/5094 5327/5327/5095 5328/5328/5096
f 5329/5329/5097 5330/5330/5098 5331/5331/5099 5332/5332/5100
f 5333/5333/5101 5334/5334/5102 5335/5335/5103 5336/5336/5104
f 5337/5337/5105 5338/5338/5106 5339/5339/5107 5340/5340/5108
usemtl rust
f 1297/1297/1119 1298/1298/1120 1299/1299/1121 1300/1300/1122
f 1301/1301/1123 1302/1302/1124 1303/1303/1125 1304/1304/1126
f 1305/1305/1127 1306/1306/1128 1307/1307/1129 1308/1308/1130
f 1309/1309/1131 1310/1310/1132 1311/1311/1133 1312/1312/1134
f 1313/1313/1135 1314/1314/1136 1315/1315/1137 1316/1316/1138
f 1317/1317/1139 1318/1318/1140 1319/1319/1141 1320/1320/1142
f 1321/1321/1143 1322/1322/1144 1323/1323/1145 1324/1324/1146
f 1325/1325/1147 1326/1326/1148 1327/1327/1149 1328/1328/1150
f 1329/1329/1151 1330/1330/1152 1331/1331/1153 1332/1332/1154
f 1333/1333/1155 1334/1334/1156 1335/1335/1157 1336/1336/1158
f 1337/1337/1159 1338/1338/1160 1339/1339/1161 1340/1340/1162
f 1341/1341/1163 1342/1342/1164 1343/1343/1165 1344/1344/1166
f 1345/1345/1167 1346/1346/1168 1347/1347/1169 1348/1348/1170
f 1349/1349/1171 1350/1350/1172 1351/1351/1173 1352/1352/1174
f 1353/1353/1175 1354/1354/1176 1355/1355/1177 1356/1356/1178
f 1357/1357/1179 1358/1358/1180 1359/1359/1181 1360/1360/1182
f 1361/1361/1183 1362/1362/1184 1363/1363/1185 1364/1364/1186
f 1365/1365/1187 1366/1366/1188 1367/1367/1189 1368/1368/1190
f 1369/1369/1191 1370/1370/1192 1371/1371/1193 1372/1372/1194
f 1373/1373/1195 1374/1374/1196 1375/1375/1197 1376/1376/1198
f 1377/1377/1199 1378/1378/1200 1379/1379/1201 1380/1380/1202
f 1381/1381/1203 1382/1382/1204 1383/1383/1205 1384/1384/1206
f 1385/1385/1207 1386/1386/1208 1387/1387/1209 1388/1388/1210
f 1389/1389/1211 1390/1390/1212 1391/1391/1213 1392/1392/1214
f 1393/1393/1215 1394/1394/1216 1395/1395/1217 1396/1396/1218
f 1397/1397/1219 1398/1398/1220 1399/1399/1221 1400/1400/1222
f 1401/1401/1223 1402/1402/1224 1403/1403/1225 1404/1404/1226
f 1405/1405/1227 1406/1406/1228 1407/1407/1229 1408/1408/1230
f 1409/1409/1231 1410/1410/1232 1411/1411/1233 1412/1412/1234
f 1413/1413/1235 1414/1414/1236 1415/1415/1237 1416/1416/1238
f 1417/1417/1239 1418/1418/1240 1419/1419/1241 1420/1420/1242
f 1421/1421/1243 1422/1422/1244 1423/1423/1245 1424/1424/1246
f 1425/1425/1247 1426/1426/1248 1427/1427/1249 1428/1428/1250
f 1429/1429/1251 1430/1430/1252 1431/1431/1253 1432/1432/1254
f 1433/1433/1255 1434/1434/1256 1435/1435/1257 1436/1436/1258
f 1437/1437/1259 1438/1438/1260 1439/1439/1261 1440/1440/1262
f 1441/1441/1263 1442/1442/1264 1443/1443/1265 1444/1444/1266
f 1445/1445/1267 1446/1446/1268 1447/1447/1269 1448/1448/1270
f 1449/1449/1271 1450/1450/1272 1451/1451/1273 1452/1452/1274
f 1453/1453/1275 1454/1454/1276 1455/1455/1277 1456/1456/1278
f 1457/1457/1279 1458/1458/1280 1459/1459/1281 1460/1460/1282
f 1461/1461/1283 1462/1462/1284 1463/1463/1285 1464/1464/1286
f 1465/1465/1287 1466/1466/1288 1467/1467/1289 1468/1468/1290
f 1469/1469/1291 1470/1470/1292 1471/1471/1293 1472/1472/1294
f 1473/1473/1295 1474/1474/1296 1475/1475/1297 1476/1476/1298
f 1477/1477/1299 1478/1478/1300 1479/1479/1301 1480/1480/1302
f 1481/1481/1303 1482/1482/1304 1483/1483/1305 1484/1484/1306
f 1485/1485/1307 1486/1486/1308 1487/1487/1309 1488/1488/1310
f 1489/1489/1311 1490/1490/1312 1491/1491/1313 1492/1492/1314
f 1493/1493/1315 1494/1494/1316 1495/1495/1317 1496/1496/1318
f 1497/1497/1319 1498/1498/1320 1499/1499/1321 1500/1500/1322
f 1501/1501/1323 1502/1502/1324 1503/1503/1325 1504/1504/1326
f 1505/1505/1327 1506/1506/1328 1507/1507/1329 1508/1508/1330
f 1509/1509/1331 1510/1510/1332 1511/1511/1333 1512/1512/1334
f 1513/1513/1335 1514/1514/1336 1515/1515/1337 1516/1516/1338
f 1517/1517/1339 1518/1518/1340 1519/1519/1341 1520/1520/1342
f 1521/1521/1343 1522/1522/1344 1523/1523/1345 1524/1524/1346
f 1525/1525/1347 1526/1526/1348 1527/1527/1349 1528/1528/1350
f 1529/1529/1351 1530/1530/1352 1531/1531/1353 1532/1532/1354
f 1533/1533/1355 1534/1534/1356 1535/1535/1357 1536/1536/1358
f 1537/1537/1359 1538/1538/1360 1539/1539/1361 1540/1540/1362
f 1541/1541/1363 1542/1542/1364 1543/1543/1365 1544/1544/1366
f 1545/1545/1367 1546/1546/1368 1547/1547/1369 1548/1548/1370
f 1549/1549/1371 1550/1550/1372 1551/1551/1373 1552/1552/1374
f 2633/2633/2437 2634/2634/2438 2635/2635/2439 2636/2636/2440
f 2637/2637/2441 2638/2638/2442 2639/2639/2443 2640/2640/2444
f 2641/2641/2445 2642/2642/2446 2643/2643/2447 2644/2644/2448
f 2645/2645/2449 2646/2646/2450 2647/2647/2451 2648/2648/2452
f 2649/2649/2453 2650/2650/2454 2651/2651/2455 2652/2652/2456
f 2653/2653/2457 2654/2654/2458 2655/2655/2459 2656/2656/2460
f 2657/2657/2461 2658/2658/2462 2659/2659/2463 2660/2660/2464
f 2661/2661/2465 2662/2662/2466 2663/2663/2467 2664/2664/2468
f 2665/2665/2469 2666/2666/2470 2667/2667/2471 2668/2668/2472
f 2669/2669/2473 2670/2670/2474 2671/2671/2475 2672/2672/2476
f 2673/2673/2477 2674/2674/2478 2675/2675/2479 2676/2676/2480
f 2677/2677/2481 2678/2678/2482 2679/2679/2483 2680/2680/2484
f 2681/2681/2485 2682/2682/2486 2683/2683/2487 2684/2684/2488
f 2685/2685/2489 2686/2686/2490 2687/2687/2491 2688/2688/2492
f 2689/2689/2493 2690/2690/2494 2691/2691/2495 2692/2692/2496
f 2693/2693/2497 2694/2694/2498 2695/2695/2499 2696/2696/2500
f 2697/2697/2501 2698/2698/2502 2699/2699/2503 2700/2700/2504
f 2701/2701/2505 2702/2702/2506 2703/2703/2507 2704/2704/2508
f 2705/2705/2509 2706/2706/2510 2707/2707/2511 2708/2708/2512
f 2709/2709/2513 2710/2710/2514 2711/2711/2515 2712/2712/2516
f 2713/2713/2517 2714/2714/2518 2715/2715/2519 2716/2716/2520
f 2717/2717/2521 2718/2718/2522 2719/2719/2523 2720/2720/2524
f 2721/2721/2525 2722/2722/2526 2723/2723/2527 2724/2724/2528
f 2725/2725/2529 2726/2726/2530 2727/2727/2531 2728/2728/2532
f 2729/2729/2533 2730/2730/2534 2731/2731/2535 2732/2732/2536
f 2733/2733/2537 2734/2734/2538 2735/2735/2539 2736/2736/2540
f 2737/2737/2541 2738/2738/2542 2739/2739/2543 2740/2740/2544
f 2741/2741/2545 2742/2742/2546 2743/2743/2547 2744/2744/2548
f 2745/2745/2549 2746/2746/2550 2747/2747/2551 2748/2748/2552
f 2749/2749/2553 2750/2750/2554 2751/2751/2555 2752/2752/2556
f 2753/2753/2557 2754/2754/2558 2755/2755/2559 2756/2756/2560
f 2757/2757/2561 2758/2758/2562 2759/2759/2563 2760/2760/2564
f 2761/2761/2565 2762/2762/2566 2763/2763/2567 2764/2764/2568
f 2765/2765/2569 2766/2766/2570 2767/2767/2571 2768/2768/2572
f 2769/2769/2573 2770/2770/2574 2771/2771/2575 2772/2772/2576
f 2773/2773/2577 2774/2774/2578 2775/2775/2579 2776/2776/2580
f 2777/2777/2581 2778/2778/2582 2779/2779/2583 2780/2780/2584
f 2781/2781/2585 2782/2782/2586 2783/2783/2587 2784/2784/2588
f 2785/2785/2589 2786/2786/2590 2787/2787/2591 2788/2788/2592
f 2789/2789/2593 2790/2790/2594 2791/2791/2595 2792/2792/2596
f 2793/2793/2597 2794/2794/2598 2795/2795/2599 2796/2796/2600
f 2797/2797/2601 2798/2798/2602 2799/2799/2603 2800/2800/2604
f 2801/2801/2605 2802/2802/2606 2803/2803/2607 2804/2804/2608
f 2805/2805/2609 2806/2806/2610 2807/2807/2611 2808/2808/2612
f 2809/2809/2613 2810/2810/2614 2811/2811/2615 2812/2812/2616
f 2813/2813/2617 2814/2814/2618 2815/2815/2619 2816/2816/2620
f 2817/2817/2621 2818/2818/2622 2819/2819/2623 2820/2820/2624
f 2821/2821/2625 2822/2822/2626 2823/2823/2627 2824/2824/2628
f 2825/2825/2629 2826/2826/2630 2827/2827/2631 2828/2828/2632
f 2829/2829/2633 2830/2830/2634 2831/2831/2635 2832/2832/2636
f 2833/2833/2637 2834/2834/2638 2835/2835/2639 2836/2836/2640
f 2837/2837/2641 2838/2838/2642 2839/2839/2643 2840/2840/2644
f 2841/2841/2645 2842/2842/2646 2843/2843/2647 2844/2844/2648
f 2845/2845/2649 2846/2846/2650 2847/2847/2651 2848/2848/2652
f 2849/2849/2653 2850/2850/2654 2851/2851/2655 2852/2852/2656
f 2853/2853/2657 2854/2854/2658 2855/2855/2659 2856/2856/2660
f 2857/2857/2661 2858/2858/2662 2859/2859/2663 2860/2860/2664
f 2861/2861/2665 2862/2862/2666 2863/2863/2667 2864/2864/2668
f 2865/2865/2669 2866/2866/2670 2867/2867/2671 2868/2868/2672
f 2869/2869/2673 2870/2870/2674 2871/2871/2675 2872/2872/2676
f 2873/2873/2677 2874/2874/2678 2875/2875/2679 2876/2876/2680
f 2877/2877/2681 2878/2878/2682 2879/2879/2683 2880/2880/2684
f 2881/2881/2685 2882/2882/2686 2883/2883/2687 2884/2884/2688
f 2885/2885/2689 2886/2886/2690 2887/2887/2691 2888/2888/2692
f 4029/4029/3797 4030/4030/3798 4031/4031/3799 4032/4032/3800
f 4033/4033/3801 4034/4034/3802 4035/4035/3803 4036/4036/3804
f 4037/4037/3805 4038/4038/3806 4039/4039/3807 4040/4040/3808
f 4041/4041/3809 4042/4042/3810 4043/4043/3811 4044/4044/3812
f 4045/4045/3813 4046/4046/3814 4047/4047/3815 4048/4048/3816
f 4049/4049/3817 4050/4050/3818 4051/4051/3819 4052/4052/3820
f 4053/4053/3821 4054/4054/3822 4055/4055/3823 4056/4056/3824
f 4057/4057/3825 4058/4058/3826 4059/4059/3827 4060/4060/3828
f 4061/4061/3829 4062/4062/3830 4063/4063/3831 4064/4064/3832
f 4065/4065/3833 4066/4066/3834 4067/4067/3835 4068/4068/3836
f 4069/4069/3837 4070/4070/3838 4071/4071/3839 4072/4072/3840
f 4073/4073/3841 4074/4074/3842 4075/4075/3843 4076/4076/3844
f 4077/4077/3845 4078/4078/3846 4079/4079/3847 4080/4080/3848
f 4081/4081/3849 4082/4082/3850 4083/4083/3851 4084/4084/3852
f 4085/4085/3853 4086/4086/3854 4087/4087/3855 4088/4088/3856
f 4089/4089/3857 4090/4090/3858 4091/4091/3859 4092/4092/3860
f 4093/4093/3861 4094/4094/3862 4095/4095/3863 4096/4096/3864
f 4097/4097/3865 4098/4098/3866 4099/4099/3867 4100/4100/3868
f 4101/4101/3869 4102/4102/3870 4103/4103/3871 4104/4104/3872
f 4105/4105/3873 4106/4106/3874 4107/4107/3875 4108/4108/3876
f 4109/4109/3877 4110/4110/3878 4111/4111/3879 4112/4112/3880
f 4113/4113/3881 4114/4114/3882 4115/4115/3883 4116/4116/3884
f 4117/4117/3885 4118/4118/3886 4119/4119/3887 4120/4120/3888
f 4121/4121/3889 4122/4122/3890 4123/4123/3891 4124/4124/3892
f 4125/4125/3893 4126/4126/3894 4127/4127/3895 4128/4128/3896
f 4129/4129/3897 4130/4130/3898 4131/4131/3899 4132/4132/3900
f 4133/4133/3901 4134/4134/3902 4135/4135/3903 4136/4136/3904
f 4137/4137/3905 4138/4138/3906 4139/4139/3907 4140/4140/3908
f 4141/4141/3909 4142/4142/3910 4143/4143/3911 4144/4144/3912
f 4145/4145/3913 4146/4146/3914 4147/4147/3915 4148/4148/3916
f 4149/4149/3917 4150/4150/3918 4151/4151/3919 4152/4152/3920
f 4153/4153/3921 4154/4154/3922 4155/4155/3923 4156/4156/3924
f 4157/4157/3925 4158/4158/3926 4159/4159/3927 4160/4160/3928
f 4161/4161/3929 4162/4162/3930 4163/4163/3931 4164/4164/3932
f 4165/4165/3933 4166/4166/3934 4167/4167/3935 4168/4168/3936
f 4169/4169/3937 4170/4170/3938 4171/4171/3939 4172/4172/3940
f 4173/4173/3941 4174/4174/3942 4175/4175/3943 4176/4176/3944
f 4177/4177/3945 4178/4178/3946 4179/4179/3947 4180/4180/3948
f 4181/4181/3949 4182/4182/3950 4183/4183/3951 4184/4184/3952
f 4185/4185/3953 4186/4186/3954 4187/4187/3955 4188/4188/3956
f 4189/4189/3957 4190/4190/3958 4191/4191/3959 4192/4192/3960
f 4193/4193/3961 4194/4194/3962 4195/4195/3963 4196/4196/3964
f 4197/4197/3965 4198/4198/3966 4199/4199/3967 4200/4200/3968
f 4201/4201/3969 4202/4202/3970 4203/4203/3971 4204/4204/3972
f 4205/4205/3973 4206/4206/3974 4207/4207/3975 4208/4208/3976
f 4209/4209/3977 4210/4210/3978 4211/4211/3979 4212/4212/3980
f 4213/4213/3981 4214/4214/3982 4215/4215/3983 4216/4216/3984
f 4217/4217/3985 4218/4218/3986 4219/4219/3987 4220/4220/3988
f 4221/4221/3989 4222/4222/3990 4223/4223/3991 4224/4224/3992
f 4225/4225/3993 4226/4226/3994 4227/4227/3995 4228/4228/3996
f 4229/4229/3997 4230/4230/3998 4231/4231/3999 4232/4232/4000
f 4233/4233/4001 4234/4234/4002 4235/4235/4003 4236/4236/4004
f 4237/4237/4005 4238/4238/4006 4239/4239/4007 4240/4240/4008
f 4241/4241/4009 4242/4242/4010 4243/4243/4011 4244/4244/4012
f 4245/4245/4013 4246/4246/4014 4247/4247/4015 4248/4248/4016
f 4249/4249/4017 4250/4250/4018 4251/4251/4019 4252/4252/4020
f 4253/4253/4021 4254/4254/4022 4255/4255/4023 4256/4256/4024
f 4257/4257/4025 4258/4258/4026 4259/4259/4027 4260/4260/4028
f 4261/4261/4029 4262/4262/4030 4263/4263/4031 4264/4264/4032
f 4265/4265/4033 4266/4266/4034 4267/4267/4035 4268/4268/4036
f 4269/4269/4037 4270/4270/4038 4271/4271/4039 4272/4272/4040
f 4273/4273/4041 4274/4274/4042 4275/4275/4043 4276/4276/4044
f 4277/4277/4045 4278/4278/4046 4279/4279/4047 4280/4280/4048
f 4281/4281/4049 4282/4282/4050 4283/4283/4051 4284/4284/4052
f 5365/5365/5115 5366/5366/5116 5367/5367/5117 5368/5368/5118
f 5369/5369/5119 5370/5370/5120 5371/5371/5121 5372/5372/5122
f 5373/5373/5123 5374/5374/5124 5375/5375/5125 5376/5376/5126
f 5377/5377/5127 5378/5378/5128 5379/5379/5129 5380/5380/5130
f 5381/5381/5131 5382/5382/5132 5383/5383/5133 5384/5384/5134
f 5385/5385/5135 5386/5386/5136 5387/5387/5137 5388/5388/5138
f 5389/5389/5139 5390/5390/5140 5391/5391/5141 5392/5392/5142
f 5393/5393/5143 5394/5394/5144 5395/5395/5145 5396/5396/5146
f 5397/5397/5147 5398/5398/5148 5399/5399/5149 5400/5400/5150
f 5401/5401/5151 5402/5402/5152 5403/5403/5153 5404/5404/5154
f 5405/5405/5155 5406/5406/5156 5407/5407/5157 5408/5408/5158
f 5409/5409/5159 5410/5410/5160 5411/5411/5161 5412/5412/5162
f 5413/5413/5163 5414/5414/5164 5415/5415/5165 5416/5416/5166
f 5417/5417/5167 5418/5418/5168 5419/5419/5169 5420/5420/5170
f 5421/5421/5171 5422/5422/5172 5423/5423/5173 5424/5424/5174
f 5425/5425/5175 5426/5426/5176 5427/5427/5177 5428/5428/5178
f 5429/5429/5179 5430/5430/5180 5431/5431/5181 5432/5432/5182
f 5433/5433/5183 5434/5434/5184 5435/5435/5185 5436/5436/5186
f 5437/5437/5187 5438/5438/5188 5439/5439/5189 5440/5440/5190
f 5441/5441/5191 5442/5442/5192 5443/5443/5193 5444/5444/5194
f 5445/5445/5195 5446/5446/5196 5447/5447/5197 5448/5448/5198
f 5449/5449/5199 5450/5450/5200 5451/5451/5201 5452/5452/5202
f 5453/5453/5203 5454/5454/5204 5455/5455/5205 5456/5456/5206
f 5457/5457/5207 5458/5458/5208 5459/5459/5209 5460/5460/5210
f 5461/5461/5211 5462/5462/5212 5463/5463/5213 5464/5464/5214
f 5465/5465/5215 5466/5466/5216 5467/5467/5217 5468/5468/5218
f 5469/5469/5219 5470/5470/5220 5471/5471/5221 5472/5472/5222
f 5473/5473/5223 5474/5474/5224 5475/5475/5225 5476/5476/5226
f 5477/5477/5227 5478/5478/5228 5479/5479/5229 5480/5480/5230
f 5481/5481/5231 5482/5482/5232 5483/5483/5233 5484/5484/5234
f 5485/5485/5235 5486/5486/5236 5487/5487/5237 5488/5488/5238
f 5489/5489/5239 5490/5490/5240 5491/5491/5241 5492/5492/5242
f 5493/5493/5243 5494/5494/5244 5495/5495/5245 5496/5496/5246
f 5497/5497/5247 5498/5498/5248 5499/5499/5249 5500/5500/5250
f 5501/5501/5251 5502/5502/5252 5503/5503/5253 5504/5504/5254
f 5505/5505/5255 5506/5506/5256 5507/5507/5257 5508/5508/5258
f 5509/5509/5259 5510/5510/5260 5511/5511/5261 5512/5512/5262
f 5513/5513/5263 5514/5514/5264 5515/5515/5265 5516/5516/5266
f 5517/5517/5267 5518/5518/5268 5519/5519/5269 5520/5520/5270
f 5521/5521/5271 5522/5522/5272 5523/5523/5273 5524/5524/5274
f 5525/5525/5275 5526/5526/5276 5527/5527/5277 5528/5528/5278
f 5529/5529/5279 5530/5530/5280 5531/5531/5281 5532/5532/5282
f 5533/5533/5283 5534/5534/5284 5535/5535/5285 5536/5536/5286
f 5537/5537/5287 5538/5538/5288 5539/5539/5289 5540/5540/5290
f 5541/5541/5291 5542/5542/5292 5543/5543/5293 5544/5544/5294
f 5545/5545/5295 5546/5546/5296 5547/5547/5297 5548/5548/5298
f 5549/5549/5299 5550/5550/5300 5551/5551/5301 5552/5552/5302
f 5553/5553/5303 5554/5554/5304 5555/5555/5305 5556/5556/5306
f 5557/5557/5307 5558/5558/5308 5559/5559/5309 5560/5560/5310
f 5561/5561/5311 5562/5562/5312 5563/5563/5313 5564/5564/5314
f 5565/5565/5315 5566/5566/5316 5567/5567/5317 5568/5568/5318
f 5569/5569/5319 5570/5570/5320 5571/5571/5321 5572/5572/5322
f 5573/5573/5323 5574/5574/5324 5575/5575/5325 5576/5576/5326
f 5577/5577/5327 5578/5578/5328 5579/5579/5329 5580/5580/5330
f 5581/5581/5331 5582/5582/5332 5583/5583/5333 5584/5584/5334
f 5585/5585/5335 5586/5586/5336 5587/5587/5337 5588/5588/5338
f 5589/5589/5339 5590/5590/5340 5591/5591/5341 5592/5592/5342
f 5593/5593/5343 5594/5594/5344 5595/5595/5345 5596/5596/5346
f 5597/5597/5347 5598/5598/5348 5599/5599/5349 5600/5600/5350
f 5601/5601/5351 5602/5602/5352 5603/5603/5353 5604/5604/5354
f 5605/5605/5355 5606/5606/5356 5607/5607/5357 5608/5608/5358
f 5609/5609/5359 5610/5610/5360 5611/5611/5361 5612/5612/5362
f 5613/5613/5363 5614/5614/5364 5615/5615/5365 5616/5616/5366
f 5617/5617/5367 5618/5618/5368 5619/5619/5369 5620/5620/5370
usemtl rubber
f 5681/5681/5413 5682/5682/5414 5683/5683/5415 5684/5684/5416
f 5685/5685/5417 5686/5686/5418 5687/5687/5419 5688/5688/5420
f 5689/5689/5421 5690/5690/5422 5691/5691/5423 5692/5692/5424
f 5693/5693/5425 5694/5694/5426 5695/5695/5427 5696/5696/5428
f 5697/5697/5429 5698/5698/5430 5699/5699/5431 5700/5700/5432
f 5701/5701/5433 5702/5702/5434 5703/5703/5435 5704/5704/5436
f 5705/5705/5437 5706/5706/5438 5707/5707/5439 5708/5708/5440
f 5709/5709/5441 5710/5710/5442 5711/5711/5443 5712/5712/5444
f 5713/5713/5445 5714/5714/5446 5715/5715/5447 5716/5716/5448
f 5717/5717/5449 5718/5718/5450 5719/5719/5451 5720/5720/5452
f 5721/5721/5453 5722/5722/5454 5723/5723/5455 5724/5724/5456
f 5725/5725/5457 5726/5726/5458 5727/5727/5459 5728/5728/5460
f 5729/5729/5461 5730/5730/5462 5731/5731/5463 5732/5732/5464
f 5733/5733/5465 5734/5734/5466 5735/5735/5467 5736/5736/5468
f 5737/5737/5469 5738/5738/5470 5739/5739/5471 5740/5740/5472
f 5741/5741/5473 5742/5742/5474 5743/5743/5475 5744/5744/5476
f 5745/5745/5477 5746/5746/5478 5747/5747/5479 5748/5748/5480
f 5749/5749/5481 5750/5750/5482 5751/5751/5483 5752/5752/5484
f 5753/5753/5485 5754/5754/5486 5755/5755/5487 5756/5756/5488
f 5757/5757/5489 5758/5758/5490 5759/5759/5491 5760/5760/5492
f 5761/5761/5493 5762/5762/5494 5763/5763/5495 5764/5764/5496
f 5765/5765/5497 5766/5766/5498 5767/5767/5499 5768/5768/5500
f 5769/5769/5501 5770/5770/5502 5771/5771/5503 5772/5772/5504
f 5773/5773/5505 5774/5774/5506 5775/5775/5507 5776/5776/5508
f 5777/5777/5509 5778/5778/5510 5779/5779/5511 5780/5780/5512
f 5781/5781/5513 5782/5782/5514 5783/5783/5515 5784/5784/5516
f 5785/5785/5517 5786/5786/5518 5787/5787/5519 5788/5788/5520
f 5789/5789/5521 5790/5790/5522 5791/5791/5523 5792/5792/5524
f 5793/5793/5525 5794/5794/5526 5795/5795/5527 5796/5796/5528
f 5797/5797/5529 5798/5798/5530 5799/5799/5531 5800/5800/5532
f 5801/5801/5533 5802/5802/5534 5803/5803/5535 5804/5804/5536
f 5805/5805/5537 5806/5806/5538 5807/5807/5539 5808/5808/5540
f 5809/5809/5541 5810/5810/5542 5811/5811/5543 5812/5812/5544
f 5813/5813/5545 5814/5814/5546 5815/5815/5547 5816/5816/5548
f 5817/5817/5549 5818/5818/5550 5819/5819/5551 5820/5820/5552
f 5821/5821/5553 5822/5822/5554 5823/5823/5555 5824/5824/5556
f 5825/5825/5557 5826/5826/5558 5827/5827/5559 5828/5828/5560
f 5829/5829/5561 5830/5830/5562 5831/5831/5563 5832/5832/5564
f 5833/5833/5565 5834/5834/5566 5835/5835/5567 5836/5836/5568
f 5837/5837/5569 5838/5838/5570 5839/5839/5571 5840/5840/5572
f 5841/5841/5573 5842/5842/5574 5843/5843/5575 5844/5844/5576
f 5845/5845/5577 5846/5846/5578 5847/5847/5579 5848/5848/5580
f 5849/5849/5581 5850/5850/5582 5851/5851/5583 5852/5852/5584
f 5853/5853/5585 5854/5854/5586 5855/5855/5587 5856/5856/5588
f 5857/5857/5589 5858/5858/5590 5859/5859/5591 5860/5860/5592
f 5861/5861/5593 5862/5862/5594 5863/5863/5595 5864/5864/5596
f 5865/5865/5597 5866/5866/5598 5867/5867/5599 5868/5868/5600
f 5869/5869/5601 5870/5870/5602 5871/5871/5603 5872/5872/5604
f 5873/5873/5605 5874/5874/5606 5875/5875/5607 5876/5876/5608
f 5877/5877/5609 5878/5878/5610 5879/5879/5611 5880/5880/5612
f 5881/5881/5613 5882/5882/5614 5883/5883/5615 5884/5884/5616
f 5885/5885/5617 5886/5886/5618 5887/5887/5619 5888/5888/5620
f 5889/5889/5621 5890/5890/5622 5891/5891/5623 5892/5892/5624
f 5893/5893/5625 5894/5894/5626 5895/5895/5627 5896/5896/5628
f 5897/5897/5629 5898/5898/5630 5899/5899/5631 5900/5900/5632
f 5901/5901/5633 5902/5902/5634 5903/5903/5635 5904/5904/5636
f 5905/5905/5637 5906/5906/5638 5907/5907/5639 5908/5908/5640
f 5909/5909/5641 5910/5910/5642 5911/5911/5643 5912/5912/5644
f 5913/5913/5645 5914/5914/5646 5915/5915/5647 5916/5916/5648
f 5917/5917/5649 5918/5918/5650 5919/5919/5651 5920/5920/5652
f 5921/5921/5653 5922/5922/5654 5923/5923/5655 5924/5924/5656
f 5925/5925/5657 5926/5926/5658 5927/5927/5659 5928/5928/5660
f 5929/5929/5661 5930/5930/5662 5931/5931/5663 5932/5932/5664
f 5933/5933/5665 5934/5934/5666 5935/5935/5667 5936/5936/5668
f 5937/5937/5669 5938/5938/5670 5939/5939/5671 5940/5940/5672
f 5941/5941/5673 5942/5942/5674 5943/5943/5675 5944/5944/5676
f 5945/5945/5677 5946/5946/5678 5947/5947/5679 5948/5948/5680
f 5949/5949/5681 5950/5950/5682 5951/5951/5683 5952/5952/5684
f 5953/5953/5685 5954/5954/5686 5955/5955/5687 5956/5956/5688
f 5957/5957/5689 5958/5958/5690 5959/5959/5691 5960/5960/5692
f 5961/5961/5693 5962/5962/5694 5963/5963/5695 5964/5964/5696
f 5965/5965/5697 5966/5966/5698 5967/5967/5699 5968/5968/5700
f 5969/5969/5701 5970/5970/5702 5971/5971/5703 5972/5972/5704
f 5973/5973/5705 5974/5974/5706 5975/5975/5707 5976/5976/5708
f 5977/5977/5709 5978/5978/5710 5979/5979/5711 5980/5980/5712
f 5981/5981/5713 5982/5982/5714 5983/5983/5715 5984/5984/5716
f 5985/5985/5717 5986/5986/5718 5987/5987/5719 5988/5988/5720
f 5989/5989/5721 5990/5990/5722 5991/5991/5723 5992/5992/5724
f 5993/5993/5725 5994/5994/5726 5995/5995/5727 5996/5996/5728
f 5997/5997/5729 5998/5998/5730 5999/5999/5731 6000/6000/5732
f 6001/6001/5733 6002/6002/5734 6003/6003/5735 6004/6004/5736
f 6005/6005/5737 6006/6006/5738 6007/6007/5739 6008/6008/5740
f 6009/6009/5741 6010/6010/5742 6011/6011/5743 6012/6012/5744
f 6013/6013/5745 6014/6014/5746 6015/6015/5747 6016/6016/5748
f 6017/6017/5749 6018/6018/5750 6019/6019/5751 6020/6020/5752
f 6021/6021/5753 6022/6022/5754 6023/6023/5755 6024/6024/5756
f 6025/6025/5757 6026/6026/5758 6027/6027/5759 6028/6028/5760
f 6029/6029/5761 6030/6030/5762 6031/6031/5763 6032/6032/5764
f 6033/6033/5765 6034/6034/5766 6035/6035/5767 6036/6036/5768
f 6037/6037/5769 6038/6038/5770 6039/6039/5771 6040/6040/5772
f 6041/6041/5773 6042/6042/5774 6043/6043/5775 6044/6044/5776
f 6045/6045/5777 6046/6046/5778 6047/6047/5779 6048/6048/5780
f 6049/6049/5781 6050/6050/5782 6051/6051/5783 6052/6052/5784
f 6053/6053/5785 6054/6054/5786 6055/6055/5787 6056/6056/5788
f 6057/6057/5789 6058/6058/5790 6059/6059/5791 6060/6060/5792
f 6061/6061/5793 6062/6062/5794 6063/6063/5795 6064/6064/5796
f 6065/6065/5797 6066/6066/5798 6067/6067/5799 6068/6068/5800
f 6069/6069/5801 6070/6070/5802 6071/6071/5803 6072/6072/5804
f 6073/6073/5805 6074/6074/5806 6075/6075/5807 6076/6076/5808
f 6077/6077/5809 6078/6078/5810 6079/6079/5811 6080/6080/5812
f 6081/6081/5813 6082/6082/5814 6083/6083/5815 6084/6084/5816
f 6085/6085/5817 6086/6086/5818 6087/6087/5819 6088/6088/5820
f 6089/6089/5821 6090/6090/5822 6091/6091/5823 6092/6092/5824
f 6093/6093/5825 6094/6094/5826 6095/6095/5827 6096/6096/5828
f 6097/6097/5829 6098/6098/5830 6099/6099/5831 6100/6100/5832
f 6101/6101/5833 6102/6102/5834 6103/6103/5835 6104/6104/5836
f 6105/6105/5837 6106/6106/5838 6107/6107/5839 6108/6108/5840
f 6109/6109/5841 6110/6110/5842 6111/6111/5843 6112/6112/5844
f 6113/6113/5845 6114/6114/5846 6115/6115/5847 6116/6116/5848
f 6117/6117/5849 6118/6118/5850 6119/6119/5851 6120/6120/5852
f 6121/6121/5853 6122/6122/5854 6123/6123/5855 6124/6124/5856
f 6125/6125/5857 6126/6126/5858 6127/6127/5859 6128/6128/5860
