# generated by meshlib
mtllib bench.mtl
o bench
v -0.86000 0.03500 0.00000
v -0.87287 0.03500 0.05640
v -0.87287 0.00000 0.05640
v -0.86000 0.00000 0.00000
v -0.87287 0.03500 0.05640
v -0.90895 0.03500 0.10164
v -0.90895 0.00000 0.10164
v -0.87287 0.00000 0.05640
v -0.90895 0.03500 0.10164
v -0.96107 0.03500 0.12674
v -0.96107 0.00000 0.12674
v -0.90895 0.00000 0.10164
v -0.96107 0.03500 0.12674
v -1.01893 0.03500 0.12674
v -1.01893 0.00000 0.12674
v -0.96107 0.00000 0.12674
v -1.01893 0.03500 0.12674
v -1.07105 0.03500 0.10164
v -1.07105 0.00000 0.10164
v -1.01893 0.00000 0.12674
v -1.07105 0.03500 0.10164
v -1.10713 0.03500 0.05640
v -1.10713 0.00000 0.05640
v -1.07105 0.00000 0.10164
v -1.10713 0.03500 0.05640
v -1.12000 0.03500 0.00000
v -1.12000 0.00000 0.00000
v -1.10713 0.00000 0.05640
v -1.12000 0.03500 0.00000
v -1.10713 0.03500 -0.05640
v -1.10713 0.00000 -0.05640
v -1.12000 0.00000 0.00000
v -1.10713 0.03500 -0.05640
v -1.07105 0.03500 -0.10164
v -1.07105 0.00000 -0.10164
v -1.10713 0.00000 -0.05640
v -1.07105 0.03500 -0.10164
v -1.01893 0.03500 -0.12674
v -1.01893 0.00000 -0.12674
v -1.07105 0.00000 -0.10164
v -1.01893 0.03500 -0.12674
v -0.96107 0.03500 -0.12674
v -0.96107 0.00000 -0.12674
v -1.01893 0.00000 -0.12674
v -0.96107 0.03500 -0.12674
v -0.90895 0.03500 -0.10164
v -0.90895 0.00000 -0.10164
v -0.96107 0.00000 -0.12674
v -0.90895 0.03500 -0.10164
v -0.87287 0.03500 -0.05640
v -0.87287 0.00000 -0.05640
v -0.90895 0.00000 -0.10164
v -0.87287 0.03500 -0.05640
v -0.86000 0.03500 -0.00000
v -0.86000 0.00000 -0.00000
v -0.87287 0.00000 -0.05640
v -0.90000 0.06000 0.00000
v -0.90891 0.06000 0.03905
v -0.87287 0.03500 0.05640
v -0.86000 0.03500 0.00000
v -0.90891 0.06000 0.03905
v -0.93389 0.06000 0.07036
v -0.90895 0.03500 0.10164
v -0.87287 0.03500 0.05640
v -0.93389 0.06000 0.07036
v -0.96997 0.06000 0.08774
v -0.96107 0.03500 0.12674
v -0.90895 0.03500 0.10164
v -0.96997 0.06000 0.08774
v -1.01003 0.06000 0.08774
v -1.01893 0.03500 0.12674
v -0.96107 0.03500 0.12674
v -1.01003 0.06000 0.08774
v -1.04611 0.06000 0.07036
v -1.07105 0.03500 0.10164
v -1.01893 0.03500 0.12674
v -1.04611 0.06000 0.07036
v -1.07109 0.06000 0.03905
v -1.10713 0.03500 0.05640
v -1.07105 0.03500 0.10164
v -1.07109 0.06000 0.03905
v -1.08000 0.06000 0.00000
v -1.12000 0.03500 0.00000
v -1.10713 0.03500 0.05640
v -1.08000 0.06000 0.00000
v -1.07109 0.06000 -0.03905
v -1.10713 0.03500 -0.05640
v -1.12000 0.03500 0.00000
v -1.07109 0.06000 -0.03905
v -1.04611 0.06000 -0.07036
v -1.07105 0.03500 -0.10164
v -1.10713 0.03500 -0.05640
v -1.04611 0.06000 -0.07036
v -1.01003 0.06000 -0.08774
v -1.01893 0.03500 -0.12674
v -1.07105 0.03500 -0.10164
v -1.01003 0.06000 -0.08774
v -0.96997 0.06000 -0.08774
v -0.96107 0.03500 -0.12674
v -1.01893 0.03500 -0.12674
v -0.96997 0.06000 -0.08774
v -0.93389 0.06000 -0.07036
v -0.90895 0.03500 -0.10164
v -0.96107 0.03500 -0.12674
v -0.93389 0.06000 -0.07036
v -0.90891 0.06000 -0.03905
v -0.87287 0.03500 -0.05640
v -0.90895 0.03500 -0.10164
v -0.90891 0.06000 -0.03905
v -0.90000 0.06000 -0.00000
v -0.86000 0.03500 -0.00000
v -0.87287 0.03500 -0.05640
v -0.93500 0.10000 0.00000
v -0.94045 0.10000 0.02386
v -0.90891 0.06000 0.03905
v -0.90000 0.06000 0.00000
v -0.94045 0.10000 0.02386
v -0.95571 0.10000 0.04300
v -0.93389 0.06000 0.07036
v -0.90891 0.06000 0.03905
v -0.95571 0.10000 0.04300
v -0.97776 0.10000 0.05362
v -0.96997 0.06000 0.08774
v -0.93389 0.06000 0.07036
v -0.97776 0.10000 0.05362
v -1.00224 0.10000 0.05362
v -1.01003 0.06000 0.08774
v -0.96997 0.06000 0.08774
v -1.00224 0.10000 0.05362
v -1.02429 0.10000 0.04300
v -1.04611 0.06000 0.07036
v -1.01003 0.06000 0.08774
v -1.02429 0.10000 0.04300
v -1.03955 0.10000 0.02386
v -1.07109 0.06000 0.03905
v -1.04611 0.06000 0.07036
v -1.03955 0.10000 0.02386
v -1.04500 0.10000 0.00000
v -1.08000 0.06000 0.00000
v -1.07109 0.06000 0.03905
v -1.04500 0.10000 0.00000
v -1.03955 0.10000 -0.02386
v -1.07109 0.06000 -0.03905
v -1.08000 0.06000 0.00000
v -1.03955 0.10000 -0.02386
v -1.02429 0.10000 -0.04300
v -1.04611 0.06000 -0.07036
v -1.07109 0.06000 -0.03905
v -1.02429 0.10000 -0.04300
v -1.00224 0.10000 -0.05362
v -1.01003 0.06000 -0.08774
v -1.04611 0.06000 -0.07036
v -1.00224 0.10000 -0.05362
v -0.97776 0.10000 -0.05362
v -0.96997 0.06000 -0.08774
v -1.01003 0.06000 -0.08774
v -0.97776 0.10000 -0.05362
v -0.95571 0.10000 -0.04300
v -0.93389 0.06000 -0.07036
v -0.96997 0.06000 -0.08774
v -0.95571 0.10000 -0.04300
v -0.94045 0.10000 -0.02386
v -0.90891 0.06000 -0.03905
v -0.93389 0.06000 -0.07036
v -0.94045 0.10000 -0.02386
v -0.93500 0.10000 -0.00000
v -0.90000 0.06000 -0.00000
v -0.90891 0.06000 -0.03905
v -0.94000 0.40000 0.00000
v -0.94495 0.40000 0.02169
v -0.94045 0.10000 0.02386
v -0.93500 0.10000 0.00000
v -0.94495 0.40000 0.02169
v -0.95883 0.40000 0.03909
v -0.95571 0.10000 0.04300
v -0.94045 0.10000 0.02386
v -0.95883 0.40000 0.03909
v -0.97887 0.40000 0.04875
v -0.97776 0.10000 0.05362
v -0.95571 0.10000 0.04300
v -0.97887 0.40000 0.04875
v -1.00113 0.40000 0.04875
v -1.00224 0.10000 0.05362
v -0.97776 0.10000 0.05362
v -1.00113 0.40000 0.04875
v -1.02117 0.40000 0.03909
v -1.02429 0.10000 0.04300
v -1.00224 0.10000 0.05362
v -1.02117 0.40000 0.03909
v -1.03505 0.40000 0.02169
v -1.03955 0.10000 0.02386
v -1.02429 0.10000 0.04300
v -1.03505 0.40000 0.02169
v -1.04000 0.40000 0.00000
v -1.04500 0.10000 0.00000
v -1.03955 0.10000 0.02386
v -1.04000 0.40000 0.00000
v -1.03505 0.40000 -0.02169
v -1.03955 0.10000 -0.02386
v -1.04500 0.10000 0.00000
v -1.03505 0.40000 -0.02169
v -1.02117 0.40000 -0.03909
v -1.02429 0.10000 -0.04300
v -1.03955 0.10000 -0.02386
v -1.02117 0.40000 -0.03909
v -1.00113 0.40000 -0.04875
v -1.00224 0.10000 -0.05362
v -1.02429 0.10000 -0.04300
v -1.00113 0.40000 -0.04875
v -0.97887 0.40000 -0.04875
v -0.97776 0.10000 -0.05362
v -1.00224 0.10000 -0.05362
v -0.97887 0.40000 -0.04875
v -0.95883 0.40000 -0.03909
v -0.95571 0.10000 -0.04300
v -0.97776 0.10000 -0.05362
v -0.95883 0.40000 -0.03909
v -0.94495 0.40000 -0.02169
v -0.94045 0.10000 -0.02386
v -0.95571 0.10000 -0.04300
v -0.94495 0.40000 -0.02169
v -0.94000 0.40000 -0.00000
v -0.93500 0.10000 -0.00000
v -0.94045 0.10000 -0.02386
v -0.93500 0.44000 0.00000
v -0.94045 0.44000 0.02386
v -0.94495 0.40000 0.02169
v -0.94000 0.40000 0.00000
v -0.94045 0.44000 0.02386
v -0.95571 0.44000 0.04300
v -0.95883 0.40000 0.03909
v -0.94495 0.40000 0.02169
v -0.95571 0.44000 0.04300
v -0.97776 0.44000 0.05362
v -0.97887 0.40000 0.04875
v -0.95883 0.40000 0.03909
v -0.97776 0.44000 0.05362
v -1.00224 0.44000 0.05362
v -1.00113 0.40000 0.04875
v -0.97887 0.40000 0.04875
v -1.00224 0.44000 0.05362
v -1.02429 0.44000 0.04300
v -1.02117 0.40000 0.03909
v -1.00113 0.40000 0.04875
v -1.02429 0.44000 0.04300
v -1.03955 0.44000 0.02386
v -1.03505 0.40000 0.02169
v -1.02117 0.40000 0.03909
v -1.03955 0.44000 0.02386
v -1.04500 0.44000 0.00000
v -1.04000 0.40000 0.00000
v -1.03505 0.40000 0.02169
v -1.04500 0.44000 0.00000
v -1.03955 0.44000 -0.02386
v -1.03505 0.40000 -0.02169
v -1.04000 0.40000 0.00000
v -1.03955 0.44000 -0.02386
v -1.02429 0.44000 -0.04300
v -1.02117 0.40000 -0.03909
v -1.03505 0.40000 -0.02169
v -1.02429 0.44000 -0.04300
v -1.00224 0.44000 -0.05362
v -1.00113 0.40000 -0.04875
v -1.02117 0.40000 -0.03909
v -1.00224 0.44000 -0.05362
v -0.97776 0.44000 -0.05362
v -0.97887 0.40000 -0.04875
v -1.00113 0.40000 -0.04875
v -0.97776 0.44000 -0.05362
v -0.95571 0.44000 -0.04300
v -0.95883 0.40000 -0.03909
v -0.97887 0.40000 -0.04875
v -0.95571 0.44000 -0.04300
v -0.94045 0.44000 -0.02386
v -0.94495 0.40000 -0.02169
v -0.95883 0.40000 -0.03909
v -0.94045 0.44000 -0.02386
v -0.93500 0.44000 -0.00000
v -0.94000 0.40000 -0.00000
v -0.94495 0.40000 -0.02169
v -0.86000 0.00000 0.00000
v -0.87287 0.00000 0.05640
v -0.90895 0.00000 0.10164
v -0.96107 0.00000 0.12674
v -1.01893 0.00000 0.12674
v -1.07105 0.00000 0.10164
v -1.10713 0.00000 0.05640
v -1.12000 0.00000 0.00000
v -1.10713 0.00000 -0.05640
v -1.07105 0.00000 -0.10164
v -1.01893 0.00000 -0.12674
v -0.96107 0.00000 -0.12674
v -0.90895 0.00000 -0.10164
v -0.87287 0.00000 -0.05640
v -0.94045 0.44000 -0.02386
v -0.95571 0.44000 -0.04300
v -0.97776 0.44000 -0.05362
v -1.00224 0.44000 -0.05362
v -1.02429 0.44000 -0.04300
v -1.03955 0.44000 -0.02386
v -1.04500 0.44000 0.00000
v -1.03955 0.44000 0.02386
v -1.02429 0.44000 0.04300
v -1.00224 0.44000 0.05362
v -0.97776 0.44000 0.05362
v -0.95571 0.44000 0.04300
v -0.94045 0.44000 0.02386
v -0.93500 0.44000 0.00000
v -0.94500 0.43000 0.28000
v -0.94500 0.43000 -0.32000
v -0.94500 0.48000 -0.32000
v -0.94500 0.48000 0.28000
v -1.03500 0.43000 -0.32000
v -1.03500 0.43000 0.28000
v -1.03500 0.48000 0.28000
v -1.03500 0.48000 -0.32000
v -1.03500 0.48000 0.28000
v -0.94500 0.48000 0.28000
v -0.94500 0.48000 -0.32000
v -1.03500 0.48000 -0.32000
v -1.03500 0.43000 -0.32000
v -0.94500 0.43000 -0.32000
v -0.94500 0.43000 0.28000
v -1.03500 0.43000 0.28000
v -1.03500 0.43000 0.28000
v -0.94500 0.43000 0.28000
v -0.94500 0.48000 0.28000
v -1.03500 0.48000 0.28000
v -0.94500 0.43000 -0.32000
v -1.03500 0.43000 -0.32000
v -1.03500 0.48000 -0.32000
v -0.94500 0.48000 -0.32000
v -1.01000 0.47229 0.20723
v -1.01000 0.44771 0.27277
v -1.01000 0.61048 0.33368
v -1.01000 0.62952 0.26632
v -1.01000 0.44771 0.27277
v -0.97000 0.44771 0.27277
v -0.97000 0.61048 0.33368
v -1.01000 0.61048 0.33368
v -0.97000 0.44771 0.27277
v -0.97000 0.47229 0.20723
v -0.97000 0.62952 0.26632
v -0.97000 0.61048 0.33368
v -0.97000 0.47229 0.20723
v -1.01000 0.47229 0.20723
v -1.01000 0.62952 0.26632
v -0.97000 0.62952 0.26632
v -1.01000 0.62952 0.26632
v -1.01000 0.61048 0.33368
v -1.01000 0.79713 0.36988
v -1.01000 0.80287 0.30012
v -1.01000 0.61048 0.33368
v -0.97000 0.61048 0.33368
v -0.97000 0.79713 0.36988
v -1.01000 0.79713 0.36988
v -0.97000 0.61048 0.33368
v -0.97000 0.62952 0.26632
v -0.97000 0.80287 0.30012
v -0.97000 0.79713 0.36988
v -0.97000 0.62952 0.26632
v -1.01000 0.62952 0.26632
v -1.01000 0.80287 0.30012
v -0.97000 0.80287 0.30012
v -1.01000 0.80287 0.30012
v -1.01000 0.79713 0.36988
v -1.01000 0.98097 0.36499
v -1.01000 0.97903 0.29501
v -1.01000 0.79713 0.36988
v -0.97000 0.79713 0.36988
v -0.97000 0.98097 0.36499
v -1.01000 0.98097 0.36499
v -0.97000 0.79713 0.36988
v -0.97000 0.80287 0.30012
v -0.97000 0.97903 0.29501
v -0.97000 0.98097 0.36499
v -0.97000 0.80287 0.30012
v -1.01000 0.80287 0.30012
v -1.01000 0.97903 0.29501
v -0.97000 0.97903 0.29501
v -0.97000 0.47229 0.20723
v -0.97000 0.44771 0.27277
v -1.01000 0.44771 0.27277
v -1.01000 0.47229 0.20723
v -1.01000 0.97903 0.29501
v -1.01000 0.98097 0.36499
v -0.97000 0.98097 0.36499
v -0.97000 0.97903 0.29501
v -1.01500 0.68910 -0.26728
v -1.01500 0.63090 -0.25272
v -1.01500 0.67022 -0.09633
v -1.01500 0.72978 -0.10367
v -1.01500 0.63090 -0.25272
v -0.96500 0.63090 -0.25272
v -0.96500 0.67022 -0.09633
v -1.01500 0.67022 -0.09633
v -0.96500 0.63090 -0.25272
v -0.96500 0.68910 -0.26728
v -0.96500 0.72978 -0.10367
v -0.96500 0.67022 -0.09633
v -0.96500 0.68910 -0.26728
v -1.01500 0.68910 -0.26728
v -1.01500 0.72978 -0.10367
v -0.96500 0.72978 -0.10367
v -1.01500 0.72978 -0.10367
v -1.01500 0.67022 -0.09633
v -1.01500 0.67029 0.13584
v -1.01500 0.72971 0.14416
v -1.01500 0.67022 -0.09633
v -0.96500 0.67022 -0.09633
v -0.96500 0.67029 0.13584
v -1.01500 0.67029 0.13584
v -0.96500 0.67022 -0.09633
v -0.96500 0.72978 -0.10367
v -0.96500 0.72971 0.14416
v -0.96500 0.67029 0.13584
v -0.96500 0.72978 -0.10367
v -1.01500 0.72978 -0.10367
v -1.01500 0.72971 0.14416
v -0.96500 0.72971 0.14416
v -1.01500 0.72971 0.14416
v -1.01500 0.67029 0.13584
v -1.01500 0.63115 0.27176
v -1.01500 0.68885 0.28824
v -1.01500 0.67029 0.13584
v -0.96500 0.67029 0.13584
v -0.96500 0.63115 0.27176
v -1.01500 0.63115 0.27176
v -0.96500 0.67029 0.13584
v -0.96500 0.72971 0.14416
v -0.96500 0.68885 0.28824
v -0.96500 0.63115 0.27176
v -0.96500 0.72971 0.14416
v -1.01500 0.72971 0.14416
v -1.01500 0.68885 0.28824
v -0.96500 0.68885 0.28824
v -0.96500 0.68910 -0.26728
v -0.96500 0.63090 -0.25272
v -1.01500 0.63090 -0.25272
v -1.01500 0.68910 -0.26728
v -1.01500 0.68885 0.28824
v -1.01500 0.63115 0.27176
v -0.96500 0.63115 0.27176
v -0.96500 0.68885 0.28824
v 1.12000 0.03500 0.00000
v 1.10713 0.03500 0.05640
v 1.10713 0.00000 0.05640
v 1.12000 0.00000 0.00000
v 1.10713 0.03500 0.05640
v 1.07105 0.03500 0.10164
v 1.07105 0.00000 0.10164
v 1.10713 0.00000 0.05640
v 1.07105 0.03500 0.10164
v 1.01893 0.03500 0.12674
v 1.01893 0.00000 0.12674
v 1.07105 0.00000 0.10164
v 1.01893 0.03500 0.12674
v 0.96107 0.03500 0.12674
v 0.96107 0.00000 0.12674
v 1.01893 0.00000 0.12674
v 0.96107 0.03500 0.12674
v 0.90895 0.03500 0.10164
v 0.90895 0.00000 0.10164
v 0.96107 0.00000 0.12674
v 0.90895 0.03500 0.10164
v 0.87287 0.03500 0.05640
v 0.87287 0.00000 0.05640
v 0.90895 0.00000 0.10164
v 0.87287 0.03500 0.05640
v 0.86000 0.03500 0.00000
v 0.86000 0.00000 0.00000
v 0.87287 0.00000 0.05640
v 0.86000 0.03500 0.00000
v 0.87287 0.03500 -0.05640
v 0.87287 0.00000 -0.05640
v 0.86000 0.00000 0.00000
v 0.87287 0.03500 -0.05640
v 0.90895 0.03500 -0.10164
v 0.90895 0.00000 -0.10164
v 0.87287 0.00000 -0.05640
v 0.90895 0.03500 -0.10164
v 0.96107 0.03500 -0.12674
v 0.96107 0.00000 -0.12674
v 0.90895 0.00000 -0.10164
v 0.96107 0.03500 -0.12674
v 1.01893 0.03500 -0.12674
v 1.01893 0.00000 -0.12674
v 0.96107 0.00000 -0.12674
v 1.01893 0.03500 -0.12674
v 1.07105 0.03500 -0.10164
v 1.07105 0.00000 -0.10164
v 1.01893 0.00000 -0.12674
v 1.07105 0.03500 -0.10164
v 1.10713 0.03500 -0.05640
v 1.10713 0.00000 -0.05640
v 1.07105 0.00000 -0.10164
v 1.10713 0.03500 -0.05640
v 1.12000 0.03500 -0.00000
v 1.12000 0.00000 -0.00000
v 1.10713 0.00000 -0.05640
v 1.08000 0.06000 0.00000
v 1.07109 0.06000 0.03905
v 1.10713 0.03500 0.05640
v 1.12000 0.03500 0.00000
v 1.07109 0.06000 0.03905
v 1.04611 0.06000 0.07036
v 1.07105 0.03500 0.10164
v 1.10713 0.03500 0.05640
v 1.04611 0.06000 0.07036
v 1.01003 0.06000 0.08774
v 1.01893 0.03500 0.12674
v 1.07105 0.03500 0.10164
v 1.01003 0.06000 0.08774
v 0.96997 0.06000 0.08774
v 0.96107 0.03500 0.12674
v 1.01893 0.03500 0.12674
v 0.96997 0.06000 0.08774
v 0.93389 0.06000 0.07036
v 0.90895 0.03500 0.10164
v 0.96107 0.03500 0.12674
v 0.93389 0.06000 0.07036
v 0.90891 0.06000 0.03905
v 0.87287 0.03500 0.05640
v 0.90895 0.03500 0.10164
v 0.90891 0.06000 0.03905
v 0.90000 0.06000 0.00000
v 0.86000 0.03500 0.00000
v 0.87287 0.03500 0.05640
v 0.90000 0.06000 0.00000
v 0.90891 0.06000 -0.03905
v 0.87287 0.03500 -0.05640
v 0.86000 0.03500 0.00000
v 0.90891 0.06000 -0.03905
v 0.93389 0.06000 -0.07036
v 0.90895 0.03500 -0.10164
v 0.87287 0.03500 -0.05640
v 0.93389 0.06000 -0.07036
v 0.96997 0.06000 -0.08774
v 0.96107 0.03500 -0.12674
v 0.90895 0.03500 -0.10164
v 0.96997 0.06000 -0.08774
v 1.01003 0.06000 -0.08774
v 1.01893 0.03500 -0.12674
v 0.96107 0.03500 -0.12674
v 1.01003 0.06000 -0.08774
v 1.04611 0.06000 -0.07036
v 1.07105 0.03500 -0.10164
v 1.01893 0.03500 -0.12674
v 1.04611 0.06000 -0.07036
v 1.07109 0.06000 -0.03905
v 1.10713 0.03500 -0.05640
v 1.07105 0.03500 -0.10164
v 1.07109 0.06000 -0.03905
v 1.08000 0.06000 -0.00000
v 1.12000 0.03500 -0.00000
v 1.10713 0.03500 -0.05640
v 1.04500 0.10000 0.00000
v 1.03955 0.10000 0.02386
v 1.07109 0.06000 0.03905
v 1.08000 0.06000 0.00000
v 1.03955 0.10000 0.02386
v 1.02429 0.10000 0.04300
v 1.04611 0.06000 0.07036
v 1.07109 0.06000 0.03905
v 1.02429 0.10000 0.04300
v 1.00224 0.10000 0.05362
v 1.01003 0.06000 0.08774
v 1.04611 0.06000 0.07036
v 1.00224 0.10000 0.05362
v 0.97776 0.10000 0.05362
v 0.96997 0.06000 0.08774
v 1.01003 0.06000 0.08774
v 0.97776 0.10000 0.05362
v 0.95571 0.10000 0.04300
v 0.93389 0.06000 0.07036
v 0.96997 0.06000 0.08774
v 0.95571 0.10000 0.04300
v 0.94045 0.10000 0.02386
v 0.90891 0.06000 0.03905
v 0.93389 0.06000 0.07036
v 0.94045 0.10000 0.02386
v 0.93500 0.10000 0.00000
v 0.90000 0.06000 0.00000
v 0.90891 0.06000 0.03905
v 0.93500 0.10000 0.00000
v 0.94045 0.10000 -0.02386
v 0.90891 0.06000 -0.03905
v 0.90000 0.06000 0.00000
v 0.94045 0.10000 -0.02386
v 0.95571 0.10000 -0.04300
v 0.93389 0.06000 -0.07036
v 0.90891 0.06000 -0.03905
v 0.95571 0.10000 -0.04300
v 0.97776 0.10000 -0.05362
v 0.96997 0.06000 -0.08774
v 0.93389 0.06000 -0.07036
v 0.97776 0.10000 -0.05362
v 1.00224 0.10000 -0.05362
v 1.01003 0.06000 -0.08774
v 0.96997 0.06000 -0.08774
v 1.00224 0.10000 -0.05362
v 1.02429 0.10000 -0.04300
v 1.04611 0.06000 -0.07036
v 1.01003 0.06000 -0.08774
v 1.02429 0.10000 -0.04300
v 1.03955 0.10000 -0.02386
v 1.07109 0.06000 -0.03905
v 1.04611 0.06000 -0.07036
v 1.03955 0.10000 -0.02386
v 1.04500 0.10000 -0.00000
v 1.08000 0.06000 -0.00000
v 1.07109 0.06000 -0.03905
v 1.04000 0.40000 0.00000
v 1.03505 0.40000 0.02169
v 1.03955 0.10000 0.02386
v 1.04500 0.10000 0.00000
v 1.03505 0.40000 0.02169
v 1.02117 0.40000 0.03909
v 1.02429 0.10000 0.04300
v 1.03955 0.10000 0.02386
v 1.02117 0.40000 0.03909
v 1.00113 0.40000 0.04875
v 1.00224 0.10000 0.05362
v 1.02429 0.10000 0.04300
v 1.00113 0.40000 0.04875
v 0.97887 0.40000 0.04875
v 0.97776 0.10000 0.05362
v 1.00224 0.10000 0.05362
v 0.97887 0.40000 0.04875
v 0.95883 0.40000 0.03909
v 0.95571 0.10000 0.04300
v 0.97776 0.10000 0.05362
v 0.95883 0.40000 0.03909
v 0.94495 0.40000 0.02169
v 0.94045 0.10000 0.02386
v 0.95571 0.10000 0.04300
v 0.94495 0.40000 0.02169
v 0.94000 0.40000 0.00000
v 0.93500 0.10000 0.00000
v 0.94045 0.10000 0.02386
v 0.94000 0.40000 0.00000
v 0.94495 0.40000 -0.02169
v 0.94045 0.10000 -0.02386
v 0.93500 0.10000 0.00000
v 0.94495 0.40000 -0.02169
v 0.95883 0.40000 -0.03909
v 0.95571 0.10000 -0.04300
v 0.94045 0.10000 -0.02386
v 0.95883 0.40000 -0.03909
v 0.97887 0.40000 -0.04875
v 0.97776 0.10000 -0.05362
v 0.95571 0.10000 -0.04300
v 0.97887 0.40000 -0.04875
v 1.00113 0.40000 -0.04875
v 1.00224 0.10000 -0.05362
v 0.97776 0.10000 -0.05362
v 1.00113 0.40000 -0.04875
v 1.02117 0.40000 -0.03909
v 1.02429 0.10000 -0.04300
v 1.00224 0.10000 -0.05362
v 1.02117 0.40000 -0.03909
v 1.03505 0.40000 -0.02169
v 1.03955 0.10000 -0.02386
v 1.02429 0.10000 -0.04300
v 1.03505 0.40000 -0.02169
v 1.04000 0.40000 -0.00000
v 1.04500 0.10000 -0.00000
v 1.03955 0.10000 -0.02386
v 1.04500 0.44000 0.00000
v 1.03955 0.44000 0.02386
v 1.03505 0.40000 0.02169
v 1.04000 0.40000 0.00000
v 1.03955 0.44000 0.02386
v 1.02429 0.44000 0.04300
v 1.02117 0.40000 0.03909
v 1.03505 0.40000 0.02169
v 1.02429 0.44000 0.04300
v 1.00224 0.44000 0.05362
v 1.00113 0.40000 0.04875
v 1.02117 0.40000 0.03909
v 1.00224 0.44000 0.05362
v 0.97776 0.44000 0.05362
v 0.97887 0.40000 0.04875
v 1.00113 0.40000 0.04875
v 0.97776 0.44000 0.05362
v 0.95571 0.44000 0.04300
v 0.95883 0.40000 0.03909
v 0.97887 0.40000 0.04875
v 0.95571 0.44000 0.04300
v 0.94045 0.44000 0.02386
v 0.94495 0.40000 0.02169
v 0.95883 0.40000 0.03909
v 0.94045 0.44000 0.02386
v 0.93500 0.44000 0.00000
v 0.94000 0.40000 0.00000
v 0.94495 0.40000 0.02169
v 0.93500 0.44000 0.00000
v 0.94045 0.44000 -0.02386
v 0.94495 0.40000 -0.02169
v 0.94000 0.40000 0.00000
v 0.94045 0.44000 -0.02386
v 0.95571 0.44000 -0.04300
v 0.95883 0.40000 -0.03909
v 0.94495 0.40000 -0.02169
v 0.95571 0.44000 -0.04300
v 0.97776 0.44000 -0.05362
v 0.97887 0.40000 -0.04875
v 0.95883 0.40000 -0.03909
v 0.97776 0.44000 -0.05362
v 1.00224 0.44000 -0.05362
v 1.00113 0.40000 -0.04875
v 0.97887 0.40000 -0.04875
v 1.00224 0.44000 -0.05362
v 1.02429 0.44000 -0.04300
v 1.02117 0.40000 -0.03909
v 1.00113 0.40000 -0.04875
v 1.02429 0.44000 -0.04300
v 1.03955 0.44000 -0.02386
v 1.03505 0.40000 -0.02169
v 1.02117 0.40000 -0.03909
v 1.03955 0.44000 -0.02386
v 1.04500 0.44000 -0.00000
v 1.04000 0.40000 -0.00000
v 1.03505 0.40000 -0.02169
v 1.12000 0.00000 0.00000
v 1.10713 0.00000 0.05640
v 1.07105 0.00000 0.10164
v 1.01893 0.00000 0.12674
v 0.96107 0.00000 0.12674
v 0.90895 0.00000 0.10164
v 0.87287 0.00000 0.05640
v 0.86000 0.00000 0.00000
v 0.87287 0.00000 -0.05640
v 0.90895 0.00000 -0.10164
v 0.96107 0.00000 -0.12674
v 1.01893 0.00000 -0.12674
v 1.07105 0.00000 -0.10164
v 1.10713 0.00000 -0.05640
v 1.03955 0.44000 -0.02386
v 1.02429 0.44000 -0.04300
v 1.00224 0.44000 -0.05362
v 0.97776 0.44000 -0.05362
v 0.95571 0.44000 -0.04300
v 0.94045 0.44000 -0.02386
v 0.93500 0.44000 0.00000
v 0.94045 0.44000 0.02386
v 0.95571 0.44000 0.04300
v 0.97776 0.44000 0.05362
v 1.00224 0.44000 0.05362
v 1.02429 0.44000 0.04300
v 1.03955 0.44000 0.02386
v 1.04500 0.44000 0.00000
v 1.03500 0.43000 0.28000
v 1.03500 0.43000 -0.32000
v 1.03500 0.48000 -0.32000
v 1.03500 0.48000 0.28000
v 0.94500 0.43000 -0.32000
v 0.94500 0.43000 0.28000
v 0.94500 0.48000 0.28000
v 0.94500 0.48000 -0.32000
v 0.94500 0.48000 0.28000
v 1.03500 0.48000 0.28000
v 1.03500 0.48000 -0.32000
v 0.94500 0.48000 -0.32000
v 0.94500 0.43000 -0.32000
v 1.03500 0.43000 -0.32000
v 1.03500 0.43000 0.28000
v 0.94500 0.43000 0.28000
v 0.94500 0.43000 0.28000
v 1.03500 0.43000 0.28000
v 1.03500 0.48000 0.28000
v 0.94500 0.48000 0.28000
v 1.03500 0.43000 -0.32000
v 0.94500 0.43000 -0.32000
v 0.94500 0.48000 -0.32000
v 1.03500 0.48000 -0.32000
v 0.97000 0.47229 0.20723
v 0.97000 0.44771 0.27277
v 0.97000 0.61048 0.33368
v 0.97000 0.62952 0.26632
v 0.97000 0.44771 0.27277
v 1.01000 0.44771 0.27277
v 1.01000 0.61048 0.33368
v 0.97000 0.61048 0.33368
v 1.01000 0.44771 0.27277
v 1.01000 0.47229 0.20723
v 1.01000 0.62952 0.26632
v 1.01000 0.61048 0.33368
v 1.01000 0.47229 0.20723
v 0.97000 0.47229 0.20723
v 0.97000 0.62952 0.26632
v 1.01000 0.62952 0.26632
v 0.97000 0.62952 0.26632
v 0.97000 0.61048 0.33368
v 0.97000 0.79713 0.36988
v 0.97000 0.80287 0.30012
v 0.97000 0.61048 0.33368
v 1.01000 0.61048 0.33368
v 1.01000 0.79713 0.36988
v 0.97000 0.79713 0.36988
v 1.01000 0.61048 0.33368
v 1.01000 0.62952 0.26632
v 1.01000 0.80287 0.30012
v 1.01000 0.79713 0.36988
v 1.01000 0.62952 0.26632
v 0.97000 0.62952 0.26632
v 0.97000 0.80287 0.30012
v 1.01000 0.80287 0.30012
v 0.97000 0.80287 0.30012
v 0.97000 0.79713 0.36988
v 0.97000 0.98097 0.36499
v 0.97000 0.97903 0.29501
v 0.97000 0.79713 0.36988
v 1.01000 0.79713 0.36988
v 1.01000 0.98097 0.36499
v 0.97000 0.98097 0.36499
v 1.01000 0.79713 0.36988
v 1.01000 0.80287 0.30012
v 1.01000 0.97903 0.29501
v 1.01000 0.98097 0.36499
v 1.01000 0.80287 0.30012
v 0.97000 0.80287 0.30012
v 0.97000 0.97903 0.29501
v 1.01000 0.97903 0.29501
v 1.01000 0.47229 0.20723
v 1.01000 0.44771 0.27277
v 0.97000 0.44771 0.27277
v 0.97000 0.47229 0.20723
v 0.97000 0.97903 0.29501
v 0.97000 0.98097 0.36499
v 1.01000 0.98097 0.36499
v 1.01000 0.97903 0.29501
v 0.96500 0.68910 -0.26728
v 0.96500 0.63090 -0.25272
v 0.96500 0.67022 -0.09633
v 0.96500 0.72978 -0.10367
v 0.96500 0.63090 -0.25272
v 1.01500 0.63090 -0.25272
v 1.01500 0.67022 -0.09633
v 0.96500 0.67022 -0.09633
v 1.01500 0.63090 -0.25272
v 1.01500 0.68910 -0.26728
v 1.01500 0.72978 -0.10367
v 1.01500 0.67022 -0.09633
v 1.01500 0.68910 -0.26728
v 0.96500 0.68910 -0.26728
v 0.96500 0.72978 -0.10367
v 1.01500 0.72978 -0.10367
v 0.96500 0.72978 -0.10367
v 0.96500 0.67022 -0.09633
v 0.96500 0.67029 0.13584
v 0.96500 0.72971 0.14416
v 0.96500 0.67022 -0.09633
v 1.01500 0.67022 -0.09633
v 1.01500 0.67029 0.13584
v 0.96500 0.67029 0.13584
v 1.01500 0.67022 -0.09633
v 1.01500 0.72978 -0.10367
v 1.01500 0.72971 0.14416
v 1.01500 0.67029 0.13584
v 1.01500 0.72978 -0.10367
v 0.96500 0.72978 -0.10367
v 0.96500 0.72971 0.14416
v 1.01500 0.72971 0.14416
v 0.96500 0.72971 0.14416
v 0.96500 0.67029 0.13584
v 0.96500 0.63115 0.27176
v 0.96500 0.68885 0.28824
v 0.96500 0.67029 0.13584
v 1.01500 0.67029 0.13584
v 1.01500 0.63115 0.27176
v 0.96500 0.63115 0.27176
v 1.01500 0.67029 0.13584
v 1.01500 0.72971 0.14416
v 1.01500 0.68885 0.28824
v 1.01500 0.63115 0.27176
v 1.01500 0.72971 0.14416
v 0.96500 0.72971 0.14416
v 0.96500 0.68885 0.28824
v 1.01500 0.68885 0.28824
v 1.01500 0.68910 -0.26728
v 1.01500 0.63090 -0.25272
v 0.96500 0.63090 -0.25272
v 0.96500 0.68910 -0.26728
v 0.96500 0.68885 0.28824
v 0.96500 0.63115 0.27176
v 1.01500 0.63115 0.27176
v 1.01500 0.68885 0.28824
v 0.11000 0.03000 0.00000
v 0.09526 0.03000 0.05500
v 0.09526 0.00000 0.05500
v 0.11000 0.00000 0.00000
v 0.09526 0.03000 0.05500
v 0.05500 0.03000 0.09526
v 0.05500 0.00000 0.09526
v 0.09526 0.00000 0.05500
v 0.05500 0.03000 0.09526
v 0.00000 0.03000 0.11000
v 0.00000 0.00000 0.11000
v 0.05500 0.00000 0.09526
v 0.00000 0.03000 0.11000
v -0.05500 0.03000 0.09526
v -0.05500 0.00000 0.09526
v 0.00000 0.00000 0.11000
v -0.05500 0.03000 0.09526
v -0.09526 0.03000 0.05500
v -0.09526 0.00000 0.05500
v -0.05500 0.00000 0.09526
v -0.09526 0.03000 0.05500
v -0.11000 0.03000 0.00000
v -0.11000 0.00000 0.00000
v -0.09526 0.00000 0.05500
v -0.11000 0.03000 0.00000
v -0.09526 0.03000 -0.05500
v -0.09526 0.00000 -0.05500
v -0.11000 0.00000 0.00000
v -0.09526 0.03000 -0.05500
v -0.05500 0.03000 -0.09526
v -0.05500 0.00000 -0.09526
v -0.09526 0.00000 -0.05500
v -0.05500 0.03000 -0.09526
v -0.00000 0.03000 -0.11000
v -0.00000 0.00000 -0.11000
v -0.05500 0.00000 -0.09526
v -0.00000 0.03000 -0.11000
v 0.05500 0.03000 -0.09526
v 0.05500 0.00000 -0.09526
v -0.00000 0.00000 -0.11000
v 0.05500 0.03000 -0.09526
v 0.09526 0.03000 -0.05500
v 0.09526 0.00000 -0.05500
v 0.05500 0.00000 -0.09526
v 0.09526 0.03000 -0.05500
v 0.11000 0.03000 -0.00000
v 0.11000 0.00000 -0.00000
v 0.09526 0.00000 -0.05500
v 0.05000 0.07000 0.00000
v 0.04330 0.07000 0.02500
v 0.09526 0.03000 0.05500
v 0.11000 0.03000 0.00000
v 0.04330 0.07000 0.02500
v 0.02500 0.07000 0.04330
v 0.05500 0.03000 0.09526
v 0.09526 0.03000 0.05500
v 0.02500 0.07000 0.04330
v 0.00000 0.07000 0.05000
v 0.00000 0.03000 0.11000
v 0.05500 0.03000 0.09526
v 0.00000 0.07000 0.05000
v -0.02500 0.07000 0.04330
v -0.05500 0.03000 0.09526
v 0.00000 0.03000 0.11000
v -0.02500 0.07000 0.04330
v -0.04330 0.07000 0.02500
v -0.09526 0.03000 0.05500
v -0.05500 0.03000 0.09526
v -0.04330 0.07000 0.02500
v -0.05000 0.07000 0.00000
v -0.11000 0.03000 0.00000
v -0.09526 0.03000 0.05500
v -0.05000 0.07000 0.00000
v -0.04330 0.07000 -0.02500
v -0.09526 0.03000 -0.05500
v -0.11000 0.03000 0.00000
v -0.04330 0.07000 -0.02500
v -0.02500 0.07000 -0.04330
v -0.05500 0.03000 -0.09526
v -0.09526 0.03000 -0.05500
v -0.02500 0.07000 -0.04330
v -0.00000 0.07000 -0.05000
v -0.00000 0.03000 -0.11000
v -0.05500 0.03000 -0.09526
v -0.00000 0.07000 -0.05000
v 0.02500 0.07000 -0.04330
v 0.05500 0.03000 -0.09526
v -0.00000 0.03000 -0.11000
v 0.02500 0.07000 -0.04330
v 0.04330 0.07000 -0.02500
v 0.09526 0.03000 -0.05500
v 0.05500 0.03000 -0.09526
v 0.04330 0.07000 -0.02500
v 0.05000 0.07000 -0.00000
v 0.11000 0.03000 -0.00000
v 0.09526 0.03000 -0.05500
v 0.04500 0.44000 0.00000
v 0.03897 0.44000 0.02250
v 0.04330 0.07000 0.02500
v 0.05000 0.07000 0.00000
v 0.03897 0.44000 0.02250
v 0.02250 0.44000 0.03897
v 0.02500 0.07000 0.04330
v 0.04330 0.07000 0.02500
v 0.02250 0.44000 0.03897
v 0.00000 0.44000 0.04500
v 0.00000 0.07000 0.05000
v 0.02500 0.07000 0.04330
v 0.00000 0.44000 0.04500
v -0.02250 0.44000 0.03897
v -0.02500 0.07000 0.04330
v 0.00000 0.07000 0.05000
v -0.02250 0.44000 0.03897
v -0.03897 0.44000 0.02250
v -0.04330 0.07000 0.02500
v -0.02500 0.07000 0.04330
v -0.03897 0.44000 0.02250
v -0.04500 0.44000 0.00000
v -0.05000 0.07000 0.00000
v -0.04330 0.07000 0.02500
v -0.04500 0.44000 0.00000
v -0.03897 0.44000 -0.02250
v -0.04330 0.07000 -0.02500
v -0.05000 0.07000 0.00000
v -0.03897 0.44000 -0.02250
v -0.02250 0.44000 -0.03897
v -0.02500 0.07000 -0.04330
v -0.04330 0.07000 -0.02500
v -0.02250 0.44000 -0.03897
v -0.00000 0.44000 -0.04500
v -0.00000 0.07000 -0.05000
v -0.02500 0.07000 -0.04330
v -0.00000 0.44000 -0.04500
v 0.02250 0.44000 -0.03897
v 0.02500 0.07000 -0.04330
v -0.00000 0.07000 -0.05000
v 0.02250 0.44000 -0.03897
v 0.03897 0.44000 -0.02250
v 0.04330 0.07000 -0.02500
v 0.02500 0.07000 -0.04330
v 0.03897 0.44000 -0.02250
v 0.04500 0.44000 -0.00000
v 0.05000 0.07000 -0.00000
v 0.04330 0.07000 -0.02500
v 0.11000 0.00000 0.00000
v 0.09526 0.00000 0.05500
v 0.05500 0.00000 0.09526
v 0.00000 0.00000 0.11000
v -0.05500 0.00000 0.09526
v -0.09526 0.00000 0.05500
v -0.11000 0.00000 0.00000
v -0.09526 0.00000 -0.05500
v -0.05500 0.00000 -0.09526
v -0.00000 0.00000 -0.11000
v 0.05500 0.00000 -0.09526
v 0.09526 0.00000 -0.05500
v 0.03897 0.44000 -0.02250
v 0.02250 0.44000 -0.03897
v -0.00000 0.44000 -0.04500
v -0.02250 0.44000 -0.03897
v -0.03897 0.44000 -0.02250
v -0.04500 0.44000 0.00000
v -0.03897 0.44000 0.02250
v -0.02250 0.44000 0.03897
v 0.00000 0.44000 0.04500
v 0.02250 0.44000 0.03897
v 0.03897 0.44000 0.02250
v 0.04500 0.44000 0.00000
v 1.15000 0.48950 -0.28050
v 1.15000 0.51050 -0.28050
v 1.15000 0.51050 -0.19950
v 1.15000 0.48950 -0.19950
v -1.15000 0.48950 -0.19950
v -1.15000 0.51050 -0.19950
v -1.15000 0.51050 -0.28050
v -1.15000 0.48950 -0.28050
v -1.13800 0.52250 -0.19950
v 1.13800 0.52250 -0.19950
v 1.13800 0.52250 -0.28050
v -1.13800 0.52250 -0.28050
v -1.13800 0.47750 -0.28050
v 1.13800 0.47750 -0.28050
v 1.13800 0.47750 -0.19950
v -1.13800 0.47750 -0.19950
v -1.13800 0.48950 -0.18750
v 1.13800 0.48950 -0.18750
v 1.13800 0.51050 -0.18750
v -1.13800 0.51050 -0.18750
v -1.13800 0.51050 -0.29250
v 1.13800 0.51050 -0.29250
v 1.13800 0.48950 -0.29250
v -1.13800 0.48950 -0.29250
v -1.15000 0.47750 -0.28050
v 1.15000 0.47750 -0.28050
v 1.15000 0.48950 -0.29250
v -1.15000 0.48950 -0.29250
v -1.15000 0.47750 -0.19950
v 1.15000 0.47750 -0.19950
v 1.15000 0.48950 -0.18750
v -1.15000 0.48950 -0.18750
v -1.15000 0.52250 -0.28050
v 1.15000 0.52250 -0.28050
v 1.15000 0.51050 -0.29250
v -1.15000 0.51050 -0.29250
v -1.15000 0.52250 -0.19950
v 1.15000 0.52250 -0.19950
v 1.15000 0.51050 -0.18750
v -1.15000 0.51050 -0.18750
v -1.15000 0.47750 -0.28050
v -1.15000 0.52250 -0.28050
v -1.13800 0.52250 -0.29250
v -1.13800 0.47750 -0.29250
v -1.15000 0.47750 -0.19950
v -1.15000 0.52250 -0.19950
v -1.13800 0.52250 -0.18750
v -1.13800 0.47750 -0.18750
v 1.15000 0.47750 -0.28050
v 1.15000 0.52250 -0.28050
v 1.13800 0.52250 -0.29250
v 1.13800 0.47750 -0.29250
v 1.15000 0.47750 -0.19950
v 1.15000 0.52250 -0.19950
v 1.13800 0.52250 -0.18750
v 1.13800 0.47750 -0.18750
v -1.15000 0.48950 -0.29250
v -1.15000 0.48950 -0.18750
v -1.13800 0.47750 -0.18750
v -1.13800 0.47750 -0.29250
v -1.15000 0.51050 -0.29250
v -1.15000 0.51050 -0.18750
v -1.13800 0.52250 -0.18750
v -1.13800 0.52250 -0.29250
v 1.15000 0.48950 -0.29250
v 1.15000 0.48950 -0.18750
v 1.13800 0.47750 -0.18750
v 1.13800 0.47750 -0.29250
v 1.15000 0.51050 -0.29250
v 1.15000 0.51050 -0.18750
v 1.13800 0.52250 -0.18750
v 1.13800 0.52250 -0.29250
v -1.15000 0.48950 -0.28050
v -1.13800 0.47750 -0.28050
v -1.13800 0.48950 -0.29250
v -1.15000 0.48950 -0.19950
v -1.13800 0.47750 -0.19950
v -1.13800 0.48950 -0.18750
v -1.15000 0.51050 -0.28050
v -1.13800 0.52250 -0.28050
v -1.13800 0.51050 -0.29250
v -1.15000 0.51050 -0.19950
v -1.13800 0.52250 -0.19950
v -1.13800 0.51050 -0.18750
v 1.15000 0.48950 -0.28050
v 1.13800 0.47750 -0.28050
v 1.13800 0.48950 -0.29250
v 1.15000 0.48950 -0.19950
v 1.13800 0.47750 -0.19950
v 1.13800 0.48950 -0.18750
v 1.15000 0.51050 -0.28050
v 1.13800 0.52250 -0.28050
v 1.13800 0.51050 -0.29250
v 1.15000 0.51050 -0.19950
v 1.13800 0.52250 -0.19950
v 1.13800 0.51050 -0.18750
v 1.15000 0.48950 -0.15550
v 1.15000 0.51050 -0.15550
v 1.15000 0.51050 -0.07450
v 1.15000 0.48950 -0.07450
v -1.15000 0.48950 -0.07450
v -1.15000 0.51050 -0.07450
v -1.15000 0.51050 -0.15550
v -1.15000 0.48950 -0.15550
v -1.13800 0.52250 -0.07450
v 1.13800 0.52250 -0.07450
v 1.13800 0.52250 -0.15550
v -1.13800 0.52250 -0.15550
v -1.13800 0.47750 -0.15550
v 1.13800 0.47750 -0.15550
v 1.13800 0.47750 -0.07450
v -1.13800 0.47750 -0.07450
v -1.13800 0.48950 -0.06250
v 1.13800 0.48950 -0.06250
v 1.13800 0.51050 -0.06250
v -1.13800 0.51050 -0.06250
v -1.13800 0.51050 -0.16750
v 1.13800 0.51050 -0.16750
v 1.13800 0.48950 -0.16750
v -1.13800 0.48950 -0.16750
v -1.15000 0.47750 -0.15550
v 1.15000 0.47750 -0.15550
v 1.15000 0.48950 -0.16750
v -1.15000 0.48950 -0.16750
v -1.15000 0.47750 -0.07450
v 1.15000 0.47750 -0.07450
v 1.15000 0.48950 -0.06250
v -1.15000 0.48950 -0.06250
v -1.15000 0.52250 -0.15550
v 1.15000 0.52250 -0.15550
v 1.15000 0.51050 -0.16750
v -1.15000 0.51050 -0.16750
v -1.15000 0.52250 -0.07450
v 1.15000 0.52250 -0.07450
v 1.15000 0.51050 -0.06250
v -1.15000 0.51050 -0.06250
v -1.15000 0.47750 -0.15550
v -1.15000 0.52250 -0.15550
v -1.13800 0.52250 -0.16750
v -1.13800 0.47750 -0.16750
v -1.15000 0.47750 -0.07450
v -1.15000 0.52250 -0.07450
v -1.13800 0.52250 -0.06250
v -1.13800 0.47750 -0.06250
v 1.15000 0.47750 -0.15550
v 1.15000 0.52250 -0.15550
v 1.13800 0.52250 -0.16750
v 1.13800 0.47750 -0.16750
v 1.15000 0.47750 -0.07450
v 1.15000 0.52250 -0.07450
v 1.13800 0.52250 -0.06250
v 1.13800 0.47750 -0.06250
v -1.15000 0.48950 -0.16750
v -1.15000 0.48950 -0.06250
v -1.13800 0.47750 -0.06250
v -1.13800 0.47750 -0.16750
v -1.15000 0.51050 -0.16750
v -1.15000 0.51050 -0.06250
v -1.13800 0.52250 -0.06250
v -1.13800 0.52250 -0.16750
v 1.15000 0.48950 -0.16750
v 1.15000 0.48950 -0.06250
v 1.13800 0.47750 -0.06250
v 1.13800 0.47750 -0.16750
v 1.15000 0.51050 -0.16750
v 1.15000 0.51050 -0.06250
v 1.13800 0.52250 -0.06250
v 1.13800 0.52250 -0.16750
v -1.15000 0.48950 -0.15550
v -1.13800 0.47750 -0.15550
v -1.13800 0.48950 -0.16750
v -1.15000 0.48950 -0.07450
v -1.13800 0.47750 -0.07450
v -1.13800 0.48950 -0.06250
v -1.15000 0.51050 -0.15550
v -1.13800 0.52250 -0.15550
v -1.13800 0.51050 -0.16750
v -1.15000 0.51050 -0.07450
v -1.13800 0.52250 -0.07450
v -1.13800 0.51050 -0.06250
v 1.15000 0.48950 -0.15550
v 1.13800 0.47750 -0.15550
v 1.13800 0.48950 -0.16750
v 1.15000 0.48950 -0.07450
v 1.13800 0.47750 -0.07450
v 1.13800 0.48950 -0.06250
v 1.15000 0.51050 -0.15550
v 1.13800 0.52250 -0.15550
v 1.13800 0.51050 -0.16750
v 1.15000 0.51050 -0.07450
v 1.13800 0.52250 -0.07450
v 1.13800 0.51050 -0.06250
v 1.15000 0.48950 -0.03050
v 1.15000 0.51050 -0.03050
v 1.15000 0.51050 0.05050
v 1.15000 0.48950 0.05050
v -1.15000 0.48950 0.05050
v -1.15000 0.51050 0.05050
v -1.15000 0.51050 -0.03050
v -1.15000 0.48950 -0.03050
v -1.13800 0.52250 0.05050
v 1.13800 0.52250 0.05050
v 1.13800 0.52250 -0.03050
v -1.13800 0.52250 -0.03050
v -1.13800 0.47750 -0.03050
v 1.13800 0.47750 -0.03050
v 1.13800 0.47750 0.05050
v -1.13800 0.47750 0.05050
v -1.13800 0.48950 0.06250
v 1.13800 0.48950 0.06250
v 1.13800 0.51050 0.06250
v -1.13800 0.51050 0.06250
v -1.13800 0.51050 -0.04250
v 1.13800 0.51050 -0.04250
v 1.13800 0.48950 -0.04250
v -1.13800 0.48950 -0.04250
v -1.15000 0.47750 -0.03050
v 1.15000 0.47750 -0.03050
v 1.15000 0.48950 -0.04250
v -1.15000 0.48950 -0.04250
v -1.15000 0.47750 0.05050
v 1.15000 0.47750 0.05050
v 1.15000 0.48950 0.06250
v -1.15000 0.48950 0.06250
v -1.15000 0.52250 -0.03050
v 1.15000 0.52250 -0.03050
v 1.15000 0.51050 -0.04250
v -1.15000 0.51050 -0.04250
v -1.15000 0.52250 0.05050
v 1.15000 0.52250 0.05050
v 1.15000 0.51050 0.06250
v -1.15000 0.51050 0.06250
v -1.15000 0.47750 -0.03050
v -1.15000 0.52250 -0.03050
v -1.13800 0.52250 -0.04250
v -1.13800 0.47750 -0.04250
v -1.15000 0.47750 0.05050
v -1.15000 0.52250 0.05050
v -1.13800 0.52250 0.06250
v -1.13800 0.47750 0.06250
v 1.15000 0.47750 -0.03050
v 1.15000 0.52250 -0.03050
v 1.13800 0.52250 -0.04250
v 1.13800 0.47750 -0.04250
v 1.15000 0.47750 0.05050
v 1.15000 0.52250 0.05050
v 1.13800 0.52250 0.06250
v 1.13800 0.47750 0.06250
v -1.15000 0.48950 -0.04250
v -1.15000 0.48950 0.06250
v -1.13800 0.47750 0.06250
v -1.13800 0.47750 -0.04250
v -1.15000 0.51050 -0.04250
v -1.15000 0.51050 0.06250
v -1.13800 0.52250 0.06250
v -1.13800 0.52250 -0.04250
v 1.15000 0.48950 -0.04250
v 1.15000 0.48950 0.06250
v 1.13800 0.47750 0.06250
v 1.13800 0.47750 -0.04250
v 1.15000 0.51050 -0.04250
v 1.15000 0.51050 0.06250
v 1.13800 0.52250 0.06250
v 1.13800 0.52250 -0.04250
v -1.15000 0.48950 -0.03050
v -1.13800 0.47750 -0.03050
v -1.13800 0.48950 -0.04250
v -1.15000 0.48950 0.05050
v -1.13800 0.47750 0.05050
v -1.13800 0.48950 0.06250
v -1.15000 0.51050 -0.03050
v -1.13800 0.52250 -0.03050
v -1.13800 0.51050 -0.04250
v -1.15000 0.51050 0.05050
v -1.13800 0.52250 0.05050
v -1.13800 0.51050 0.06250
v 1.15000 0.48950 -0.03050
v 1.13800 0.47750 -0.03050
v 1.13800 0.48950 -0.04250
v 1.15000 0.48950 0.05050
v 1.13800 0.47750 0.05050
v 1.13800 0.48950 0.06250
v 1.15000 0.51050 -0.03050
v 1.13800 0.52250 -0.03050
v 1.13800 0.51050 -0.04250
v 1.15000 0.51050 0.05050
v 1.13800 0.52250 0.05050
v 1.13800 0.51050 0.06250
v 1.15000 0.48950 0.09450
v 1.15000 0.51050 0.09450
v 1.15000 0.51050 0.17550
v 1.15000 0.48950 0.17550
v -1.15000 0.48950 0.17550
v -1.15000 0.51050 0.17550
v -1.15000 0.51050 0.09450
v -1.15000 0.48950 0.09450
v -1.13800 0.52250 0.17550
v 1.13800 0.52250 0.17550
v 1.13800 0.52250 0.09450
v -1.13800 0.52250 0.09450
v -1.13800 0.47750 0.09450
v 1.13800 0.47750 0.09450
v 1.13800 0.47750 0.17550
v -1.13800 0.47750 0.17550
v -1.13800 0.48950 0.18750
v 1.13800 0.48950 0.18750
v 1.13800 0.51050 0.18750
v -1.13800 0.51050 0.18750
v -1.13800 0.51050 0.08250
v 1.13800 0.51050 0.08250
v 1.13800 0.48950 0.08250
v -1.13800 0.48950 0.08250
v -1.15000 0.47750 0.09450
v 1.15000 0.47750 0.09450
v 1.15000 0.48950 0.08250
v -1.15000 0.48950 0.08250
v -1.15000 0.47750 0.17550
v 1.15000 0.47750 0.17550
v 1.15000 0.48950 0.18750
v -1.15000 0.48950 0.18750
v -1.15000 0.52250 0.09450
v 1.15000 0.52250 0.09450
v 1.15000 0.51050 0.08250
v -1.15000 0.51050 0.08250
v -1.15000 0.52250 0.17550
v 1.15000 0.52250 0.17550
v 1.15000 0.51050 0.18750
v -1.15000 0.51050 0.18750
v -1.15000 0.47750 0.09450
v -1.15000 0.52250 0.09450
v -1.13800 0.52250 0.08250
v -1.13800 0.47750 0.08250
v -1.15000 0.47750 0.17550
v -1.15000 0.52250 0.17550
v -1.13800 0.52250 0.18750
v -1.13800 0.47750 0.18750
v 1.15000 0.47750 0.09450
v 1.15000 0.52250 0.09450
v 1.13800 0.52250 0.08250
v 1.13800 0.47750 0.08250
v 1.15000 0.47750 0.17550
v 1.15000 0.52250 0.17550
v 1.13800 0.52250 0.18750
v 1.13800 0.47750 0.18750
v -1.15000 0.48950 0.08250
v -1.15000 0.48950 0.18750
v -1.13800 0.47750 0.18750
v -1.13800 0.47750 0.08250
v -1.15000 0.51050 0.08250
v -1.15000 0.51050 0.18750
v -1.13800 0.52250 0.18750
v -1.13800 0.52250 0.08250
v 1.15000 0.48950 0.08250
v 1.15000 0.48950 0.18750
v 1.13800 0.47750 0.18750
v 1.13800 0.47750 0.08250
v 1.15000 0.51050 0.08250
v 1.15000 0.51050 0.18750
v 1.13800 0.52250 0.18750
v 1.13800 0.52250 0.08250
v -1.15000 0.48950 0.09450
v -1.13800 0.47750 0.09450
v -1.13800 0.48950 0.08250
v -1.15000 0.48950 0.17550
v -1.13800 0.47750 0.17550
v -1.13800 0.48950 0.18750
v -1.15000 0.51050 0.09450
v -1.13800 0.52250 0.09450
v -1.13800 0.51050 0.08250
v -1.15000 0.51050 0.17550
v -1.13800 0.52250 0.17550
v -1.13800 0.51050 0.18750
v 1.15000 0.48950 0.09450
v 1.13800 0.47750 0.09450
v 1.13800 0.48950 0.08250
v 1.15000 0.48950 0.17550
v 1.13800 0.47750 0.17550
v 1.13800 0.48950 0.18750
v 1.15000 0.51050 0.09450
v 1.13800 0.52250 0.09450
v 1.13800 0.51050 0.08250
v 1.15000 0.51050 0.17550
v 1.13800 0.52250 0.17550
v 1.13800 0.51050 0.18750
v 1.15000 0.48950 0.21950
v 1.15000 0.51050 0.21950
v 1.15000 0.51050 0.30050
v 1.15000 0.48950 0.30050
v -1.15000 0.48950 0.30050
v -1.15000 0.51050 0.30050
v -1.15000 0.51050 0.21950
v -1.15000 0.48950 0.21950
v -1.13800 0.52250 0.30050
v 1.13800 0.52250 0.30050
v 1.13800 0.52250 0.21950
v -1.13800 0.52250 0.21950
v -1.13800 0.47750 0.21950
v 1.13800 0.47750 0.21950
v 1.13800 0.47750 0.30050
v -1.13800 0.47750 0.30050
v -1.13800 0.48950 0.31250
v 1.13800 0.48950 0.31250
v 1.13800 0.51050 0.31250
v -1.13800 0.51050 0.31250
v -1.13800 0.51050 0.20750
v 1.13800 0.51050 0.20750
v 1.13800 0.48950 0.20750
v -1.13800 0.48950 0.20750
v -1.15000 0.47750 0.21950
v 1.15000 0.47750 0.21950
v 1.15000 0.48950 0.20750
v -1.15000 0.48950 0.20750
v -1.15000 0.47750 0.30050
v 1.15000 0.47750 0.30050
v 1.15000 0.48950 0.31250
v -1.15000 0.48950 0.31250
v -1.15000 0.52250 0.21950
v 1.15000 0.52250 0.21950
v 1.15000 0.51050 0.20750
v -1.15000 0.51050 0.20750
v -1.15000 0.52250 0.30050
v 1.15000 0.52250 0.30050
v 1.15000 0.51050 0.31250
v -1.15000 0.51050 0.31250
v -1.15000 0.47750 0.21950
v -1.15000 0.52250 0.21950
v -1.13800 0.52250 0.20750
v -1.13800 0.47750 0.20750
v -1.15000 0.47750 0.30050
v -1.15000 0.52250 0.30050
v -1.13800 0.52250 0.31250
v -1.13800 0.47750 0.31250
v 1.15000 0.47750 0.21950
v 1.15000 0.52250 0.21950
v 1.13800 0.52250 0.20750
v 1.13800 0.47750 0.20750
v 1.15000 0.47750 0.30050
v 1.15000 0.52250 0.30050
v 1.13800 0.52250 0.31250
v 1.13800 0.47750 0.31250
v -1.15000 0.48950 0.20750
v -1.15000 0.48950 0.31250
v -1.13800 0.47750 0.31250
v -1.13800 0.47750 0.20750
v -1.15000 0.51050 0.20750
v -1.15000 0.51050 0.31250
v -1.13800 0.52250 0.31250
v -1.13800 0.52250 0.20750
v 1.15000 0.48950 0.20750
v 1.15000 0.48950 0.31250
v 1.13800 0.47750 0.31250
v 1.13800 0.47750 0.20750
v 1.15000 0.51050 0.20750
v 1.15000 0.51050 0.31250
v 1.13800 0.52250 0.31250
v 1.13800 0.52250 0.20750
v -1.15000 0.48950 0.21950
v -1.13800 0.47750 0.21950
v -1.13800 0.48950 0.20750
v -1.15000 0.48950 0.30050
v -1.13800 0.47750 0.30050
v -1.13800 0.48950 0.31250
v -1.15000 0.51050 0.21950
v -1.13800 0.52250 0.21950
v -1.13800 0.51050 0.20750
v -1.15000 0.51050 0.30050
v -1.13800 0.52250 0.30050
v -1.13800 0.51050 0.31250
v 1.15000 0.48950 0.21950
v 1.13800 0.47750 0.21950
v 1.13800 0.48950 0.20750
v 1.15000 0.48950 0.30050
v 1.13800 0.47750 0.30050
v 1.13800 0.48950 0.31250
v 1.15000 0.51050 0.21950
v 1.13800 0.52250 0.21950
v 1.13800 0.51050 0.20750
v 1.15000 0.51050 0.30050
v 1.13800 0.52250 0.30050
v 1.13800 0.51050 0.31250
v 1.10000 0.61950 0.29100
v 1.10000 0.70050 0.29100
v 1.10000 0.70050 0.30900
v 1.10000 0.61950 0.30900
v -1.10000 0.61950 0.30900
v -1.10000 0.70050 0.30900
v -1.10000 0.70050 0.29100
v -1.10000 0.61950 0.29100
v -1.08800 0.71250 0.30900
v 1.08800 0.71250 0.30900
v 1.08800 0.71250 0.29100
v -1.08800 0.71250 0.29100
v -1.08800 0.60750 0.29100
v 1.08800 0.60750 0.29100
v 1.08800 0.60750 0.30900
v -1.08800 0.60750 0.30900
v -1.08800 0.61950 0.32100
v 1.08800 0.61950 0.32100
v 1.08800 0.70050 0.32100
v -1.08800 0.70050 0.32100
v -1.08800 0.70050 0.27900
v 1.08800 0.70050 0.27900
v 1.08800 0.61950 0.27900
v -1.08800 0.61950 0.27900
v -1.10000 0.60750 0.29100
v 1.10000 0.60750 0.29100
v 1.10000 0.61950 0.27900
v -1.10000 0.61950 0.27900
v -1.10000 0.60750 0.30900
v 1.10000 0.60750 0.30900
v 1.10000 0.61950 0.32100
v -1.10000 0.61950 0.32100
v -1.10000 0.71250 0.29100
v 1.10000 0.71250 0.29100
v 1.10000 0.70050 0.27900
v -1.10000 0.70050 0.27900
v -1.10000 0.71250 0.30900
v 1.10000 0.71250 0.30900
v 1.10000 0.70050 0.32100
v -1.10000 0.70050 0.32100
v -1.10000 0.60750 0.29100
v -1.10000 0.71250 0.29100
v -1.08800 0.71250 0.27900
v -1.08800 0.60750 0.27900
v -1.10000 0.60750 0.30900
v -1.10000 0.71250 0.30900
v -1.08800 0.71250 0.32100
v -1.08800 0.60750 0.32100
v 1.10000 0.60750 0.29100
v 1.10000 0.71250 0.29100
v 1.08800 0.71250 0.27900
v 1.08800 0.60750 0.27900
v 1.10000 0.60750 0.30900
v 1.10000 0.71250 0.30900
v 1.08800 0.71250 0.32100
v 1.08800 0.60750 0.32100
v -1.10000 0.61950 0.27900
v -1.10000 0.61950 0.32100
v -1.08800 0.60750 0.32100
v -1.08800 0.60750 0.27900
v -1.10000 0.70050 0.27900
v -1.10000 0.70050 0.32100
v -1.08800 0.71250 0.32100
v -1.08800 0.71250 0.27900
v 1.10000 0.61950 0.27900
v 1.10000 0.61950 0.32100
v 1.08800 0.60750 0.32100
v 1.08800 0.60750 0.27900
v 1.10000 0.70050 0.27900
v 1.10000 0.70050 0.32100
v 1.08800 0.71250 0.32100
v 1.08800 0.71250 0.27900
v -1.10000 0.61950 0.29100
v -1.08800 0.60750 0.29100
v -1.08800 0.61950 0.27900
v -1.10000 0.61950 0.30900
v -1.08800 0.60750 0.30900
v -1.08800 0.61950 0.32100
v -1.10000 0.70050 0.29100
v -1.08800 0.71250 0.29100
v -1.08800 0.70050 0.27900
v -1.10000 0.70050 0.30900
v -1.08800 0.71250 0.30900
v -1.08800 0.70050 0.32100
v 1.10000 0.61950 0.29100
v 1.08800 0.60750 0.29100
v 1.08800 0.61950 0.27900
v 1.10000 0.61950 0.30900
v 1.08800 0.60750 0.30900
v 1.08800 0.61950 0.32100
v 1.10000 0.70050 0.29100
v 1.08800 0.71250 0.29100
v 1.08800 0.70050 0.27900
v 1.10000 0.70050 0.30900
v 1.08800 0.71250 0.30900
v 1.08800 0.70050 0.32100
v 1.10000 0.74950 0.32600
v 1.10000 0.83050 0.32600
v 1.10000 0.83050 0.34400
v 1.10000 0.74950 0.34400
v -1.10000 0.74950 0.34400
v -1.10000 0.83050 0.34400
v -1.10000 0.83050 0.32600
v -1.10000 0.74950 0.32600
v -1.08800 0.84250 0.34400
v 1.08800 0.84250 0.34400
v 1.08800 0.84250 0.32600
v -1.08800 0.84250 0.32600
v -1.08800 0.73750 0.32600
v 1.08800 0.73750 0.32600
v 1.08800 0.73750 0.34400
v -1.08800 0.73750 0.34400
v -1.08800 0.74950 0.35600
v 1.08800 0.74950 0.35600
v 1.08800 0.83050 0.35600
v -1.08800 0.83050 0.35600
v -1.08800 0.83050 0.31400
v 1.08800 0.83050 0.31400
v 1.08800 0.74950 0.31400
v -1.08800 0.74950 0.31400
v -1.10000 0.73750 0.32600
v 1.10000 0.73750 0.32600
v 1.10000 0.74950 0.31400
v -1.10000 0.74950 0.31400
v -1.10000 0.73750 0.34400
v 1.10000 0.73750 0.34400
v 1.10000 0.74950 0.35600
v -1.10000 0.74950 0.35600
v -1.10000 0.84250 0.32600
v 1.10000 0.84250 0.32600
v 1.10000 0.83050 0.31400
v -1.10000 0.83050 0.31400
v -1.10000 0.84250 0.34400
v 1.10000 0.84250 0.34400
v 1.10000 0.83050 0.35600
v -1.10000 0.83050 0.35600
v -1.10000 0.73750 0.32600
v -1.10000 0.84250 0.32600
v -1.08800 0.84250 0.31400
v -1.08800 0.73750 0.31400
v -1.10000 0.73750 0.34400
v -1.10000 0.84250 0.34400
v -1.08800 0.84250 0.35600
v -1.08800 0.73750 0.35600
v 1.10000 0.73750 0.32600
v 1.10000 0.84250 0.32600
v 1.08800 0.84250 0.31400
v 1.08800 0.73750 0.31400
v 1.10000 0.73750 0.34400
v 1.10000 0.84250 0.34400
v 1.08800 0.84250 0.35600
v 1.08800 0.73750 0.35600
v -1.10000 0.74950 0.31400
v -1.10000 0.74950 0.35600
v -1.08800 0.73750 0.35600
v -1.08800 0.73750 0.31400
v -1.10000 0.83050 0.31400
v -1.10000 0.83050 0.35600
v -1.08800 0.84250 0.35600
v -1.08800 0.84250 0.31400
v 1.10000 0.74950 0.31400
v 1.10000 0.74950 0.35600
v 1.08800 0.73750 0.35600
v 1.08800 0.73750 0.31400
v 1.10000 0.83050 0.31400
v 1.10000 0.83050 0.35600
v 1.08800 0.84250 0.35600
v 1.08800 0.84250 0.31400
v -1.10000 0.74950 0.32600
v -1.08800 0.73750 0.32600
v -1.08800 0.74950 0.31400
v -1.10000 0.74950 0.34400
v -1.08800 0.73750 0.34400
v -1.08800 0.74950 0.35600
v -1.10000 0.83050 0.32600
v -1.08800 0.84250 0.32600
v -1.08800 0.83050 0.31400
v -1.10000 0.83050 0.34400
v -1.08800 0.84250 0.34400
v -1.08800 0.83050 0.35600
v 1.10000 0.74950 0.32600
v 1.08800 0.73750 0.32600
v 1.08800 0.74950 0.31400
v 1.10000 0.74950 0.34400
v 1.08800 0.73750 0.34400
v 1.08800 0.74950 0.35600
v 1.10000 0.83050 0.32600
v 1.08800 0.84250 0.32600
v 1.08800 0.83050 0.31400
v 1.10000 0.83050 0.34400
v 1.08800 0.84250 0.34400
v 1.08800 0.83050 0.35600
v 1.10000 0.87950 0.32600
v 1.10000 0.96050 0.32600
v 1.10000 0.96050 0.34400
v 1.10000 0.87950 0.34400
v -1.10000 0.87950 0.34400
v -1.10000 0.96050 0.34400
v -1.10000 0.96050 0.32600
v -1.10000 0.87950 0.32600
v -1.08800 0.97250 0.34400
v 1.08800 0.97250 0.34400
v 1.08800 0.97250 0.32600
v -1.08800 0.97250 0.32600
v -1.08800 0.86750 0.32600
v 1.08800 0.86750 0.32600
v 1.08800 0.86750 0.34400
v -1.08800 0.86750 0.34400
v -1.08800 0.87950 0.35600
v 1.08800 0.87950 0.35600
v 1.08800 0.96050 0.35600
v -1.08800 0.96050 0.35600
v -1.08800 0.96050 0.31400
v 1.08800 0.96050 0.31400
v 1.08800 0.87950 0.31400
v -1.08800 0.87950 0.31400
v -1.10000 0.86750 0.32600
v 1.10000 0.86750 0.32600
v 1.10000 0.87950 0.31400
v -1.10000 0.87950 0.31400
v -1.10000 0.86750 0.34400
v 1.10000 0.86750 0.34400
v 1.10000 0.87950 0.35600
v -1.10000 0.87950 0.35600
v -1.10000 0.97250 0.32600
v 1.10000 0.97250 0.32600
v 1.10000 0.96050 0.31400
v -1.10000 0.96050 0.31400
v -1.10000 0.97250 0.34400
v 1.10000 0.97250 0.34400
v 1.10000 0.96050 0.35600
v -1.10000 0.96050 0.35600
v -1.10000 0.86750 0.32600
v -1.10000 0.97250 0.32600
v -1.08800 0.97250 0.31400
v -1.08800 0.86750 0.31400
v -1.10000 0.86750 0.34400
v -1.10000 0.97250 0.34400
v -1.08800 0.97250 0.35600
v -1.08800 0.86750 0.35600
v 1.10000 0.86750 0.32600
v 1.10000 0.97250 0.32600
v 1.08800 0.97250 0.31400
v 1.08800 0.86750 0.31400
v 1.10000 0.86750 0.34400
v 1.10000 0.97250 0.34400
v 1.08800 0.97250 0.35600
v 1.08800 0.86750 0.35600
v -1.10000 0.87950 0.31400
v -1.10000 0.87950 0.35600
v -1.08800 0.86750 0.35600
v -1.08800 0.86750 0.31400
v -1.10000 0.96050 0.31400
v -1.10000 0.96050 0.35600
v -1.08800 0.97250 0.35600
v -1.08800 0.97250 0.31400
v 1.10000 0.87950 0.31400
v 1.10000 0.87950 0.35600
v 1.08800 0.86750 0.35600
v 1.08800 0.86750 0.31400
v 1.10000 0.96050 0.31400
v 1.10000 0.96050 0.35600
v 1.08800 0.97250 0.35600
v 1.08800 0.97250 0.31400
v -1.10000 0.87950 0.32600
v -1.08800 0.86750 0.32600
v -1.08800 0.87950 0.31400
v -1.10000 0.87950 0.34400
v -1.08800 0.86750 0.34400
v -1.08800 0.87950 0.35600
v -1.10000 0.96050 0.32600
v -1.08800 0.97250 0.32600
v -1.08800 0.96050 0.31400
v -1.10000 0.96050 0.34400
v -1.08800 0.97250 0.34400
v -1.08800 0.96050 0.35600
v 1.10000 0.87950 0.32600
v 1.08800 0.86750 0.32600
v 1.08800 0.87950 0.31400
v 1.10000 0.87950 0.34400
v 1.08800 0.86750 0.34400
v 1.08800 0.87950 0.35600
v 1.10000 0.96050 0.32600
v 1.08800 0.97250 0.32600
v 1.08800 0.96050 0.31400
v 1.10000 0.96050 0.34400
v 1.08800 0.97250 0.34400
v 1.08800 0.96050 0.35600
vt 0.00000 0.11667
vt 0.19448 0.11667
vt 0.19448 0.00000
vt 0.00000 0.00000
vt 0.19448 0.11667
vt 0.38896 0.11667
vt 0.38896 0.00000
vt 0.19448 0.00000
vt 0.38896 0.11667
vt 0.58344 0.11667
vt 0.58344 0.00000
vt 0.38896 0.00000
vt 0.58344 0.11667
vt 0.77792 0.11667
vt 0.77792 0.00000
vt 0.58344 0.00000
vt 0.77792 0.11667
vt 0.97240 0.11667
vt 0.97240 0.00000
vt 0.77792 0.00000
vt 0.97240 0.11667
vt 1.16688 0.11667
vt 1.16688 0.00000
vt 0.97240 0.00000
vt 1.16688 0.11667
vt 1.36136 0.11667
vt 1.36136 0.00000
vt 1.16688 0.00000
vt 1.36136 0.11667
vt 1.55584 0.11667
vt 1.55584 0.00000
vt 1.36136 0.00000
vt 1.55584 0.11667
vt 1.75032 0.11667
vt 1.75032 0.00000
vt 1.55584 0.00000
vt 1.75032 0.11667
vt 1.94480 0.11667
vt 1.94480 0.00000
vt 1.75032 0.00000
vt 1.94480 0.11667
vt 2.13927 0.11667
vt 2.13927 0.00000
vt 1.94480 0.00000
vt 2.13927 0.11667
vt 2.33375 0.11667
vt 2.33375 0.00000
vt 2.13927 0.00000
vt 2.33375 0.11667
vt 2.52823 0.11667
vt 2.52823 0.00000
vt 2.33375 0.00000
vt 2.52823 0.11667
vt 2.72271 0.11667
vt 2.72271 0.00000
vt 2.52823 0.00000
vt 0.00000 0.20000
vt 0.19448 0.20000
vt 0.19448 0.11667
vt 0.00000 0.11667
vt 0.19448 0.20000
vt 0.38896 0.20000
vt 0.38896 0.11667
vt 0.19448 0.11667
vt 0.38896 0.20000
vt 0.58344 0.20000
vt 0.58344 0.11667
vt 0.38896 0.11667
vt 0.58344 0.20000
vt 0.77792 0.20000
vt 0.77792 0.11667
vt 0.58344 0.11667
vt 0.77792 0.20000
vt 0.97240 0.20000
vt 0.97240 0.11667
vt 0.77792 0.11667
vt 0.97240 0.20000
vt 1.16688 0.20000
vt 1.16688 0.11667
vt 0.97240 0.11667
vt 1.16688 0.20000
vt 1.36136 0.20000
vt 1.36136 0.11667
vt 1.16688 0.11667
vt 1.36136 0.20000
vt 1.55584 0.20000
vt 1.55584 0.11667
vt 1.36136 0.11667
vt 1.55584 0.20000
vt 1.75032 0.20000
vt 1.75032 0.11667
vt 1.55584 0.11667
vt 1.75032 0.20000
vt 1.94480 0.20000
vt 1.94480 0.11667
vt 1.75032 0.11667
vt 1.94480 0.20000
vt 2.13927 0.20000
vt 2.13927 0.11667
vt 1.94480 0.11667
vt 2.13927 0.20000
vt 2.33375 0.20000
vt 2.33375 0.11667
vt 2.13927 0.11667
vt 2.33375 0.20000
vt 2.52823 0.20000
vt 2.52823 0.11667
vt 2.33375 0.11667
vt 2.52823 0.20000
vt 2.72271 0.20000
vt 2.72271 0.11667
vt 2.52823 0.11667
vt 0.00000 0.33333
vt 0.19448 0.33333
vt 0.19448 0.20000
vt 0.00000 0.20000
vt 0.19448 0.33333
vt 0.38896 0.33333
vt 0.38896 0.20000
vt 0.19448 0.20000
vt 0.38896 0.33333
vt 0.58344 0.33333
vt 0.58344 0.20000
vt 0.38896 0.20000
vt 0.58344 0.33333
vt 0.77792 0.33333
vt 0.77792 0.20000
vt 0.58344 0.20000
vt 0.77792 0.33333
vt 0.97240 0.33333
vt 0.97240 0.20000
vt 0.77792 0.20000
vt 0.97240 0.33333
vt 1.16688 0.33333
vt 1.16688 0.20000
vt 0.97240 0.20000
vt 1.16688 0.33333
vt 1.36136 0.33333
vt 1.36136 0.20000
vt 1.16688 0.20000
vt 1.36136 0.33333
vt 1.55584 0.33333
vt 1.55584 0.20000
vt 1.36136 0.20000
vt 1.55584 0.33333
vt 1.75032 0.33333
vt 1.75032 0.20000
vt 1.55584 0.20000
vt 1.75032 0.33333
vt 1.94480 0.33333
vt 1.94480 0.20000
vt 1.75032 0.20000
vt 1.94480 0.33333
vt 2.13927 0.33333
vt 2.13927 0.20000
vt 1.94480 0.20000
vt 2.13927 0.33333
vt 2.33375 0.33333
vt 2.33375 0.20000
vt 2.13927 0.20000
vt 2.33375 0.33333
vt 2.52823 0.33333
vt 2.52823 0.20000
vt 2.33375 0.20000
vt 2.52823 0.33333
vt 2.72271 0.33333
vt 2.72271 0.20000
vt 2.52823 0.20000
vt 0.00000 1.33333
vt 0.19448 1.33333
vt 0.19448 0.33333
vt 0.00000 0.33333
vt 0.19448 1.33333
vt 0.38896 1.33333
vt 0.38896 0.33333
vt 0.19448 0.33333
vt 0.38896 1.33333
vt 0.58344 1.33333
vt 0.58344 0.33333
vt 0.38896 0.33333
vt 0.58344 1.33333
vt 0.77792 1.33333
vt 0.77792 0.33333
vt 0.58344 0.33333
vt 0.77792 1.33333
vt 0.97240 1.33333
vt 0.97240 0.33333
vt 0.77792 0.33333
vt 0.97240 1.33333
vt 1.16688 1.33333
vt 1.16688 0.33333
vt 0.97240 0.33333
vt 1.16688 1.33333
vt 1.36136 1.33333
vt 1.36136 0.33333
vt 1.16688 0.33333
vt 1.36136 1.33333
vt 1.55584 1.33333
vt 1.55584 0.33333
vt 1.36136 0.33333
vt 1.55584 1.33333
vt 1.75032 1.33333
vt 1.75032 0.33333
vt 1.55584 0.33333
vt 1.75032 1.33333
vt 1.94480 1.33333
vt 1.94480 0.33333
vt 1.75032 0.33333
vt 1.94480 1.33333
vt 2.13927 1.33333
vt 2.13927 0.33333
vt 1.94480 0.33333
vt 2.13927 1.33333
vt 2.33375 1.33333
vt 2.33375 0.33333
vt 2.13927 0.33333
vt 2.33375 1.33333
vt 2.52823 1.33333
vt 2.52823 0.33333
vt 2.33375 0.33333
vt 2.52823 1.33333
vt 2.72271 1.33333
vt 2.72271 0.33333
vt 2.52823 0.33333
vt 0.00000 1.46667
vt 0.19448 1.46667
vt 0.19448 1.33333
vt 0.00000 1.33333
vt 0.19448 1.46667
vt 0.38896 1.46667
vt 0.38896 1.33333
vt 0.19448 1.33333
vt 0.38896 1.46667
vt 0.58344 1.46667
vt 0.58344 1.33333
vt 0.38896 1.33333
vt 0.58344 1.46667
vt 0.77792 1.46667
vt 0.77792 1.33333
vt 0.58344 1.33333
vt 0.77792 1.46667
vt 0.97240 1.46667
vt 0.97240 1.33333
vt 0.77792 1.33333
vt 0.97240 1.46667
vt 1.16688 1.46667
vt 1.16688 1.33333
vt 0.97240 1.33333
vt 1.16688 1.46667
vt 1.36136 1.46667
vt 1.36136 1.33333
vt 1.16688 1.33333
vt 1.36136 1.46667
vt 1.55584 1.46667
vt 1.55584 1.33333
vt 1.36136 1.33333
vt 1.55584 1.46667
vt 1.75032 1.46667
vt 1.75032 1.33333
vt 1.55584 1.33333
vt 1.75032 1.46667
vt 1.94480 1.46667
vt 1.94480 1.33333
vt 1.75032 1.33333
vt 1.94480 1.46667
vt 2.13927 1.46667
vt 2.13927 1.33333
vt 1.94480 1.33333
vt 2.13927 1.46667
vt 2.33375 1.46667
vt 2.33375 1.33333
vt 2.13927 1.33333
vt 2.33375 1.46667
vt 2.52823 1.46667
vt 2.52823 1.33333
vt 2.33375 1.33333
vt 2.52823 1.46667
vt 2.72271 1.46667
vt 2.72271 1.33333
vt 2.52823 1.33333
vt 0.43333 0.00000
vt 0.39042 0.18802
vt 0.27018 0.33879
vt 0.09643 0.42247
vt -0.09643 0.42247
vt -0.27018 0.33879
vt -0.39042 0.18802
vt -0.43333 0.00000
vt -0.39042 -0.18802
vt -0.27018 -0.33879
vt -0.09643 -0.42247
vt 0.09643 -0.42247
vt 0.27018 -0.33879
vt 0.39042 -0.18802
vt 0.16518 -0.07955
vt 0.11431 -0.14334
vt 0.04080 -0.17874
vt -0.04080 -0.17874
vt -0.11431 -0.14334
vt -0.16518 -0.07955
vt -0.18333 0.00000
vt -0.16518 0.07955
vt -0.11431 0.14334
vt -0.04080 0.17874
vt 0.04080 0.17874
vt 0.11431 0.14334
vt 0.16518 0.07955
vt 0.18333 0.00000
vt -0.93333 1.43333
vt 1.06667 1.43333
vt 1.06667 1.60000
vt -0.93333 1.60000
vt -1.06667 1.43333
vt 0.93333 1.43333
vt 0.93333 1.60000
vt -1.06667 1.60000
vt -3.45000 -0.93333
vt -3.15000 -0.93333
vt -3.15000 1.06667
vt -3.45000 1.06667
vt -3.45000 -1.06667
vt -3.15000 -1.06667
vt -3.15000 0.93333
vt -3.45000 0.93333
vt -3.45000 1.43333
vt -3.15000 1.43333
vt -3.15000 1.60000
vt -3.45000 1.60000
vt 3.15000 1.43333
vt 3.45000 1.43333
vt 3.45000 1.60000
vt 3.15000 1.60000
vt 0.00000 0.00000
vt 0.23333 0.00000
vt 0.23333 0.56960
vt 0.00000 0.56960
vt 0.23333 0.00000
vt 0.36667 0.00000
vt 0.36667 0.56960
vt 0.23333 0.56960
vt 0.36667 0.00000
vt 0.60000 0.00000
vt 0.60000 0.56960
vt 0.36667 0.56960
vt 0.60000 0.00000
vt 0.73333 0.00000
vt 0.73333 0.56960
vt 0.60000 0.56960
vt 0.00000 0.56960
vt 0.23333 0.56960
vt 0.23333 1.18084
vt 0.00000 1.18084
vt 0.23333 0.56960
vt 0.36667 0.56960
vt 0.36667 1.18084
vt 0.23333 1.18084
vt 0.36667 0.56960
vt 0.60000 0.56960
vt 0.60000 1.18084
vt 0.36667 1.18084
vt 0.60000 0.56960
vt 0.73333 0.56960
vt 0.73333 1.18084
vt 0.60000 1.18084
vt 0.00000 1.18084
vt 0.23333 1.18084
vt 0.23333 1.78107
vt 0.00000 1.78107
vt 0.23333 1.18084
vt 0.36667 1.18084
vt 0.36667 1.78107
vt 0.23333 1.78107
vt 0.36667 1.18084
vt 0.60000 1.18084
vt 0.60000 1.78107
vt 0.36667 1.78107
vt 0.60000 1.18084
vt 0.73333 1.18084
vt 0.73333 1.78107
vt 0.60000 1.78107
vt -0.11667 0.06667
vt 0.11667 0.06667
vt 0.11667 -0.06667
vt -0.11667 -0.06667
vt -0.11667 -0.06667
vt 0.11667 -0.06667
vt 0.11667 0.06667
vt -0.11667 0.06667
vt 0.00000 0.00000
vt 0.20000 0.00000
vt 0.20000 0.54975
vt 0.00000 0.54975
vt 0.20000 0.00000
vt 0.36667 0.00000
vt 0.36667 0.54975
vt 0.20000 0.54975
vt 0.36667 0.00000
vt 0.56667 0.00000
vt 0.56667 0.54975
vt 0.36667 0.54975
vt 0.56667 0.00000
vt 0.73333 0.00000
vt 0.73333 0.54975
vt 0.56667 0.54975
vt 0.00000 0.54975
vt 0.20000 0.54975
vt 0.20000 1.34975
vt 0.00000 1.34975
vt 0.20000 0.54975
vt 0.36667 0.54975
vt 0.36667 1.34975
vt 0.20000 1.34975
vt 0.36667 0.54975
vt 0.56667 0.54975
vt 0.56667 1.34975
vt 0.36667 1.34975
vt 0.56667 0.54975
vt 0.73333 0.54975
vt 0.73333 1.34975
vt 0.56667 1.34975
vt 0.00000 1.34975
vt 0.20000 1.34975
vt 0.20000 1.83509
vt 0.00000 1.83509
vt 0.20000 1.34975
vt 0.36667 1.34975
vt 0.36667 1.83509
vt 0.20000 1.83509
vt 0.36667 1.34975
vt 0.56667 1.34975
vt 0.56667 1.83509
vt 0.36667 1.83509
vt 0.56667 1.34975
vt 0.73333 1.34975
vt 0.73333 1.83509
vt 0.56667 1.83509
vt -0.10000 0.08333
vt 0.10000 0.08333
vt 0.10000 -0.08333
vt -0.10000 -0.08333
vt -0.10000 -0.08333
vt 0.10000 -0.08333
vt 0.10000 0.08333
vt -0.10000 0.08333
vt 0.00000 0.11667
vt 0.19448 0.11667
vt 0.19448 0.00000
vt 0.00000 0.00000
vt 0.19448 0.11667
vt 0.38896 0.11667
vt 0.38896 0.00000
vt 0.19448 0.00000
vt 0.38896 0.11667
vt 0.58344 0.11667
vt 0.58344 0.00000
vt 0.38896 0.00000
vt 0.58344 0.11667
vt 0.77792 0.11667
vt 0.77792 0.00000
vt 0.58344 0.00000
vt 0.77792 0.11667
vt 0.97240 0.11667
vt 0.97240 0.00000
vt 0.77792 0.00000
vt 0.97240 0.11667
vt 1.16688 0.11667
vt 1.16688 0.00000
vt 0.97240 0.00000
vt 1.16688 0.11667
vt 1.36136 0.11667
vt 1.36136 0.00000
vt 1.16688 0.00000
vt 1.36136 0.11667
vt 1.55584 0.11667
vt 1.55584 0.00000
vt 1.36136 0.00000
vt 1.55584 0.11667
vt 1.75032 0.11667
vt 1.75032 0.00000
vt 1.55584 0.00000
vt 1.75032 0.11667
vt 1.94480 0.11667
vt 1.94480 0.00000
vt 1.75032 0.00000
vt 1.94480 0.11667
vt 2.13927 0.11667
vt 2.13927 0.00000
vt 1.94480 0.00000
vt 2.13927 0.11667
vt 2.33375 0.11667
vt 2.33375 0.00000
vt 2.13927 0.00000
vt 2.33375 0.11667
vt 2.52823 0.11667
vt 2.52823 0.00000
vt 2.33375 0.00000
vt 2.52823 0.11667
vt 2.72271 0.11667
vt 2.72271 0.00000
vt 2.52823 0.00000
vt 0.00000 0.20000
vt 0.19448 0.20000
vt 0.19448 0.11667
vt 0.00000 0.11667
vt 0.19448 0.20000
vt 0.38896 0.20000
vt 0.38896 0.11667
vt 0.19448 0.11667
vt 0.38896 0.20000
vt 0.58344 0.20000
vt 0.58344 0.11667
vt 0.38896 0.11667
vt 0.58344 0.20000
vt 0.77792 0.20000
vt 0.77792 0.11667
vt 0.58344 0.11667
vt 0.77792 0.20000
vt 0.97240 0.20000
vt 0.97240 0.11667
vt 0.77792 0.11667
vt 0.97240 0.20000
vt 1.16688 0.20000
vt 1.16688 0.11667
vt 0.97240 0.11667
vt 1.16688 0.20000
vt 1.36136 0.20000
vt 1.36136 0.11667
vt 1.16688 0.11667
vt 1.36136 0.20000
vt 1.55584 0.20000
vt 1.55584 0.11667
vt 1.36136 0.11667
vt 1.55584 0.20000
vt 1.75032 0.20000
vt 1.75032 0.11667
vt 1.55584 0.11667
vt 1.75032 0.20000
vt 1.94480 0.20000
vt 1.94480 0.11667
vt 1.75032 0.11667
vt 1.94480 0.20000
vt 2.13927 0.20000
vt 2.13927 0.11667
vt 1.94480 0.11667
vt 2.13927 0.20000
vt 2.33375 0.20000
vt 2.33375 0.11667
vt 2.13927 0.11667
vt 2.33375 0.20000
vt 2.52823 0.20000
vt 2.52823 0.11667
vt 2.33375 0.11667
vt 2.52823 0.20000
vt 2.72271 0.20000
vt 2.72271 0.11667
vt 2.52823 0.11667
vt 0.00000 0.33333
vt 0.19448 0.33333
vt 0.19448 0.20000
vt 0.00000 0.20000
vt 0.19448 0.33333
vt 0.38896 0.33333
vt 0.38896 0.20000
vt 0.19448 0.20000
vt 0.38896 0.33333
vt 0.58344 0.33333
vt 0.58344 0.20000
vt 0.38896 0.20000
vt 0.58344 0.33333
vt 0.77792 0.33333
vt 0.77792 0.20000
vt 0.58344 0.20000
vt 0.77792 0.33333
vt 0.97240 0.33333
vt 0.97240 0.20000
vt 0.77792 0.20000
vt 0.97240 0.33333
vt 1.16688 0.33333
vt 1.16688 0.20000
vt 0.97240 0.20000
vt 1.16688 0.33333
vt 1.36136 0.33333
vt 1.36136 0.20000
vt 1.16688 0.20000
vt 1.36136 0.33333
vt 1.55584 0.33333
vt 1.55584 0.20000
vt 1.36136 0.20000
vt 1.55584 0.33333
vt 1.75032 0.33333
vt 1.75032 0.20000
vt 1.55584 0.20000
vt 1.75032 0.33333
vt 1.94480 0.33333
vt 1.94480 0.20000
vt 1.75032 0.20000
vt 1.94480 0.33333
vt 2.13927 0.33333
vt 2.13927 0.20000
vt 1.94480 0.20000
vt 2.13927 0.33333
vt 2.33375 0.33333
vt 2.33375 0.20000
vt 2.13927 0.20000
vt 2.33375 0.33333
vt 2.52823 0.33333
vt 2.52823 0.20000
vt 2.33375 0.20000
vt 2.52823 0.33333
vt 2.72271 0.33333
vt 2.72271 0.20000
vt 2.52823 0.20000
vt 0.00000 1.33333
vt 0.19448 1.33333
vt 0.19448 0.33333
vt 0.00000 0.33333
vt 0.19448 1.33333
vt 0.38896 1.33333
vt 0.38896 0.33333
vt 0.19448 0.33333
vt 0.38896 1.33333
vt 0.58344 1.33333
vt 0.58344 0.33333
vt 0.38896 0.33333
vt 0.58344 1.33333
vt 0.77792 1.33333
vt 0.77792 0.33333
vt 0.58344 0.33333
vt 0.77792 1.33333
vt 0.97240 1.33333
vt 0.97240 0.33333
vt 0.77792 0.33333
vt 0.97240 1.33333
vt 1.16688 1.33333
vt 1.16688 0.33333
vt 0.97240 0.33333
vt 1.16688 1.33333
vt 1.36136 1.33333
vt 1.36136 0.33333
vt 1.16688 0.33333
vt 1.36136 1.33333
vt 1.55584 1.33333
vt 1.55584 0.33333
vt 1.36136 0.33333
vt 1.55584 1.33333
vt 1.75032 1.33333
vt 1.75032 0.33333
vt 1.55584 0.33333
vt 1.75032 1.33333
vt 1.94480 1.33333
vt 1.94480 0.33333
vt 1.75032 0.33333
vt 1.94480 1.33333
vt 2.13927 1.33333
vt 2.13927 0.33333
vt 1.94480 0.33333
vt 2.13927 1.33333
vt 2.33375 1.33333
vt 2.33375 0.33333
vt 2.13927 0.33333
vt 2.33375 1.33333
vt 2.52823 1.33333
vt 2.52823 0.33333
vt 2.33375 0.33333
vt 2.52823 1.33333
vt 2.72271 1.33333
vt 2.72271 0.33333
vt 2.52823 0.33333
vt 0.00000 1.46667
vt 0.19448 1.46667
vt 0.19448 1.33333
vt 0.00000 1.33333
vt 0.19448 1.46667
vt 0.38896 1.46667
vt 0.38896 1.33333
vt 0.19448 1.33333
vt 0.38896 1.46667
vt 0.58344 1.46667
vt 0.58344 1.33333
vt 0.38896 1.33333
vt 0.58344 1.46667
vt 0.77792 1.46667
vt 0.77792 1.33333
vt 0.58344 1.33333
vt 0.77792 1.46667
vt 0.97240 1.46667
vt 0.97240 1.33333
vt 0.77792 1.33333
vt 0.97240 1.46667
vt 1.16688 1.46667
vt 1.16688 1.33333
vt 0.97240 1.33333
vt 1.16688 1.46667
vt 1.36136 1.46667
vt 1.36136 1.33333
vt 1.16688 1.33333
vt 1.36136 1.46667
vt 1.55584 1.46667
vt 1.55584 1.33333
vt 1.36136 1.33333
vt 1.55584 1.46667
vt 1.75032 1.46667
vt 1.75032 1.33333
vt 1.55584 1.33333
vt 1.75032 1.46667
vt 1.94480 1.46667
vt 1.94480 1.33333
vt 1.75032 1.33333
vt 1.94480 1.46667
vt 2.13927 1.46667
vt 2.13927 1.33333
vt 1.94480 1.33333
vt 2.13927 1.46667
vt 2.33375 1.46667
vt 2.33375 1.33333
vt 2.13927 1.33333
vt 2.33375 1.46667
vt 2.52823 1.46667
vt 2.52823 1.33333
vt 2.33375 1.33333
vt 2.52823 1.46667
vt 2.72271 1.46667
vt 2.72271 1.33333
vt 2.52823 1.33333
vt 0.43333 0.00000
vt 0.39042 0.18802
vt 0.27018 0.33879
vt 0.09643 0.42247
vt -0.09643 0.42247
vt -0.27018 0.33879
vt -0.39042 0.18802
vt -0.43333 0.00000
vt -0.39042 -0.18802
vt -0.27018 -0.33879
vt -0.09643 -0.42247
vt 0.09643 -0.42247
vt 0.27018 -0.33879
vt 0.39042 -0.18802
vt 0.16518 -0.07955
vt 0.11431 -0.14334
vt 0.04080 -0.17874
vt -0.04080 -0.17874
vt -0.11431 -0.14334
vt -0.16518 -0.07955
vt -0.18333 0.00000
vt -0.16518 0.07955
vt -0.11431 0.14334
vt -0.04080 0.17874
vt 0.04080 0.17874
vt 0.11431 0.14334
vt 0.16518 0.07955
vt 0.18333 0.00000
vt -0.93333 1.43333
vt 1.06667 1.43333
vt 1.06667 1.60000
vt -0.93333 1.60000
vt -1.06667 1.43333
vt 0.93333 1.43333
vt 0.93333 1.60000
vt -1.06667 1.60000
vt 3.15000 -0.93333
vt 3.45000 -0.93333
vt 3.45000 1.06667
vt 3.15000 1.06667
vt 3.15000 -1.06667
vt 3.45000 -1.06667
vt 3.45000 0.93333
vt 3.15000 0.93333
vt 3.15000 1.43333
vt 3.45000 1.43333
vt 3.45000 1.60000
vt 3.15000 1.60000
vt -3.45000 1.43333
vt -3.15000 1.43333
vt -3.15000 1.60000
vt -3.45000 1.60000
vt 0.00000 0.00000
vt 0.23333 0.00000
vt 0.23333 0.56960
vt 0.00000 0.56960
vt 0.23333 0.00000
vt 0.36667 0.00000
vt 0.36667 0.56960
vt 0.23333 0.56960
vt 0.36667 0.00000
vt 0.60000 0.00000
vt 0.60000 0.56960
vt 0.36667 0.56960
vt 0.60000 0.00000
vt 0.73333 0.00000
vt 0.73333 0.56960
vt 0.60000 0.56960
vt 0.00000 0.56960
vt 0.23333 0.56960
vt 0.23333 1.18084
vt 0.00000 1.18084
vt 0.23333 0.56960
vt 0.36667 0.56960
vt 0.36667 1.18084
vt 0.23333 1.18084
vt 0.36667 0.56960
vt 0.60000 0.56960
vt 0.60000 1.18084
vt 0.36667 1.18084
vt 0.60000 0.56960
vt 0.73333 0.56960
vt 0.73333 1.18084
vt 0.60000 1.18084
vt 0.00000 1.18084
vt 0.23333 1.18084
vt 0.23333 1.78107
vt 0.00000 1.78107
vt 0.23333 1.18084
vt 0.36667 1.18084
vt 0.36667 1.78107
vt 0.23333 1.78107
vt 0.36667 1.18084
vt 0.60000 1.18084
vt 0.60000 1.78107
vt 0.36667 1.78107
vt 0.60000 1.18084
vt 0.73333 1.18084
vt 0.73333 1.78107
vt 0.60000 1.78107
vt -0.11667 0.06667
vt 0.11667 0.06667
vt 0.11667 -0.06667
vt -0.11667 -0.06667
vt -0.11667 -0.06667
vt 0.11667 -0.06667
vt 0.11667 0.06667
vt -0.11667 0.06667
vt 0.00000 0.00000
vt 0.20000 0.00000
vt 0.20000 0.54975
vt 0.00000 0.54975
vt 0.20000 0.00000
vt 0.36667 0.00000
vt 0.36667 0.54975
vt 0.20000 0.54975
vt 0.36667 0.00000
vt 0.56667 0.00000
vt 0.56667 0.54975
vt 0.36667 0.54975
vt 0.56667 0.00000
vt 0.73333 0.00000
vt 0.73333 0.54975
vt 0.56667 0.54975
vt 0.00000 0.54975
vt 0.20000 0.54975
vt 0.20000 1.34975
vt 0.00000 1.34975
vt 0.20000 0.54975
vt 0.36667 0.54975
vt 0.36667 1.34975
vt 0.20000 1.34975
vt 0.36667 0.54975
vt 0.56667 0.54975
vt 0.56667 1.34975
vt 0.36667 1.34975
vt 0.56667 0.54975
vt 0.73333 0.54975
vt 0.73333 1.34975
vt 0.56667 1.34975
vt 0.00000 1.34975
vt 0.20000 1.34975
vt 0.20000 1.83509
vt 0.00000 1.83509
vt 0.20000 1.34975
vt 0.36667 1.34975
vt 0.36667 1.83509
vt 0.20000 1.83509
vt 0.36667 1.34975
vt 0.56667 1.34975
vt 0.56667 1.83509
vt 0.36667 1.83509
vt 0.56667 1.34975
vt 0.73333 1.34975
vt 0.73333 1.83509
vt 0.56667 1.83509
vt -0.10000 0.08333
vt 0.10000 0.08333
vt 0.10000 -0.08333
vt -0.10000 -0.08333
vt -0.10000 -0.08333
vt 0.10000 -0.08333
vt 0.10000 0.08333
vt -0.10000 0.08333
vt 0.00000 0.10000
vt 0.19199 0.10000
vt 0.19199 0.00000
vt 0.00000 0.00000
vt 0.19199 0.10000
vt 0.38397 0.10000
vt 0.38397 0.00000
vt 0.19199 0.00000
vt 0.38397 0.10000
vt 0.57596 0.10000
vt 0.57596 0.00000
vt 0.38397 0.00000
vt 0.57596 0.10000
vt 0.76794 0.10000
vt 0.76794 0.00000
vt 0.57596 0.00000
vt 0.76794 0.10000
vt 0.95993 0.10000
vt 0.95993 0.00000
vt 0.76794 0.00000
vt 0.95993 0.10000
vt 1.15192 0.10000
vt 1.15192 0.00000
vt 0.95993 0.00000
vt 1.15192 0.10000
vt 1.34390 0.10000
vt 1.34390 0.00000
vt 1.15192 0.00000
vt 1.34390 0.10000
vt 1.53589 0.10000
vt 1.53589 0.00000
vt 1.34390 0.00000
vt 1.53589 0.10000
vt 1.72788 0.10000
vt 1.72788 0.00000
vt 1.53589 0.00000
vt 1.72788 0.10000
vt 1.91986 0.10000
vt 1.91986 0.00000
vt 1.72788 0.00000
vt 1.91986 0.10000
vt 2.11185 0.10000
vt 2.11185 0.00000
vt 1.91986 0.00000
vt 2.11185 0.10000
vt 2.30383 0.10000
vt 2.30383 0.00000
vt 2.11185 0.00000
vt 0.00000 0.23333
vt 0.19199 0.23333
vt 0.19199 0.10000
vt 0.00000 0.10000
vt 0.19199 0.23333
vt 0.38397 0.23333
vt 0.38397 0.10000
vt 0.19199 0.10000
vt 0.38397 0.23333
vt 0.57596 0.23333
vt 0.57596 0.10000
vt 0.38397 0.10000
vt 0.57596 0.23333
vt 0.76794 0.23333
vt 0.76794 0.10000
vt 0.57596 0.10000
vt 0.76794 0.23333
vt 0.95993 0.23333
vt 0.95993 0.10000
vt 0.76794 0.10000
vt 0.95993 0.23333
vt 1.15192 0.23333
vt 1.15192 0.10000
vt 0.95993 0.10000
vt 1.15192 0.23333
vt 1.34390 0.23333
vt 1.34390 0.10000
vt 1.15192 0.10000
vt 1.34390 0.23333
vt 1.53589 0.23333
vt 1.53589 0.10000
vt 1.34390 0.10000
vt 1.53589 0.23333
vt 1.72788 0.23333
vt 1.72788 0.10000
vt 1.53589 0.10000
vt 1.72788 0.23333
vt 1.91986 0.23333
vt 1.91986 0.10000
vt 1.72788 0.10000
vt 1.91986 0.23333
vt 2.11185 0.23333
vt 2.11185 0.10000
vt 1.91986 0.10000
vt 2.11185 0.23333
vt 2.30383 0.23333
vt 2.30383 0.10000
vt 2.11185 0.10000
vt 0.00000 1.46667
vt 0.19199 1.46667
vt 0.19199 0.23333
vt 0.00000 0.23333
vt 0.19199 1.46667
vt 0.38397 1.46667
vt 0.38397 0.23333
vt 0.19199 0.23333
vt 0.38397 1.46667
vt 0.57596 1.46667
vt 0.57596 0.23333
vt 0.38397 0.23333
vt 0.57596 1.46667
vt 0.76794 1.46667
vt 0.76794 0.23333
vt 0.57596 0.23333
vt 0.76794 1.46667
vt 0.95993 1.46667
vt 0.95993 0.23333
vt 0.76794 0.23333
vt 0.95993 1.46667
vt 1.15192 1.46667
vt 1.15192 0.23333
vt 0.95993 0.23333
vt 1.15192 1.46667
vt 1.34390 1.46667
vt 1.34390 0.23333
vt 1.15192 0.23333
vt 1.34390 1.46667
vt 1.53589 1.46667
vt 1.53589 0.23333
vt 1.34390 0.23333
vt 1.53589 1.46667
vt 1.72788 1.46667
vt 1.72788 0.23333
vt 1.53589 0.23333
vt 1.72788 1.46667
vt 1.91986 1.46667
vt 1.91986 0.23333
vt 1.72788 0.23333
vt 1.91986 1.46667
vt 2.11185 1.46667
vt 2.11185 0.23333
vt 1.91986 0.23333
vt 2.11185 1.46667
vt 2.30383 1.46667
vt 2.30383 0.23333
vt 2.11185 0.23333
vt 0.36667 0.00000
vt 0.31754 0.18333
vt 0.18333 0.31754
vt 0.00000 0.36667
vt -0.18333 0.31754
vt -0.31754 0.18333
vt -0.36667 0.00000
vt -0.31754 -0.18333
vt -0.18333 -0.31754
vt -0.00000 -0.36667
vt 0.18333 -0.31754
vt 0.31754 -0.18333
vt 0.12990 -0.07500
vt 0.07500 -0.12990
vt -0.00000 -0.15000
vt -0.07500 -0.12990
vt -0.12990 -0.07500
vt -0.15000 0.00000
vt -0.12990 0.07500
vt -0.07500 0.12990
vt 0.00000 0.15000
vt 0.07500 0.12990
vt 0.12990 0.07500
vt 0.15000 0.00000
vt -0.02625 -0.10125
vt 0.02625 -0.10125
vt 0.02625 0.10125
vt -0.02625 0.10125
vt -0.02625 0.10125
vt 0.02625 0.10125
vt 0.02625 -0.10125
vt -0.02625 -0.10125
vt -2.84500 0.10125
vt 2.84500 0.10125
vt 2.84500 -0.10125
vt -2.84500 -0.10125
vt -2.84500 -0.10125
vt 2.84500 -0.10125
vt 2.84500 0.10125
vt -2.84500 0.10125
vt -2.84500 -0.02625
vt 2.84500 -0.02625
vt 2.84500 0.02625
vt -2.84500 0.02625
vt -2.84500 0.02625
vt 2.84500 0.02625
vt 2.84500 -0.02625
vt -2.84500 -0.02625
vt 0.00000 0.00000
vt 5.75000 0.00000
vt 5.75000 0.03000
vt 0.00000 0.03000
vt 0.00000 0.00000
vt 5.75000 0.00000
vt 5.75000 0.03000
vt 0.00000 0.03000
vt 0.00000 0.00000
vt 5.75000 0.00000
vt 5.75000 0.03000
vt 0.00000 0.03000
vt 0.00000 0.00000
vt 5.75000 0.00000
vt 5.75000 0.03000
vt 0.00000 0.03000
vt 0.00000 0.00000
vt 0.11250 0.00000
vt 0.11250 0.03000
vt 0.00000 0.03000
vt 0.00000 0.00000
vt 0.11250 0.00000
vt 0.11250 0.03000
vt 0.00000 0.03000
vt 0.00000 0.00000
vt 0.11250 0.00000
vt 0.11250 0.03000
vt 0.00000 0.03000
vt 0.00000 0.00000
vt 0.11250 0.00000
vt 0.11250 0.03000
vt 0.00000 0.03000
vt 0.00000 0.00000
vt 0.26250 0.00000
vt 0.26250 0.03000
vt 0.00000 0.03000
vt 0.00000 0.00000
vt 0.26250 0.00000
vt 0.26250 0.03000
vt 0.00000 0.03000
vt 0.00000 0.00000
vt 0.26250 0.00000
vt 0.26250 0.03000
vt 0.00000 0.03000
vt 0.00000 0.00000
vt 0.26250 0.00000
vt 0.26250 0.03000
vt 0.00000 0.03000
vt 0.00000 0.00000
vt 0.03000 0.00000
vt 0.00000 0.03000
vt 0.00000 0.00000
vt 0.03000 0.00000
vt 0.00000 0.03000
vt 0.00000 0.00000
vt 0.03000 0.00000
vt 0.00000 0.03000
vt 0.00000 0.00000
vt 0.03000 0.00000
vt 0.00000 0.03000
vt 0.00000 0.00000
vt 0.03000 0.00000
vt 0.00000 0.03000
vt 0.00000 0.00000
vt 0.03000 0.00000
vt 0.00000 0.03000
vt 0.00000 0.00000
vt 0.03000 0.00000
vt 0.00000 0.03000
vt 0.00000 0.00000
vt 0.03000 0.00000
vt 0.00000 0.03000
vt -0.02625 -0.10125
vt 0.02625 -0.10125
vt 0.02625 0.10125
vt -0.02625 0.10125
vt -0.02625 0.10125
vt 0.02625 0.10125
vt 0.02625 -0.10125
vt -0.02625 -0.10125
vt -2.84500 0.10125
vt 2.84500 0.10125
vt 2.84500 -0.10125
vt -2.84500 -0.10125
vt -2.84500 -0.10125
vt 2.84500 -0.10125
vt 2.84500 0.10125
vt -2.84500 0.10125
vt -2.84500 -0.02625
vt 2.84500 -0.02625
vt 2.84500 0.02625
vt -2.84500 0.02625
vt -2.84500 0.02625
vt 2.84500 0.02625
vt 2.84500 -0.02625
vt -2.84500 -0.02625
vt 0.00000 0.00000
vt 5.75000 0.00000
vt 5.75000 0.03000
vt 0.00000 0.03000
vt 0.00000 0.00000
vt 5.75000 0.00000
vt 5.75000 0.03000
vt 0.00000 0.03000
vt 0.00000 0.00000
vt 5.75000 0.00000
vt 5.75000 0.03000
vt 0.00000 0.03000
vt 0.00000 0.00000
vt 5.75000 0.00000
vt 5.75000 0.03000
vt 0.00000 0.03000
vt 0.00000 0.00000
vt 0.11250 0.00000
vt 0.11250 0.03000
vt 0.00000 0.03000
vt 0.00000 0.00000
vt 0.11250 0.00000
vt 0.11250 0.03000
vt 0.00000 0.03000
vt 0.00000 0.00000
vt 0.11250 0.00000
vt 0.11250 0.03000
vt 0.00000 0.03000
vt 0.00000 0.00000
vt 0.11250 0.00000
vt 0.11250 0.03000
vt 0.00000 0.03000
vt 0.00000 0.00000
vt 0.26250 0.00000
vt 0.26250 0.03000
vt 0.00000 0.03000
vt 0.00000 0.00000
vt 0.26250 0.00000
vt 0.26250 0.03000
vt 0.00000 0.03000
vt 0.00000 0.00000
vt 0.26250 0.00000
vt 0.26250 0.03000
vt 0.00000 0.03000
vt 0.00000 0.00000
vt 0.26250 0.00000
vt 0.26250 0.03000
vt 0.00000 0.03000
vt 0.00000 0.00000
vt 0.03000 0.00000
vt 0.00000 0.03000
vt 0.00000 0.00000
vt 0.03000 0.00000
vt 0.00000 0.03000
vt 0.00000 0.00000
vt 0.03000 0.00000
vt 0.00000 0.03000
vt 0.00000 0.00000
vt 0.03000 0.00000
vt 0.00000 0.03000
vt 0.00000 0.00000
vt 0.03000 0.00000
vt 0.00000 0.03000
vt 0.00000 0.00000
vt 0.03000 0.00000
vt 0.00000 0.03000
vt 0.00000 0.00000
vt 0.03000 0.00000
vt 0.00000 0.03000
vt 0.00000 0.00000
vt 0.03000 0.00000
vt 0.00000 0.03000
vt -0.02625 -0.10125
vt 0.02625 -0.10125
vt 0.02625 0.10125
vt -0.02625 0.10125
vt -0.02625 0.10125
vt 0.02625 0.10125
vt 0.02625 -0.10125
vt -0.02625 -0.10125
vt -2.84500 0.10125
vt 2.84500 0.10125
vt 2.84500 -0.10125
vt -2.84500 -0.10125
vt -2.84500 -0.10125
vt 2.84500 -0.10125
vt 2.84500 0.10125
vt -2.84500 0.10125
vt -2.84500 -0.02625
vt 2.84500 -0.02625
vt 2.84500 0.02625
vt -2.84500 0.02625
vt -2.84500 0.02625
vt 2.84500 0.02625
vt 2.84500 -0.02625
vt -2.84500 -0.02625
vt 0.00000 0.00000
vt 5.75000 0.00000
vt 5.75000 0.03000
vt 0.00000 0.03000
vt 0.00000 0.00000
vt 5.75000 0.00000
vt 5.75000 0.03000
vt 0.00000 0.03000
vt 0.00000 0.00000
vt 5.75000 0.00000
vt 5.75000 0.03000
vt 0.00000 0.03000
vt 0.00000 0.00000
vt 5.75000 0.00000
vt 5.75000 0.03000
vt 0.00000 0.03000
vt 0.00000 0.00000
vt 0.11250 0.00000
vt 0.11250 0.03000
vt 0.00000 0.03000
vt 0.00000 0.00000
vt 0.11250 0.00000
vt 0.11250 0.03000
vt 0.00000 0.03000
vt 0.00000 0.00000
vt 0.11250 0.00000
vt 0.11250 0.03000
vt 0.00000 0.03000
vt 0.00000 0.00000
vt 0.11250 0.00000
vt 0.11250 0.03000
vt 0.00000 0.03000
vt 0.00000 0.00000
vt 0.26250 0.00000
vt 0.26250 0.03000
vt 0.00000 0.03000
vt 0.00000 0.00000
vt 0.26250 0.00000
vt 0.26250 0.03000
vt 0.00000 0.03000
vt 0.00000 0.00000
vt 0.26250 0.00000
vt 0.26250 0.03000
vt 0.00000 0.03000
vt 0.00000 0.00000
vt 0.26250 0.00000
vt 0.26250 0.03000
vt 0.00000 0.03000
vt 0.00000 0.00000
vt 0.03000 0.00000
vt 0.00000 0.03000
vt 0.00000 0.00000
vt 0.03000 0.00000
vt 0.00000 0.03000
vt 0.00000 0.00000
vt 0.03000 0.00000
vt 0.00000 0.03000
vt 0.00000 0.00000
vt 0.03000 0.00000
vt 0.00000 0.03000
vt 0.00000 0.00000
vt 0.03000 0.00000
vt 0.00000 0.03000
vt 0.00000 0.00000
vt 0.03000 0.00000
vt 0.00000 0.03000
vt 0.00000 0.00000
vt 0.03000 0.00000
vt 0.00000 0.03000
vt 0.00000 0.00000
vt 0.03000 0.00000
vt 0.00000 0.03000
vt -0.02625 -0.10125
vt 0.02625 -0.10125
vt 0.02625 0.10125
vt -0.02625 0.10125
vt -0.02625 0.10125
vt 0.02625 0.10125
vt 0.02625 -0.10125
vt -0.02625 -0.10125
vt -2.84500 0.10125
vt 2.84500 0.10125
vt 2.84500 -0.10125
vt -2.84500 -0.10125
vt -2.84500 -0.10125
vt 2.84500 -0.10125
vt 2.84500 0.10125
vt -2.84500 0.10125
vt -2.84500 -0.02625
vt 2.84500 -0.02625
vt 2.84500 0.02625
vt -2.84500 0.02625
vt -2.84500 0.02625
vt 2.84500 0.02625
vt 2.84500 -0.02625
vt -2.84500 -0.02625
vt 0.00000 0.00000
vt 5.75000 0.00000
vt 5.75000 0.03000
vt 0.00000 0.03000
vt 0.00000 0.00000
vt 5.75000 0.00000
vt 5.75000 0.03000
vt 0.00000 0.03000
vt 0.00000 0.00000
vt 5.75000 0.00000
vt 5.75000 0.03000
vt 0.00000 0.03000
vt 0.00000 0.00000
vt 5.75000 0.00000
vt 5.75000 0.03000
vt 0.00000 0.03000
vt 0.00000 0.00000
vt 0.11250 0.00000
vt 0.11250 0.03000
vt 0.00000 0.03000
vt 0.00000 0.00000
vt 0.11250 0.00000
vt 0.11250 0.03000
vt 0.00000 0.03000
vt 0.00000 0.00000
vt 0.11250 0.00000
vt 0.11250 0.03000
vt 0.00000 0.03000
vt 0.00000 0.00000
vt 0.11250 0.00000
vt 0.11250 0.03000
vt 0.00000 0.03000
vt 0.00000 0.00000
vt 0.26250 0.00000
vt 0.26250 0.03000
vt 0.00000 0.03000
vt 0.00000 0.00000
vt 0.26250 0.00000
vt 0.26250 0.03000
vt 0.00000 0.03000
vt 0.00000 0.00000
vt 0.26250 0.00000
vt 0.26250 0.03000
vt 0.00000 0.03000
vt 0.00000 0.00000
vt 0.26250 0.00000
vt 0.26250 0.03000
vt 0.00000 0.03000
vt 0.00000 0.00000
vt 0.03000 0.00000
vt 0.00000 0.03000
vt 0.00000 0.00000
vt 0.03000 0.00000
vt 0.00000 0.03000
vt 0.00000 0.00000
vt 0.03000 0.00000
vt 0.00000 0.03000
vt 0.00000 0.00000
vt 0.03000 0.00000
vt 0.00000 0.03000
vt 0.00000 0.00000
vt 0.03000 0.00000
vt 0.00000 0.03000
vt 0.00000 0.00000
vt 0.03000 0.00000
vt 0.00000 0.03000
vt 0.00000 0.00000
vt 0.03000 0.00000
vt 0.00000 0.03000
vt 0.00000 0.00000
vt 0.03000 0.00000
vt 0.00000 0.03000
vt -0.02625 -0.10125
vt 0.02625 -0.10125
vt 0.02625 0.10125
vt -0.02625 0.10125
vt -0.02625 0.10125
vt 0.02625 0.10125
vt 0.02625 -0.10125
vt -0.02625 -0.10125
vt -2.84500 0.10125
vt 2.84500 0.10125
vt 2.84500 -0.10125
vt -2.84500 -0.10125
vt -2.84500 -0.10125
vt 2.84500 -0.10125
vt 2.84500 0.10125
vt -2.84500 0.10125
vt -2.84500 -0.02625
vt 2.84500 -0.02625
vt 2.84500 0.02625
vt -2.84500 0.02625
vt -2.84500 0.02625
vt 2.84500 0.02625
vt 2.84500 -0.02625
vt -2.84500 -0.02625
vt 0.00000 0.00000
vt 5.75000 0.00000
vt 5.75000 0.03000
vt 0.00000 0.03000
vt 0.00000 0.00000
vt 5.75000 0.00000
vt 5.75000 0.03000
vt 0.00000 0.03000
vt 0.00000 0.00000
vt 5.75000 0.00000
vt 5.75000 0.03000
vt 0.00000 0.03000
vt 0.00000 0.00000
vt 5.75000 0.00000
vt 5.75000 0.03000
vt 0.00000 0.03000
vt 0.00000 0.00000
vt 0.11250 0.00000
vt 0.11250 0.03000
vt 0.00000 0.03000
vt 0.00000 0.00000
vt 0.11250 0.00000
vt 0.11250 0.03000
vt 0.00000 0.03000
vt 0.00000 0.00000
vt 0.11250 0.00000
vt 0.11250 0.03000
vt 0.00000 0.03000
vt 0.00000 0.00000
vt 0.11250 0.00000
vt 0.11250 0.03000
vt 0.00000 0.03000
vt 0.00000 0.00000
vt 0.26250 0.00000
vt 0.26250 0.03000
vt 0.00000 0.03000
vt 0.00000 0.00000
vt 0.26250 0.00000
vt 0.26250 0.03000
vt 0.00000 0.03000
vt 0.00000 0.00000
vt 0.26250 0.00000
vt 0.26250 0.03000
vt 0.00000 0.03000
vt 0.00000 0.00000
vt 0.26250 0.00000
vt 0.26250 0.03000
vt 0.00000 0.03000
vt 0.00000 0.00000
vt 0.03000 0.00000
vt 0.00000 0.03000
vt 0.00000 0.00000
vt 0.03000 0.00000
vt 0.00000 0.03000
vt 0.00000 0.00000
vt 0.03000 0.00000
vt 0.00000 0.03000
vt 0.00000 0.00000
vt 0.03000 0.00000
vt 0.00000 0.03000
vt 0.00000 0.00000
vt 0.03000 0.00000
vt 0.00000 0.03000
vt 0.00000 0.00000
vt 0.03000 0.00000
vt 0.00000 0.03000
vt 0.00000 0.00000
vt 0.03000 0.00000
vt 0.00000 0.03000
vt 0.00000 0.00000
vt 0.03000 0.00000
vt 0.00000 0.03000
vt -0.10125 -0.02250
vt 0.10125 -0.02250
vt 0.10125 0.02250
vt -0.10125 0.02250
vt -0.10125 0.02250
vt 0.10125 0.02250
vt 0.10125 -0.02250
vt -0.10125 -0.02250
vt -2.72000 0.02250
vt 2.72000 0.02250
vt 2.72000 -0.02250
vt -2.72000 -0.02250
vt -2.72000 -0.02250
vt 2.72000 -0.02250
vt 2.72000 0.02250
vt -2.72000 0.02250
vt -2.72000 -0.10125
vt 2.72000 -0.10125
vt 2.72000 0.10125
vt -2.72000 0.10125
vt -2.72000 0.10125
vt 2.72000 0.10125
vt 2.72000 -0.10125
vt -2.72000 -0.10125
vt 0.00000 0.00000
vt 5.50000 0.00000
vt 5.50000 0.03000
vt 0.00000 0.03000
vt 0.00000 0.00000
vt 5.50000 0.00000
vt 5.50000 0.03000
vt 0.00000 0.03000
vt 0.00000 0.00000
vt 5.50000 0.00000
vt 5.50000 0.03000
vt 0.00000 0.03000
vt 0.00000 0.00000
vt 5.50000 0.00000
vt 5.50000 0.03000
vt 0.00000 0.03000
vt 0.00000 0.00000
vt 0.26250 0.00000
vt 0.26250 0.03000
vt 0.00000 0.03000
vt 0.00000 0.00000
vt 0.26250 0.00000
vt 0.26250 0.03000
vt 0.00000 0.03000
vt 0.00000 0.00000
vt 0.26250 0.00000
vt 0.26250 0.03000
vt 0.00000 0.03000
vt 0.00000 0.00000
vt 0.26250 0.00000
vt 0.26250 0.03000
vt 0.00000 0.03000
vt 0.00000 0.00000
vt 0.10500 0.00000
vt 0.10500 0.03000
vt 0.00000 0.03000
vt 0.00000 0.00000
vt 0.10500 0.00000
vt 0.10500 0.03000
vt 0.00000 0.03000
vt 0.00000 0.00000
vt 0.10500 0.00000
vt 0.10500 0.03000
vt 0.00000 0.03000
vt 0.00000 0.00000
vt 0.10500 0.00000
vt 0.10500 0.03000
vt 0.00000 0.03000
vt 0.00000 0.00000
vt 0.03000 0.00000
vt 0.00000 0.03000
vt 0.00000 0.00000
vt 0.03000 0.00000
vt 0.00000 0.03000
vt 0.00000 0.00000
vt 0.03000 0.00000
vt 0.00000 0.03000
vt 0.00000 0.00000
vt 0.03000 0.00000
vt 0.00000 0.03000
vt 0.00000 0.00000
vt 0.03000 0.00000
vt 0.00000 0.03000
vt 0.00000 0.00000
vt 0.03000 0.00000
vt 0.00000 0.03000
vt 0.00000 0.00000
vt 0.03000 0.00000
vt 0.00000 0.03000
vt 0.00000 0.00000
vt 0.03000 0.00000
vt 0.00000 0.03000
vt -0.10125 -0.02250
vt 0.10125 -0.02250
vt 0.10125 0.02250
vt -0.10125 0.02250
vt -0.10125 0.02250
vt 0.10125 0.02250
vt 0.10125 -0.02250
vt -0.10125 -0.02250
vt -2.72000 0.02250
vt 2.72000 0.02250
vt 2.72000 -0.02250
vt -2.72000 -0.02250
vt -2.72000 -0.02250
vt 2.72000 -0.02250
vt 2.72000 0.02250
vt -2.72000 0.02250
vt -2.72000 -0.10125
vt 2.72000 -0.10125
vt 2.72000 0.10125
vt -2.72000 0.10125
vt -2.72000 0.10125
vt 2.72000 0.10125
vt 2.72000 -0.10125
vt -2.72000 -0.10125
vt 0.00000 0.00000
vt 5.50000 0.00000
vt 5.50000 0.03000
vt 0.00000 0.03000
vt 0.00000 0.00000
vt 5.50000 0.00000
vt 5.50000 0.03000
vt 0.00000 0.03000
vt 0.00000 0.00000
vt 5.50000 0.00000
vt 5.50000 0.03000
vt 0.00000 0.03000
vt 0.00000 0.00000
vt 5.50000 0.00000
vt 5.50000 0.03000
vt 0.00000 0.03000
vt 0.00000 0.00000
vt 0.26250 0.00000
vt 0.26250 0.03000
vt 0.00000 0.03000
vt 0.00000 0.00000
vt 0.26250 0.00000
vt 0.26250 0.03000
vt 0.00000 0.03000
vt 0.00000 0.00000
vt 0.26250 0.00000
vt 0.26250 0.03000
vt 0.00000 0.03000
vt 0.00000 0.00000
vt 0.26250 0.00000
vt 0.26250 0.03000
vt 0.00000 0.03000
vt 0.00000 0.00000
vt 0.10500 0.00000
vt 0.10500 0.03000
vt 0.00000 0.03000
vt 0.00000 0.00000
vt 0.10500 0.00000
vt 0.10500 0.03000
vt 0.00000 0.03000
vt 0.00000 0.00000
vt 0.10500 0.00000
vt 0.10500 0.03000
vt 0.00000 0.03000
vt 0.00000 0.00000
vt 0.10500 0.00000
vt 0.10500 0.03000
vt 0.00000 0.03000
vt 0.00000 0.00000
vt 0.03000 0.00000
vt 0.00000 0.03000
vt 0.00000 0.00000
vt 0.03000 0.00000
vt 0.00000 0.03000
vt 0.00000 0.00000
vt 0.03000 0.00000
vt 0.00000 0.03000
vt 0.00000 0.00000
vt 0.03000 0.00000
vt 0.00000 0.03000
vt 0.00000 0.00000
vt 0.03000 0.00000
vt 0.00000 0.03000
vt 0.00000 0.00000
vt 0.03000 0.00000
vt 0.00000 0.03000
vt 0.00000 0.00000
vt 0.03000 0.00000
vt 0.00000 0.03000
vt 0.00000 0.00000
vt 0.03000 0.00000
vt 0.00000 0.03000
vt -0.10125 -0.02250
vt 0.10125 -0.02250
vt 0.10125 0.02250
vt -0.10125 0.02250
vt -0.10125 0.02250
vt 0.10125 0.02250
vt 0.10125 -0.02250
vt -0.10125 -0.02250
vt -2.72000 0.02250
vt 2.72000 0.02250
vt 2.72000 -0.02250
vt -2.72000 -0.02250
vt -2.72000 -0.02250
vt 2.72000 -0.02250
vt 2.72000 0.02250
vt -2.72000 0.02250
vt -2.72000 -0.10125
vt 2.72000 -0.10125
vt 2.72000 0.10125
vt -2.72000 0.10125
vt -2.72000 0.10125
vt 2.72000 0.10125
vt 2.72000 -0.10125
vt -2.72000 -0.10125
vt 0.00000 0.00000
vt 5.50000 0.00000
vt 5.50000 0.03000
vt 0.00000 0.03000
vt 0.00000 0.00000
vt 5.50000 0.00000
vt 5.50000 0.03000
vt 0.00000 0.03000
vt 0.00000 0.00000
vt 5.50000 0.00000
vt 5.50000 0.03000
vt 0.00000 0.03000
vt 0.00000 0.00000
vt 5.50000 0.00000
vt 5.50000 0.03000
vt 0.00000 0.03000
vt 0.00000 0.00000
vt 0.26250 0.00000
vt 0.26250 0.03000
vt 0.00000 0.03000
vt 0.00000 0.00000
vt 0.26250 0.00000
vt 0.26250 0.03000
vt 0.00000 0.03000
vt 0.00000 0.00000
vt 0.26250 0.00000
vt 0.26250 0.03000
vt 0.00000 0.03000
vt 0.00000 0.00000
vt 0.26250 0.00000
vt 0.26250 0.03000
vt 0.00000 0.03000
vt 0.00000 0.00000
vt 0.10500 0.00000
vt 0.10500 0.03000
vt 0.00000 0.03000
vt 0.00000 0.00000
vt 0.10500 0.00000
vt 0.10500 0.03000
vt 0.00000 0.03000
vt 0.00000 0.00000
vt 0.10500 0.00000
vt 0.10500 0.03000
vt 0.00000 0.03000
vt 0.00000 0.00000
vt 0.10500 0.00000
vt 0.10500 0.03000
vt 0.00000 0.03000
vt 0.00000 0.00000
vt 0.03000 0.00000
vt 0.00000 0.03000
vt 0.00000 0.00000
vt 0.03000 0.00000
vt 0.00000 0.03000
vt 0.00000 0.00000
vt 0.03000 0.00000
vt 0.00000 0.03000
vt 0.00000 0.00000
vt 0.03000 0.00000
vt 0.00000 0.03000
vt 0.00000 0.00000
vt 0.03000 0.00000
vt 0.00000 0.03000
vt 0.00000 0.00000
vt 0.03000 0.00000
vt 0.00000 0.03000
vt 0.00000 0.00000
vt 0.03000 0.00000
vt 0.00000 0.03000
vt 0.00000 0.00000
vt 0.03000 0.00000
vt 0.00000 0.03000
vn 1.00000 -0.00000 0.00000
vn 0.90097 -0.00000 0.43388
vn 0.90097 -0.00000 0.43388
vn 1.00000 -0.00000 0.00000
vn 0.90097 -0.00000 0.43388
vn 0.62349 -0.00000 0.78183
vn 0.62349 -0.00000 0.78183
vn 0.90097 -0.00000 0.43388
vn 0.62349 -0.00000 0.78183
vn 0.22252 -0.00000 0.97493
vn 0.22252 -0.00000 0.97493
vn 0.62349 -0.00000 0.78183
vn 0.22252 -0.00000 0.97493
vn -0.22252 -0.00000 0.97493
vn -0.22252 -0.00000 0.97493
vn 0.22252 -0.00000 0.97493
vn -0.22252 -0.00000 0.97493
vn -0.62349 -0.00000 0.78183
vn -0.62349 -0.00000 0.78183
vn -0.22252 -0.00000 0.97493
vn -0.62349 -0.00000 0.78183
vn -0.90097 -0.00000 0.43388
vn -0.90097 -0.00000 0.43388
vn -0.62349 -0.00000 0.78183
vn -0.90097 -0.00000 0.43388
vn -1.00000 -0.00000 0.00000
vn -1.00000 -0.00000 0.00000
vn -0.90097 -0.00000 0.43388
vn -1.00000 -0.00000 0.00000
vn -0.90097 -0.00000 -0.43388
vn -0.90097 -0.00000 -0.43388
vn -1.00000 -0.00000 0.00000
vn -0.90097 -0.00000 -0.43388
vn -0.62349 -0.00000 -0.78183
vn -0.62349 -0.00000 -0.78183
vn -0.90097 -0.00000 -0.43388
vn -0.62349 -0.00000 -0.78183
vn -0.22252 -0.00000 -0.97493
vn -0.22252 -0.00000 -0.97493
vn -0.62349 -0.00000 -0.78183
vn -0.22252 -0.00000 -0.97493
vn 0.22252 -0.00000 -0.97493
vn 0.22252 -0.00000 -0.97493
vn -0.22252 -0.00000 -0.97493
vn 0.22252 -0.00000 -0.97493
vn 0.62349 -0.00000 -0.78183
vn 0.62349 -0.00000 -0.78183
vn 0.22252 -0.00000 -0.97493
vn 0.62349 -0.00000 -0.78183
vn 0.90097 -0.00000 -0.43388
vn 0.90097 -0.00000 -0.43388
vn 0.62349 -0.00000 -0.78183
vn 0.90097 -0.00000 -0.43388
vn 1.00000 -0.00000 -0.00000
vn 1.00000 -0.00000 -0.00000
vn 0.90097 -0.00000 -0.43388
vn 0.53000 0.84800 0.00000
vn 0.47751 0.84800 0.22996
vn 0.47751 0.84800 0.22996
vn 0.53000 0.84800 0.00000
vn 0.47751 0.84800 0.22996
vn 0.33045 0.84800 0.41437
vn 0.33045 0.84800 0.41437
vn 0.47751 0.84800 0.22996
vn 0.33045 0.84800 0.41437
vn 0.11794 0.84800 0.51671
vn 0.11794 0.84800 0.51671
vn 0.33045 0.84800 0.41437
vn 0.11794 0.84800 0.51671
vn -0.11794 0.84800 0.51671
vn -0.11794 0.84800 0.51671
vn 0.11794 0.84800 0.51671
vn -0.11794 0.84800 0.51671
vn -0.33045 0.84800 0.41437
vn -0.33045 0.84800 0.41437
vn -0.11794 0.84800 0.51671
vn -0.33045 0.84800 0.41437
vn -0.47751 0.84800 0.22996
vn -0.47751 0.84800 0.22996
vn -0.33045 0.84800 0.41437
vn -0.47751 0.84800 0.22996
vn -0.53000 0.84800 0.00000
vn -0.53000 0.84800 0.00000
vn -0.47751 0.84800 0.22996
vn -0.53000 0.84800 0.00000
vn -0.47751 0.84800 -0.22996
vn -0.47751 0.84800 -0.22996
vn -0.53000 0.84800 0.00000
vn -0.47751 0.84800 -0.22996
vn -0.33045 0.84800 -0.41437
vn -0.33045 0.84800 -0.41437
vn -0.47751 0.84800 -0.22996
vn -0.33045 0.84800 -0.41437
vn -0.11794 0.84800 -0.51671
vn -0.11794 0.84800 -0.51671
vn -0.33045 0.84800 -0.41437
vn -0.11794 0.84800 -0.51671
vn 0.11794 0.84800 -0.51671
vn 0.11794 0.84800 -0.51671
vn -0.11794 0.84800 -0.51671
vn 0.11794 0.84800 -0.51671
vn 0.33045 0.84800 -0.41437
vn 0.33045 0.84800 -0.41437
vn 0.11794 0.84800 -0.51671
vn 0.33045 0.84800 -0.41437
vn 0.47751 0.84800 -0.22996
vn 0.47751 0.84800 -0.22996
vn 0.33045 0.84800 -0.41437
vn 0.47751 0.84800 -0.22996
vn 0.53000 0.84800 -0.00000
vn 0.53000 0.84800 -0.00000
vn 0.47751 0.84800 -0.22996
vn 0.75258 0.65850 0.00000
vn 0.67805 0.65850 0.32653
vn 0.67805 0.65850 0.32653
vn 0.75258 0.65850 0.00000
vn 0.67805 0.65850 0.32653
vn 0.46922 0.65850 0.58839
vn 0.46922 0.65850 0.58839
vn 0.67805 0.65850 0.32653
vn 0.46922 0.65850 0.58839
vn 0.16746 0.65850 0.73371
vn 0.16746 0.65850 0.73371
vn 0.46922 0.65850 0.58839
vn 0.16746 0.65850 0.73371
vn -0.16746 0.65850 0.73371
vn -0.16746 0.65850 0.73371
vn 0.16746 0.65850 0.73371
vn -0.16746 0.65850 0.73371
vn -0.46922 0.65850 0.58839
vn -0.46922 0.65850 0.58839
vn -0.16746 0.65850 0.73371
vn -0.46922 0.65850 0.58839
vn -0.67805 0.65850 0.32653
vn -0.67805 0.65850 0.32653
vn -0.46922 0.65850 0.58839
vn -0.67805 0.65850 0.32653
vn -0.75258 0.65850 0.00000
vn -0.75258 0.65850 0.00000
vn -0.67805 0.65850 0.32653
vn -0.75258 0.65850 0.00000
vn -0.67805 0.65850 -0.32653
vn -0.67805 0.65850 -0.32653
vn -0.75258 0.65850 0.00000
vn -0.67805 0.65850 -0.32653
vn -0.46922 0.65850 -0.58839
vn -0.46922 0.65850 -0.58839
vn -0.67805 0.65850 -0.32653
vn -0.46922 0.65850 -0.58839
vn -0.16746 0.65850 -0.73371
vn -0.16746 0.65850 -0.73371
vn -0.46922 0.65850 -0.58839
vn -0.16746 0.65850 -0.73371
vn 0.16746 0.65850 -0.73371
vn 0.16746 0.65850 -0.73371
vn -0.16746 0.65850 -0.73371
vn 0.16746 0.65850 -0.73371
vn 0.46922 0.65850 -0.58839
vn 0.46922 0.65850 -0.58839
vn 0.16746 0.65850 -0.73371
vn 0.46922 0.65850 -0.58839
vn 0.67805 0.65850 -0.32653
vn 0.67805 0.65850 -0.32653
vn 0.46922 0.65850 -0.58839
vn 0.67805 0.65850 -0.32653
vn 0.75258 0.65850 -0.00000
vn 0.75258 0.65850 -0.00000
vn 0.67805 0.65850 -0.32653
vn 0.99986 0.01666 0.00000
vn 0.90084 0.01666 0.43382
vn 0.90084 0.01666 0.43382
vn 0.99986 0.01666 0.00000
vn 0.90084 0.01666 0.43382
vn 0.62340 0.01666 0.78172
vn 0.62340 0.01666 0.78172
vn 0.90084 0.01666 0.43382
vn 0.62340 0.01666 0.78172
vn 0.22249 0.01666 0.97479
vn 0.22249 0.01666 0.97479
vn 0.62340 0.01666 0.78172
vn 0.22249 0.01666 0.97479
vn -0.22249 0.01666 0.97479
vn -0.22249 0.01666 0.97479
vn 0.22249 0.01666 0.97479
vn -0.22249 0.01666 0.97479
vn -0.62340 0.01666 0.78172
vn -0.62340 0.01666 0.78172
vn -0.22249 0.01666 0.97479
vn -0.62340 0.01666 0.78172
vn -0.90084 0.01666 0.43382
vn -0.90084 0.01666 0.43382
vn -0.62340 0.01666 0.78172
vn -0.90084 0.01666 0.43382
vn -0.99986 0.01666 0.00000
vn -0.99986 0.01666 0.00000
vn -0.90084 0.01666 0.43382
vn -0.99986 0.01666 0.00000
vn -0.90084 0.01666 -0.43382
vn -0.90084 0.01666 -0.43382
vn -0.99986 0.01666 0.00000
vn -0.90084 0.01666 -0.43382
vn -0.62340 0.01666 -0.78172
vn -0.62340 0.01666 -0.78172
vn -0.90084 0.01666 -0.43382
vn -0.62340 0.01666 -0.78172
vn -0.22249 0.01666 -0.97479
vn -0.22249 0.01666 -0.97479
vn -0.62340 0.01666 -0.78172
vn -0.22249 0.01666 -0.97479
vn 0.22249 0.01666 -0.97479
vn 0.22249 0.01666 -0.97479
vn -0.22249 0.01666 -0.97479
vn 0.22249 0.01666 -0.97479
vn 0.62340 0.01666 -0.78172
vn 0.62340 0.01666 -0.78172
vn 0.22249 0.01666 -0.97479
vn 0.62340 0.01666 -0.78172
vn 0.90084 0.01666 -0.43382
vn 0.90084 0.01666 -0.43382
vn 0.62340 0.01666 -0.78172
vn 0.90084 0.01666 -0.43382
vn 0.99986 0.01666 -0.00000
vn 0.99986 0.01666 -0.00000
vn 0.90084 0.01666 -0.43382
vn 0.99228 -0.12403 0.00000
vn 0.89401 -0.12403 0.43053
vn 0.89401 -0.12403 0.43053
vn 0.99228 -0.12403 0.00000
vn 0.89401 -0.12403 0.43053
vn 0.61868 -0.12403 0.77579
vn 0.61868 -0.12403 0.77579
vn 0.89401 -0.12403 0.43053
vn 0.61868 -0.12403 0.77579
vn 0.22080 -0.12403 0.96740
vn 0.22080 -0.12403 0.96740
vn 0.61868 -0.12403 0.77579
vn 0.22080 -0.12403 0.96740
vn -0.22080 -0.12403 0.96740
vn -0.22080 -0.12403 0.96740
vn 0.22080 -0.12403 0.96740
vn -0.22080 -0.12403 0.96740
vn -0.61868 -0.12403 0.77579
vn -0.61868 -0.12403 0.77579
vn -0.22080 -0.12403 0.96740
vn -0.61868 -0.12403 0.77579
vn -0.89401 -0.12403 0.43053
vn -0.89401 -0.12403 0.43053
vn -0.61868 -0.12403 0.77579
vn -0.89401 -0.12403 0.43053
vn -0.99228 -0.12403 0.00000
vn -0.99228 -0.12403 0.00000
vn -0.89401 -0.12403 0.43053
vn -0.99228 -0.12403 0.00000
vn -0.89401 -0.12403 -0.43053
vn -0.89401 -0.12403 -0.43053
vn -0.99228 -0.12403 0.00000
vn -0.89401 -0.12403 -0.43053
vn -0.61868 -0.12403 -0.77579
vn -0.61868 -0.12403 -0.77579
vn -0.89401 -0.12403 -0.43053
vn -0.61868 -0.12403 -0.77579
vn -0.22080 -0.12403 -0.96740
vn -0.22080 -0.12403 -0.96740
vn -0.61868 -0.12403 -0.77579
vn -0.22080 -0.12403 -0.96740
vn 0.22080 -0.12403 -0.96740
vn 0.22080 -0.12403 -0.96740
vn -0.22080 -0.12403 -0.96740
vn 0.22080 -0.12403 -0.96740
vn 0.61868 -0.12403 -0.77579
vn 0.61868 -0.12403 -0.77579
vn 0.22080 -0.12403 -0.96740
vn 0.61868 -0.12403 -0.77579
vn 0.89401 -0.12403 -0.43053
vn 0.89401 -0.12403 -0.43053
vn 0.61868 -0.12403 -0.77579
vn 0.89401 -0.12403 -0.43053
vn 0.99228 -0.12403 -0.00000
vn 0.99228 -0.12403 -0.00000
vn 0.89401 -0.12403 -0.43053
vn 0.00000 -1.00000 0.00000
vn 0.00000 1.00000 0.00000
vn 1.00000 0.00000 0.00000
vn -1.00000 0.00000 0.00000
vn 0.00000 1.00000 0.00000
vn 0.00000 -1.00000 0.00000
vn 0.00000 0.00000 1.00000
vn 0.00000 0.00000 -1.00000
vn -1.00000 0.00000 0.00000
vn 0.00000 -0.35047 0.93657
vn 1.00000 0.00000 0.00000
vn 0.00000 0.35180 -0.93607
vn -1.00000 0.00000 0.00000
vn 0.00000 -0.19041 0.98171
vn 1.00000 0.00000 0.00000
vn 0.00000 0.19137 -0.98152
vn -1.00000 0.00000 0.00000
vn -0.00000 0.02662 0.99965
vn 1.00000 0.00000 0.00000
vn -0.00000 -0.02896 -0.99958
vn 0.00000 -0.93633 -0.35112
vn 0.00000 0.99961 -0.02777
vn -1.00000 0.00000 0.00000
vn 0.00000 -0.96980 0.24389
vn 1.00000 -0.00000 0.00000
vn 0.00000 0.97046 -0.24124
vn -1.00000 0.00000 0.00000
vn 0.00000 -1.00000 0.00028
vn 1.00000 -0.00000 0.00000
vn 0.00000 1.00000 0.00026
vn -1.00000 -0.00000 0.00000
vn 0.00000 -0.96096 -0.27669
vn 1.00000 0.00000 0.00000
vn 0.00000 0.96205 0.27286
vn 0.00000 -0.24254 -0.97014
vn 0.00000 -0.27472 0.96152
vn 1.00000 -0.00000 0.00000
vn 0.90097 -0.00000 0.43388
vn 0.90097 -0.00000 0.43388
vn 1.00000 -0.00000 0.00000
vn 0.90097 -0.00000 0.43388
vn 0.62349 -0.00000 0.78183
vn 0.62349 -0.00000 0.78183
vn 0.90097 -0.00000 0.43388
vn 0.62349 -0.00000 0.78183
vn 0.22252 -0.00000 0.97493
vn 0.22252 -0.00000 0.97493
vn 0.62349 -0.00000 0.78183
vn 0.22252 -0.00000 0.97493
vn -0.22252 -0.00000 0.97493
vn -0.22252 -0.00000 0.97493
vn 0.22252 -0.00000 0.97493
vn -0.22252 -0.00000 0.97493
vn -0.62349 -0.00000 0.78183
vn -0.62349 -0.00000 0.78183
vn -0.22252 -0.00000 0.97493
vn -0.62349 -0.00000 0.78183
vn -0.90097 -0.00000 0.43388
vn -0.90097 -0.00000 0.43388
vn -0.62349 -0.00000 0.78183
vn -0.90097 -0.00000 0.43388
vn -1.00000 -0.00000 0.00000
vn -1.00000 -0.00000 0.00000
vn -0.90097 -0.00000 0.43388
vn -1.00000 -0.00000 0.00000
vn -0.90097 -0.00000 -0.43388
vn -0.90097 -0.00000 -0.43388
vn -1.00000 -0.00000 0.00000
vn -0.90097 -0.00000 -0.43388
vn -0.62349 -0.00000 -0.78183
vn -0.62349 -0.00000 -0.78183
vn -0.90097 -0.00000 -0.43388
vn -0.62349 -0.00000 -0.78183
vn -0.22252 -0.00000 -0.97493
vn -0.22252 -0.00000 -0.97493
vn -0.62349 -0.00000 -0.78183
vn -0.22252 -0.00000 -0.97493
vn 0.22252 -0.00000 -0.97493
vn 0.22252 -0.00000 -0.97493
vn -0.22252 -0.00000 -0.97493
vn 0.22252 -0.00000 -0.97493
vn 0.62349 -0.00000 -0.78183
vn 0.62349 -0.00000 -0.78183
vn 0.22252 -0.00000 -0.97493
vn 0.62349 -0.00000 -0.78183
vn 0.90097 -0.00000 -0.43388
vn 0.90097 -0.00000 -0.43388
vn 0.62349 -0.00000 -0.78183
vn 0.90097 -0.00000 -0.43388
vn 1.00000 -0.00000 -0.00000
vn 1.00000 -0.00000 -0.00000
vn 0.90097 -0.00000 -0.43388
vn 0.53000 0.84800 0.00000
vn 0.47751 0.84800 0.22996
vn 0.47751 0.84800 0.22996
vn 0.53000 0.84800 0.00000
vn 0.47751 0.84800 0.22996
vn 0.33045 0.84800 0.41437
vn 0.33045 0.84800 0.41437
vn 0.47751 0.84800 0.22996
vn 0.33045 0.84800 0.41437
vn 0.11794 0.84800 0.51671
vn 0.11794 0.84800 0.51671
vn 0.33045 0.84800 0.41437
vn 0.11794 0.84800 0.51671
vn -0.11794 0.84800 0.51671
vn -0.11794 0.84800 0.51671
vn 0.11794 0.84800 0.51671
vn -0.11794 0.84800 0.51671
vn -0.33045 0.84800 0.41437
vn -0.33045 0.84800 0.41437
vn -0.11794 0.84800 0.51671
vn -0.33045 0.84800 0.41437
vn -0.47751 0.84800 0.22996
vn -0.47751 0.84800 0.22996
vn -0.33045 0.84800 0.41437
vn -0.47751 0.84800 0.22996
vn -0.53000 0.84800 0.00000
vn -0.53000 0.84800 0.00000
vn -0.47751 0.84800 0.22996
vn -0.53000 0.84800 0.00000
vn -0.47751 0.84800 -0.22996
vn -0.47751 0.84800 -0.22996
vn -0.53000 0.84800 0.00000
vn -0.47751 0.84800 -0.22996
vn -0.33045 0.84800 -0.41437
vn -0.33045 0.84800 -0.41437
vn -0.47751 0.84800 -0.22996
vn -0.33045 0.84800 -0.41437
vn -0.11794 0.84800 -0.51671
vn -0.11794 0.84800 -0.51671
vn -0.33045 0.84800 -0.41437
vn -0.11794 0.84800 -0.51671
vn 0.11794 0.84800 -0.51671
vn 0.11794 0.84800 -0.51671
vn -0.11794 0.84800 -0.51671
vn 0.11794 0.84800 -0.51671
vn 0.33045 0.84800 -0.41437
vn 0.33045 0.84800 -0.41437
vn 0.11794 0.84800 -0.51671
vn 0.33045 0.84800 -0.41437
vn 0.47751 0.84800 -0.22996
vn 0.47751 0.84800 -0.22996
vn 0.33045 0.84800 -0.41437
vn 0.47751 0.84800 -0.22996
vn 0.53000 0.84800 -0.00000
vn 0.53000 0.84800 -0.00000
vn 0.47751 0.84800 -0.22996
vn 0.75258 0.65850 0.00000
vn 0.67805 0.65850 0.32653
vn 0.67805 0.65850 0.32653
vn 0.75258 0.65850 0.00000
vn 0.67805 0.65850 0.32653
vn 0.46922 0.65850 0.58839
vn 0.46922 0.65850 0.58839
vn 0.67805 0.65850 0.32653
vn 0.46922 0.65850 0.58839
vn 0.16746 0.65850 0.73371
vn 0.16746 0.65850 0.73371
vn 0.46922 0.65850 0.58839
vn 0.16746 0.65850 0.73371
vn -0.16746 0.65850 0.73371
vn -0.16746 0.65850 0.73371
vn 0.16746 0.65850 0.73371
vn -0.16746 0.65850 0.73371
vn -0.46922 0.65850 0.58839
vn -0.46922 0.65850 0.58839
vn -0.16746 0.65850 0.73371
vn -0.46922 0.65850 0.58839
vn -0.67805 0.65850 0.32653
vn -0.67805 0.65850 0.32653
vn -0.46922 0.65850 0.58839
vn -0.67805 0.65850 0.32653
vn -0.75258 0.65850 0.00000
vn -0.75258 0.65850 0.00000
vn -0.67805 0.65850 0.32653
vn -0.75258 0.65850 0.00000
vn -0.67805 0.65850 -0.32653
vn -0.67805 0.65850 -0.32653
vn -0.75258 0.65850 0.00000
vn -0.67805 0.65850 -0.32653
vn -0.46922 0.65850 -0.58839
vn -0.46922 0.65850 -0.58839
vn -0.67805 0.65850 -0.32653
vn -0.46922 0.65850 -0.58839
vn -0.16746 0.65850 -0.73371
vn -0.16746 0.65850 -0.73371
vn -0.46922 0.65850 -0.58839
vn -0.16746 0.65850 -0.73371
vn 0.16746 0.65850 -0.73371
vn 0.16746 0.65850 -0.73371
vn -0.16746 0.65850 -0.73371
vn 0.16746 0.65850 -0.73371
vn 0.46922 0.65850 -0.58839
vn 0.46922 0.65850 -0.58839
vn 0.16746 0.65850 -0.73371
vn 0.46922 0.65850 -0.58839
vn 0.67805 0.65850 -0.32653
vn 0.67805 0.65850 -0.32653
vn 0.46922 0.65850 -0.58839
vn 0.67805 0.65850 -0.32653
vn 0.75258 0.65850 -0.00000
vn 0.75258 0.65850 -0.00000
vn 0.67805 0.65850 -0.32653
vn 0.99986 0.01666 0.00000
vn 0.90084 0.01666 0.43382
vn 0.90084 0.01666 0.43382
vn 0.99986 0.01666 0.00000
vn 0.90084 0.01666 0.43382
vn 0.62340 0.01666 0.78172
vn 0.62340 0.01666 0.78172
vn 0.90084 0.01666 0.43382
vn 0.62340 0.01666 0.78172
vn 0.22249 0.01666 0.97479
vn 0.22249 0.01666 0.97479
vn 0.62340 0.01666 0.78172
vn 0.22249 0.01666 0.97479
vn -0.22249 0.01666 0.97479
vn -0.22249 0.01666 0.97479
vn 0.22249 0.01666 0.97479
vn -0.22249 0.01666 0.97479
vn -0.62340 0.01666 0.78172
vn -0.62340 0.01666 0.78172
vn -0.22249 0.01666 0.97479
vn -0.62340 0.01666 0.78172
vn -0.90084 0.01666 0.43382
vn -0.90084 0.01666 0.43382
vn -0.62340 0.01666 0.78172
vn -0.90084 0.01666 0.43382
vn -0.99986 0.01666 0.00000
vn -0.99986 0.01666 0.00000
vn -0.90084 0.01666 0.43382
vn -0.99986 0.01666 0.00000
vn -0.90084 0.01666 -0.43382
vn -0.90084 0.01666 -0.43382
vn -0.99986 0.01666 0.00000
vn -0.90084 0.01666 -0.43382
vn -0.62340 0.01666 -0.78172
vn -0.62340 0.01666 -0.78172
vn -0.90084 0.01666 -0.43382
vn -0.62340 0.01666 -0.78172
vn -0.22249 0.01666 -0.97479
vn -0.22249 0.01666 -0.97479
vn -0.62340 0.01666 -0.78172
vn -0.22249 0.01666 -0.97479
vn 0.22249 0.01666 -0.97479
vn 0.22249 0.01666 -0.97479
vn -0.22249 0.01666 -0.97479
vn 0.22249 0.01666 -0.97479
vn 0.62340 0.01666 -0.78172
vn 0.62340 0.01666 -0.78172
vn 0.22249 0.01666 -0.97479
vn 0.62340 0.01666 -0.78172
vn 0.90084 0.01666 -0.43382
vn 0.90084 0.01666 -0.43382
vn 0.62340 0.01666 -0.78172
vn 0.90084 0.01666 -0.43382
vn 0.99986 0.01666 -0.00000
vn 0.99986 0.01666 -0.00000
vn 0.90084 0.01666 -0.43382
vn 0.99228 -0.12403 0.00000
vn 0.89401 -0.12403 0.43053
vn 0.89401 -0.12403 0.43053
vn 0.99228 -0.12403 0.00000
vn 0.89401 -0.12403 0.43053
vn 0.61868 -0.12403 0.77579
vn 0.61868 -0.12403 0.77579
vn 0.89401 -0.12403 0.43053
vn 0.61868 -0.12403 0.77579
vn 0.22080 -0.12403 0.96740
vn 0.22080 -0.12403 0.96740
vn 0.61868 -0.12403 0.77579
vn 0.22080 -0.12403 0.96740
vn -0.22080 -0.12403 0.96740
vn -0.22080 -0.12403 0.96740
vn 0.22080 -0.12403 0.96740
vn -0.22080 -0.12403 0.96740
vn -0.61868 -0.12403 0.77579
vn -0.61868 -0.12403 0.77579
vn -0.22080 -0.12403 0.96740
vn -0.61868 -0.12403 0.77579
vn -0.89401 -0.12403 0.43053
vn -0.89401 -0.12403 0.43053
vn -0.61868 -0.12403 0.77579
vn -0.89401 -0.12403 0.43053
vn -0.99228 -0.12403 0.00000
vn -0.99228 -0.12403 0.00000
vn -0.89401 -0.12403 0.43053
vn -0.99228 -0.12403 0.00000
vn -0.89401 -0.12403 -0.43053
vn -0.89401 -0.12403 -0.43053
vn -0.99228 -0.12403 0.00000
vn -0.89401 -0.12403 -0.43053
vn -0.61868 -0.12403 -0.77579
vn -0.61868 -0.12403 -0.77579
vn -0.89401 -0.12403 -0.43053
vn -0.61868 -0.12403 -0.77579
vn -0.22080 -0.12403 -0.96740
vn -0.22080 -0.12403 -0.96740
vn -0.61868 -0.12403 -0.77579
vn -0.22080 -0.12403 -0.96740
vn 0.22080 -0.12403 -0.96740
vn 0.22080 -0.12403 -0.96740
vn -0.22080 -0.12403 -0.96740
vn 0.22080 -0.12403 -0.96740
vn 0.61868 -0.12403 -0.77579
vn 0.61868 -0.12403 -0.77579
vn 0.22080 -0.12403 -0.96740
vn 0.61868 -0.12403 -0.77579
vn 0.89401 -0.12403 -0.43053
vn 0.89401 -0.12403 -0.43053
vn 0.61868 -0.12403 -0.77579
vn 0.89401 -0.12403 -0.43053
vn 0.99228 -0.12403 -0.00000
vn 0.99228 -0.12403 -0.00000
vn 0.89401 -0.12403 -0.43053
vn 0.00000 -1.00000 0.00000
vn 0.00000 1.00000 0.00000
vn 1.00000 0.00000 0.00000
vn -1.00000 0.00000 0.00000
vn 0.00000 1.00000 0.00000
vn 0.00000 -1.00000 0.00000
vn 0.00000 0.00000 1.00000
vn 0.00000 0.00000 -1.00000
vn -1.00000 0.00000 0.00000
vn 0.00000 -0.35047 0.93657
vn 1.00000 0.00000 0.00000
vn 0.00000 0.35180 -0.93607
vn -1.00000 0.00000 0.00000
vn 0.00000 -0.19041 0.98171
vn 1.00000 0.00000 0.00000
vn 0.00000 0.19137 -0.98152
vn -1.00000 0.00000 0.00000
vn -0.00000 0.02662 0.99965
vn 1.00000 0.00000 0.00000
vn -0.00000 -0.02896 -0.99958
vn 0.00000 -0.93633 -0.35112
vn 0.00000 0.99961 -0.02777
vn -1.00000 0.00000 0.00000
vn 0.00000 -0.96980 0.24389
vn 1.00000 -0.00000 0.00000
vn 0.00000 0.97046 -0.24124
vn -1.00000 0.00000 0.00000
vn 0.00000 -1.00000 0.00028
vn 1.00000 -0.00000 0.00000
vn 0.00000 1.00000 0.00026
vn -1.00000 -0.00000 0.00000
vn 0.00000 -0.96096 -0.27669
vn 1.00000 0.00000 0.00000
vn 0.00000 0.96205 0.27286
vn 0.00000 -0.24254 -0.97014
vn 0.00000 -0.27472 0.96152
vn 1.00000 -0.00000 0.00000
vn 0.86603 -0.00000 0.50000
vn 0.86603 -0.00000 0.50000
vn 1.00000 -0.00000 0.00000
vn 0.86603 -0.00000 0.50000
vn 0.50000 -0.00000 0.86603
vn 0.50000 -0.00000 0.86603
vn 0.86603 -0.00000 0.50000
vn 0.50000 -0.00000 0.86603
vn 0.00000 -0.00000 1.00000
vn 0.00000 -0.00000 1.00000
vn 0.50000 -0.00000 0.86603
vn 0.00000 -0.00000 1.00000
vn -0.50000 -0.00000 0.86603
vn -0.50000 -0.00000 0.86603
vn 0.00000 -0.00000 1.00000
vn -0.50000 -0.00000 0.86603
vn -0.86603 -0.00000 0.50000
vn -0.86603 -0.00000 0.50000
vn -0.50000 -0.00000 0.86603
vn -0.86603 -0.00000 0.50000
vn -1.00000 -0.00000 0.00000
vn -1.00000 -0.00000 0.00000
vn -0.86603 -0.00000 0.50000
vn -1.00000 -0.00000 0.00000
vn -0.86603 -0.00000 -0.50000
vn -0.86603 -0.00000 -0.50000
vn -1.00000 -0.00000 0.00000
vn -0.86603 -0.00000 -0.50000
vn -0.50000 -0.00000 -0.86603
vn -0.50000 -0.00000 -0.86603
vn -0.86603 -0.00000 -0.50000
vn -0.50000 -0.00000 -0.86603
vn -0.00000 -0.00000 -1.00000
vn -0.00000 -0.00000 -1.00000
vn -0.50000 -0.00000 -0.86603
vn -0.00000 -0.00000 -1.00000
vn 0.50000 -0.00000 -0.86603
vn 0.50000 -0.00000 -0.86603
vn -0.00000 -0.00000 -1.00000
vn 0.50000 -0.00000 -0.86603
vn 0.86603 -0.00000 -0.50000
vn 0.86603 -0.00000 -0.50000
vn 0.50000 -0.00000 -0.86603
vn 0.86603 -0.00000 -0.50000
vn 1.00000 -0.00000 -0.00000
vn 1.00000 -0.00000 -0.00000
vn 0.86603 -0.00000 -0.50000
vn 0.55470 0.83205 0.00000
vn 0.48038 0.83205 0.27735
vn 0.48038 0.83205 0.27735
vn 0.55470 0.83205 0.00000
vn 0.48038 0.83205 0.27735
vn 0.27735 0.83205 0.48038
vn 0.27735 0.83205 0.48038
vn 0.48038 0.83205 0.27735
vn 0.27735 0.83205 0.48038
vn 0.00000 0.83205 0.55470
vn 0.00000 0.83205 0.55470
vn 0.27735 0.83205 0.48038
vn 0.00000 0.83205 0.55470
vn -0.27735 0.83205 0.48038
vn -0.27735 0.83205 0.48038
vn 0.00000 0.83205 0.55470
vn -0.27735 0.83205 0.48038
vn -0.48038 0.83205 0.27735
vn -0.48038 0.83205 0.27735
vn -0.27735 0.83205 0.48038
vn -0.48038 0.83205 0.27735
vn -0.55470 0.83205 0.00000
vn -0.55470 0.83205 0.00000
vn -0.48038 0.83205 0.27735
vn -0.55470 0.83205 0.00000
vn -0.48038 0.83205 -0.27735
vn -0.48038 0.83205 -0.27735
vn -0.55470 0.83205 0.00000
vn -0.48038 0.83205 -0.27735
vn -0.27735 0.83205 -0.48038
vn -0.27735 0.83205 -0.48038
vn -0.48038 0.83205 -0.27735
vn -0.27735 0.83205 -0.48038
vn -0.00000 0.83205 -0.55470
vn -0.00000 0.83205 -0.55470
vn -0.27735 0.83205 -0.48038
vn -0.00000 0.83205 -0.55470
vn 0.27735 0.83205 -0.48038
vn 0.27735 0.83205 -0.48038
vn -0.00000 0.83205 -0.55470
vn 0.27735 0.83205 -0.48038
vn 0.48038 0.83205 -0.27735
vn 0.48038 0.83205 -0.27735
vn 0.27735 0.83205 -0.48038
vn 0.48038 0.83205 -0.27735
vn 0.55470 0.83205 -0.00000
vn 0.55470 0.83205 -0.00000
vn 0.48038 0.83205 -0.27735
vn 0.99991 0.01351 0.00000
vn 0.86595 0.01351 0.49995
vn 0.86595 0.01351 0.49995
vn 0.99991 0.01351 0.00000
vn 0.86595 0.01351 0.49995
vn 0.49995 0.01351 0.86595
vn 0.49995 0.01351 0.86595
vn 0.86595 0.01351 0.49995
vn 0.49995 0.01351 0.86595
vn 0.00000 0.01351 0.99991
vn 0.00000 0.01351 0.99991
vn 0.49995 0.01351 0.86595
vn 0.00000 0.01351 0.99991
vn -0.49995 0.01351 0.86595
vn -0.49995 0.01351 0.86595
vn 0.00000 0.01351 0.99991
vn -0.49995 0.01351 0.86595
vn -0.86595 0.01351 0.49995
vn -0.86595 0.01351 0.49995
vn -0.49995 0.01351 0.86595
vn -0.86595 0.01351 0.49995
vn -0.99991 0.01351 0.00000
vn -0.99991 0.01351 0.00000
vn -0.86595 0.01351 0.49995
vn -0.99991 0.01351 0.00000
vn -0.86595 0.01351 -0.49995
vn -0.86595 0.01351 -0.49995
vn -0.99991 0.01351 0.00000
vn -0.86595 0.01351 -0.49995
vn -0.49995 0.01351 -0.86595
vn -0.49995 0.01351 -0.86595
vn -0.86595 0.01351 -0.49995
vn -0.49995 0.01351 -0.86595
vn -0.00000 0.01351 -0.99991
vn -0.00000 0.01351 -0.99991
vn -0.49995 0.01351 -0.86595
vn -0.00000 0.01351 -0.99991
vn 0.49995 0.01351 -0.86595
vn 0.49995 0.01351 -0.86595
vn -0.00000 0.01351 -0.99991
vn 0.49995 0.01351 -0.86595
vn 0.86595 0.01351 -0.49995
vn 0.86595 0.01351 -0.49995
vn 0.49995 0.01351 -0.86595
vn 0.86595 0.01351 -0.49995
vn 0.99991 0.01351 -0.00000
vn 0.99991 0.01351 -0.00000
vn 0.86595 0.01351 -0.49995
vn 0.00000 -1.00000 0.00000
vn 0.00000 1.00000 0.00000
vn 1.00000 0.00000 0.00000
vn -1.00000 0.00000 0.00000
vn 0.00000 1.00000 0.00000
vn 0.00000 -1.00000 0.00000
vn 0.00000 0.00000 1.00000
vn 0.00000 0.00000 -1.00000
vn -0.00000 0.70711 0.70711
vn 0.00000 -0.70711 0.70711
vn 0.00000 0.70711 -0.70711
vn -0.00000 -0.70711 -0.70711
vn -0.70711 0.00000 -0.70711
vn 0.70711 -0.00000 -0.70711
vn -0.70711 -0.00000 0.70711
vn 0.70711 0.00000 0.70711
vn 0.70711 0.70711 -0.00000
vn -0.70711 0.70711 0.00000
vn 0.70711 -0.70711 0.00000
vn -0.70711 -0.70711 -0.00000
vn 0.57735 0.57735 0.57735
vn -0.57735 -0.57735 0.57735
vn -0.57735 0.57735 -0.57735
vn 0.57735 -0.57735 -0.57735
vn 0.57735 -0.57735 -0.57735
vn -0.57735 0.57735 -0.57735
vn -0.57735 -0.57735 0.57735
vn 0.57735 0.57735 0.57735
vn 1.00000 0.00000 0.00000
vn -1.00000 0.00000 0.00000
vn 0.00000 1.00000 0.00000
vn 0.00000 -1.00000 0.00000
vn 0.00000 0.00000 1.00000
vn 0.00000 0.00000 -1.00000
vn -0.00000 0.70711 0.70711
vn 0.00000 -0.70711 0.70711
vn 0.00000 0.70711 -0.70711
vn -0.00000 -0.70711 -0.70711
vn -0.70711 0.00000 -0.70711
vn 0.70711 -0.00000 -0.70711
vn -0.70711 -0.00000 0.70711
vn 0.70711 0.00000 0.70711
vn 0.70711 0.70711 -0.00000
vn -0.70711 0.70711 0.00000
vn 0.70711 -0.70711 0.00000
vn -0.70711 -0.70711 -0.00000
vn 0.57735 0.57735 0.57735
vn -0.57735 -0.57735 0.57735
vn -0.57735 0.57735 -0.57735
vn 0.57735 -0.57735 -0.57735
vn 0.57735 -0.57735 -0.57735
vn -0.57735 0.57735 -0.57735
vn -0.57735 -0.57735 0.57735
vn 0.57735 0.57735 0.57735
vn 1.00000 0.00000 0.00000
vn -1.00000 0.00000 0.00000
vn 0.00000 1.00000 0.00000
vn 0.00000 -1.00000 0.00000
vn 0.00000 0.00000 1.00000
vn 0.00000 0.00000 -1.00000
vn -0.00000 0.70711 0.70711
vn 0.00000 -0.70711 0.70711
vn 0.00000 0.70711 -0.70711
vn -0.00000 -0.70711 -0.70711
vn -0.70711 0.00000 -0.70711
vn 0.70711 -0.00000 -0.70711
vn -0.70711 -0.00000 0.70711
vn 0.70711 0.00000 0.70711
vn 0.70711 0.70711 -0.00000
vn -0.70711 0.70711 0.00000
vn 0.70711 -0.70711 0.00000
vn -0.70711 -0.70711 -0.00000
vn 0.57735 0.57735 0.57735
vn -0.57735 -0.57735 0.57735
vn -0.57735 0.57735 -0.57735
vn 0.57735 -0.57735 -0.57735
vn 0.57735 -0.57735 -0.57735
vn -0.57735 0.57735 -0.57735
vn -0.57735 -0.57735 0.57735
vn 0.57735 0.57735 0.57735
vn 1.00000 0.00000 0.00000
vn -1.00000 0.00000 0.00000
vn 0.00000 1.00000 0.00000
vn 0.00000 -1.00000 0.00000
vn 0.00000 0.00000 1.00000
vn 0.00000 0.00000 -1.00000
vn -0.00000 0.70711 0.70711
vn 0.00000 -0.70711 0.70711
vn 0.00000 0.70711 -0.70711
vn -0.00000 -0.70711 -0.70711
vn -0.70711 0.00000 -0.70711
vn 0.70711 -0.00000 -0.70711
vn -0.70711 -0.00000 0.70711
vn 0.70711 0.00000 0.70711
vn 0.70711 0.70711 -0.00000
vn -0.70711 0.70711 0.00000
vn 0.70711 -0.70711 0.00000
vn -0.70711 -0.70711 -0.00000
vn 0.57735 0.57735 0.57735
vn -0.57735 -0.57735 0.57735
vn -0.57735 0.57735 -0.57735
vn 0.57735 -0.57735 -0.57735
vn 0.57735 -0.57735 -0.57735
vn -0.57735 0.57735 -0.57735
vn -0.57735 -0.57735 0.57735
vn 0.57735 0.57735 0.57735
vn 1.00000 0.00000 0.00000
vn -1.00000 0.00000 0.00000
vn 0.00000 1.00000 0.00000
vn 0.00000 -1.00000 0.00000
vn 0.00000 0.00000 1.00000
vn 0.00000 0.00000 -1.00000
vn -0.00000 0.70711 0.70711
vn 0.00000 -0.70711 0.70711
vn 0.00000 0.70711 -0.70711
vn -0.00000 -0.70711 -0.70711
vn -0.70711 0.00000 -0.70711
vn 0.70711 -0.00000 -0.70711
vn -0.70711 -0.00000 0.70711
vn 0.70711 0.00000 0.70711
vn 0.70711 0.70711 -0.00000
vn -0.70711 0.70711 0.00000
vn 0.70711 -0.70711 0.00000
vn -0.70711 -0.70711 -0.00000
vn 0.57735 0.57735 0.57735
vn -0.57735 -0.57735 0.57735
vn -0.57735 0.57735 -0.57735
vn 0.57735 -0.57735 -0.57735
vn 0.57735 -0.57735 -0.57735
vn -0.57735 0.57735 -0.57735
vn -0.57735 -0.57735 0.57735
vn 0.57735 0.57735 0.57735
vn 1.00000 0.00000 0.00000
vn -1.00000 0.00000 0.00000
vn 0.00000 1.00000 0.00000
vn 0.00000 -1.00000 0.00000
vn 0.00000 0.00000 1.00000
vn 0.00000 0.00000 -1.00000
vn -0.00000 0.70711 0.70711
vn 0.00000 -0.70711 0.70711
vn 0.00000 0.70711 -0.70711
vn -0.00000 -0.70711 -0.70711
vn -0.70711 0.00000 -0.70711
vn 0.70711 -0.00000 -0.70711
vn -0.70711 -0.00000 0.70711
vn 0.70711 0.00000 0.70711
vn 0.70711 0.70711 -0.00000
vn -0.70711 0.70711 0.00000
vn 0.70711 -0.70711 0.00000
vn -0.70711 -0.70711 -0.00000
vn 0.57735 0.57735 0.57735
vn -0.57735 -0.57735 0.57735
vn -0.57735 0.57735 -0.57735
vn 0.57735 -0.57735 -0.57735
vn 0.57735 -0.57735 -0.57735
vn -0.57735 0.57735 -0.57735
vn -0.57735 -0.57735 0.57735
vn 0.57735 0.57735 0.57735
vn 1.00000 0.00000 0.00000
vn -1.00000 0.00000 0.00000
vn 0.00000 1.00000 0.00000
vn 0.00000 -1.00000 0.00000
vn 0.00000 0.00000 1.00000
vn 0.00000 0.00000 -1.00000
vn -0.00000 0.70711 0.70711
vn 0.00000 -0.70711 0.70711
vn 0.00000 0.70711 -0.70711
vn -0.00000 -0.70711 -0.70711
vn -0.70711 0.00000 -0.70711
vn 0.70711 -0.00000 -0.70711
vn -0.70711 -0.00000 0.70711
vn 0.70711 0.00000 0.70711
vn 0.70711 0.70711 -0.00000
vn -0.70711 0.70711 0.00000
vn 0.70711 -0.70711 0.00000
vn -0.70711 -0.70711 -0.00000
vn 0.57735 0.57735 0.57735
vn -0.57735 -0.57735 0.57735
vn -0.57735 0.57735 -0.57735
vn 0.57735 -0.57735 -0.57735
vn 0.57735 -0.57735 -0.57735
vn -0.57735 0.57735 -0.57735
vn -0.57735 -0.57735 0.57735
vn 0.57735 0.57735 0.57735
vn 1.00000 0.00000 0.00000
vn -1.00000 0.00000 0.00000
vn 0.00000 1.00000 0.00000
vn 0.00000 -1.00000 0.00000
vn 0.00000 0.00000 1.00000
vn 0.00000 0.00000 -1.00000
vn -0.00000 0.70711 0.70711
vn 0.00000 -0.70711 0.70711
vn 0.00000 0.70711 -0.70711
vn -0.00000 -0.70711 -0.70711
vn -0.70711 0.00000 -0.70711
vn 0.70711 -0.00000 -0.70711
vn -0.70711 -0.00000 0.70711
vn 0.70711 0.00000 0.70711
vn 0.70711 0.70711 -0.00000
vn -0.70711 0.70711 0.00000
vn 0.70711 -0.70711 0.00000
vn -0.70711 -0.70711 -0.00000
vn 0.57735 0.57735 0.57735
vn -0.57735 -0.57735 0.57735
vn -0.57735 0.57735 -0.57735
vn 0.57735 -0.57735 -0.57735
vn 0.57735 -0.57735 -0.57735
vn -0.57735 0.57735 -0.57735
vn -0.57735 -0.57735 0.57735
vn 0.57735 0.57735 0.57735
usemtl steel_dark
f 1/1/1 2/2/2 3/3/3 4/4/4
f 5/5/5 6/6/6 7/7/7 8/8/8
f 9/9/9 10/10/10 11/11/11 12/12/12
f 13/13/13 14/14/14 15/15/15 16/16/16
f 17/17/17 18/18/18 19/19/19 20/20/20
f 21/21/21 22/22/22 23/23/23 24/24/24
f 25/25/25 26/26/26 27/27/27 28/28/28
f 29/29/29 30/30/30 31/31/31 32/32/32
f 33/33/33 34/34/34 35/35/35 36/36/36
f 37/37/37 38/38/38 39/39/39 40/40/40
f 41/41/41 42/42/42 43/43/43 44/44/44
f 45/45/45 46/46/46 47/47/47 48/48/48
f 49/49/49 50/50/50 51/51/51 52/52/52
f 53/53/53 54/54/54 55/55/55 56/56/56
f 57/57/57 58/58/58 59/59/59 60/60/60
f 61/61/61 62/62/62 63/63/63 64/64/64
f 65/65/65 66/66/66 67/67/67 68/68/68
f 69/69/69 70/70/70 71/71/71 72/72/72
f 73/73/73 74/74/74 75/75/75 76/76/76
f 77/77/77 78/78/78 79/79/79 80/80/80
f 81/81/81 82/82/82 83/83/83 84/84/84
f 85/85/85 86/86/86 87/87/87 88/88/88
f 89/89/89 90/90/90 91/91/91 92/92/92
f 93/93/93 94/94/94 95/95/95 96/96/96
f 97/97/97 98/98/98 99/99/99 100/100/100
f 101/101/101 102/102/102 103/103/103 104/104/104
f 105/105/105 106/106/106 107/107/107 108/108/108
f 109/109/109 110/110/110 111/111/111 112/112/112
f 113/113/113 114/114/114 115/115/115 116/116/116
f 117/117/117 118/118/118 119/119/119 120/120/120
f 121/121/121 122/122/122 123/123/123 124/124/124
f 125/125/125 126/126/126 127/127/127 128/128/128
f 129/129/129 130/130/130 131/131/131 132/132/132
f 133/133/133 134/134/134 135/135/135 136/136/136
f 137/137/137 138/138/138 139/139/139 140/140/140
f 141/141/141 142/142/142 143/143/143 144/144/144
f 145/145/145 146/146/146 147/147/147 148/148/148
f 149/149/149 150/150/150 151/151/151 152/152/152
f 153/153/153 154/154/154 155/155/155 156/156/156
f 157/157/157 158/158/158 159/159/159 160/160/160
f 161/161/161 162/162/162 163/163/163 164/164/164
f 165/165/165 166/166/166 167/167/167 168/168/168
f 169/169/169 170/170/170 171/171/171 172/172/172
f 173/173/173 174/174/174 175/175/175 176/176/176
f 177/177/177 178/178/178 179/179/179 180/180/180
f 181/181/181 182/182/182 183/183/183 184/184/184
f 185/185/185 186/186/186 187/187/187 188/188/188
f 189/189/189 190/190/190 191/191/191 192/192/192
f 193/193/193 194/194/194 195/195/195 196/196/196
f 197/197/197 198/198/198 199/199/199 200/200/200
f 201/201/201 202/202/202 203/203/203 204/204/204
f 205/205/205 206/206/206 207/207/207 208/208/208
f 209/209/209 210/210/210 211/211/211 212/212/212
f 213/213/213 214/214/214 215/215/215 216/216/216
f 217/217/217 218/218/218 219/219/219 220/220/220
f 221/221/221 222/222/222 223/223/223 224/224/224
f 225/225/225 226/226/226 227/227/227 228/228/228
f 229/229/229 230/230/230 231/231/231 232/232/232
f 233/233/233 234/234/234 235/235/235 236/236/236
f 237/237/237 238/238/238 239/239/239 240/240/240
f 241/241/241 242/242/242 243/243/243 244/244/244
f 245/245/245 246/246/246 247/247/247 248/248/248
f 249/249/249 250/250/250 251/251/251 252/252/252
f 253/253/253 254/254/254 255/255/255 256/256/256
f 257/257/257 258/258/258 259/259/259 260/260/260
f 261/261/261 262/262/262 263/263/263 264/264/264
f 265/265/265 266/266/266 267/267/267 268/268/268
f 269/269/269 270/270/270 271/271/271 272/272/272
f 273/273/273 274/274/274 275/275/275 276/276/276
f 277/277/277 278/278/278 279/279/279 280/280/280
f 281/281/281 282/282/281 283/283/281 284/284/281 285/285/281 286/286/281 287/287/281 288/288/281 289/289/281 290/290/281 291/291/281 292/292/281 293/293/281 294/294/281
f 295/295/282 296/296/282 297/297/282 298/298/282 299/299/282 300/300/282 301/301/282 302/302/282 303/303/282 304/304/282 305/305/282 306/306/282 307/307/282 308/308/282
f 309/309/283 310/310/283 311/311/283 312/312/283
f 313/313/284 314/314/284 315/315/284 316/316/284
f 317/317/285 318/318/285 319/319/285 320/320/285
f 321/321/286 322/322/286 323/323/286 324/324/286
f 325/325/287 326/326/287 327/327/287 328/328/287
f 329/329/288 330/330/288 331/331/288 332/332/288
f 333/333/289 334/334/289 335/335/289 336/336/289
f 337/337/290 338/338/290 339/339/290 340/340/290
f 341/341/291 342/342/291 343/343/291 344/344/291
f 345/345/292 346/346/292 347/347/292 348/348/292
f 349/349/293 350/350/293 351/351/293 352/352/293
f 353/353/294 354/354/294 355/355/294 356/356/294
f 357/357/295 358/358/295 359/359/295 360/360/295
f 361/361/296 362/362/296 363/363/296 364/364/296
f 365/365/297 366/366/297 367/367/297 368/368/297
f 369/369/298 370/370/298 371/371/298 372/372/298
f 373/373/299 374/374/299 375/375/299 376/376/299
f 377/377/300 378/378/300 379/379/300 380/380/300
f 381/381/301 382/382/301 383/383/301 384/384/301
f 385/385/302 386/386/302 387/387/302 388/388/302
f 389/389/303 390/390/303 391/391/303 392/392/303
f 393/393/304 394/394/304 395/395/304 396/396/304
f 397/397/305 398/398/305 399/399/305 400/400/305
f 401/401/306 402/402/306 403/403/306 404/404/306
f 405/405/307 406/406/307 407/407/307 408/408/307
f 409/409/308 410/410/308 411/411/308 412/412/308
f 413/413/309 414/414/309 415/415/309 416/416/309
f 417/417/310 418/418/310 419/419/310 420/420/310
f 421/421/311 422/422/311 423/423/311 424/424/311
f 425/425/312 426/426/312 427/427/312 428/428/312
f 429/429/313 430/430/313 431/431/313 432/432/313
f 433/433/314 434/434/314 435/435/314 436/436/314
f 437/437/315 438/438/315 439/439/315 440/440/315
f 441/441/316 442/442/316 443/443/316 444/444/316
f 445/445/317 446/446/318 447/447/319 448/448/320
f 449/449/321 450/450/322 451/451/323 452/452/324
f 453/453/325 454/454/326 455/455/327 456/456/328
f 457/457/329 458/458/330 459/459/331 460/460/332
f 461/461/333 462/462/334 463/463/335 464/464/336
f 465/465/337 466/466/338 467/467/339 468/468/340
f 469/469/341 470/470/342 471/471/343 472/472/344
f 473/473/345 474/474/346 475/475/347 476/476/348
f 477/477/349 478/478/350 479/479/351 480/480/352
f 481/481/353 482/482/354 483/483/355 484/484/356
f 485/485/357 486/486/358 487/487/359 488/488/360
f 489/489/361 490/490/362 491/491/363 492/492/364
f 493/493/365 494/494/366 495/495/367 496/496/368
f 497/497/369 498/498/370 499/499/371 500/500/372
f 501/501/373 502/502/374 503/503/375 504/504/376
f 505/505/377 506/506/378 507/507/379 508/508/380
f 509/509/381 510/510/382 511/511/383 512/512/384
f 513/513/385 514/514/386 515/515/387 516/516/388
f 517/517/389 518/518/390 519/519/391 520/520/392
f 521/521/393 522/522/394 523/523/395 524/524/396
f 525/525/397 526/526/398 527/527/399 528/528/400
f 529/529/401 530/530/402 531/531/403 532/532/404
f 533/533/405 534/534/406 535/535/407 536/536/408
f 537/537/409 538/538/410 539/539/411 540/540/412
f 541/541/413 542/542/414 543/543/415 544/544/416
f 545/545/417 546/546/418 547/547/419 548/548/420
f 549/549/421 550/550/422 551/551/423 552/552/424
f 553/553/425 554/554/426 555/555/427 556/556/428
f 557/557/429 558/558/430 559/559/431 560/560/432
f 561/561/433 562/562/434 563/563/435 564/564/436
f 565/565/437 566/566/438 567/567/439 568/568/440
f 569/569/441 570/570/442 571/571/443 572/572/444
f 573/573/445 574/574/446 575/575/447 576/576/448
f 577/577/449 578/578/450 579/579/451 580/580/452
f 581/581/453 582/582/454 583/583/455 584/584/456
f 585/585/457 586/586/458 587/587/459 588/588/460
f 589/589/461 590/590/462 591/591/463 592/592/464
f 593/593/465 594/594/466 595/595/467 596/596/468
f 597/597/469 598/598/470 599/599/471 600/600/472
f 601/601/473 602/602/474 603/603/475 604/604/476
f 605/605/477 606/606/478 607/607/479 608/608/480
f 609/609/481 610/610/482 611/611/483 612/612/484
f 613/613/485 614/614/486 615/615/487 616/616/488
f 617/617/489 618/618/490 619/619/491 620/620/492
f 621/621/493 622/622/494 623/623/495 624/624/496
f 625/625/497 626/626/498 627/627/499 628/628/500
f 629/629/501 630/630/502 631/631/503 632/632/504
f 633/633/505 634/634/506 635/635/507 636/636/508
f 637/637/509 638/638/510 639/639/511 640/640/512
f 641/641/513 642/642/514 643/643/515 644/644/516
f 645/645/517 646/646/518 647/647/519 648/648/520
f 649/649/521 650/650/522 651/651/523 652/652/524
f 653/653/525 654/654/526 655/655/527 656/656/528
f 657/657/529 658/658/530 659/659/531 660/660/532
f 661/661/533 662/662/534 663/663/535 664/664/536
f 665/665/537 666/666/538 667/667/539 668/668/540
f 669/669/541 670/670/542 671/671/543 672/672/544
f 673/673/545 674/674/546 675/675/547 676/676/548
f 677/677/549 678/678/550 679/679/551 680/680/552
f 681/681/553 682/682/554 683/683/555 684/684/556
f 685/685/557 686/686/558 687/687/559 688/688/560
f 689/689/561 690/690/562 691/691/563 692/692/564
f 693/693/565 694/694/566 695/695/567 696/696/568
f 697/697/569 698/698/570 699/699/571 700/700/572
f 701/701/573 702/702/574 703/703/575 704/704/576
f 705/705/577 706/706/578 707/707/579 708/708/580
f 709/709/581 710/710/582 711/711/583 712/712/584
f 713/713/585 714/714/586 715/715/587 716/716/588
f 717/717/589 718/718/590 719/719/591 720/720/592
f 721/721/593 722/722/594 723/723/595 724/724/596
f 725/725/597 726/726/597 727/727/597 728/728/597 729/729/597 730/730/597 731/731/597 732/732/597 733/733/597 734/734/597 735/735/597 736/736/597 737/737/597 738/738/597
f 739/739/598 740/740/598 741/741/598 742/742/598 743/743/598 744/744/598 745/745/598 746/746/598 747/747/598 748/748/598 749/749/598 750/750/598 751/751/598 752/752/598
f 753/753/599 754/754/599 755/755/599 756/756/599
f 757/757/600 758/758/600 759/759/600 760/760/600
f 761/761/601 762/762/601 763/763/601 764/764/601
f 765/765/602 766/766/602 767/767/602 768/768/602
f 769/769/603 770/770/603 771/771/603 772/772/603
f 773/773/604 774/774/604 775/775/604 776/776/604
f 777/777/605 778/778/605 779/779/605 780/780/605
f 781/781/606 782/782/606 783/783/606 784/784/606
f 785/785/607 786/786/607 787/787/607 788/788/607
f 789/789/608 790/790/608 791/791/608 792/792/608
f 793/793/609 794/794/609 795/795/609 796/796/609
f 797/797/610 798/798/610 799/799/610 800/800/610
f 801/801/611 802/802/611 803/803/611 804/804/611
f 805/805/612 806/806/612 807/807/612 808/808/612
f 809/809/613 810/810/613 811/811/613 812/812/613
f 813/813/614 814/814/614 815/815/614 816/816/614
f 817/817/615 818/818/615 819/819/615 820/820/615
f 821/821/616 822/822/616 823/823/616 824/824/616
f 825/825/617 826/826/617 827/827/617 828/828/617
f 829/829/618 830/830/618 831/831/618 832/832/618
f 833/833/619 834/834/619 835/835/619 836/836/619
f 837/837/620 838/838/620 839/839/620 840/840/620
f 841/841/621 842/842/621 843/843/621 844/844/621
f 845/845/622 846/846/622 847/847/622 848/848/622
f 849/849/623 850/850/623 851/851/623 852/852/623
f 853/853/624 854/854/624 855/855/624 856/856/624
f 857/857/625 858/858/625 859/859/625 860/860/625
f 861/861/626 862/862/626 863/863/626 864/864/626
f 865/865/627 866/866/627 867/867/627 868/868/627
f 869/869/628 870/870/628 871/871/628 872/872/628
f 873/873/629 874/874/629 875/875/629 876/876/629
f 877/877/630 878/878/630 879/879/630 880/880/630
f 881/881/631 882/882/631 883/883/631 884/884/631
f 885/885/632 886/886/632 887/887/632 888/888/632
f 889/889/633 890/890/634 891/891/635 892/892/636
f 893/893/637 894/894/638 895/895/639 896/896/640
f 897/897/641 898/898/642 899/899/643 900/900/644
f 901/901/645 902/902/646 903/903/647 904/904/648
f 905/905/649 906/906/650 907/907/651 908/908/652
f 909/909/653 910/910/654 911/911/655 912/912/656
f 913/913/657 914/914/658 915/915/659 916/916/660
f 917/917/661 918/918/662 919/919/663 920/920/664
f 921/921/665 922/922/666 923/923/667 924/924/668
f 925/925/669 926/926/670 927/927/671 928/928/672
f 929/929/673 930/930/674 931/931/675 932/932/676
f 933/933/677 934/934/678 935/935/679 936/936/680
f 937/937/681 938/938/682 939/939/683 940/940/684
f 941/941/685 942/942/686 943/943/687 944/944/688
f 945/945/689 946/946/690 947/947/691 948/948/692
f 949/949/693 950/950/694 951/951/695 952/952/696
f 953/953/697 954/954/698 955/955/699 956/956/700
f 957/957/701 958/958/702 959/959/703 960/960/704
f 961/961/705 962/962/706 963/963/707 964/964/708
f 965/965/709 966/966/710 967/967/711 968/968/712
f 969/969/713 970/970/714 971/971/715 972/972/716
f 973/973/717 974/974/718 975/975/719 976/976/720
f 977/977/721 978/978/722 979/979/723 980/980/724
f 981/981/725 982/982/726 983/983/727 984/984/728
f 985/985/729 986/986/730 987/987/731 988/988/732
f 989/989/733 990/990/734 991/991/735 992/992/736
f 993/993/737 994/994/738 995/995/739 996/996/740
f 997/997/741 998/998/742 999/999/743 1000/1000/744
f 1001/1001/745 1002/1002/746 1003/1003/747 1004/1004/748
f 1005/1005/749 1006/1006/750 1007/1007/751 1008/1008/752
f 1009/1009/753 1010/1010/754 1011/1011/755 1012/1012/756
f 1013/1013/757 1014/1014/758 1015/1015/759 1016/1016/760
f 1017/1017/761 1018/1018/762 1019/1019/763 1020/1020/764
f 1021/1021/765 1022/1022/766 1023/1023/767 1024/1024/768
f 1025/1025/769 1026/1026/770 1027/1027/771 1028/1028/772
f 1029/1029/773 1030/1030/774 1031/1031/775 1032/1032/776
f 1033/1033/777 1034/1034/777 1035/1035/777 1036/1036/777 1037/1037/777 1038/1038/777 1039/1039/777 1040/1040/777 1041/1041/777 1042/1042/777 1043/1043/777 1044/1044/777
f 1045/1045/778 1046/1046/778 1047/1047/778 1048/1048/778 1049/1049/778 1050/1050/778 1051/1051/778 1052/1052/778 1053/1053/778 1054/1054/778 1055/1055/778 1056/1056/778
usemtl wood
f 1057/1057/779 1058/1058/779 1059/1059/779 1060/1060/779
f 1061/1061/780 1062/1062/780 1063/1063/780 1064/1064/780
f 1065/1065/781 1066/1066/781 1067/1067/781 1068/1068/781
f 1069/1069/782 1070/1070/782 1071/1071/782 1072/1072/782
f 1073/1073/783 1074/1074/783 1075/1075/783 1076/1076/783
f 1077/1077/784 1078/1078/784 1079/1079/784 1080/1080/784
f 1081/1081/785 1082/1082/785 1083/1083/785 1084/1084/785
f 1085/1085/786 1086/1086/786 1087/1087/786 1088/1088/786
f 1089/1089/787 1090/1090/787 1091/1091/787 1092/1092/787
f 1093/1093/788 1094/1094/788 1095/1095/788 1096/1096/788
f 1097/1097/789 1098/1098/789 1099/1099/789 1100/1100/789
f 1101/1101/790 1102/1102/790 1103/1103/790 1104/1104/790
f 1105/1105/791 1106/1106/791 1107/1107/791 1108/1108/791
f 1109/1109/792 1110/1110/792 1111/1111/792 1112/1112/792
f 1113/1113/793 1114/1114/793 1115/1115/793 1116/1116/793
f 1117/1117/794 1118/1118/794 1119/1119/794 1120/1120/794
f 1121/1121/795 1122/1122/795 1123/1123/795 1124/1124/795
f 1125/1125/796 1126/1126/796 1127/1127/796 1128/1128/796
f 1129/1129/797 1130/1130/797 1131/1131/797
f 1132/1132/798 1133/1133/798 1134/1134/798
f 1135/1135/799 1136/1136/799 1137/1137/799
f 1138/1138/800 1139/1139/800 1140/1140/800
f 1141/1141/801 1142/1142/801 1143/1143/801
f 1144/1144/802 1145/1145/802 1146/1146/802
f 1147/1147/803 1148/1148/803 1149/1149/803
f 1150/1150/804 1151/1151/804 1152/1152/804
f 1153/1153/805 1154/1154/805 1155/1155/805 1156/1156/805
f 1157/1157/806 1158/1158/806 1159/1159/806 1160/1160/806
f 1161/1161/807 1162/1162/807 1163/1163/807 1164/1164/807
f 1165/1165/808 1166/1166/808 1167/1167/808 1168/1168/808
f 1169/1169/809 1170/1170/809 1171/1171/809 1172/1172/809
f 1173/1173/810 1174/1174/810 1175/1175/810 1176/1176/810
f 1177/1177/811 1178/1178/811 1179/1179/811 1180/1180/811
f 1181/1181/812 1182/1182/812 1183/1183/812 1184/1184/812
f 1185/1185/813 1186/1186/813 1187/1187/813 1188/1188/813
f 1189/1189/814 1190/1190/814 1191/1191/814 1192/1192/814
f 1193/1193/815 1194/1194/815 1195/1195/815 1196/1196/815
f 1197/1197/816 1198/1198/816 1199/1199/816 1200/1200/816
f 1201/1201/817 1202/1202/817 1203/1203/817 1204/1204/817
f 1205/1205/818 1206/1206/818 1207/1207/818 1208/1208/818
f 1209/1209/819 1210/1210/819 1211/1211/819 1212/1212/819
f 1213/1213/820 1214/1214/820 1215/1215/820 1216/1216/820
f 1217/1217/821 1218/1218/821 1219/1219/821 1220/1220/821
f 1221/1221/822 1222/1222/822 1223/1223/822 1224/1224/822
f 1225/1225/823 1226/1226/823 1227/1227/823
f 1228/1228/824 1229/1229/824 1230/1230/824
f 1231/1231/825 1232/1232/825 1233/1233/825
f 1234/1234/826 1235/1235/826 1236/1236/826
f 1237/1237/827 1238/1238/827 1239/1239/827
f 1240/1240/828 1241/1241/828 1242/1242/828
f 1243/1243/829 1244/1244/829 1245/1245/829
f 1246/1246/830 1247/1247/830 1248/1248/830
f 1249/1249/831 1250/1250/831 1251/1251/831 1252/1252/831
f 1253/1253/832 1254/1254/832 1255/1255/832 1256/1256/832
f 1257/1257/833 1258/1258/833 1259/1259/833 1260/1260/833
f 1261/1261/834 1262/1262/834 1263/1263/834 1264/1264/834
f 1265/1265/835 1266/1266/835 1267/1267/835 1268/1268/835
f 1269/1269/836 1270/1270/836 1271/1271/836 1272/1272/836
f 1273/1273/837 1274/1274/837 1275/1275/837 1276/1276/837
f 1277/1277/838 1278/1278/838 1279/1279/838 1280/1280/838
f 1281/1281/839 1282/1282/839 1283/1283/839 1284/1284/839
f 1285/1285/840 1286/1286/840 1287/1287/840 1288/1288/840
f 1289/1289/841 1290/1290/841 1291/1291/841 1292/1292/841
f 1293/1293/842 1294/1294/842 1295/1295/842 1296/1296/842
f 1297/1297/843 1298/1298/843 1299/1299/843 1300/1300/843
f 1301/1301/844 1302/1302/844 1303/1303/844 1304/1304/844
f 1305/1305/845 1306/1306/845 1307/1307/845 1308/1308/845
f 1309/1309/846 1310/1310/846 1311/1311/846 1312/1312/846
f 1313/1313/847 1314/1314/847 1315/1315/847 1316/1316/847
f 1317/1317/848 1318/1318/848 1319/1319/848 1320/1320/848
f 1321/1321/849 1322/1322/849 1323/1323/849
f 1324/1324/850 1325/1325/850 1326/1326/850
f 1327/1327/851 1328/1328/851 1329/1329/851
f 1330/1330/852 1331/1331/852 1332/1332/852
f 1333/1333/853 1334/1334/853 1335/1335/853
f 1336/1336/854 1337/1337/854 1338/1338/854
f 1339/1339/855 1340/1340/855 1341/1341/855
f 1342/1342/856 1343/1343/856 1344/1344/856
f 1345/1345/857 1346/1346/857 1347/1347/857 1348/1348/857
f 1349/1349/858 1350/1350/858 1351/1351/858 1352/1352/858
f 1353/1353/859 1354/1354/859 1355/1355/859 1356/1356/859
f 1357/1357/860 1358/1358/860 1359/1359/860 1360/1360/860
f 1361/1361/861 1362/1362/861 1363/1363/861 1364/1364/861
f 1365/1365/862 1366/1366/862 1367/1367/862 1368/1368/862
f 1369/1369/863 1370/1370/863 1371/1371/863 1372/1372/863
f 1373/1373/864 1374/1374/864 1375/1375/864 1376/1376/864
f 1377/1377/865 1378/1378/865 1379/1379/865 1380/1380/865
f 1381/1381/866 1382/1382/866 1383/1383/866 1384/1384/866
f 1385/1385/867 1386/1386/867 1387/1387/867 1388/1388/867
f 1389/1389/868 1390/1390/868 1391/1391/868 1392/1392/868
f 1393/1393/869 1394/1394/869 1395/1395/869 1396/1396/869
f 1397/1397/870 1398/1398/870 1399/1399/870 1400/1400/870
f 1401/1401/871 1402/1402/871 1403/1403/871 1404/1404/871
f 1405/1405/872 1406/1406/872 1407/1407/872 1408/1408/872
f 1409/1409/873 1410/1410/873 1411/1411/873 1412/1412/873
f 1413/1413/874 1414/1414/874 1415/1415/874 1416/1416/874
f 1417/1417/875 1418/1418/875 1419/1419/875
f 1420/1420/876 1421/1421/876 1422/1422/876
f 1423/1423/877 1424/1424/877 1425/1425/877
f 1426/1426/878 1427/1427/878 1428/1428/878
f 1429/1429/879 1430/1430/879 1431/1431/879
f 1432/1432/880 1433/1433/880 1434/1434/880
f 1435/1435/881 1436/1436/881 1437/1437/881
f 1438/1438/882 1439/1439/882 1440/1440/882
f 1441/1441/883 1442/1442/883 1443/1443/883 1444/1444/883
f 1445/1445/884 1446/1446/884 1447/1447/884 1448/1448/884
f 1449/1449/885 1450/1450/885 1451/1451/885 1452/1452/885
f 1453/1453/886 1454/1454/886 1455/1455/886 1456/1456/886
f 1457/1457/887 1458/1458/887 1459/1459/887 1460/1460/887
f 1461/1461/888 1462/1462/888 1463/1463/888 1464/1464/888
f 1465/1465/889 1466/1466/889 1467/1467/889 1468/1468/889
f 1469/1469/890 1470/1470/890 1471/1471/890 1472/1472/890
f 1473/1473/891 1474/1474/891 1475/1475/891 1476/1476/891
f 1477/1477/892 1478/1478/892 1479/1479/892 1480/1480/892
f 1481/1481/893 1482/1482/893 1483/1483/893 1484/1484/893
f 1485/1485/894 1486/1486/894 1487/1487/894 1488/1488/894
f 1489/1489/895 1490/1490/895 1491/1491/895 1492/1492/895
f 1493/1493/896 1494/1494/896 1495/1495/896 1496/1496/896
f 1497/1497/897 1498/1498/897 1499/1499/897 1500/1500/897
f 1501/1501/898 1502/1502/898 1503/1503/898 1504/1504/898
f 1505/1505/899 1506/1506/899 1507/1507/899 1508/1508/899
f 1509/1509/900 1510/1510/900 1511/1511/900 1512/1512/900
f 1513/1513/901 1514/1514/901 1515/1515/901
f 1516/1516/902 1517/1517/902 1518/1518/902
f 1519/1519/903 1520/1520/903 1521/1521/903
f 1522/1522/904 1523/1523/904 1524/1524/904
f 1525/1525/905 1526/1526/905 1527/1527/905
f 1528/1528/906 1529/1529/906 1530/1530/906
f 1531/1531/907 1532/1532/907 1533/1533/907
f 1534/1534/908 1535/1535/908 1536/1536/908
f 1537/1537/909 1538/1538/909 1539/1539/909 1540/1540/909
f 1541/1541/910 1542/1542/910 1543/1543/910 1544/1544/910
f 1545/1545/911 1546/1546/911 1547/1547/911 1548/1548/911
f 1549/1549/912 1550/1550/912 1551/1551/912 1552/1552/912
f 1553/1553/913 1554/1554/913 1555/1555/913 1556/1556/913
f 1557/1557/914 1558/1558/914 1559/1559/914 1560/1560/914
f 1561/1561/915 1562/1562/915 1563/1563/915 1564/1564/915
f 1565/1565/916 1566/1566/916 1567/1567/916 1568/1568/916
f 1569/1569/917 1570/1570/917 1571/1571/917 1572/1572/917
f 1573/1573/918 1574/1574/918 1575/1575/918 1576/1576/918
f 1577/1577/919 1578/1578/919 1579/1579/919 1580/1580/919
f 1581/1581/920 1582/1582/920 1583/1583/920 1584/1584/920
f 1585/1585/921 1586/1586/921 1587/1587/921 1588/1588/921
f 1589/1589/922 1590/1590/922 1591/1591/922 1592/1592/922
f 1593/1593/923 1594/1594/923 1595/1595/923 1596/1596/923
f 1597/1597/924 1598/1598/924 1599/1599/924 1600/1600/924
f 1601/1601/925 1602/1602/925 1603/1603/925 1604/1604/925
f 1605/1605/926 1606/1606/926 1607/1607/926 1608/1608/926
f 1609/1609/927 1610/1610/927 1611/1611/927
f 1612/1612/928 1613/1613/928 1614/1614/928
f 1615/1615/929 1616/1616/929 1617/1617/929
f 1618/1618/930 1619/1619/930 1620/1620/930
f 1621/1621/931 1622/1622/931 1623/1623/931
f 1624/1624/932 1625/1625/932 1626/1626/932
f 1627/1627/933 1628/1628/933 1629/1629/933
f 1630/1630/934 1631/1631/934 1632/1632/934
f 1633/1633/935 1634/1634/935 1635/1635/935 1636/1636/935
f 1637/1637/936 1638/1638/936 1639/1639/936 1640/1640/936
f 1641/1641/937 1642/1642/937 1643/1643/937 1644/1644/937
f 1645/1645/938 1646/1646/938 1647/1647/938 1648/1648/938
f 1649/1649/939 1650/1650/939 1651/1651/939 1652/1652/939
f 1653/1653/940 1654/1654/940 1655/1655/940 1656/1656/940
f 1657/1657/941 1658/1658/941 1659/1659/941 1660/1660/941
f 1661/1661/942 1662/1662/942 1663/1663/942 1664/1664/942
f 1665/1665/943 1666/1666/943 1667/1667/943 1668/1668/943
f 1669/1669/944 1670/1670/944 1671/1671/944 1672/1672/944
f 1673/1673/945 1674/1674/945 1675/1675/945 1676/1676/945
f 1677/1677/946 1678/1678/946 1679/1679/946 1680/1680/946
f 1681/1681/947 1682/1682/947 1683/1683/947 1684/1684/947
f 1685/1685/948 1686/1686/948 1687/1687/948 1688/1688/948
f 1689/1689/949 1690/1690/949 1691/1691/949 1692/1692/949
f 1693/1693/950 1694/1694/950 1695/1695/950 1696/1696/950
f 1697/1697/951 1698/1698/951 1699/1699/951 1700/1700/951
f 1701/1701/952 1702/1702/952 1703/1703/952 1704/1704/952
f 1705/1705/953 1706/1706/953 1707/1707/953
f 1708/1708/954 1709/1709/954 1710/1710/954
f 1711/1711/955 1712/1712/955 1713/1713/955
f 1714/1714/956 1715/1715/956 1716/1716/956
f 1717/1717/957 1718/1718/957 1719/1719/957
f 1720/1720/958 1721/1721/958 1722/1722/958
f 1723/1723/959 1724/1724/959 1725/1725/959
f 1726/1726/960 1727/1727/960 1728/1728/960
f 1729/1729/961 1730/1730/961 1731/1731/961 1732/1732/961
f 1733/1733/962 1734/1734/962 1735/1735/962 1736/1736/962
f 1737/1737/963 1738/1738/963 1739/1739/963 1740/1740/963
f 1741/1741/964 1742/1742/964 1743/1743/964 1744/1744/964
f 1745/1745/965 1746/1746/965 1747/1747/965 1748/1748/965
f 1749/1749/966 1750/1750/966 1751/1751/966 1752/1752/966
f 1753/1753/967 1754/1754/967 1755/1755/967 1756/1756/967
f 1757/1757/968 1758/1758/968 1759/1759/968 1760/1760/968
f 1761/1761/969 1762/1762/969 1763/1763/969 1764/1764/969
f 1765/1765/970 1766/1766/970 1767/1767/970 1768/1768/970
f 1769/1769/971 1770/1770/971 1771/1771/971 1772/1772/971
f 1773/1773/972 1774/1774/972 1775/1775/972 1776/1776/972
f 1777/1777/973 1778/1778/973 1779/1779/973 1780/1780/973
f 1781/1781/974 1782/1782/974 1783/1783/974 1784/1784/974
f 1785/1785/975 1786/1786/975 1787/1787/975 1788/1788/975
f 1789/1789/976 1790/1790/976 1791/1791/976 1792/1792/976
f 1793/1793/977 1794/1794/977 1795/1795/977 1796/1796/977
f 1797/1797/978 1798/1798/978 1799/1799/978 1800/1800/978
f 1801/1801/979 1802/1802/979 1803/1803/979
f 1804/1804/980 1805/1805/980 1806/1806/980
f 1807/1807/981 1808/1808/981 1809/1809/981
f 1810/1810/982 1811/1811/982 1812/1812/982
f 1813/1813/983 1814/1814/983 1815/1815/983
f 1816/1816/984 1817/1817/984 1818/1818/984
f 1819/1819/985 1820/1820/985 1821/1821/985
f 1822/1822/986 1823/1823/986 1824/1824/986
