# generated by meshlib
mtllib pistol.mtl
o pistol
v 0.01275 0.01000 -0.10750
v 0.01275 0.03200 -0.10750
v 0.01275 0.03200 0.09050
v 0.01275 0.01000 0.09050
v -0.01275 0.01000 0.09050
v -0.01275 0.03200 0.09050
v -0.01275 0.03200 -0.10750
v -0.01275 0.01000 -0.10750
v -0.00925 0.03550 0.09050
v 0.00925 0.03550 0.09050
v 0.00925 0.03550 -0.10750
v -0.00925 0.03550 -0.10750
v -0.00925 0.00650 -0.10750
v 0.00925 0.00650 -0.10750
v 0.00925 0.00650 0.09050
v -0.00925 0.00650 0.09050
v -0.00925 0.01000 0.09400
v 0.00925 0.01000 0.09400
v 0.00925 0.03200 0.09400
v -0.00925 0.03200 0.09400
v -0.00925 0.03200 -0.11100
v 0.00925 0.03200 -0.11100
v 0.00925 0.01000 -0.11100
v -0.00925 0.01000 -0.11100
v -0.01275 0.00650 -0.10750
v 0.01275 0.00650 -0.10750
v 0.01275 0.01000 -0.11100
v -0.01275 0.01000 -0.11100
v -0.01275 0.00650 0.09050
v 0.01275 0.00650 0.09050
v 0.01275 0.01000 0.09400
v -0.01275 0.01000 0.09400
v -0.01275 0.03550 -0.10750
v 0.01275 0.03550 -0.10750
v 0.01275 0.03200 -0.11100
v -0.01275 0.03200 -0.11100
v -0.01275 0.03550 0.09050
v 0.01275 0.03550 0.09050
v 0.01275 0.03200 0.09400
v -0.01275 0.03200 0.09400
v -0.01275 0.00650 -0.10750
v -0.01275 0.03550 -0.10750
v -0.00925 0.03550 -0.11100
v -0.00925 0.00650 -0.11100
v -0.01275 0.00650 0.09050
v -0.01275 0.03550 0.09050
v -0.00925 0.03550 0.09400
v -0.00925 0.00650 0.09400
v 0.01275 0.00650 -0.10750
v 0.01275 0.03550 -0.10750
v 0.00925 0.03550 -0.11100
v 0.00925 0.00650 -0.11100
v 0.01275 0.00650 0.09050
v 0.01275 0.03550 0.09050
v 0.00925 0.03550 0.09400
v 0.00925 0.00650 0.09400
v -0.01275 0.01000 -0.11100
v -0.01275 0.01000 0.09400
v -0.00925 0.00650 0.09400
v -0.00925 0.00650 -0.11100
v -0.01275 0.03200 -0.11100
v -0.01275 0.03200 0.09400
v -0.00925 0.03550 0.09400
v -0.00925 0.03550 -0.11100
v 0.01275 0.01000 -0.11100
v 0.01275 0.01000 0.09400
v 0.00925 0.00650 0.09400
v 0.00925 0.00650 -0.11100
v 0.01275 0.03200 -0.11100
v 0.01275 0.03200 0.09400
v 0.00925 0.03550 0.09400
v 0.00925 0.03550 -0.11100
v -0.01275 0.01000 -0.10750
v -0.00925 0.00650 -0.10750
v -0.00925 0.01000 -0.11100
v -0.01275 0.01000 0.09050
v -0.00925 0.00650 0.09050
v -0.00925 0.01000 0.09400
v -0.01275 0.03200 -0.10750
v -0.00925 0.03550 -0.10750
v -0.00925 0.03200 -0.11100
v -0.01275 0.03200 0.09050
v -0.00925 0.03550 0.09050
v -0.00925 0.03200 0.09400
v 0.01275 0.01000 -0.10750
v 0.00925 0.00650 -0.10750
v 0.00925 0.01000 -0.11100
v 0.01275 0.01000 0.09050
v 0.00925 0.00650 0.09050
v 0.00925 0.01000 0.09400
v 0.01275 0.03200 -0.10750
v 0.00925 0.03550 -0.10750
v 0.00925 0.03200 -0.11100
v 0.01275 0.03200 0.09050
v 0.00925 0.03550 0.09050
v 0.00925 0.03200 0.09400
v 0.01360 0.00950 0.07940
v 0.01360 0.00950 0.07660
v 0.01360 0.03250 0.07660
v 0.01360 0.03250 0.07940
v -0.01360 0.00950 0.07660
v -0.01360 0.00950 0.07940
v -0.01360 0.03250 0.07940
v -0.01360 0.03250 0.07660
v -0.01360 0.03250 0.07940
v 0.01360 0.03250 0.07940
v 0.01360 0.03250 0.07660
v -0.01360 0.03250 0.07660
v -0.01360 0.00950 0.07660
v 0.01360 0.00950 0.07660
v 0.01360 0.00950 0.07940
v -0.01360 0.00950 0.07940
v -0.01360 0.00950 0.07940
v 0.01360 0.00950 0.07940
v 0.01360 0.03250 0.07940
v -0.01360 0.03250 0.07940
v 0.01360 0.00950 0.07660
v -0.01360 0.00950 0.07660
v -0.01360 0.03250 0.07660
v 0.01360 0.03250 0.07660
v 0.01360 0.00950 0.07220
v 0.01360 0.00950 0.06940
v 0.01360 0.03250 0.06940
v 0.01360 0.03250 0.07220
v -0.01360 0.00950 0.06940
v -0.01360 0.00950 0.07220
v -0.01360 0.03250 0.07220
v -0.01360 0.03250 0.06940
v -0.01360 0.03250 0.07220
v 0.01360 0.03250 0.07220
v 0.01360 0.03250 0.06940
v -0.01360 0.03250 0.06940
v -0.01360 0.00950 0.06940
v 0.01360 0.00950 0.06940
v 0.01360 0.00950 0.07220
v -0.01360 0.00950 0.07220
v -0.01360 0.00950 0.07220
v 0.01360 0.00950 0.07220
v 0.01360 0.03250 0.07220
v -0.01360 0.03250 0.07220
v 0.01360 0.00950 0.06940
v -0.01360 0.00950 0.06940
v -0.01360 0.03250 0.06940
v 0.01360 0.03250 0.06940
v 0.01360 0.00950 0.06500
v 0.01360 0.00950 0.06220
v 0.01360 0.03250 0.06220
v 0.01360 0.03250 0.06500
v -0.01360 0.00950 0.06220
v -0.01360 0.00950 0.06500
v -0.01360 0.03250 0.06500
v -0.01360 0.03250 0.06220
v -0.01360 0.03250 0.06500
v 0.01360 0.03250 0.06500
v 0.01360 0.03250 0.06220
v -0.01360 0.03250 0.06220
v -0.01360 0.00950 0.06220
v 0.01360 0.00950 0.06220
v 0.01360 0.00950 0.06500
v -0.01360 0.00950 0.06500
v -0.01360 0.00950 0.06500
v 0.01360 0.00950 0.06500
v 0.01360 0.03250 0.06500
v -0.01360 0.03250 0.06500
v 0.01360 0.00950 0.06220
v -0.01360 0.00950 0.06220
v -0.01360 0.03250 0.06220
v 0.01360 0.03250 0.06220
v 0.01360 0.00950 0.05780
v 0.01360 0.00950 0.05500
v 0.01360 0.03250 0.05500
v 0.01360 0.03250 0.05780
v -0.01360 0.00950 0.05500
v -0.01360 0.00950 0.05780
v -0.01360 0.03250 0.05780
v -0.01360 0.03250 0.05500
v -0.01360 0.03250 0.05780
v 0.01360 0.03250 0.05780
v 0.01360 0.03250 0.05500
v -0.01360 0.03250 0.05500
v -0.01360 0.00950 0.05500
v 0.01360 0.00950 0.05500
v 0.01360 0.00950 0.05780
v -0.01360 0.00950 0.05780
v -0.01360 0.00950 0.05780
v 0.01360 0.00950 0.05780
v 0.01360 0.03250 0.05780
v -0.01360 0.03250 0.05780
v 0.01360 0.00950 0.05500
v -0.01360 0.00950 0.05500
v -0.01360 0.03250 0.05500
v 0.01360 0.03250 0.05500
v 0.01360 0.00950 0.05060
v 0.01360 0.00950 0.04780
v 0.01360 0.03250 0.04780
v 0.01360 0.03250 0.05060
v -0.01360 0.00950 0.04780
v -0.01360 0.00950 0.05060
v -0.01360 0.03250 0.05060
v -0.01360 0.03250 0.04780
v -0.01360 0.03250 0.05060
v 0.01360 0.03250 0.05060
v 0.01360 0.03250 0.04780
v -0.01360 0.03250 0.04780
v -0.01360 0.00950 0.04780
v 0.01360 0.00950 0.04780
v 0.01360 0.00950 0.05060
v -0.01360 0.00950 0.05060
v -0.01360 0.00950 0.05060
v 0.01360 0.00950 0.05060
v 0.01360 0.03250 0.05060
v -0.01360 0.03250 0.05060
v 0.01360 0.00950 0.04780
v -0.01360 0.00950 0.04780
v -0.01360 0.03250 0.04780
v 0.01360 0.03250 0.04780
v 0.01360 0.00950 0.04340
v 0.01360 0.00950 0.04060
v 0.01360 0.03250 0.04060
v 0.01360 0.03250 0.04340
v -0.01360 0.00950 0.04060
v -0.01360 0.00950 0.04340
v -0.01360 0.03250 0.04340
v -0.01360 0.03250 0.04060
v -0.01360 0.03250 0.04340
v 0.01360 0.03250 0.04340
v 0.01360 0.03250 0.04060
v -0.01360 0.03250 0.04060
v -0.01360 0.00950 0.04060
v 0.01360 0.00950 0.04060
v 0.01360 0.00950 0.04340
v -0.01360 0.00950 0.04340
v -0.01360 0.00950 0.04340
v 0.01360 0.00950 0.04340
v 0.01360 0.03250 0.04340
v -0.01360 0.03250 0.04340
v 0.01360 0.00950 0.04060
v -0.01360 0.00950 0.04060
v -0.01360 0.03250 0.04060
v 0.01360 0.03250 0.04060
v 0.01360 0.00950 0.03620
v 0.01360 0.00950 0.03340
v 0.01360 0.03250 0.03340
v 0.01360 0.03250 0.03620
v -0.01360 0.00950 0.03340
v -0.01360 0.00950 0.03620
v -0.01360 0.03250 0.03620
v -0.01360 0.03250 0.03340
v -0.01360 0.03250 0.03620
v 0.01360 0.03250 0.03620
v 0.01360 0.03250 0.03340
v -0.01360 0.03250 0.03340
v -0.01360 0.00950 0.03340
v 0.01360 0.00950 0.03340
v 0.01360 0.00950 0.03620
v -0.01360 0.00950 0.03620
v -0.01360 0.00950 0.03620
v 0.01360 0.00950 0.03620
v 0.01360 0.03250 0.03620
v -0.01360 0.03250 0.03620
v 0.01360 0.00950 0.03340
v -0.01360 0.00950 0.03340
v -0.01360 0.03250 0.03340
v 0.01360 0.03250 0.03340
v 0.01520 0.01875 0.03500
v 0.01520 0.01875 -0.01100
v 0.01520 0.03225 -0.01100
v 0.01520 0.03225 0.03500
v 0.01120 0.01875 -0.01100
v 0.01120 0.01875 0.03500
v 0.01120 0.03225 0.03500
v 0.01120 0.03225 -0.01100
v 0.01120 0.03225 0.03500
v 0.01520 0.03225 0.03500
v 0.01520 0.03225 -0.01100
v 0.01120 0.03225 -0.01100
v 0.01120 0.01875 -0.01100
v 0.01520 0.01875 -0.01100
v 0.01520 0.01875 0.03500
v 0.01120 0.01875 0.03500
v 0.01120 0.01875 0.03500
v 0.01520 0.01875 0.03500
v 0.01520 0.03225 0.03500
v 0.01120 0.03225 0.03500
v 0.01520 0.01875 -0.01100
v 0.01120 0.01875 -0.01100
v 0.01120 0.03225 -0.01100
v 0.01520 0.03225 -0.01100
v 0.00225 0.03550 -0.09925
v 0.00225 0.03550 -0.10675
v 0.00225 0.04150 -0.10675
v 0.00225 0.04150 -0.09925
v -0.00225 0.03550 -0.10675
v -0.00225 0.03550 -0.09925
v -0.00225 0.04150 -0.09925
v -0.00225 0.04150 -0.10675
v -0.00225 0.04150 -0.09925
v 0.00225 0.04150 -0.09925
v 0.00225 0.04150 -0.10675
v -0.00225 0.04150 -0.10675
v -0.00225 0.03550 -0.10675
v 0.00225 0.03550 -0.10675
v 0.00225 0.03550 -0.09925
v -0.00225 0.03550 -0.09925
v -0.00225 0.03550 -0.09925
v 0.00225 0.03550 -0.09925
v 0.00225 0.04150 -0.09925
v -0.00225 0.04150 -0.09925
v 0.00225 0.03550 -0.10675
v -0.00225 0.03550 -0.10675
v -0.00225 0.04150 -0.10675
v 0.00225 0.04150 -0.10675
v 0.01050 0.03550 0.08575
v 0.01050 0.03550 0.07825
v 0.01050 0.04150 0.07825
v 0.01050 0.04150 0.08575
v -0.01050 0.03550 0.07825
v -0.01050 0.03550 0.08575
v -0.01050 0.04150 0.08575
v -0.01050 0.04150 0.07825
v -0.01050 0.04150 0.08575
v 0.01050 0.04150 0.08575
v 0.01050 0.04150 0.07825
v -0.01050 0.04150 0.07825
v -0.01050 0.03550 0.07825
v 0.01050 0.03550 0.07825
v 0.01050 0.03550 0.08575
v -0.01050 0.03550 0.08575
v -0.01050 0.03550 0.08575
v 0.01050 0.03550 0.08575
v 0.01050 0.04150 0.08575
v -0.01050 0.04150 0.08575
v 0.01050 0.03550 0.07825
v -0.01050 0.03550 0.07825
v -0.01050 0.04150 0.07825
v 0.01050 0.04150 0.07825
v 0.00275 0.03475 0.08600
v 0.00275 0.03475 0.07800
v 0.00275 0.04225 0.07800
v 0.00275 0.04225 0.08600
v -0.00275 0.03475 0.07800
v -0.00275 0.03475 0.08600
v -0.00275 0.04225 0.08600
v -0.00275 0.04225 0.07800
v -0.00275 0.04225 0.08600
v 0.00275 0.04225 0.08600
v 0.00275 0.04225 0.07800
v -0.00275 0.04225 0.07800
v -0.00275 0.03475 0.07800
v 0.00275 0.03475 0.07800
v 0.00275 0.03475 0.08600
v -0.00275 0.03475 0.08600
v -0.00275 0.03475 0.08600
v 0.00275 0.03475 0.08600
v 0.00275 0.04225 0.08600
v -0.00275 0.04225 0.08600
v 0.00275 0.03475 0.07800
v -0.00275 0.03475 0.07800
v -0.00275 0.04225 0.07800
v 0.00275 0.04225 0.07800
v 0.00000 0.01900 -0.11450
v 0.00000 0.01900 -0.11450
v 0.00665 0.02176 -0.11450
v 0.00720 0.01900 -0.11450
v 0.00000 0.01900 -0.11450
v 0.00000 0.01900 -0.11450
v 0.00509 0.02409 -0.11450
v 0.00665 0.02176 -0.11450
v 0.00000 0.01900 -0.11450
v 0.00000 0.01900 -0.11450
v 0.00276 0.02565 -0.11450
v 0.00509 0.02409 -0.11450
v 0.00000 0.01900 -0.11450
v 0.00000 0.01900 -0.11450
v 0.00000 0.02620 -0.11450
v 0.00276 0.02565 -0.11450
v 0.00000 0.01900 -0.11450
v 0.00000 0.01900 -0.11450
v -0.00276 0.02565 -0.11450
v 0.00000 0.02620 -0.11450
v 0.00000 0.01900 -0.11450
v 0.00000 0.01900 -0.11450
v -0.00509 0.02409 -0.11450
v -0.00276 0.02565 -0.11450
v 0.00000 0.01900 -0.11450
v 0.00000 0.01900 -0.11450
v -0.00665 0.02176 -0.11450
v -0.00509 0.02409 -0.11450
v 0.00000 0.01900 -0.11450
v 0.00000 0.01900 -0.11450
v -0.00720 0.01900 -0.11450
v -0.00665 0.02176 -0.11450
v 0.00000 0.01900 -0.11450
v 0.00000 0.01900 -0.11450
v -0.00665 0.01624 -0.11450
v -0.00720 0.01900 -0.11450
v 0.00000 0.01900 -0.11450
v 0.00000 0.01900 -0.11450
v -0.00509 0.01391 -0.11450
v -0.00665 0.01624 -0.11450
v 0.00000 0.01900 -0.11450
v 0.00000 0.01900 -0.11450
v -0.00276 0.01235 -0.11450
v -0.00509 0.01391 -0.11450
v 0.00000 0.01900 -0.11450
v 0.00000 0.01900 -0.11450
v -0.00000 0.01180 -0.11450
v -0.00276 0.01235 -0.11450
v 0.00000 0.01900 -0.11450
v 0.00000 0.01900 -0.11450
v 0.00276 0.01235 -0.11450
v -0.00000 0.01180 -0.11450
v 0.00000 0.01900 -0.11450
v 0.00000 0.01900 -0.11450
v 0.00509 0.01391 -0.11450
v 0.00276 0.01235 -0.11450
v 0.00000 0.01900 -0.11450
v 0.00000 0.01900 -0.11450
v 0.00665 0.01624 -0.11450
v 0.00509 0.01391 -0.11450
v 0.00000 0.01900 -0.11450
v 0.00000 0.01900 -0.11450
v 0.00720 0.01900 -0.11450
v 0.00665 0.01624 -0.11450
v 0.00720 0.01900 -0.11450
v 0.00665 0.02176 -0.11450
v 0.00665 0.02176 -0.11050
v 0.00720 0.01900 -0.11050
v 0.00665 0.02176 -0.11450
v 0.00509 0.02409 -0.11450
v 0.00509 0.02409 -0.11050
v 0.00665 0.02176 -0.11050
v 0.00509 0.02409 -0.11450
v 0.00276 0.02565 -0.11450
v 0.00276 0.02565 -0.11050
v 0.00509 0.02409 -0.11050
v 0.00276 0.02565 -0.11450
v 0.00000 0.02620 -0.11450
v 0.00000 0.02620 -0.11050
v 0.00276 0.02565 -0.11050
v 0.00000 0.02620 -0.11450
v -0.00276 0.02565 -0.11450
v -0.00276 0.02565 -0.11050
v 0.00000 0.02620 -0.11050
v -0.00276 0.02565 -0.11450
v -0.00509 0.02409 -0.11450
v -0.00509 0.02409 -0.11050
v -0.00276 0.02565 -0.11050
v -0.00509 0.02409 -0.11450
v -0.00665 0.02176 -0.11450
v -0.00665 0.02176 -0.11050
v -0.00509 0.02409 -0.11050
v -0.00665 0.02176 -0.11450
v -0.00720 0.01900 -0.11450
v -0.00720 0.01900 -0.11050
v -0.00665 0.02176 -0.11050
v -0.00720 0.01900 -0.11450
v -0.00665 0.01624 -0.11450
v -0.00665 0.01624 -0.11050
v -0.00720 0.01900 -0.11050
v -0.00665 0.01624 -0.11450
v -0.00509 0.01391 -0.11450
v -0.00509 0.01391 -0.11050
v -0.00665 0.01624 -0.11050
v -0.00509 0.01391 -0.11450
v -0.00276 0.01235 -0.11450
v -0.00276 0.01235 -0.11050
v -0.00509 0.01391 -0.11050
v -0.00276 0.01235 -0.11450
v -0.00000 0.01180 -0.11450
v -0.00000 0.01180 -0.11050
v -0.00276 0.01235 -0.11050
v -0.00000 0.01180 -0.11450
v 0.00276 0.01235 -0.11450
v 0.00276 0.01235 -0.11050
v -0.00000 0.01180 -0.11050
v 0.00276 0.01235 -0.11450
v 0.00509 0.01391 -0.11450
v 0.00509 0.01391 -0.11050
v 0.00276 0.01235 -0.11050
v 0.00509 0.01391 -0.11450
v 0.00665 0.01624 -0.11450
v 0.00665 0.01624 -0.11050
v 0.00509 0.01391 -0.11050
v 0.00665 0.01624 -0.11450
v 0.00720 0.01900 -0.11450
v 0.00720 0.01900 -0.11050
v 0.00665 0.01624 -0.11050
v 0.00720 0.01900 -0.11050
v 0.00665 0.02176 -0.11050
v 0.00000 0.01900 -0.11050
v 0.00000 0.01900 -0.11050
v 0.00665 0.02176 -0.11050
v 0.00509 0.02409 -0.11050
v 0.00000 0.01900 -0.11050
v 0.00000 0.01900 -0.11050
v 0.00509 0.02409 -0.11050
v 0.00276 0.02565 -0.11050
v 0.00000 0.01900 -0.11050
v 0.00000 0.01900 -0.11050
v 0.00276 0.02565 -0.11050
v 0.00000 0.02620 -0.11050
v 0.00000 0.01900 -0.11050
v 0.00000 0.01900 -0.11050
v 0.00000 0.02620 -0.11050
v -0.00276 0.02565 -0.11050
v 0.00000 0.01900 -0.11050
v 0.00000 0.01900 -0.11050
v -0.00276 0.02565 -0.11050
v -0.00509 0.02409 -0.11050
v 0.00000 0.01900 -0.11050
v 0.00000 0.01900 -0.11050
v -0.00509 0.02409 -0.11050
v -0.00665 0.02176 -0.11050
v 0.00000 0.01900 -0.11050
v 0.00000 0.01900 -0.11050
v -0.00665 0.02176 -0.11050
v -0.00720 0.01900 -0.11050
v 0.00000 0.01900 -0.11050
v 0.00000 0.01900 -0.11050
v -0.00720 0.01900 -0.11050
v -0.00665 0.01624 -0.11050
v 0.00000 0.01900 -0.11050
v 0.00000 0.01900 -0.11050
v -0.00665 0.01624 -0.11050
v -0.00509 0.01391 -0.11050
v 0.00000 0.01900 -0.11050
v 0.00000 0.01900 -0.11050
v -0.00509 0.01391 -0.11050
v -0.00276 0.01235 -0.11050
v 0.00000 0.01900 -0.11050
v 0.00000 0.01900 -0.11050
v -0.00276 0.01235 -0.11050
v -0.00000 0.01180 -0.11050
v 0.00000 0.01900 -0.11050
v 0.00000 0.01900 -0.11050
v -0.00000 0.01180 -0.11050
v 0.00276 0.01235 -0.11050
v 0.00000 0.01900 -0.11050
v 0.00000 0.01900 -0.11050
v 0.00276 0.01235 -0.11050
v 0.00509 0.01391 -0.11050
v 0.00000 0.01900 -0.11050
v 0.00000 0.01900 -0.11050
v 0.00509 0.01391 -0.11050
v 0.00665 0.01624 -0.11050
v 0.00000 0.01900 -0.11050
v 0.00000 0.01900 -0.11050
v 0.00665 0.01624 -0.11050
v 0.00720 0.01900 -0.11050
v 0.00000 0.01900 -0.11050
v 0.00000 0.01900 -0.11050
v 0.00000 0.01900 -0.11600
v 0.00000 0.01900 -0.11600
v 0.00405 0.02095 -0.11600
v 0.00450 0.01900 -0.11600
v 0.00000 0.01900 -0.11600
v 0.00000 0.01900 -0.11600
v 0.00281 0.02252 -0.11600
v 0.00405 0.02095 -0.11600
v 0.00000 0.01900 -0.11600
v 0.00000 0.01900 -0.11600
v 0.00100 0.02339 -0.11600
v 0.00281 0.02252 -0.11600
v 0.00000 0.01900 -0.11600
v 0.00000 0.01900 -0.11600
v -0.00100 0.02339 -0.11600
v 0.00100 0.02339 -0.11600
v 0.00000 0.01900 -0.11600
v 0.00000 0.01900 -0.11600
v -0.00281 0.02252 -0.11600
v -0.00100 0.02339 -0.11600
v 0.00000 0.01900 -0.11600
v 0.00000 0.01900 -0.11600
v -0.00405 0.02095 -0.11600
v -0.00281 0.02252 -0.11600
v 0.00000 0.01900 -0.11600
v 0.00000 0.01900 -0.11600
v -0.00450 0.01900 -0.11600
v -0.00405 0.02095 -0.11600
v 0.00000 0.01900 -0.11600
v 0.00000 0.01900 -0.11600
v -0.00405 0.01705 -0.11600
v -0.00450 0.01900 -0.11600
v 0.00000 0.01900 -0.11600
v 0.00000 0.01900 -0.11600
v -0.00281 0.01548 -0.11600
v -0.00405 0.01705 -0.11600
v 0.00000 0.01900 -0.11600
v 0.00000 0.01900 -0.11600
v -0.00100 0.01461 -0.11600
v -0.00281 0.01548 -0.11600
v 0.00000 0.01900 -0.11600
v 0.00000 0.01900 -0.11600
v 0.00100 0.01461 -0.11600
v -0.00100 0.01461 -0.11600
v 0.00000 0.01900 -0.11600
v 0.00000 0.01900 -0.11600
v 0.00281 0.01548 -0.11600
v 0.00100 0.01461 -0.11600
v 0.00000 0.01900 -0.11600
v 0.00000 0.01900 -0.11600
v 0.00405 0.01705 -0.11600
v 0.00281 0.01548 -0.11600
v 0.00000 0.01900 -0.11600
v 0.00000 0.01900 -0.11600
v 0.00450 0.01900 -0.11600
v 0.00405 0.01705 -0.11600
v 0.00450 0.01900 -0.11600
v 0.00405 0.02095 -0.11600
v 0.00405 0.02095 -0.09400
v 0.00450 0.01900 -0.09400
v 0.00405 0.02095 -0.11600
v 0.00281 0.02252 -0.11600
v 0.00281 0.02252 -0.09400
v 0.00405 0.02095 -0.09400
v 0.00281 0.02252 -0.11600
v 0.00100 0.02339 -0.11600
v 0.00100 0.02339 -0.09400
v 0.00281 0.02252 -0.09400
v 0.00100 0.02339 -0.11600
v -0.00100 0.02339 -0.11600
v -0.00100 0.02339 -0.09400
v 0.00100 0.02339 -0.09400
v -0.00100 0.02339 -0.11600
v -0.00281 0.02252 -0.11600
v -0.00281 0.02252 -0.09400
v -0.00100 0.02339 -0.09400
v -0.00281 0.02252 -0.11600
v -0.00405 0.02095 -0.11600
v -0.00405 0.02095 -0.09400
v -0.00281 0.02252 -0.09400
v -0.00405 0.02095 -0.11600
v -0.00450 0.01900 -0.11600
v -0.00450 0.01900 -0.09400
v -0.00405 0.02095 -0.09400
v -0.00450 0.01900 -0.11600
v -0.00405 0.01705 -0.11600
v -0.00405 0.01705 -0.09400
v -0.00450 0.01900 -0.09400
v -0.00405 0.01705 -0.11600
v -0.00281 0.01548 -0.11600
v -0.00281 0.01548 -0.09400
v -0.00405 0.01705 -0.09400
v -0.00281 0.01548 -0.11600
v -0.00100 0.01461 -0.11600
v -0.00100 0.01461 -0.09400
v -0.00281 0.01548 -0.09400
v -0.00100 0.01461 -0.11600
v 0.00100 0.01461 -0.11600
v 0.00100 0.01461 -0.09400
v -0.00100 0.01461 -0.09400
v 0.00100 0.01461 -0.11600
v 0.00281 0.01548 -0.11600
v 0.00281 0.01548 -0.09400
v 0.00100 0.01461 -0.09400
v 0.00281 0.01548 -0.11600
v 0.00405 0.01705 -0.11600
v 0.00405 0.01705 -0.09400
v 0.00281 0.01548 -0.09400
v 0.00405 0.01705 -0.11600
v 0.00450 0.01900 -0.11600
v 0.00450 0.01900 -0.09400
v 0.00405 0.01705 -0.09400
v 0.00000 0.00680 -0.11450
v 0.00000 0.00680 -0.11450
v 0.00476 0.00955 -0.11450
v 0.00550 0.00680 -0.11450
v 0.00000 0.00680 -0.11450
v 0.00000 0.00680 -0.11450
v 0.00275 0.01156 -0.11450
v 0.00476 0.00955 -0.11450
v 0.00000 0.00680 -0.11450
v 0.00000 0.00680 -0.11450
v 0.00000 0.01230 -0.11450
v 0.00275 0.01156 -0.11450
v 0.00000 0.00680 -0.11450
v 0.00000 0.00680 -0.11450
v -0.00275 0.01156 -0.11450
v 0.00000 0.01230 -0.11450
v 0.00000 0.00680 -0.11450
v 0.00000 0.00680 -0.11450
v -0.00476 0.00955 -0.11450
v -0.00275 0.01156 -0.11450
v 0.00000 0.00680 -0.11450
v 0.00000 0.00680 -0.11450
v -0.00550 0.00680 -0.11450
v -0.00476 0.00955 -0.11450
v 0.00000 0.00680 -0.11450
v 0.00000 0.00680 -0.11450
v -0.00476 0.00405 -0.11450
v -0.00550 0.00680 -0.11450
v 0.00000 0.00680 -0.11450
v 0.00000 0.00680 -0.11450
v -0.00275 0.00204 -0.11450
v -0.00476 0.00405 -0.11450
v 0.00000 0.00680 -0.11450
v 0.00000 0.00680 -0.11450
v -0.00000 0.00130 -0.11450
v -0.00275 0.00204 -0.11450
v 0.00000 0.00680 -0.11450
v 0.00000 0.00680 -0.11450
v 0.00275 0.00204 -0.11450
v -0.00000 0.00130 -0.11450
v 0.00000 0.00680 -0.11450
v 0.00000 0.00680 -0.11450
v 0.00476 0.00405 -0.11450
v 0.00275 0.00204 -0.11450
v 0.00000 0.00680 -0.11450
v 0.00000 0.00680 -0.11450
v 0.00550 0.00680 -0.11450
v 0.00476 0.00405 -0.11450
v 0.00550 0.00680 -0.11450
v 0.00476 0.00955 -0.11450
v 0.00476 0.00955 -0.10850
v 0.00550 0.00680 -0.10850
v 0.00476 0.00955 -0.11450
v 0.00275 0.01156 -0.11450
v 0.00275 0.01156 -0.10850
v 0.00476 0.00955 -0.10850
v 0.00275 0.01156 -0.11450
v 0.00000 0.01230 -0.11450
v 0.00000 0.01230 -0.10850
v 0.00275 0.01156 -0.10850
v 0.00000 0.01230 -0.11450
v -0.00275 0.01156 -0.11450
v -0.00275 0.01156 -0.10850
v 0.00000 0.01230 -0.10850
v -0.00275 0.01156 -0.11450
v -0.00476 0.00955 -0.11450
v -0.00476 0.00955 -0.10850
v -0.00275 0.01156 -0.10850
v -0.00476 0.00955 -0.11450
v -0.00550 0.00680 -0.11450
v -0.00550 0.00680 -0.10850
v -0.00476 0.00955 -0.10850
v -0.00550 0.00680 -0.11450
v -0.00476 0.00405 -0.11450
v -0.00476 0.00405 -0.10850
v -0.00550 0.00680 -0.10850
v -0.00476 0.00405 -0.11450
v -0.00275 0.00204 -0.11450
v -0.00275 0.00204 -0.10850
v -0.00476 0.00405 -0.10850
v -0.00275 0.00204 -0.11450
v -0.00000 0.00130 -0.11450
v -0.00000 0.00130 -0.10850
v -0.00275 0.00204 -0.10850
v -0.00000 0.00130 -0.11450
v 0.00275 0.00204 -0.11450
v 0.00275 0.00204 -0.10850
v -0.00000 0.00130 -0.10850
v 0.00275 0.00204 -0.11450
v 0.00476 0.00405 -0.11450
v 0.00476 0.00405 -0.10850
v 0.00275 0.00204 -0.10850
v 0.00476 0.00405 -0.11450
v 0.00550 0.00680 -0.11450
v 0.00550 0.00680 -0.10850
v 0.00476 0.00405 -0.10850
v 0.00550 0.00680 -0.10850
v 0.00476 0.00955 -0.10850
v 0.00000 0.00680 -0.10850
v 0.00000 0.00680 -0.10850
v 0.00476 0.00955 -0.10850
v 0.00275 0.01156 -0.10850
v 0.00000 0.00680 -0.10850
v 0.00000 0.00680 -0.10850
v 0.00275 0.01156 -0.10850
v 0.00000 0.01230 -0.10850
v 0.00000 0.00680 -0.10850
v 0.00000 0.00680 -0.10850
v 0.00000 0.01230 -0.10850
v -0.00275 0.01156 -0.10850
v 0.00000 0.00680 -0.10850
v 0.00000 0.00680 -0.10850
v -0.00275 0.01156 -0.10850
v -0.00476 0.00955 -0.10850
v 0.00000 0.00680 -0.10850
v 0.00000 0.00680 -0.10850
v -0.00476 0.00955 -0.10850
v -0.00550 0.00680 -0.10850
v 0.00000 0.00680 -0.10850
v 0.00000 0.00680 -0.10850
v -0.00550 0.00680 -0.10850
v -0.00476 0.00405 -0.10850
v 0.00000 0.00680 -0.10850
v 0.00000 0.00680 -0.10850
v -0.00476 0.00405 -0.10850
v -0.00275 0.00204 -0.10850
v 0.00000 0.00680 -0.10850
v 0.00000 0.00680 -0.10850
v -0.00275 0.00204 -0.10850
v -0.00000 0.00130 -0.10850
v 0.00000 0.00680 -0.10850
v 0.00000 0.00680 -0.10850
v -0.00000 0.00130 -0.10850
v 0.00275 0.00204 -0.10850
v 0.00000 0.00680 -0.10850
v 0.00000 0.00680 -0.10850
v 0.00275 0.00204 -0.10850
v 0.00476 0.00405 -0.10850
v 0.00000 0.00680 -0.10850
v 0.00000 0.00680 -0.10850
v 0.00476 0.00405 -0.10850
v 0.00550 0.00680 -0.10850
v 0.00000 0.00680 -0.10850
v 0.00000 0.00680 -0.10850
v 0.01075 -0.00125 -0.09250
v 0.01075 0.00825 -0.09250
v 0.01075 0.00825 0.05150
v 0.01075 -0.00125 0.05150
v -0.01075 -0.00125 0.05150
v -0.01075 0.00825 0.05150
v -0.01075 0.00825 -0.09250
v -0.01075 -0.00125 -0.09250
v -0.00875 0.01025 0.05150
v 0.00875 0.01025 0.05150
v 0.00875 0.01025 -0.09250
v -0.00875 0.01025 -0.09250
v -0.00875 -0.00325 -0.09250
v 0.00875 -0.00325 -0.09250
v 0.00875 -0.00325 0.05150
v -0.00875 -0.00325 0.05150
v -0.00875 -0.00125 0.05350
v 0.00875 -0.00125 0.05350
v 0.00875 0.00825 0.05350
v -0.00875 0.00825 0.05350
v -0.00875 0.00825 -0.09450
v 0.00875 0.00825 -0.09450
v 0.00875 -0.00125 -0.09450
v -0.00875 -0.00125 -0.09450
v -0.01075 -0.00325 -0.09250
v 0.01075 -0.00325 -0.09250
v 0.01075 -0.00125 -0.09450
v -0.01075 -0.00125 -0.09450
v -0.01075 -0.00325 0.05150
v 0.01075 -0.00325 0.05150
v 0.01075 -0.00125 0.05350
v -0.01075 -0.00125 0.05350
v -0.01075 0.01025 -0.09250
v 0.01075 0.01025 -0.09250
v 0.01075 0.00825 -0.09450
v -0.01075 0.00825 -0.09450
v -0.01075 0.01025 0.05150
v 0.01075 0.01025 0.05150
v 0.01075 0.00825 0.05350
v -0.01075 0.00825 0.05350
v -0.01075 -0.00325 -0.09250
v -0.01075 0.01025 -0.09250
v -0.00875 0.01025 -0.09450
v -0.00875 -0.00325 -0.09450
v -0.01075 -0.00325 0.05150
v -0.01075 0.01025 0.05150
v -0.00875 0.01025 0.05350
v -0.00875 -0.00325 0.05350
v 0.01075 -0.00325 -0.09250
v 0.01075 0.01025 -0.09250
v 0.00875 0.01025 -0.09450
v 0.00875 -0.00325 -0.09450
v 0.01075 -0.00325 0.05150
v 0.01075 0.01025 0.05150
v 0.00875 0.01025 0.05350
v 0.00875 -0.00325 0.05350
v -0.01075 -0.00125 -0.09450
v -0.01075 -0.00125 0.05350
v -0.00875 -0.00325 0.05350
v -0.00875 -0.00325 -0.09450
v -0.01075 0.00825 -0.09450
v -0.01075 0.00825 0.05350
v -0.00875 0.01025 0.05350
v -0.00875 0.01025 -0.09450
v 0.01075 -0.00125 -0.09450
v 0.01075 -0.00125 0.05350
v 0.00875 -0.00325 0.05350
v 0.00875 -0.00325 -0.09450
v 0.01075 0.00825 -0.09450
v 0.01075 0.00825 0.05350
v 0.00875 0.01025 0.05350
v 0.00875 0.01025 -0.09450
v -0.01075 -0.00125 -0.09250
v -0.00875 -0.00325 -0.09250
v -0.00875 -0.00125 -0.09450
v -0.01075 -0.00125 0.05150
v -0.00875 -0.00325 0.05150
v -0.00875 -0.00125 0.05350
v -0.01075 0.00825 -0.09250
v -0.00875 0.01025 -0.09250
v -0.00875 0.00825 -0.09450
v -0.01075 0.00825 0.05150
v -0.00875 0.01025 0.05150
v -0.00875 0.00825 0.05350
v 0.01075 -0.00125 -0.09250
v 0.00875 -0.00325 -0.09250
v 0.00875 -0.00125 -0.09450
v 0.01075 -0.00125 0.05150
v 0.00875 -0.00325 0.05150
v 0.00875 -0.00125 0.05350
v 0.01075 0.00825 -0.09250
v 0.00875 0.01025 -0.09250
v 0.00875 0.00825 -0.09450
v 0.01075 0.00825 0.05150
v 0.00875 0.01025 0.05150
v 0.00875 0.00825 0.05350
v 0.00900 -0.00495 -0.08400
v 0.00900 -0.00495 -0.09000
v 0.00900 -0.00145 -0.09000
v 0.00900 -0.00145 -0.08400
v -0.00900 -0.00495 -0.09000
v -0.00900 -0.00495 -0.08400
v -0.00900 -0.00145 -0.08400
v -0.00900 -0.00145 -0.09000
v -0.00900 -0.00145 -0.08400
v 0.00900 -0.00145 -0.08400
v 0.00900 -0.00145 -0.09000
v -0.00900 -0.00145 -0.09000
v -0.00900 -0.00495 -0.09000
v 0.00900 -0.00495 -0.09000
v 0.00900 -0.00495 -0.08400
v -0.00900 -0.00495 -0.08400
v -0.00900 -0.00495 -0.08400
v 0.00900 -0.00495 -0.08400
v 0.00900 -0.00145 -0.08400
v -0.00900 -0.00145 -0.08400
v 0.00900 -0.00495 -0.09000
v -0.00900 -0.00495 -0.09000
v -0.00900 -0.00145 -0.09000
v 0.00900 -0.00145 -0.09000
v 0.00900 -0.00495 -0.07000
v 0.00900 -0.00495 -0.07600
v 0.00900 -0.00145 -0.07600
v 0.00900 -0.00145 -0.07000
v -0.00900 -0.00495 -0.07600
v -0.00900 -0.00495 -0.07000
v -0.00900 -0.00145 -0.07000
v -0.00900 -0.00145 -0.07600
v -0.00900 -0.00145 -0.07000
v 0.00900 -0.00145 -0.07000
v 0.00900 -0.00145 -0.07600
v -0.00900 -0.00145 -0.07600
v -0.00900 -0.00495 -0.07600
v 0.00900 -0.00495 -0.07600
v 0.00900 -0.00495 -0.07000
v -0.00900 -0.00495 -0.07000
v -0.00900 -0.00495 -0.07000
v 0.00900 -0.00495 -0.07000
v 0.00900 -0.00145 -0.07000
v -0.00900 -0.00145 -0.07000
v 0.00900 -0.00495 -0.07600
v -0.00900 -0.00495 -0.07600
v -0.00900 -0.00145 -0.07600
v 0.00900 -0.00145 -0.07600
v 0.00900 -0.00495 -0.05600
v 0.00900 -0.00495 -0.06200
v 0.00900 -0.00145 -0.06200
v 0.00900 -0.00145 -0.05600
v -0.00900 -0.00495 -0.06200
v -0.00900 -0.00495 -0.05600
v -0.00900 -0.00145 -0.05600
v -0.00900 -0.00145 -0.06200
v -0.00900 -0.00145 -0.05600
v 0.00900 -0.00145 -0.05600
v 0.00900 -0.00145 -0.06200
v -0.00900 -0.00145 -0.06200
v -0.00900 -0.00495 -0.06200
v 0.00900 -0.00495 -0.06200
v 0.00900 -0.00495 -0.05600
v -0.00900 -0.00495 -0.05600
v -0.00900 -0.00495 -0.05600
v 0.00900 -0.00495 -0.05600
v 0.00900 -0.00145 -0.05600
v -0.00900 -0.00145 -0.05600
v 0.00900 -0.00495 -0.06200
v -0.00900 -0.00495 -0.06200
v -0.00900 -0.00145 -0.06200
v 0.00900 -0.00145 -0.06200
v -0.00400 -0.00065 0.03671
v -0.00400 -0.00735 0.02329
v -0.00400 -0.02077 0.03021
v -0.00400 -0.01123 0.04179
v -0.00400 -0.00735 0.02329
v 0.00400 -0.00735 0.02329
v 0.00400 -0.02077 0.03021
v -0.00400 -0.02077 0.03021
v 0.00400 -0.00735 0.02329
v 0.00400 -0.00065 0.03671
v 0.00400 -0.01123 0.04179
v 0.00400 -0.02077 0.03021
v 0.00400 -0.00065 0.03671
v -0.00400 -0.00065 0.03671
v -0.00400 -0.01123 0.04179
v 0.00400 -0.01123 0.04179
v -0.00400 -0.01123 0.04179
v -0.00400 -0.02077 0.03021
v -0.00400 -0.03310 0.04658
v -0.00400 -0.01890 0.05142
v -0.00400 -0.02077 0.03021
v 0.00400 -0.02077 0.03021
v 0.00400 -0.03310 0.04658
v -0.00400 -0.03310 0.04658
v 0.00400 -0.02077 0.03021
v 0.00400 -0.01123 0.04179
v 0.00400 -0.01890 0.05142
v 0.00400 -0.03310 0.04658
v 0.00400 -0.01123 0.04179
v -0.00400 -0.01123 0.04179
v -0.00400 -0.01890 0.05142
v 0.00400 -0.01890 0.05142
v -0.00400 -0.01890 0.05142
v -0.00400 -0.03310 0.04658
v -0.00400 -0.03301 0.06867
v -0.00400 -0.01899 0.06333
v -0.00400 -0.03310 0.04658
v 0.00400 -0.03310 0.04658
v 0.00400 -0.03301 0.06867
v -0.00400 -0.03301 0.06867
v 0.00400 -0.03310 0.04658
v 0.00400 -0.01890 0.05142
v 0.00400 -0.01899 0.06333
v 0.00400 -0.03301 0.06867
v 0.00400 -0.01890 0.05142
v -0.00400 -0.01890 0.05142
v -0.00400 -0.01899 0.06333
v 0.00400 -0.01899 0.06333
v -0.00400 -0.01899 0.06333
v -0.00400 -0.03301 0.06867
v -0.00400 -0.02361 0.07998
v -0.00400 -0.01239 0.07002
v -0.00400 -0.03301 0.06867
v 0.00400 -0.03301 0.06867
v 0.00400 -0.02361 0.07998
v -0.00400 -0.02361 0.07998
v 0.00400 -0.03301 0.06867
v 0.00400 -0.01899 0.06333
v 0.00400 -0.01239 0.07002
v 0.00400 -0.02361 0.07998
v 0.00400 -0.01899 0.06333
v -0.00400 -0.01899 0.06333
v -0.00400 -0.01239 0.07002
v 0.00400 -0.01239 0.07002
v 0.00400 -0.00065 0.03671
v 0.00400 -0.00735 0.02329
v -0.00400 -0.00735 0.02329
v -0.00400 -0.00065 0.03671
v -0.00400 -0.01239 0.07002
v -0.00400 -0.02361 0.07998
v 0.00400 -0.02361 0.07998
v 0.00400 -0.01239 0.07002
v -0.00350 -0.00344 0.06547
v -0.00350 -0.00456 0.05653
v -0.00350 -0.01112 0.05759
v -0.00350 -0.01288 0.06641
v -0.00350 -0.00456 0.05653
v 0.00350 -0.00456 0.05653
v 0.00350 -0.01112 0.05759
v -0.00350 -0.01112 0.05759
v 0.00350 -0.00456 0.05653
v 0.00350 -0.00344 0.06547
v 0.00350 -0.01288 0.06641
v 0.00350 -0.01112 0.05759
v 0.00350 -0.00344 0.06547
v -0.00350 -0.00344 0.06547
v -0.00350 -0.01288 0.06641
v 0.00350 -0.01288 0.06641
v -0.00350 -0.01288 0.06641
v -0.00350 -0.01112 0.05759
v -0.00350 -0.01677 0.05409
v -0.00350 -0.02123 0.06191
v -0.00350 -0.01112 0.05759
v 0.00350 -0.01112 0.05759
v 0.00350 -0.01677 0.05409
v -0.00350 -0.01677 0.05409
v 0.00350 -0.01112 0.05759
v 0.00350 -0.01288 0.06641
v 0.00350 -0.02123 0.06191
v 0.00350 -0.01677 0.05409
v 0.00350 -0.01288 0.06641
v -0.00350 -0.01288 0.06641
v -0.00350 -0.02123 0.06191
v 0.00350 -0.02123 0.06191
v 0.00350 -0.00344 0.06547
v 0.00350 -0.00456 0.05653
v -0.00350 -0.00456 0.05653
v -0.00350 -0.00344 0.06547
v -0.00350 -0.02123 0.06191
v -0.00350 -0.01677 0.05409
v 0.00350 -0.01677 0.05409
v 0.00350 -0.02123 0.06191
v 0.00375 0.01300 0.10050
v 0.00375 0.01300 0.09150
v 0.00375 0.03600 0.09150
v 0.00375 0.03600 0.10050
v -0.00375 0.01300 0.09150
v -0.00375 0.01300 0.10050
v -0.00375 0.03600 0.10050
v -0.00375 0.03600 0.09150
v -0.00375 0.03600 0.10050
v 0.00375 0.03600 0.10050
v 0.00375 0.03600 0.09150
v -0.00375 0.03600 0.09150
v -0.00375 0.01300 0.09150
v 0.00375 0.01300 0.09150
v 0.00375 0.01300 0.10050
v -0.00375 0.01300 0.10050
v -0.00375 0.01300 0.10050
v 0.00375 0.01300 0.10050
v 0.00375 0.03600 0.10050
v -0.00375 0.03600 0.10050
v 0.00375 0.01300 0.09150
v -0.00375 0.01300 0.09150
v -0.00375 0.03600 0.09150
v 0.00375 0.03600 0.09150
v 0.01050 0.00000 0.09950
v 0.01050 0.00000 0.08850
v 0.01050 0.01600 0.08850
v 0.01050 0.01600 0.09950
v -0.01050 0.00000 0.08850
v -0.01050 0.00000 0.09950
v -0.01050 0.01600 0.09950
v -0.01050 0.01600 0.08850
v -0.01050 0.01600 0.09950
v 0.01050 0.01600 0.09950
v 0.01050 0.01600 0.08850
v -0.01050 0.01600 0.08850
v -0.01050 0.00000 0.08850
v 0.01050 0.00000 0.08850
v 0.01050 0.00000 0.09950
v -0.01050 0.00000 0.09950
v -0.01050 0.00000 0.09950
v 0.01050 0.00000 0.09950
v 0.01050 0.01600 0.09950
v -0.01050 0.01600 0.09950
v 0.01050 0.00000 0.08850
v -0.01050 0.00000 0.08850
v -0.01050 0.01600 0.08850
v 0.01050 0.01600 0.08850
v 0.01161 -0.10850 0.11033
v 0.01161 -0.10850 0.05833
v 0.01161 -0.09506 0.05833
v 0.01161 -0.09506 0.11033
v -0.01161 -0.10850 0.05833
v -0.01161 -0.10850 0.11033
v -0.01161 -0.09506 0.11033
v -0.01161 -0.09506 0.05833
v -0.01161 -0.09506 0.11033
v 0.01161 -0.09506 0.11033
v 0.01161 -0.09506 0.05833
v -0.01161 -0.09506 0.05833
v -0.01161 -0.10850 0.05833
v 0.01161 -0.10850 0.05833
v 0.01161 -0.10850 0.11033
v -0.01161 -0.10850 0.11033
v -0.01161 -0.10850 0.11033
v 0.01161 -0.10850 0.11033
v 0.01161 -0.09506 0.11033
v -0.01161 -0.09506 0.11033
v 0.01161 -0.10850 0.05833
v -0.01161 -0.10850 0.05833
v -0.01161 -0.09506 0.05833
v 0.01161 -0.09506 0.05833
v 0.01172 -0.09606 0.10700
v 0.01172 -0.09606 0.05500
v 0.01172 -0.08261 0.05500
v 0.01172 -0.08261 0.10700
v -0.01172 -0.09606 0.05500
v -0.01172 -0.09606 0.10700
v -0.01172 -0.08261 0.10700
v -0.01172 -0.08261 0.05500
v -0.01172 -0.08261 0.10700
v 0.01172 -0.08261 0.10700
v 0.01172 -0.08261 0.05500
v -0.01172 -0.08261 0.05500
v -0.01172 -0.09606 0.05500
v 0.01172 -0.09606 0.05500
v 0.01172 -0.09606 0.10700
v -0.01172 -0.09606 0.10700
v -0.01172 -0.09606 0.10700
v 0.01172 -0.09606 0.10700
v 0.01172 -0.08261 0.10700
v -0.01172 -0.08261 0.10700
v 0.01172 -0.09606 0.05500
v -0.01172 -0.09606 0.05500
v -0.01172 -0.08261 0.05500
v 0.01172 -0.08261 0.05500
v 0.01183 -0.08361 0.10367
v 0.01183 -0.08361 0.05167
v 0.01183 -0.07017 0.05167
v 0.01183 -0.07017 0.10367
v -0.01183 -0.08361 0.05167
v -0.01183 -0.08361 0.10367
v -0.01183 -0.07017 0.10367
v -0.01183 -0.07017 0.05167
v -0.01183 -0.07017 0.10367
v 0.01183 -0.07017 0.10367
v 0.01183 -0.07017 0.05167
v -0.01183 -0.07017 0.05167
v -0.01183 -0.08361 0.05167
v 0.01183 -0.08361 0.05167
v 0.01183 -0.08361 0.10367
v -0.01183 -0.08361 0.10367
v -0.01183 -0.08361 0.10367
v 0.01183 -0.08361 0.10367
v 0.01183 -0.07017 0.10367
v -0.01183 -0.07017 0.10367
v 0.01183 -0.08361 0.05167
v -0.01183 -0.08361 0.05167
v -0.01183 -0.07017 0.05167
v 0.01183 -0.07017 0.05167
v 0.01194 -0.07117 0.10033
v 0.01194 -0.07117 0.04833
v 0.01194 -0.05772 0.04833
v 0.01194 -0.05772 0.10033
v -0.01194 -0.07117 0.04833
v -0.01194 -0.07117 0.10033
v -0.01194 -0.05772 0.10033
v -0.01194 -0.05772 0.04833
v -0.01194 -0.05772 0.10033
v 0.01194 -0.05772 0.10033
v 0.01194 -0.05772 0.04833
v -0.01194 -0.05772 0.04833
v -0.01194 -0.07117 0.04833
v 0.01194 -0.07117 0.04833
v 0.01194 -0.07117 0.10033
v -0.01194 -0.07117 0.10033
v -0.01194 -0.07117 0.10033
v 0.01194 -0.07117 0.10033
v 0.01194 -0.05772 0.10033
v -0.01194 -0.05772 0.10033
v 0.01194 -0.07117 0.04833
v -0.01194 -0.07117 0.04833
v -0.01194 -0.05772 0.04833
v 0.01194 -0.05772 0.04833
v 0.01206 -0.05872 0.09700
v 0.01206 -0.05872 0.04500
v 0.01206 -0.04528 0.04500
v 0.01206 -0.04528 0.09700
v -0.01206 -0.05872 0.04500
v -0.01206 -0.05872 0.09700
v -0.01206 -0.04528 0.09700
v -0.01206 -0.04528 0.04500
v -0.01206 -0.04528 0.09700
v 0.01206 -0.04528 0.09700
v 0.01206 -0.04528 0.04500
v -0.01206 -0.04528 0.04500
v -0.01206 -0.05872 0.04500
v 0.01206 -0.05872 0.04500
v 0.01206 -0.05872 0.09700
v -0.01206 -0.05872 0.09700
v -0.01206 -0.05872 0.09700
v 0.01206 -0.05872 0.09700
v 0.01206 -0.04528 0.09700
v -0.01206 -0.04528 0.09700
v 0.01206 -0.05872 0.04500
v -0.01206 -0.05872 0.04500
v -0.01206 -0.04528 0.04500
v 0.01206 -0.04528 0.04500
v 0.01217 -0.04628 0.09367
v 0.01217 -0.04628 0.04167
v 0.01217 -0.03283 0.04167
v 0.01217 -0.03283 0.09367
v -0.01217 -0.04628 0.04167
v -0.01217 -0.04628 0.09367
v -0.01217 -0.03283 0.09367
v -0.01217 -0.03283 0.04167
v -0.01217 -0.03283 0.09367
v 0.01217 -0.03283 0.09367
v 0.01217 -0.03283 0.04167
v -0.01217 -0.03283 0.04167
v -0.01217 -0.04628 0.04167
v 0.01217 -0.04628 0.04167
v 0.01217 -0.04628 0.09367
v -0.01217 -0.04628 0.09367
v -0.01217 -0.04628 0.09367
v 0.01217 -0.04628 0.09367
v 0.01217 -0.03283 0.09367
v -0.01217 -0.03283 0.09367
v 0.01217 -0.04628 0.04167
v -0.01217 -0.04628 0.04167
v -0.01217 -0.03283 0.04167
v 0.01217 -0.03283 0.04167
v 0.01228 -0.03383 0.09033
v 0.01228 -0.03383 0.03833
v 0.01228 -0.02039 0.03833
v 0.01228 -0.02039 0.09033
v -0.01228 -0.03383 0.03833
v -0.01228 -0.03383 0.09033
v -0.01228 -0.02039 0.09033
v -0.01228 -0.02039 0.03833
v -0.01228 -0.02039 0.09033
v 0.01228 -0.02039 0.09033
v 0.01228 -0.02039 0.03833
v -0.01228 -0.02039 0.03833
v -0.01228 -0.03383 0.03833
v 0.01228 -0.03383 0.03833
v 0.01228 -0.03383 0.09033
v -0.01228 -0.03383 0.09033
v -0.01228 -0.03383 0.09033
v 0.01228 -0.03383 0.09033
v 0.01228 -0.02039 0.09033
v -0.01228 -0.02039 0.09033
v 0.01228 -0.03383 0.03833
v -0.01228 -0.03383 0.03833
v -0.01228 -0.02039 0.03833
v 0.01228 -0.02039 0.03833
v 0.01239 -0.02139 0.08700
v 0.01239 -0.02139 0.03500
v 0.01239 -0.00794 0.03500
v 0.01239 -0.00794 0.08700
v -0.01239 -0.02139 0.03500
v -0.01239 -0.02139 0.08700
v -0.01239 -0.00794 0.08700
v -0.01239 -0.00794 0.03500
v -0.01239 -0.00794 0.08700
v 0.01239 -0.00794 0.08700
v 0.01239 -0.00794 0.03500
v -0.01239 -0.00794 0.03500
v -0.01239 -0.02139 0.03500
v 0.01239 -0.02139 0.03500
v 0.01239 -0.02139 0.08700
v -0.01239 -0.02139 0.08700
v -0.01239 -0.02139 0.08700
v 0.01239 -0.02139 0.08700
v 0.01239 -0.00794 0.08700
v -0.01239 -0.00794 0.08700
v 0.01239 -0.02139 0.03500
v -0.01239 -0.02139 0.03500
v -0.01239 -0.00794 0.03500
v 0.01239 -0.00794 0.03500
v 0.01250 -0.00894 0.08367
v 0.01250 -0.00894 0.03167
v 0.01250 0.00450 0.03167
v 0.01250 0.00450 0.08367
v -0.01250 -0.00894 0.03167
v -0.01250 -0.00894 0.08367
v -0.01250 0.00450 0.08367
v -0.01250 0.00450 0.03167
v -0.01250 0.00450 0.08367
v 0.01250 0.00450 0.08367
v 0.01250 0.00450 0.03167
v -0.01250 0.00450 0.03167
v -0.01250 -0.00894 0.03167
v 0.01250 -0.00894 0.03167
v 0.01250 -0.00894 0.08367
v -0.01250 -0.00894 0.08367
v -0.01250 -0.00894 0.08367
v 0.01250 -0.00894 0.08367
v 0.01250 0.00450 0.08367
v -0.01250 0.00450 0.08367
v 0.01250 -0.00894 0.03167
v -0.01250 -0.00894 0.03167
v -0.01250 0.00450 0.03167
v 0.01250 0.00450 0.03167
v -0.01120 -0.10250 0.10800
v -0.01120 -0.10250 0.06400
v -0.01120 -0.09350 0.06400
v -0.01120 -0.09350 0.10800
v -0.01440 -0.10250 0.06400
v -0.01440 -0.10250 0.10800
v -0.01440 -0.09350 0.10800
v -0.01440 -0.09350 0.06400
v -0.01440 -0.09350 0.10800
v -0.01120 -0.09350 0.10800
v -0.01120 -0.09350 0.06400
v -0.01440 -0.09350 0.06400
v -0.01440 -0.10250 0.06400
v -0.01120 -0.10250 0.06400
v -0.01120 -0.10250 0.10800
v -0.01440 -0.10250 0.10800
v -0.01440 -0.10250 0.10800
v -0.01120 -0.10250 0.10800
v -0.01120 -0.09350 0.10800
v -0.01440 -0.09350 0.10800
v -0.01120 -0.10250 0.06400
v -0.01440 -0.10250 0.06400
v -0.01440 -0.09350 0.06400
v -0.01120 -0.09350 0.06400
v -0.01120 -0.09075 0.10425
v -0.01120 -0.09075 0.06025
v -0.01120 -0.08175 0.06025
v -0.01120 -0.08175 0.10425
v -0.01440 -0.09075 0.06025
v -0.01440 -0.09075 0.10425
v -0.01440 -0.08175 0.10425
v -0.01440 -0.08175 0.06025
v -0.01440 -0.08175 0.10425
v -0.01120 -0.08175 0.10425
v -0.01120 -0.08175 0.06025
v -0.01440 -0.08175 0.06025
v -0.01440 -0.09075 0.06025
v -0.01120 -0.09075 0.06025
v -0.01120 -0.09075 0.10425
v -0.01440 -0.09075 0.10425
v -0.01440 -0.09075 0.10425
v -0.01120 -0.09075 0.10425
v -0.01120 -0.08175 0.10425
v -0.01440 -0.08175 0.10425
v -0.01120 -0.09075 0.06025
v -0.01440 -0.09075 0.06025
v -0.01440 -0.08175 0.06025
v -0.01120 -0.08175 0.06025
v -0.01120 -0.07900 0.10050
v -0.01120 -0.07900 0.05650
v -0.01120 -0.07000 0.05650
v -0.01120 -0.07000 0.10050
v -0.01440 -0.07900 0.05650
v -0.01440 -0.07900 0.10050
v -0.01440 -0.07000 0.10050
v -0.01440 -0.07000 0.05650
v -0.01440 -0.07000 0.10050
v -0.01120 -0.07000 0.10050
v -0.01120 -0.07000 0.05650
v -0.01440 -0.07000 0.05650
v -0.01440 -0.07900 0.05650
v -0.01120 -0.07900 0.05650
v -0.01120 -0.07900 0.10050
v -0.01440 -0.07900 0.10050
v -0.01440 -0.07900 0.10050
v -0.01120 -0.07900 0.10050
v -0.01120 -0.07000 0.10050
v -0.01440 -0.07000 0.10050
v -0.01120 -0.07900 0.05650
v -0.01440 -0.07900 0.05650
v -0.01440 -0.07000 0.05650
v -0.01120 -0.07000 0.05650
v -0.01120 -0.06725 0.09675
v -0.01120 -0.06725 0.05275
v -0.01120 -0.05825 0.05275
v -0.01120 -0.05825 0.09675
v -0.01440 -0.06725 0.05275
v -0.01440 -0.06725 0.09675
v -0.01440 -0.05825 0.09675
v -0.01440 -0.05825 0.05275
v -0.01440 -0.05825 0.09675
v -0.01120 -0.05825 0.09675
v -0.01120 -0.05825 0.05275
v -0.01440 -0.05825 0.05275
v -0.01440 -0.06725 0.05275
v -0.01120 -0.06725 0.05275
v -0.01120 -0.06725 0.09675
v -0.01440 -0.06725 0.09675
v -0.01440 -0.06725 0.09675
v -0.01120 -0.06725 0.09675
v -0.01120 -0.05825 0.09675
v -0.01440 -0.05825 0.09675
v -0.01120 -0.06725 0.05275
v -0.01440 -0.06725 0.05275
v -0.01440 -0.05825 0.05275
v -0.01120 -0.05825 0.05275
v -0.01120 -0.05550 0.09300
v -0.01120 -0.05550 0.04900
v -0.01120 -0.04650 0.04900
v -0.01120 -0.04650 0.09300
v -0.01440 -0.05550 0.04900
v -0.01440 -0.05550 0.09300
v -0.01440 -0.04650 0.09300
v -0.01440 -0.04650 0.04900
v -0.01440 -0.04650 0.09300
v -0.01120 -0.04650 0.09300
v -0.01120 -0.04650 0.04900
v -0.01440 -0.04650 0.04900
v -0.01440 -0.05550 0.04900
v -0.01120 -0.05550 0.04900
v -0.01120 -0.05550 0.09300
v -0.01440 -0.05550 0.09300
v -0.01440 -0.05550 0.09300
v -0.01120 -0.05550 0.09300
v -0.01120 -0.04650 0.09300
v -0.01440 -0.04650 0.09300
v -0.01120 -0.05550 0.04900
v -0.01440 -0.05550 0.04900
v -0.01440 -0.04650 0.04900
v -0.01120 -0.04650 0.04900
v -0.01120 -0.04375 0.08925
v -0.01120 -0.04375 0.04525
v -0.01120 -0.03475 0.04525
v -0.01120 -0.03475 0.08925
v -0.01440 -0.04375 0.04525
v -0.01440 -0.04375 0.08925
v -0.01440 -0.03475 0.08925
v -0.01440 -0.03475 0.04525
v -0.01440 -0.03475 0.08925
v -0.01120 -0.03475 0.08925
v -0.01120 -0.03475 0.04525
v -0.01440 -0.03475 0.04525
v -0.01440 -0.04375 0.04525
v -0.01120 -0.04375 0.04525
v -0.01120 -0.04375 0.08925
v -0.01440 -0.04375 0.08925
v -0.01440 -0.04375 0.08925
v -0.01120 -0.04375 0.08925
v -0.01120 -0.03475 0.08925
v -0.01440 -0.03475 0.08925
v -0.01120 -0.04375 0.04525
v -0.01440 -0.04375 0.04525
v -0.01440 -0.03475 0.04525
v -0.01120 -0.03475 0.04525
v -0.01120 -0.03200 0.08550
v -0.01120 -0.03200 0.04150
v -0.01120 -0.02300 0.04150
v -0.01120 -0.02300 0.08550
v -0.01440 -0.03200 0.04150
v -0.01440 -0.03200 0.08550
v -0.01440 -0.02300 0.08550
v -0.01440 -0.02300 0.04150
v -0.01440 -0.02300 0.08550
v -0.01120 -0.02300 0.08550
v -0.01120 -0.02300 0.04150
v -0.01440 -0.02300 0.04150
v -0.01440 -0.03200 0.04150
v -0.01120 -0.03200 0.04150
v -0.01120 -0.03200 0.08550
v -0.01440 -0.03200 0.08550
v -0.01440 -0.03200 0.08550
v -0.01120 -0.03200 0.08550
v -0.01120 -0.02300 0.08550
v -0.01440 -0.02300 0.08550
v -0.01120 -0.03200 0.04150
v -0.01440 -0.03200 0.04150
v -0.01440 -0.02300 0.04150
v -0.01120 -0.02300 0.04150
v -0.01120 -0.02025 0.08175
v -0.01120 -0.02025 0.03775
v -0.01120 -0.01125 0.03775
v -0.01120 -0.01125 0.08175
v -0.01440 -0.02025 0.03775
v -0.01440 -0.02025 0.08175
v -0.01440 -0.01125 0.08175
v -0.01440 -0.01125 0.03775
v -0.01440 -0.01125 0.08175
v -0.01120 -0.01125 0.08175
v -0.01120 -0.01125 0.03775
v -0.01440 -0.01125 0.03775
v -0.01440 -0.02025 0.03775
v -0.01120 -0.02025 0.03775
v -0.01120 -0.02025 0.08175
v -0.01440 -0.02025 0.08175
v -0.01440 -0.02025 0.08175
v -0.01120 -0.02025 0.08175
v -0.01120 -0.01125 0.08175
v -0.01440 -0.01125 0.08175
v -0.01120 -0.02025 0.03775
v -0.01440 -0.02025 0.03775
v -0.01440 -0.01125 0.03775
v -0.01120 -0.01125 0.03775
v 0.01440 -0.10250 0.10800
v 0.01440 -0.10250 0.06400
v 0.01440 -0.09350 0.06400
v 0.01440 -0.09350 0.10800
v 0.01120 -0.10250 0.06400
v 0.01120 -0.10250 0.10800
v 0.01120 -0.09350 0.10800
v 0.01120 -0.09350 0.06400
v 0.01120 -0.09350 0.10800
v 0.01440 -0.09350 0.10800
v 0.01440 -0.09350 0.06400
v 0.01120 -0.09350 0.06400
v 0.01120 -0.10250 0.06400
v 0.01440 -0.10250 0.06400
v 0.01440 -0.10250 0.10800
v 0.01120 -0.10250 0.10800
v 0.01120 -0.10250 0.10800
v 0.01440 -0.10250 0.10800
v 0.01440 -0.09350 0.10800
v 0.01120 -0.09350 0.10800
v 0.01440 -0.10250 0.06400
v 0.01120 -0.10250 0.06400
v 0.01120 -0.09350 0.06400
v 0.01440 -0.09350 0.06400
v 0.01440 -0.09075 0.10425
v 0.01440 -0.09075 0.06025
v 0.01440 -0.08175 0.06025
v 0.01440 -0.08175 0.10425
v 0.01120 -0.09075 0.06025
v 0.01120 -0.09075 0.10425
v 0.01120 -0.08175 0.10425
v 0.01120 -0.08175 0.06025
v 0.01120 -0.08175 0.10425
v 0.01440 -0.08175 0.10425
v 0.01440 -0.08175 0.06025
v 0.01120 -0.08175 0.06025
v 0.01120 -0.09075 0.06025
v 0.01440 -0.09075 0.06025
v 0.01440 -0.09075 0.10425
v 0.01120 -0.09075 0.10425
v 0.01120 -0.09075 0.10425
v 0.01440 -0.09075 0.10425
v 0.01440 -0.08175 0.10425
v 0.01120 -0.08175 0.10425
v 0.01440 -0.09075 0.06025
v 0.01120 -0.09075 0.06025
v 0.01120 -0.08175 0.06025
v 0.01440 -0.08175 0.06025
v 0.01440 -0.07900 0.10050
v 0.01440 -0.07900 0.05650
v 0.01440 -0.07000 0.05650
v 0.01440 -0.07000 0.10050
v 0.01120 -0.07900 0.05650
v 0.01120 -0.07900 0.10050
v 0.01120 -0.07000 0.10050
v 0.01120 -0.07000 0.05650
v 0.01120 -0.07000 0.10050
v 0.01440 -0.07000 0.10050
v 0.01440 -0.07000 0.05650
v 0.01120 -0.07000 0.05650
v 0.01120 -0.07900 0.05650
v 0.01440 -0.07900 0.05650
v 0.01440 -0.07900 0.10050
v 0.01120 -0.07900 0.10050
v 0.01120 -0.07900 0.10050
v 0.01440 -0.07900 0.10050
v 0.01440 -0.07000 0.10050
v 0.01120 -0.07000 0.10050
v 0.01440 -0.07900 0.05650
v 0.01120 -0.07900 0.05650
v 0.01120 -0.07000 0.05650
v 0.01440 -0.07000 0.05650
v 0.01440 -0.06725 0.09675
v 0.01440 -0.06725 0.05275
v 0.01440 -0.05825 0.05275
v 0.01440 -0.05825 0.09675
v 0.01120 -0.06725 0.05275
v 0.01120 -0.06725 0.09675
v 0.01120 -0.05825 0.09675
v 0.01120 -0.05825 0.05275
v 0.01120 -0.05825 0.09675
v 0.01440 -0.05825 0.09675
v 0.01440 -0.05825 0.05275
v 0.01120 -0.05825 0.05275
v 0.01120 -0.06725 0.05275
v 0.01440 -0.06725 0.05275
v 0.01440 -0.06725 0.09675
v 0.01120 -0.06725 0.09675
v 0.01120 -0.06725 0.09675
v 0.01440 -0.06725 0.09675
v 0.01440 -0.05825 0.09675
v 0.01120 -0.05825 0.09675
v 0.01440 -0.06725 0.05275
v 0.01120 -0.06725 0.05275
v 0.01120 -0.05825 0.05275
v 0.01440 -0.05825 0.05275
v 0.01440 -0.05550 0.09300
v 0.01440 -0.05550 0.04900
v 0.01440 -0.04650 0.04900
v 0.01440 -0.04650 0.09300
v 0.01120 -0.05550 0.04900
v 0.01120 -0.05550 0.09300
v 0.01120 -0.04650 0.09300
v 0.01120 -0.04650 0.04900
v 0.01120 -0.04650 0.09300
v 0.01440 -0.04650 0.09300
v 0.01440 -0.04650 0.04900
v 0.01120 -0.04650 0.04900
v 0.01120 -0.05550 0.04900
v 0.01440 -0.05550 0.04900
v 0.01440 -0.05550 0.09300
v 0.01120 -0.05550 0.09300
v 0.01120 -0.05550 0.09300
v 0.01440 -0.05550 0.09300
v 0.01440 -0.04650 0.09300
v 0.01120 -0.04650 0.09300
v 0.01440 -0.05550 0.04900
v 0.01120 -0.05550 0.04900
v 0.01120 -0.04650 0.04900
v 0.01440 -0.04650 0.04900
v 0.01440 -0.04375 0.08925
v 0.01440 -0.04375 0.04525
v 0.01440 -0.03475 0.04525
v 0.01440 -0.03475 0.08925
v 0.01120 -0.04375 0.04525
v 0.01120 -0.04375 0.08925
v 0.01120 -0.03475 0.08925
v 0.01120 -0.03475 0.04525
v 0.01120 -0.03475 0.08925
v 0.01440 -0.03475 0.08925
v 0.01440 -0.03475 0.04525
v 0.01120 -0.03475 0.04525
v 0.01120 -0.04375 0.04525
v 0.01440 -0.04375 0.04525
v 0.01440 -0.04375 0.08925
v 0.01120 -0.04375 0.08925
v 0.01120 -0.04375 0.08925
v 0.01440 -0.04375 0.08925
v 0.01440 -0.03475 0.08925
v 0.01120 -0.03475 0.08925
v 0.01440 -0.04375 0.04525
v 0.01120 -0.04375 0.04525
v 0.01120 -0.03475 0.04525
v 0.01440 -0.03475 0.04525
v 0.01440 -0.03200 0.08550
v 0.01440 -0.03200 0.04150
v 0.01440 -0.02300 0.04150
v 0.01440 -0.02300 0.08550
v 0.01120 -0.03200 0.04150
v 0.01120 -0.03200 0.08550
v 0.01120 -0.02300 0.08550
v 0.01120 -0.02300 0.04150
v 0.01120 -0.02300 0.08550
v 0.01440 -0.02300 0.08550
v 0.01440 -0.02300 0.04150
v 0.01120 -0.02300 0.04150
v 0.01120 -0.03200 0.04150
v 0.01440 -0.03200 0.04150
v 0.01440 -0.03200 0.08550
v 0.01120 -0.03200 0.08550
v 0.01120 -0.03200 0.08550
v 0.01440 -0.03200 0.08550
v 0.01440 -0.02300 0.08550
v 0.01120 -0.02300 0.08550
v 0.01440 -0.03200 0.04150
v 0.01120 -0.03200 0.04150
v 0.01120 -0.02300 0.04150
v 0.01440 -0.02300 0.04150
v 0.01440 -0.02025 0.08175
v 0.01440 -0.02025 0.03775
v 0.01440 -0.01125 0.03775
v 0.01440 -0.01125 0.08175
v 0.01120 -0.02025 0.03775
v 0.01120 -0.02025 0.08175
v 0.01120 -0.01125 0.08175
v 0.01120 -0.01125 0.03775
v 0.01120 -0.01125 0.08175
v 0.01440 -0.01125 0.08175
v 0.01440 -0.01125 0.03775
v 0.01120 -0.01125 0.03775
v 0.01120 -0.02025 0.03775
v 0.01440 -0.02025 0.03775
v 0.01440 -0.02025 0.08175
v 0.01120 -0.02025 0.08175
v 0.01120 -0.02025 0.08175
v 0.01440 -0.02025 0.08175
v 0.01440 -0.01125 0.08175
v 0.01120 -0.01125 0.08175
v 0.01440 -0.02025 0.03775
v 0.01120 -0.02025 0.03775
v 0.01120 -0.01125 0.03775
v 0.01440 -0.01125 0.03775
v 0.01325 -0.11600 0.11400
v 0.01325 -0.11600 0.05800
v 0.01325 -0.10800 0.05800
v 0.01325 -0.10800 0.11400
v -0.01325 -0.11600 0.05800
v -0.01325 -0.11600 0.11400
v -0.01325 -0.10800 0.11400
v -0.01325 -0.10800 0.05800
v -0.01325 -0.10800 0.11400
v 0.01325 -0.10800 0.11400
v 0.01325 -0.10800 0.05800
v -0.01325 -0.10800 0.05800
v -0.01325 -0.11600 0.05800
v 0.01325 -0.11600 0.05800
v 0.01325 -0.11600 0.11400
v -0.01325 -0.11600 0.11400
v -0.01325 -0.11600 0.11400
v 0.01325 -0.11600 0.11400
v 0.01325 -0.10800 0.11400
v -0.01325 -0.10800 0.11400
v 0.01325 -0.11600 0.05800
v -0.01325 -0.11600 0.05800
v -0.01325 -0.10800 0.05800
v 0.01325 -0.10800 0.05800
v 0.00900 -0.11100 0.11500
v 0.00900 -0.11100 0.11100
v 0.00900 -0.09300 0.11100
v 0.00900 -0.09300 0.11500
v -0.00900 -0.11100 0.11100
v -0.00900 -0.11100 0.11500
v -0.00900 -0.09300 0.11500
v -0.00900 -0.09300 0.11100
v -0.00900 -0.09300 0.11500
v 0.00900 -0.09300 0.11500
v 0.00900 -0.09300 0.11100
v -0.00900 -0.09300 0.11100
v -0.00900 -0.11100 0.11100
v 0.00900 -0.11100 0.11100
v 0.00900 -0.11100 0.11500
v -0.00900 -0.11100 0.11500
v -0.00900 -0.11100 0.11500
v 0.00900 -0.11100 0.11500
v 0.00900 -0.09300 0.11500
v -0.00900 -0.09300 0.11500
v 0.00900 -0.11100 0.11100
v -0.00900 -0.11100 0.11100
v -0.00900 -0.09300 0.11100
v 0.00900 -0.09300 0.11100
v 0.01180 -0.00600 0.06600
v 0.01180 -0.00600 0.06600
v 0.01180 -0.00155 0.06923
v 0.01180 -0.00050 0.06600
v 0.01180 -0.00600 0.06600
v 0.01180 -0.00600 0.06600
v 0.01180 -0.00430 0.07123
v 0.01180 -0.00155 0.06923
v 0.01180 -0.00600 0.06600
v 0.01180 -0.00600 0.06600
v 0.01180 -0.00770 0.07123
v 0.01180 -0.00430 0.07123
v 0.01180 -0.00600 0.06600
v 0.01180 -0.00600 0.06600
v 0.01180 -0.01045 0.06923
v 0.01180 -0.00770 0.07123
v 0.01180 -0.00600 0.06600
v 0.01180 -0.00600 0.06600
v 0.01180 -0.01150 0.06600
v 0.01180 -0.01045 0.06923
v 0.01180 -0.00600 0.06600
v 0.01180 -0.00600 0.06600
v 0.01180 -0.01045 0.06277
v 0.01180 -0.01150 0.06600
v 0.01180 -0.00600 0.06600
v 0.01180 -0.00600 0.06600
v 0.01180 -0.00770 0.06077
v 0.01180 -0.01045 0.06277
v 0.01180 -0.00600 0.06600
v 0.01180 -0.00600 0.06600
v 0.01180 -0.00430 0.06077
v 0.01180 -0.00770 0.06077
v 0.01180 -0.00600 0.06600
v 0.01180 -0.00600 0.06600
v 0.01180 -0.00155 0.06277
v 0.01180 -0.00430 0.06077
v 0.01180 -0.00600 0.06600
v 0.01180 -0.00600 0.06600
v 0.01180 -0.00050 0.06600
v 0.01180 -0.00155 0.06277
v 0.01180 -0.00050 0.06600
v 0.01180 -0.00155 0.06923
v 0.01580 -0.00155 0.06923
v 0.01580 -0.00050 0.06600
v 0.01180 -0.00155 0.06923
v 0.01180 -0.00430 0.07123
v 0.01580 -0.00430 0.07123
v 0.01580 -0.00155 0.06923
v 0.01180 -0.00430 0.07123
v 0.01180 -0.00770 0.07123
v 0.01580 -0.00770 0.07123
v 0.01580 -0.00430 0.07123
v 0.01180 -0.00770 0.07123
v 0.01180 -0.01045 0.06923
v 0.01580 -0.01045 0.06923
v 0.01580 -0.00770 0.07123
v 0.01180 -0.01045 0.06923
v 0.01180 -0.01150 0.06600
v 0.01580 -0.01150 0.06600
v 0.01580 -0.01045 0.06923
v 0.01180 -0.01150 0.06600
v 0.01180 -0.01045 0.06277
v 0.01580 -0.01045 0.06277
v 0.01580 -0.01150 0.06600
v 0.01180 -0.01045 0.06277
v 0.01180 -0.00770 0.06077
v 0.01580 -0.00770 0.06077
v 0.01580 -0.01045 0.06277
v 0.01180 -0.00770 0.06077
v 0.01180 -0.00430 0.06077
v 0.01580 -0.00430 0.06077
v 0.01580 -0.00770 0.06077
v 0.01180 -0.00430 0.06077
v 0.01180 -0.00155 0.06277
v 0.01580 -0.00155 0.06277
v 0.01580 -0.00430 0.06077
v 0.01180 -0.00155 0.06277
v 0.01180 -0.00050 0.06600
v 0.01580 -0.00050 0.06600
v 0.01580 -0.00155 0.06277
v 0.01580 -0.00050 0.06600
v 0.01580 -0.00155 0.06923
v 0.01580 -0.00430 0.07123
v 0.01580 -0.00770 0.07123
v 0.01580 -0.01045 0.06923
v 0.01580 -0.01150 0.06600
v 0.01580 -0.01045 0.06277
v 0.01580 -0.00770 0.06077
v 0.01580 -0.00430 0.06077
v 0.01580 -0.00155 0.06277
v -0.01000 0.00375 0.05300
v -0.01000 0.00375 0.02300
v -0.01000 0.01125 0.02300
v -0.01000 0.01125 0.05300
v -0.01400 0.00375 0.02300
v -0.01400 0.00375 0.05300
v -0.01400 0.01125 0.05300
v -0.01400 0.01125 0.02300
v -0.01400 0.01125 0.05300
v -0.01000 0.01125 0.05300
v -0.01000 0.01125 0.02300
v -0.01400 0.01125 0.02300
v -0.01400 0.00375 0.02300
v -0.01000 0.00375 0.02300
v -0.01000 0.00375 0.05300
v -0.01400 0.00375 0.05300
v -0.01400 0.00375 0.05300
v -0.01000 0.00375 0.05300
v -0.01000 0.01125 0.05300
v -0.01400 0.01125 0.05300
v -0.01000 0.00375 0.02300
v -0.01400 0.00375 0.02300
v -0.01400 0.01125 0.02300
v -0.01000 0.01125 0.02300
vt -0.11000 -0.99000
vt 0.11000 -0.99000
vt 0.11000 0.99000
vt -0.11000 0.99000
vt -0.11000 0.99000
vt 0.11000 0.99000
vt 0.11000 -0.99000
vt -0.11000 -0.99000
vt -0.09250 0.99000
vt 0.09250 0.99000
vt 0.09250 -0.99000
vt -0.09250 -0.99000
vt -0.09250 -0.99000
vt 0.09250 -0.99000
vt 0.09250 0.99000
vt -0.09250 0.99000
vt -0.09250 -0.11000
vt 0.09250 -0.11000
vt 0.09250 0.11000
vt -0.09250 0.11000
vt -0.09250 0.11000
vt 0.09250 0.11000
vt 0.09250 -0.11000
vt -0.09250 -0.11000
vt 0.00000 0.00000
vt 0.25500 0.00000
vt 0.25500 0.03500
vt 0.00000 0.03500
vt 0.00000 0.00000
vt 0.25500 0.00000
vt 0.25500 0.03500
vt 0.00000 0.03500
vt 0.00000 0.00000
vt 0.25500 0.00000
vt 0.25500 0.03500
vt 0.00000 0.03500
vt 0.00000 0.00000
vt 0.25500 0.00000
vt 0.25500 0.03500
vt 0.00000 0.03500
vt 0.00000 0.00000
vt 0.29000 0.00000
vt 0.29000 0.03500
vt 0.00000 0.03500
vt 0.00000 0.00000
vt 0.29000 0.00000
vt 0.29000 0.03500
vt 0.00000 0.03500
vt 0.00000 0.00000
vt 0.29000 0.00000
vt 0.29000 0.03500
vt 0.00000 0.03500
vt 0.00000 0.00000
vt 0.29000 0.00000
vt 0.29000 0.03500
vt 0.00000 0.03500
vt 0.00000 0.00000
vt 2.05000 0.00000
vt 2.05000 0.03500
vt 0.00000 0.03500
vt 0.00000 0.00000
vt 2.05000 0.00000
vt 2.05000 0.03500
vt 0.00000 0.03500
vt 0.00000 0.00000
vt 2.05000 0.00000
vt 2.05000 0.03500
vt 0.00000 0.03500
vt 0.00000 0.00000
vt 2.05000 0.00000
vt 2.05000 0.03500
vt 0.00000 0.03500
vt 0.00000 0.00000
vt 0.03500 0.00000
vt 0.00000 0.03500
vt 0.00000 0.00000
vt 0.03500 0.00000
vt 0.00000 0.03500
vt 0.00000 0.00000
vt 0.03500 0.00000
vt 0.00000 0.03500
vt 0.00000 0.00000
vt 0.03500 0.00000
vt 0.00000 0.03500
vt 0.00000 0.00000
vt 0.03500 0.00000
vt 0.00000 0.03500
vt 0.00000 0.00000
vt 0.03500 0.00000
vt 0.00000 0.03500
vt 0.00000 0.00000
vt 0.03500 0.00000
vt 0.00000 0.03500
vt 0.00000 0.00000
vt 0.03500 0.00000
vt 0.00000 0.03500
vt -1.58800 0.19000
vt -1.53200 0.19000
vt -1.53200 0.65000
vt -1.58800 0.65000
vt 1.53200 0.19000
vt 1.58800 0.19000
vt 1.58800 0.65000
vt 1.53200 0.65000
vt -0.27200 -1.58800
vt 0.27200 -1.58800
vt 0.27200 -1.53200
vt -0.27200 -1.53200
vt -0.27200 1.53200
vt 0.27200 1.53200
vt 0.27200 1.58800
vt -0.27200 1.58800
vt -0.27200 0.19000
vt 0.27200 0.19000
vt 0.27200 0.65000
vt -0.27200 0.65000
vt -0.27200 0.19000
vt 0.27200 0.19000
vt 0.27200 0.65000
vt -0.27200 0.65000
vt -1.44400 0.19000
vt -1.38800 0.19000
vt -1.38800 0.65000
vt -1.44400 0.65000
vt 1.38800 0.19000
vt 1.44400 0.19000
vt 1.44400 0.65000
vt 1.38800 0.65000
vt -0.27200 -1.44400
vt 0.27200 -1.44400
vt 0.27200 -1.38800
vt -0.27200 -1.38800
vt -0.27200 1.38800
vt 0.27200 1.38800
vt 0.27200 1.44400
vt -0.27200 1.44400
vt -0.27200 0.19000
vt 0.27200 0.19000
vt 0.27200 0.65000
vt -0.27200 0.65000
vt -0.27200 0.19000
vt 0.27200 0.19000
vt 0.27200 0.65000
vt -0.27200 0.65000
vt -1.30000 0.19000
vt -1.24400 0.19000
vt -1.24400 0.65000
vt -1.30000 0.65000
vt 1.24400 0.19000
vt 1.30000 0.19000
vt 1.30000 0.65000
vt 1.24400 0.65000
vt -0.27200 -1.30000
vt 0.27200 -1.30000
vt 0.27200 -1.24400
vt -0.27200 -1.24400
vt -0.27200 1.24400
vt 0.27200 1.24400
vt 0.27200 1.30000
vt -0.27200 1.30000
vt -0.27200 0.19000
vt 0.27200 0.19000
vt 0.27200 0.65000
vt -0.27200 0.65000
vt -0.27200 0.19000
vt 0.27200 0.19000
vt 0.27200 0.65000
vt -0.27200 0.65000
vt -1.15600 0.19000
vt -1.10000 0.19000
vt -1.10000 0.65000
vt -1.15600 0.65000
vt 1.10000 0.19000
vt 1.15600 0.19000
vt 1.15600 0.65000
vt 1.10000 0.65000
vt -0.27200 -1.15600
vt 0.27200 -1.15600
vt 0.27200 -1.10000
vt -0.27200 -1.10000
vt -0.27200 1.10000
vt 0.27200 1.10000
vt 0.27200 1.15600
vt -0.27200 1.15600
vt -0.27200 0.19000
vt 0.27200 0.19000
vt 0.27200 0.65000
vt -0.27200 0.65000
vt -0.27200 0.19000
vt 0.27200 0.19000
vt 0.27200 0.65000
vt -0.27200 0.65000
vt -1.01200 0.19000
vt -0.95600 0.19000
vt -0.95600 0.65000
vt -1.01200 0.65000
vt 0.95600 0.19000
vt 1.01200 0.19000
vt 1.01200 0.65000
vt 0.95600 0.65000
vt -0.27200 -1.01200
vt 0.27200 -1.01200
vt 0.27200 -0.95600
vt -0.27200 -0.95600
vt -0.27200 0.95600
vt 0.27200 0.95600
vt 0.27200 1.01200
vt -0.27200 1.01200
vt -0.27200 0.19000
vt 0.27200 0.19000
vt 0.27200 0.65000
vt -0.27200 0.65000
vt -0.27200 0.19000
vt 0.27200 0.19000
vt 0.27200 0.65000
vt -0.27200 0.65000
vt -0.86800 0.19000
vt -0.81200 0.19000
vt -0.81200 0.65000
vt -0.86800 0.65000
vt 0.81200 0.19000
vt 0.86800 0.19000
vt 0.86800 0.65000
vt 0.81200 0.65000
vt -0.27200 -0.86800
vt 0.27200 -0.86800
vt 0.27200 -0.81200
vt -0.27200 -0.81200
vt -0.27200 0.81200
vt 0.27200 0.81200
vt 0.27200 0.86800
vt -0.27200 0.86800
vt -0.27200 0.19000
vt 0.27200 0.19000
vt 0.27200 0.65000
vt -0.27200 0.65000
vt -0.27200 0.19000
vt 0.27200 0.19000
vt 0.27200 0.65000
vt -0.27200 0.65000
vt -0.72400 0.19000
vt -0.66800 0.19000
vt -0.66800 0.65000
vt -0.72400 0.65000
vt 0.66800 0.19000
vt 0.72400 0.19000
vt 0.72400 0.65000
vt 0.66800 0.65000
vt -0.27200 -0.72400
vt 0.27200 -0.72400
vt 0.27200 -0.66800
vt -0.27200 -0.66800
vt -0.27200 0.66800
vt 0.27200 0.66800
vt 0.27200 0.72400
vt -0.27200 0.72400
vt -0.27200 0.19000
vt 0.27200 0.19000
vt 0.27200 0.65000
vt -0.27200 0.65000
vt -0.27200 0.19000
vt 0.27200 0.19000
vt 0.27200 0.65000
vt -0.27200 0.65000
vt -0.70000 0.37500
vt 0.22000 0.37500
vt 0.22000 0.64500
vt -0.70000 0.64500
vt -0.22000 0.37500
vt 0.70000 0.37500
vt 0.70000 0.64500
vt -0.22000 0.64500
vt 0.22400 -0.70000
vt 0.30400 -0.70000
vt 0.30400 0.22000
vt 0.22400 0.22000
vt 0.22400 -0.22000
vt 0.30400 -0.22000
vt 0.30400 0.70000
vt 0.22400 0.70000
vt 0.22400 0.37500
vt 0.30400 0.37500
vt 0.30400 0.64500
vt 0.22400 0.64500
vt -0.30400 0.37500
vt -0.22400 0.37500
vt -0.22400 0.64500
vt -0.30400 0.64500
vt 2.48125 0.88750
vt 2.66875 0.88750
vt 2.66875 1.03750
vt 2.48125 1.03750
vt -2.66875 0.88750
vt -2.48125 0.88750
vt -2.48125 1.03750
vt -2.66875 1.03750
vt -0.05625 2.48125
vt 0.05625 2.48125
vt 0.05625 2.66875
vt -0.05625 2.66875
vt -0.05625 -2.66875
vt 0.05625 -2.66875
vt 0.05625 -2.48125
vt -0.05625 -2.48125
vt -0.05625 0.88750
vt 0.05625 0.88750
vt 0.05625 1.03750
vt -0.05625 1.03750
vt -0.05625 0.88750
vt 0.05625 0.88750
vt 0.05625 1.03750
vt -0.05625 1.03750
vt -2.14375 0.88750
vt -1.95625 0.88750
vt -1.95625 1.03750
vt -2.14375 1.03750
vt 1.95625 0.88750
vt 2.14375 0.88750
vt 2.14375 1.03750
vt 1.95625 1.03750
vt -0.26250 -2.14375
vt 0.26250 -2.14375
vt 0.26250 -1.95625
vt -0.26250 -1.95625
vt -0.26250 1.95625
vt 0.26250 1.95625
vt 0.26250 2.14375
vt -0.26250 2.14375
vt -0.26250 0.88750
vt 0.26250 0.88750
vt 0.26250 1.03750
vt -0.26250 1.03750
vt -0.26250 0.88750
vt 0.26250 0.88750
vt 0.26250 1.03750
vt -0.26250 1.03750
vt -2.15000 0.86875
vt -1.95000 0.86875
vt -1.95000 1.05625
vt -2.15000 1.05625
vt 1.95000 0.86875
vt 2.15000 0.86875
vt 2.15000 1.05625
vt 1.95000 1.05625
vt -0.06875 -2.15000
vt 0.06875 -2.15000
vt 0.06875 -1.95000
vt -0.06875 -1.95000
vt -0.06875 1.95000
vt 0.06875 1.95000
vt 0.06875 2.15000
vt -0.06875 2.15000
vt -0.06875 0.86875
vt 0.06875 0.86875
vt 0.06875 1.05625
vt -0.06875 1.05625
vt -0.06875 0.86875
vt 0.06875 0.86875
vt 0.06875 1.05625
vt -0.06875 1.05625
vt 0.00000 0.00000
vt 0.05655 0.00000
vt 0.05655 0.00000
vt 0.00000 0.00000
vt 0.05655 0.00000
vt 0.11310 0.00000
vt 0.11310 0.00000
vt 0.05655 0.00000
vt 0.11310 0.00000
vt 0.16965 0.00000
vt 0.16965 0.00000
vt 0.11310 0.00000
vt 0.16965 0.00000
vt 0.22619 0.00000
vt 0.22619 0.00000
vt 0.16965 0.00000
vt 0.22619 0.00000
vt 0.28274 0.00000
vt 0.28274 0.00000
vt 0.22619 0.00000
vt 0.28274 0.00000
vt 0.33929 0.00000
vt 0.33929 0.00000
vt 0.28274 0.00000
vt 0.33929 0.00000
vt 0.39584 0.00000
vt 0.39584 0.00000
vt 0.33929 0.00000
vt 0.39584 0.00000
vt 0.45239 0.00000
vt 0.45239 0.00000
vt 0.39584 0.00000
vt 0.45239 0.00000
vt 0.50894 0.00000
vt 0.50894 0.00000
vt 0.45239 0.00000
vt 0.50894 0.00000
vt 0.56549 0.00000
vt 0.56549 0.00000
vt 0.50894 0.00000
vt 0.56549 0.00000
vt 0.62204 0.00000
vt 0.62204 0.00000
vt 0.56549 0.00000
vt 0.62204 0.00000
vt 0.67858 0.00000
vt 0.67858 0.00000
vt 0.62204 0.00000
vt 0.67858 0.00000
vt 0.73513 0.00000
vt 0.73513 0.00000
vt 0.67858 0.00000
vt 0.73513 0.00000
vt 0.79168 0.00000
vt 0.79168 0.00000
vt 0.73513 0.00000
vt 0.79168 0.00000
vt 0.84823 0.00000
vt 0.84823 0.00000
vt 0.79168 0.00000
vt 0.84823 0.00000
vt 0.90478 0.00000
vt 0.90478 0.00000
vt 0.84823 0.00000
vt 0.00000 0.00000
vt 0.05655 0.00000
vt 0.05655 0.08000
vt 0.00000 0.08000
vt 0.05655 0.00000
vt 0.11310 0.00000
vt 0.11310 0.08000
vt 0.05655 0.08000
vt 0.11310 0.00000
vt 0.16965 0.00000
vt 0.16965 0.08000
vt 0.11310 0.08000
vt 0.16965 0.00000
vt 0.22619 0.00000
vt 0.22619 0.08000
vt 0.16965 0.08000
vt 0.22619 0.00000
vt 0.28274 0.00000
vt 0.28274 0.08000
vt 0.22619 0.08000
vt 0.28274 0.00000
vt 0.33929 0.00000
vt 0.33929 0.08000
vt 0.28274 0.08000
vt 0.33929 0.00000
vt 0.39584 0.00000
vt 0.39584 0.08000
vt 0.33929 0.08000
vt 0.39584 0.00000
vt 0.45239 0.00000
vt 0.45239 0.08000
vt 0.39584 0.08000
vt 0.45239 0.00000
vt 0.50894 0.00000
vt 0.50894 0.08000
vt 0.45239 0.08000
vt 0.50894 0.00000
vt 0.56549 0.00000
vt 0.56549 0.08000
vt 0.50894 0.08000
vt 0.56549 0.00000
vt 0.62204 0.00000
vt 0.62204 0.08000
vt 0.56549 0.08000
vt 0.62204 0.00000
vt 0.67858 0.00000
vt 0.67858 0.08000
vt 0.62204 0.08000
vt 0.67858 0.00000
vt 0.73513 0.00000
vt 0.73513 0.08000
vt 0.67858 0.08000
vt 0.73513 0.00000
vt 0.79168 0.00000
vt 0.79168 0.08000
vt 0.73513 0.08000
vt 0.79168 0.00000
vt 0.84823 0.00000
vt 0.84823 0.08000
vt 0.79168 0.08000
vt 0.84823 0.00000
vt 0.90478 0.00000
vt 0.90478 0.08000
vt 0.84823 0.08000
vt 0.00000 0.08000
vt 0.05655 0.08000
vt 0.05655 0.08000
vt 0.00000 0.08000
vt 0.05655 0.08000
vt 0.11310 0.08000
vt 0.11310 0.08000
vt 0.05655 0.08000
vt 0.11310 0.08000
vt 0.16965 0.08000
vt 0.16965 0.08000
vt 0.11310 0.08000
vt 0.16965 0.08000
vt 0.22619 0.08000
vt 0.22619 0.08000
vt 0.16965 0.08000
vt 0.22619 0.08000
vt 0.28274 0.08000
vt 0.28274 0.08000
vt 0.22619 0.08000
vt 0.28274 0.08000
vt 0.33929 0.08000
vt 0.33929 0.08000
vt 0.28274 0.08000
vt 0.33929 0.08000
vt 0.39584 0.08000
vt 0.39584 0.08000
vt 0.33929 0.08000
vt 0.39584 0.08000
vt 0.45239 0.08000
vt 0.45239 0.08000
vt 0.39584 0.08000
vt 0.45239 0.08000
vt 0.50894 0.08000
vt 0.50894 0.08000
vt 0.45239 0.08000
vt 0.50894 0.08000
vt 0.56549 0.08000
vt 0.56549 0.08000
vt 0.50894 0.08000
vt 0.56549 0.08000
vt 0.62204 0.08000
vt 0.62204 0.08000
vt 0.56549 0.08000
vt 0.62204 0.08000
vt 0.67858 0.08000
vt 0.67858 0.08000
vt 0.62204 0.08000
vt 0.67858 0.08000
vt 0.73513 0.08000
vt 0.73513 0.08000
vt 0.67858 0.08000
vt 0.73513 0.08000
vt 0.79168 0.08000
vt 0.79168 0.08000
vt 0.73513 0.08000
vt 0.79168 0.08000
vt 0.84823 0.08000
vt 0.84823 0.08000
vt 0.79168 0.08000
vt 0.84823 0.08000
vt 0.90478 0.08000
vt 0.90478 0.08000
vt 0.84823 0.08000
vt 0.00000 -0.04000
vt 0.04039 -0.04000
vt 0.04039 -0.04000
vt 0.00000 -0.04000
vt 0.04039 -0.04000
vt 0.08078 -0.04000
vt 0.08078 -0.04000
vt 0.04039 -0.04000
vt 0.08078 -0.04000
vt 0.12118 -0.04000
vt 0.12118 -0.04000
vt 0.08078 -0.04000
vt 0.12118 -0.04000
vt 0.16157 -0.04000
vt 0.16157 -0.04000
vt 0.12118 -0.04000
vt 0.16157 -0.04000
vt 0.20196 -0.04000
vt 0.20196 -0.04000
vt 0.16157 -0.04000
vt 0.20196 -0.04000
vt 0.24235 -0.04000
vt 0.24235 -0.04000
vt 0.20196 -0.04000
vt 0.24235 -0.04000
vt 0.28274 -0.04000
vt 0.28274 -0.04000
vt 0.24235 -0.04000
vt 0.28274 -0.04000
vt 0.32314 -0.04000
vt 0.32314 -0.04000
vt 0.28274 -0.04000
vt 0.32314 -0.04000
vt 0.36353 -0.04000
vt 0.36353 -0.04000
vt 0.32314 -0.04000
vt 0.36353 -0.04000
vt 0.40392 -0.04000
vt 0.40392 -0.04000
vt 0.36353 -0.04000
vt 0.40392 -0.04000
vt 0.44431 -0.04000
vt 0.44431 -0.04000
vt 0.40392 -0.04000
vt 0.44431 -0.04000
vt 0.48470 -0.04000
vt 0.48470 -0.04000
vt 0.44431 -0.04000
vt 0.48470 -0.04000
vt 0.52509 -0.04000
vt 0.52509 -0.04000
vt 0.48470 -0.04000
vt 0.52509 -0.04000
vt 0.56549 -0.04000
vt 0.56549 -0.04000
vt 0.52509 -0.04000
vt 0.00000 -0.04000
vt 0.04039 -0.04000
vt 0.04039 0.40000
vt 0.00000 0.40000
vt 0.04039 -0.04000
vt 0.08078 -0.04000
vt 0.08078 0.40000
vt 0.04039 0.40000
vt 0.08078 -0.04000
vt 0.12118 -0.04000
vt 0.12118 0.40000
vt 0.08078 0.40000
vt 0.12118 -0.04000
vt 0.16157 -0.04000
vt 0.16157 0.40000
vt 0.12118 0.40000
vt 0.16157 -0.04000
vt 0.20196 -0.04000
vt 0.20196 0.40000
vt 0.16157 0.40000
vt 0.20196 -0.04000
vt 0.24235 -0.04000
vt 0.24235 0.40000
vt 0.20196 0.40000
vt 0.24235 -0.04000
vt 0.28274 -0.04000
vt 0.28274 0.40000
vt 0.24235 0.40000
vt 0.28274 -0.04000
vt 0.32314 -0.04000
vt 0.32314 0.40000
vt 0.28274 0.40000
vt 0.32314 -0.04000
vt 0.36353 -0.04000
vt 0.36353 0.40000
vt 0.32314 0.40000
vt 0.36353 -0.04000
vt 0.40392 -0.04000
vt 0.40392 0.40000
vt 0.36353 0.40000
vt 0.40392 -0.04000
vt 0.44431 -0.04000
vt 0.44431 0.40000
vt 0.40392 0.40000
vt 0.44431 -0.04000
vt 0.48470 -0.04000
vt 0.48470 0.40000
vt 0.44431 0.40000
vt 0.48470 -0.04000
vt 0.52509 -0.04000
vt 0.52509 0.40000
vt 0.48470 0.40000
vt 0.52509 -0.04000
vt 0.56549 -0.04000
vt 0.56549 0.40000
vt 0.52509 0.40000
vt 0.00000 0.00000
vt 0.05760 0.00000
vt 0.05760 0.00000
vt 0.00000 0.00000
vt 0.05760 0.00000
vt 0.11519 0.00000
vt 0.11519 0.00000
vt 0.05760 0.00000
vt 0.11519 0.00000
vt 0.17279 0.00000
vt 0.17279 0.00000
vt 0.11519 0.00000
vt 0.17279 0.00000
vt 0.23038 0.00000
vt 0.23038 0.00000
vt 0.17279 0.00000
vt 0.23038 0.00000
vt 0.28798 0.00000
vt 0.28798 0.00000
vt 0.23038 0.00000
vt 0.28798 0.00000
vt 0.34558 0.00000
vt 0.34558 0.00000
vt 0.28798 0.00000
vt 0.34558 0.00000
vt 0.40317 0.00000
vt 0.40317 0.00000
vt 0.34558 0.00000
vt 0.40317 0.00000
vt 0.46077 0.00000
vt 0.46077 0.00000
vt 0.40317 0.00000
vt 0.46077 0.00000
vt 0.51836 0.00000
vt 0.51836 0.00000
vt 0.46077 0.00000
vt 0.51836 0.00000
vt 0.57596 0.00000
vt 0.57596 0.00000
vt 0.51836 0.00000
vt 0.57596 0.00000
vt 0.63355 0.00000
vt 0.63355 0.00000
vt 0.57596 0.00000
vt 0.63355 0.00000
vt 0.69115 0.00000
vt 0.69115 0.00000
vt 0.63355 0.00000
vt 0.00000 0.00000
vt 0.05760 0.00000
vt 0.05760 0.12000
vt 0.00000 0.12000
vt 0.05760 0.00000
vt 0.11519 0.00000
vt 0.11519 0.12000
vt 0.05760 0.12000
vt 0.11519 0.00000
vt 0.17279 0.00000
vt 0.17279 0.12000
vt 0.11519 0.12000
vt 0.17279 0.00000
vt 0.23038 0.00000
vt 0.23038 0.12000
vt 0.17279 0.12000
vt 0.23038 0.00000
vt 0.28798 0.00000
vt 0.28798 0.12000
vt 0.23038 0.12000
vt 0.28798 0.00000
vt 0.34558 0.00000
vt 0.34558 0.12000
vt 0.28798 0.12000
vt 0.34558 0.00000
vt 0.40317 0.00000
vt 0.40317 0.12000
vt 0.34558 0.12000
vt 0.40317 0.00000
vt 0.46077 0.00000
vt 0.46077 0.12000
vt 0.40317 0.12000
vt 0.46077 0.00000
vt 0.51836 0.00000
vt 0.51836 0.12000
vt 0.46077 0.12000
vt 0.51836 0.00000
vt 0.57596 0.00000
vt 0.57596 0.12000
vt 0.51836 0.12000
vt 0.57596 0.00000
vt 0.63355 0.00000
vt 0.63355 0.12000
vt 0.57596 0.12000
vt 0.63355 0.00000
vt 0.69115 0.00000
vt 0.69115 0.12000
vt 0.63355 0.12000
vt 0.00000 0.12000
vt 0.05760 0.12000
vt 0.05760 0.12000
vt 0.00000 0.12000
vt 0.05760 0.12000
vt 0.11519 0.12000
vt 0.11519 0.12000
vt 0.05760 0.12000
vt 0.11519 0.12000
vt 0.17279 0.12000
vt 0.17279 0.12000
vt 0.11519 0.12000
vt 0.17279 0.12000
vt 0.23038 0.12000
vt 0.23038 0.12000
vt 0.17279 0.12000
vt 0.23038 0.12000
vt 0.28798 0.12000
vt 0.28798 0.12000
vt 0.23038 0.12000
vt 0.28798 0.12000
vt 0.34558 0.12000
vt 0.34558 0.12000
vt 0.28798 0.12000
vt 0.34558 0.12000
vt 0.40317 0.12000
vt 0.40317 0.12000
vt 0.34558 0.12000
vt 0.40317 0.12000
vt 0.46077 0.12000
vt 0.46077 0.12000
vt 0.40317 0.12000
vt 0.46077 0.12000
vt 0.51836 0.12000
vt 0.51836 0.12000
vt 0.46077 0.12000
vt 0.51836 0.12000
vt 0.57596 0.12000
vt 0.57596 0.12000
vt 0.51836 0.12000
vt 0.57596 0.12000
vt 0.63355 0.12000
vt 0.63355 0.12000
vt 0.57596 0.12000
vt 0.63355 0.12000
vt 0.69115 0.12000
vt 0.69115 0.12000
vt 0.63355 0.12000
vt -0.04750 -0.72000
vt 0.04750 -0.72000
vt 0.04750 0.72000
vt -0.04750 0.72000
vt -0.04750 0.72000
vt 0.04750 0.72000
vt 0.04750 -0.72000
vt -0.04750 -0.72000
vt -0.08750 0.72000
vt 0.08750 0.72000
vt 0.08750 -0.72000
vt -0.08750 -0.72000
vt -0.08750 -0.72000
vt 0.08750 -0.72000
vt 0.08750 0.72000
vt -0.08750 0.72000
vt -0.08750 -0.04750
vt 0.08750 -0.04750
vt 0.08750 0.04750
vt -0.08750 0.04750
vt -0.08750 0.04750
vt 0.08750 0.04750
vt 0.08750 -0.04750
vt -0.08750 -0.04750
vt 0.00000 0.00000
vt 0.21500 0.00000
vt 0.21500 0.02000
vt 0.00000 0.02000
vt 0.00000 0.00000
vt 0.21500 0.00000
vt 0.21500 0.02000
vt 0.00000 0.02000
vt 0.00000 0.00000
vt 0.21500 0.00000
vt 0.21500 0.02000
vt 0.00000 0.02000
vt 0.00000 0.00000
vt 0.21500 0.00000
vt 0.21500 0.02000
vt 0.00000 0.02000
vt 0.00000 0.00000
vt 0.13500 0.00000
vt 0.13500 0.02000
vt 0.00000 0.02000
vt 0.00000 0.00000
vt 0.13500 0.00000
vt 0.13500 0.02000
vt 0.00000 0.02000
vt 0.00000 0.00000
vt 0.13500 0.00000
vt 0.13500 0.02000
vt 0.00000 0.02000
vt 0.00000 0.00000
vt 0.13500 0.00000
vt 0.13500 0.02000
vt 0.00000 0.02000
vt 0.00000 0.00000
vt 1.48000 0.00000
vt 1.48000 0.02000
vt 0.00000 0.02000
vt 0.00000 0.00000
vt 1.48000 0.00000
vt 1.48000 0.02000
vt 0.00000 0.02000
vt 0.00000 0.00000
vt 1.48000 0.00000
vt 1.48000 0.02000
vt 0.00000 0.02000
vt 0.00000 0.00000
vt 1.48000 0.00000
vt 1.48000 0.02000
vt 0.00000 0.02000
vt 0.00000 0.00000
vt 0.02000 0.00000
vt 0.00000 0.02000
vt 0.00000 0.00000
vt 0.02000 0.00000
vt 0.00000 0.02000
vt 0.00000 0.00000
vt 0.02000 0.00000
vt 0.00000 0.02000
vt 0.00000 0.00000
vt 0.02000 0.00000
vt 0.00000 0.02000
vt 0.00000 0.00000
vt 0.02000 0.00000
vt 0.00000 0.02000
vt 0.00000 0.00000
vt 0.02000 0.00000
vt 0.00000 0.02000
vt 0.00000 0.00000
vt 0.02000 0.00000
vt 0.00000 0.02000
vt 0.00000 0.00000
vt 0.02000 0.00000
vt 0.00000 0.02000
vt 2.10000 -0.12375
vt 2.25000 -0.12375
vt 2.25000 -0.03625
vt 2.10000 -0.03625
vt -2.25000 -0.12375
vt -2.10000 -0.12375
vt -2.10000 -0.03625
vt -2.25000 -0.03625
vt -0.22500 2.10000
vt 0.22500 2.10000
vt 0.22500 2.25000
vt -0.22500 2.25000
vt -0.22500 -2.25000
vt 0.22500 -2.25000
vt 0.22500 -2.10000
vt -0.22500 -2.10000
vt -0.22500 -0.12375
vt 0.22500 -0.12375
vt 0.22500 -0.03625
vt -0.22500 -0.03625
vt -0.22500 -0.12375
vt 0.22500 -0.12375
vt 0.22500 -0.03625
vt -0.22500 -0.03625
vt 1.75000 -0.12375
vt 1.90000 -0.12375
vt 1.90000 -0.03625
vt 1.75000 -0.03625
vt -1.90000 -0.12375
vt -1.75000 -0.12375
vt -1.75000 -0.03625
vt -1.90000 -0.03625
vt -0.22500 1.75000
vt 0.22500 1.75000
vt 0.22500 1.90000
vt -0.22500 1.90000
vt -0.22500 -1.90000
vt 0.22500 -1.90000
vt 0.22500 -1.75000
vt -0.22500 -1.75000
vt -0.22500 -0.12375
vt 0.22500 -0.12375
vt 0.22500 -0.03625
vt -0.22500 -0.03625
vt -0.22500 -0.12375
vt 0.22500 -0.12375
vt 0.22500 -0.03625
vt -0.22500 -0.03625
vt 1.40000 -0.12375
vt 1.55000 -0.12375
vt 1.55000 -0.03625
vt 1.40000 -0.03625
vt -1.55000 -0.12375
vt -1.40000 -0.12375
vt -1.40000 -0.03625
vt -1.55000 -0.03625
vt -0.22500 1.40000
vt 0.22500 1.40000
vt 0.22500 1.55000
vt -0.22500 1.55000
vt -0.22500 -1.55000
vt 0.22500 -1.55000
vt 0.22500 -1.40000
vt -0.22500 -1.40000
vt -0.22500 -0.12375
vt 0.22500 -0.12375
vt 0.22500 -0.03625
vt -0.22500 -0.03625
vt -0.22500 -0.12375
vt 0.22500 -0.12375
vt 0.22500 -0.03625
vt -0.22500 -0.03625
vt 0.00000 0.00000
vt 0.25000 0.00000
vt 0.25000 0.22361
vt 0.00000 0.22361
vt 0.25000 0.00000
vt 0.38333 0.00000
vt 0.38333 0.22361
vt 0.25000 0.22361
vt 0.38333 0.00000
vt 0.63333 0.00000
vt 0.63333 0.22361
vt 0.38333 0.22361
vt 0.63333 0.00000
vt 0.76667 0.00000
vt 0.76667 0.22361
vt 0.63333 0.22361
vt 0.00000 0.22361
vt 0.25000 0.22361
vt 0.25000 0.49696
vt 0.00000 0.49696
vt 0.25000 0.22361
vt 0.38333 0.22361
vt 0.38333 0.49696
vt 0.25000 0.49696
vt 0.38333 0.22361
vt 0.63333 0.22361
vt 0.63333 0.49696
vt 0.38333 0.49696
vt 0.63333 0.22361
vt 0.76667 0.22361
vt 0.76667 0.49696
vt 0.63333 0.49696
vt 0.00000 0.49696
vt 0.25000 0.49696
vt 0.25000 0.78029
vt 0.00000 0.78029
vt 0.25000 0.49696
vt 0.38333 0.49696
vt 0.38333 0.78029
vt 0.25000 0.78029
vt 0.38333 0.49696
vt 0.63333 0.49696
vt 0.63333 0.78029
vt 0.38333 0.78029
vt 0.63333 0.49696
vt 0.76667 0.49696
vt 0.76667 0.78029
vt 0.63333 0.78029
vt 0.00000 0.78029
vt 0.25000 0.78029
vt 0.25000 0.98099
vt 0.00000 0.98099
vt 0.25000 0.78029
vt 0.38333 0.78029
vt 0.38333 0.98099
vt 0.25000 0.98099
vt 0.38333 0.78029
vt 0.63333 0.78029
vt 0.63333 0.98099
vt 0.38333 0.98099
vt 0.63333 0.78029
vt 0.76667 0.78029
vt 0.76667 0.98099
vt 0.63333 0.98099
vt -0.12500 0.06667
vt 0.12500 0.06667
vt 0.12500 -0.06667
vt -0.12500 -0.06667
vt -0.12500 -0.06667
vt 0.12500 -0.06667
vt 0.12500 0.06667
vt -0.12500 0.06667
vt 0.00000 0.00000
vt 0.22500 0.00000
vt 0.22500 0.20156
vt 0.00000 0.20156
vt 0.22500 0.00000
vt 0.40000 0.00000
vt 0.40000 0.20156
vt 0.22500 0.20156
vt 0.40000 0.00000
vt 0.62500 0.00000
vt 0.62500 0.20156
vt 0.40000 0.20156
vt 0.62500 0.00000
vt 0.80000 0.00000
vt 0.80000 0.20156
vt 0.62500 0.20156
vt 0.00000 0.20156
vt 0.22500 0.20156
vt 0.22500 0.40311
vt 0.00000 0.40311
vt 0.22500 0.20156
vt 0.40000 0.20156
vt 0.40000 0.40311
vt 0.22500 0.40311
vt 0.40000 0.20156
vt 0.62500 0.20156
vt 0.62500 0.40311
vt 0.40000 0.40311
vt 0.62500 0.20156
vt 0.80000 0.20156
vt 0.80000 0.40311
vt 0.62500 0.40311
vt -0.11250 0.08750
vt 0.11250 0.08750
vt 0.11250 -0.08750
vt -0.11250 -0.08750
vt -0.11250 -0.08750
vt 0.11250 -0.08750
vt 0.11250 0.08750
vt -0.11250 0.08750
vt -2.51250 0.32500
vt -2.28750 0.32500
vt -2.28750 0.90000
vt -2.51250 0.90000
vt 2.28750 0.32500
vt 2.51250 0.32500
vt 2.51250 0.90000
vt 2.28750 0.90000
vt -0.09375 -2.51250
vt 0.09375 -2.51250
vt 0.09375 -2.28750
vt -0.09375 -2.28750
vt -0.09375 2.28750
vt 0.09375 2.28750
vt 0.09375 2.51250
vt -0.09375 2.51250
vt -0.09375 0.32500
vt 0.09375 0.32500
vt 0.09375 0.90000
vt -0.09375 0.90000
vt -0.09375 0.32500
vt 0.09375 0.32500
vt 0.09375 0.90000
vt -0.09375 0.90000
vt -1.65833 0.00000
vt -1.47500 0.00000
vt -1.47500 0.26667
vt -1.65833 0.26667
vt 1.47500 0.00000
vt 1.65833 0.00000
vt 1.65833 0.26667
vt 1.47500 0.26667
vt -0.17500 -1.65833
vt 0.17500 -1.65833
vt 0.17500 -1.47500
vt -0.17500 -1.47500
vt -0.17500 1.47500
vt 0.17500 1.47500
vt 0.17500 1.65833
vt -0.17500 1.65833
vt -0.17500 0.00000
vt 0.17500 0.00000
vt 0.17500 0.26667
vt -0.17500 0.26667
vt -0.17500 0.00000
vt 0.17500 0.00000
vt 0.17500 0.26667
vt -0.17500 0.26667
vt -1.37917 -1.35625
vt -0.72917 -1.35625
vt -0.72917 -1.18819
vt -1.37917 -1.18819
vt 0.72917 -1.35625
vt 1.37917 -1.35625
vt 1.37917 -1.18819
vt 0.72917 -1.18819
vt -0.14514 -1.37917
vt 0.14514 -1.37917
vt 0.14514 -0.72917
vt -0.14514 -0.72917
vt -0.14514 0.72917
vt 0.14514 0.72917
vt 0.14514 1.37917
vt -0.14514 1.37917
vt -0.14514 -1.35625
vt 0.14514 -1.35625
vt 0.14514 -1.18819
vt -0.14514 -1.18819
vt -0.14514 -1.35625
vt 0.14514 -1.35625
vt 0.14514 -1.18819
vt -0.14514 -1.18819
vt -1.33750 -1.20069
vt -0.68750 -1.20069
vt -0.68750 -1.03264
vt -1.33750 -1.03264
vt 0.68750 -1.20069
vt 1.33750 -1.20069
vt 1.33750 -1.03264
vt 0.68750 -1.03264
vt -0.14653 -1.33750
vt 0.14653 -1.33750
vt 0.14653 -0.68750
vt -0.14653 -0.68750
vt -0.14653 0.68750
vt 0.14653 0.68750
vt 0.14653 1.33750
vt -0.14653 1.33750
vt -0.14653 -1.20069
vt 0.14653 -1.20069
vt 0.14653 -1.03264
vt -0.14653 -1.03264
vt -0.14653 -1.20069
vt 0.14653 -1.20069
vt 0.14653 -1.03264
vt -0.14653 -1.03264
vt -1.29583 -1.04514
vt -0.64583 -1.04514
vt -0.64583 -0.87708
vt -1.29583 -0.87708
vt 0.64583 -1.04514
vt 1.29583 -1.04514
vt 1.29583 -0.87708
vt 0.64583 -0.87708
vt -0.14792 -1.29583
vt 0.14792 -1.29583
vt 0.14792 -0.64583
vt -0.14792 -0.64583
vt -0.14792 0.64583
vt 0.14792 0.64583
vt 0.14792 1.29583
vt -0.14792 1.29583
vt -0.14792 -1.04514
vt 0.14792 -1.04514
vt 0.14792 -0.87708
vt -0.14792 -0.87708
vt -0.14792 -1.04514
vt 0.14792 -1.04514
vt 0.14792 -0.87708
vt -0.14792 -0.87708
vt -1.25417 -0.88958
vt -0.60417 -0.88958
vt -0.60417 -0.72153
vt -1.25417 -0.72153
vt 0.60417 -0.88958
vt 1.25417 -0.88958
vt 1.25417 -0.72153
vt 0.60417 -0.72153
vt -0.14931 -1.25417
vt 0.14931 -1.25417
vt 0.14931 -0.60417
vt -0.14931 -0.60417
vt -0.14931 0.60417
vt 0.14931 0.60417
vt 0.14931 1.25417
vt -0.14931 1.25417
vt -0.14931 -0.88958
vt 0.14931 -0.88958
vt 0.14931 -0.72153
vt -0.14931 -0.72153
vt -0.14931 -0.88958
vt 0.14931 -0.88958
vt 0.14931 -0.72153
vt -0.14931 -0.72153
vt -1.21250 -0.73403
vt -0.56250 -0.73403
vt -0.56250 -0.56597
vt -1.21250 -0.56597
vt 0.56250 -0.73403
vt 1.21250 -0.73403
vt 1.21250 -0.56597
vt 0.56250 -0.56597
vt -0.15069 -1.21250
vt 0.15069 -1.21250
vt 0.15069 -0.56250
vt -0.15069 -0.56250
vt -0.15069 0.56250
vt 0.15069 0.56250
vt 0.15069 1.21250
vt -0.15069 1.21250
vt -0.15069 -0.73403
vt 0.15069 -0.73403
vt 0.15069 -0.56597
vt -0.15069 -0.56597
vt -0.15069 -0.73403
vt 0.15069 -0.73403
vt 0.15069 -0.56597
vt -0.15069 -0.56597
vt -1.17083 -0.57847
vt -0.52083 -0.57847
vt -0.52083 -0.41042
vt -1.17083 -0.41042
vt 0.52083 -0.57847
vt 1.17083 -0.57847
vt 1.17083 -0.41042
vt 0.52083 -0.41042
vt -0.15208 -1.17083
vt 0.15208 -1.17083
vt 0.15208 -0.52083
vt -0.15208 -0.52083
vt -0.15208 0.52083
vt 0.15208 0.52083
vt 0.15208 1.17083
vt -0.15208 1.17083
vt -0.15208 -0.57847
vt 0.15208 -0.57847
vt 0.15208 -0.41042
vt -0.15208 -0.41042
vt -0.15208 -0.57847
vt 0.15208 -0.57847
vt 0.15208 -0.41042
vt -0.15208 -0.41042
vt -1.12917 -0.42292
vt -0.47917 -0.42292
vt -0.47917 -0.25486
vt -1.12917 -0.25486
vt 0.47917 -0.42292
vt 1.12917 -0.42292
vt 1.12917 -0.25486
vt 0.47917 -0.25486
vt -0.15347 -1.12917
vt 0.15347 -1.12917
vt 0.15347 -0.47917
vt -0.15347 -0.47917
vt -0.15347 0.47917
vt 0.15347 0.47917
vt 0.15347 1.12917
vt -0.15347 1.12917
vt -0.15347 -0.42292
vt 0.15347 -0.42292
vt 0.15347 -0.25486
vt -0.15347 -0.25486
vt -0.15347 -0.42292
vt 0.15347 -0.42292
vt 0.15347 -0.25486
vt -0.15347 -0.25486
vt -1.08750 -0.26736
vt -0.43750 -0.26736
vt -0.43750 -0.09931
vt -1.08750 -0.09931
vt 0.43750 -0.26736
vt 1.08750 -0.26736
vt 1.08750 -0.09931
vt 0.43750 -0.09931
vt -0.15486 -1.08750
vt 0.15486 -1.08750
vt 0.15486 -0.43750
vt -0.15486 -0.43750
vt -0.15486 0.43750
vt 0.15486 0.43750
vt 0.15486 1.08750
vt -0.15486 1.08750
vt -0.15486 -0.26736
vt 0.15486 -0.26736
vt 0.15486 -0.09931
vt -0.15486 -0.09931
vt -0.15486 -0.26736
vt 0.15486 -0.26736
vt 0.15486 -0.09931
vt -0.15486 -0.09931
vt -1.04583 -0.11181
vt -0.39583 -0.11181
vt -0.39583 0.05625
vt -1.04583 0.05625
vt 0.39583 -0.11181
vt 1.04583 -0.11181
vt 1.04583 0.05625
vt 0.39583 0.05625
vt -0.15625 -1.04583
vt 0.15625 -1.04583
vt 0.15625 -0.39583
vt -0.15625 -0.39583
vt -0.15625 0.39583
vt 0.15625 0.39583
vt 0.15625 1.04583
vt -0.15625 1.04583
vt -0.15625 -0.11181
vt 0.15625 -0.11181
vt 0.15625 0.05625
vt -0.15625 0.05625
vt -0.15625 -0.11181
vt 0.15625 -0.11181
vt 0.15625 0.05625
vt -0.15625 0.05625
vt -2.70000 -2.56250
vt -1.60000 -2.56250
vt -1.60000 -2.33750
vt -2.70000 -2.33750
vt 1.60000 -2.56250
vt 2.70000 -2.56250
vt 2.70000 -2.33750
vt 1.60000 -2.33750
vt -0.36000 -2.70000
vt -0.28000 -2.70000
vt -0.28000 -1.60000
vt -0.36000 -1.60000
vt -0.36000 1.60000
vt -0.28000 1.60000
vt -0.28000 2.70000
vt -0.36000 2.70000
vt -0.36000 -2.56250
vt -0.28000 -2.56250
vt -0.28000 -2.33750
vt -0.36000 -2.33750
vt 0.28000 -2.56250
vt 0.36000 -2.56250
vt 0.36000 -2.33750
vt 0.28000 -2.33750
vt -2.60625 -2.26875
vt -1.50625 -2.26875
vt -1.50625 -2.04375
vt -2.60625 -2.04375
vt 1.50625 -2.26875
vt 2.60625 -2.26875
vt 2.60625 -2.04375
vt 1.50625 -2.04375
vt -0.36000 -2.60625
vt -0.28000 -2.60625
vt -0.28000 -1.50625
vt -0.36000 -1.50625
vt -0.36000 1.50625
vt -0.28000 1.50625
vt -0.28000 2.60625
vt -0.36000 2.60625
vt -0.36000 -2.26875
vt -0.28000 -2.26875
vt -0.28000 -2.04375
vt -0.36000 -2.04375
vt 0.28000 -2.26875
vt 0.36000 -2.26875
vt 0.36000 -2.04375
vt 0.28000 -2.04375
vt -2.51250 -1.97500
vt -1.41250 -1.97500
vt -1.41250 -1.75000
vt -2.51250 -1.75000
vt 1.41250 -1.97500
vt 2.51250 -1.97500
vt 2.51250 -1.75000
vt 1.41250 -1.75000
vt -0.36000 -2.51250
vt -0.28000 -2.51250
vt -0.28000 -1.41250
vt -0.36000 -1.41250
vt -0.36000 1.41250
vt -0.28000 1.41250
vt -0.28000 2.51250
vt -0.36000 2.51250
vt -0.36000 -1.97500
vt -0.28000 -1.97500
vt -0.28000 -1.75000
vt -0.36000 -1.75000
vt 0.28000 -1.97500
vt 0.36000 -1.97500
vt 0.36000 -1.75000
vt 0.28000 -1.75000
vt -2.41875 -1.68125
vt -1.31875 -1.68125
vt -1.31875 -1.45625
vt -2.41875 -1.45625
vt 1.31875 -1.68125
vt 2.41875 -1.68125
vt 2.41875 -1.45625
vt 1.31875 -1.45625
vt -0.36000 -2.41875
vt -0.28000 -2.41875
vt -0.28000 -1.31875
vt -0.36000 -1.31875
vt -0.36000 1.31875
vt -0.28000 1.31875
vt -0.28000 2.41875
vt -0.36000 2.41875
vt -0.36000 -1.68125
vt -0.28000 -1.68125
vt -0.28000 -1.45625
vt -0.36000 -1.45625
vt 0.28000 -1.68125
vt 0.36000 -1.68125
vt 0.36000 -1.45625
vt 0.28000 -1.45625
vt -2.32500 -1.38750
vt -1.22500 -1.38750
vt -1.22500 -1.16250
vt -2.32500 -1.16250
vt 1.22500 -1.38750
vt 2.32500 -1.38750
vt 2.32500 -1.16250
vt 1.22500 -1.16250
vt -0.36000 -2.32500
vt -0.28000 -2.32500
vt -0.28000 -1.22500
vt -0.36000 -1.22500
vt -0.36000 1.22500
vt -0.28000 1.22500
vt -0.28000 2.32500
vt -0.36000 2.32500
vt -0.36000 -1.38750
vt -0.28000 -1.38750
vt -0.28000 -1.16250
vt -0.36000 -1.16250
vt 0.28000 -1.38750
vt 0.36000 -1.38750
vt 0.36000 -1.16250
vt 0.28000 -1.16250
vt -2.23125 -1.09375
vt -1.13125 -1.09375
vt -1.13125 -0.86875
vt -2.23125 -0.86875
vt 1.13125 -1.09375
vt 2.23125 -1.09375
vt 2.23125 -0.86875
vt 1.13125 -0.86875
vt -0.36000 -2.23125
vt -0.28000 -2.23125
vt -0.28000 -1.13125
vt -0.36000 -1.13125
vt -0.36000 1.13125
vt -0.28000 1.13125
vt -0.28000 2.23125
vt -0.36000 2.23125
vt -0.36000 -1.09375
vt -0.28000 -1.09375
vt -0.28000 -0.86875
vt -0.36000 -0.86875
vt 0.28000 -1.09375
vt 0.36000 -1.09375
vt 0.36000 -0.86875
vt 0.28000 -0.86875
vt -2.13750 -0.80000
vt -1.03750 -0.80000
vt -1.03750 -0.57500
vt -2.13750 -0.57500
vt 1.03750 -0.80000
vt 2.13750 -0.80000
vt 2.13750 -0.57500
vt 1.03750 -0.57500
vt -0.36000 -2.13750
vt -0.28000 -2.13750
vt -0.28000 -1.03750
vt -0.36000 -1.03750
vt -0.36000 1.03750
vt -0.28000 1.03750
vt -0.28000 2.13750
vt -0.36000 2.13750
vt -0.36000 -0.80000
vt -0.28000 -0.80000
vt -0.28000 -0.57500
vt -0.36000 -0.57500
vt 0.28000 -0.80000
vt 0.36000 -0.80000
vt 0.36000 -0.57500
vt 0.28000 -0.57500
vt -2.04375 -0.50625
vt -0.94375 -0.50625
vt -0.94375 -0.28125
vt -2.04375 -0.28125
vt 0.94375 -0.50625
vt 2.04375 -0.50625
vt 2.04375 -0.28125
vt 0.94375 -0.28125
vt -0.36000 -2.04375
vt -0.28000 -2.04375
vt -0.28000 -0.94375
vt -0.36000 -0.94375
vt -0.36000 0.94375
vt -0.28000 0.94375
vt -0.28000 2.04375
vt -0.36000 2.04375
vt -0.36000 -0.50625
vt -0.28000 -0.50625
vt -0.28000 -0.28125
vt -0.36000 -0.28125
vt 0.28000 -0.50625
vt 0.36000 -0.50625
vt 0.36000 -0.28125
vt 0.28000 -0.28125
vt -2.70000 -2.56250
vt -1.60000 -2.56250
vt -1.60000 -2.33750
vt -2.70000 -2.33750
vt 1.60000 -2.56250
vt 2.70000 -2.56250
vt 2.70000 -2.33750
vt 1.60000 -2.33750
vt 0.28000 -2.70000
vt 0.36000 -2.70000
vt 0.36000 -1.60000
vt 0.28000 -1.60000
vt 0.28000 1.60000
vt 0.36000 1.60000
vt 0.36000 2.70000
vt 0.28000 2.70000
vt 0.28000 -2.56250
vt 0.36000 -2.56250
vt 0.36000 -2.33750
vt 0.28000 -2.33750
vt -0.36000 -2.56250
vt -0.28000 -2.56250
vt -0.28000 -2.33750
vt -0.36000 -2.33750
vt -2.60625 -2.26875
vt -1.50625 -2.26875
vt -1.50625 -2.04375
vt -2.60625 -2.04375
vt 1.50625 -2.26875
vt 2.60625 -2.26875
vt 2.60625 -2.04375
vt 1.50625 -2.04375
vt 0.28000 -2.60625
vt 0.36000 -2.60625
vt 0.36000 -1.50625
vt 0.28000 -1.50625
vt 0.28000 1.50625
vt 0.36000 1.50625
vt 0.36000 2.60625
vt 0.28000 2.60625
vt 0.28000 -2.26875
vt 0.36000 -2.26875
vt 0.36000 -2.04375
vt 0.28000 -2.04375
vt -0.36000 -2.26875
vt -0.28000 -2.26875
vt -0.28000 -2.04375
vt -0.36000 -2.04375
vt -2.51250 -1.97500
vt -1.41250 -1.97500
vt -1.41250 -1.75000
vt -2.51250 -1.75000
vt 1.41250 -1.97500
vt 2.51250 -1.97500
vt 2.51250 -1.75000
vt 1.41250 -1.75000
vt 0.28000 -2.51250
vt 0.36000 -2.51250
vt 0.36000 -1.41250
vt 0.28000 -1.41250
vt 0.28000 1.41250
vt 0.36000 1.41250
vt 0.36000 2.51250
vt 0.28000 2.51250
vt 0.28000 -1.97500
vt 0.36000 -1.97500
vt 0.36000 -1.75000
vt 0.28000 -1.75000
vt -0.36000 -1.97500
vt -0.28000 -1.97500
vt -0.28000 -1.75000
vt -0.36000 -1.75000
vt -2.41875 -1.68125
vt -1.31875 -1.68125
vt -1.31875 -1.45625
vt -2.41875 -1.45625
vt 1.31875 -1.68125
vt 2.41875 -1.68125
vt 2.41875 -1.45625
vt 1.31875 -1.45625
vt 0.28000 -2.41875
vt 0.36000 -2.41875
vt 0.36000 -1.31875
vt 0.28000 -1.31875
vt 0.28000 1.31875
vt 0.36000 1.31875
vt 0.36000 2.41875
vt 0.28000 2.41875
vt 0.28000 -1.68125
vt 0.36000 -1.68125
vt 0.36000 -1.45625
vt 0.28000 -1.45625
vt -0.36000 -1.68125
vt -0.28000 -1.68125
vt -0.28000 -1.45625
vt -0.36000 -1.45625
vt -2.32500 -1.38750
vt -1.22500 -1.38750
vt -1.22500 -1.16250
vt -2.32500 -1.16250
vt 1.22500 -1.38750
vt 2.32500 -1.38750
vt 2.32500 -1.16250
vt 1.22500 -1.16250
vt 0.28000 -2.32500
vt 0.36000 -2.32500
vt 0.36000 -1.22500
vt 0.28000 -1.22500
vt 0.28000 1.22500
vt 0.36000 1.22500
vt 0.36000 2.32500
vt 0.28000 2.32500
vt 0.28000 -1.38750
vt 0.36000 -1.38750
vt 0.36000 -1.16250
vt 0.28000 -1.16250
vt -0.36000 -1.38750
vt -0.28000 -1.38750
vt -0.28000 -1.16250
vt -0.36000 -1.16250
vt -2.23125 -1.09375
vt -1.13125 -1.09375
vt -1.13125 -0.86875
vt -2.23125 -0.86875
vt 1.13125 -1.09375
vt 2.23125 -1.09375
vt 2.23125 -0.86875
vt 1.13125 -0.86875
vt 0.28000 -2.23125
vt 0.36000 -2.23125
vt 0.36000 -1.13125
vt 0.28000 -1.13125
vt 0.28000 1.13125
vt 0.36000 1.13125
vt 0.36000 2.23125
vt 0.28000 2.23125
vt 0.28000 -1.09375
vt 0.36000 -1.09375
vt 0.36000 -0.86875
vt 0.28000 -0.86875
vt -0.36000 -1.09375
vt -0.28000 -1.09375
vt -0.28000 -0.86875
vt -0.36000 -0.86875
vt -2.13750 -0.80000
vt -1.03750 -0.80000
vt -1.03750 -0.57500
vt -2.13750 -0.57500
vt 1.03750 -0.80000
vt 2.13750 -0.80000
vt 2.13750 -0.57500
vt 1.03750 -0.57500
vt 0.28000 -2.13750
vt 0.36000 -2.13750
vt 0.36000 -1.03750
vt 0.28000 -1.03750
vt 0.28000 1.03750
vt 0.36000 1.03750
vt 0.36000 2.13750
vt 0.28000 2.13750
vt 0.28000 -0.80000
vt 0.36000 -0.80000
vt 0.36000 -0.57500
vt 0.28000 -0.57500
vt -0.36000 -0.80000
vt -0.28000 -0.80000
vt -0.28000 -0.57500
vt -0.36000 -0.57500
vt -2.04375 -0.50625
vt -0.94375 -0.50625
vt -0.94375 -0.28125
vt -2.04375 -0.28125
vt 0.94375 -0.50625
vt 2.04375 -0.50625
vt 2.04375 -0.28125
vt 0.94375 -0.28125
vt 0.28000 -2.04375
vt 0.36000 -2.04375
vt 0.36000 -0.94375
vt 0.28000 -0.94375
vt 0.28000 0.94375
vt 0.36000 0.94375
vt 0.36000 2.04375
vt 0.28000 2.04375
vt 0.28000 -0.50625
vt 0.36000 -0.50625
vt 0.36000 -0.28125
vt 0.28000 -0.28125
vt -0.36000 -0.50625
vt -0.28000 -0.50625
vt -0.28000 -0.28125
vt -0.36000 -0.28125
vt -2.28000 -2.32000
vt -1.16000 -2.32000
vt -1.16000 -2.16000
vt -2.28000 -2.16000
vt 1.16000 -2.32000
vt 2.28000 -2.32000
vt 2.28000 -2.16000
vt 1.16000 -2.16000
vt -0.26500 -2.28000
vt 0.26500 -2.28000
vt 0.26500 -1.16000
vt -0.26500 -1.16000
vt -0.26500 1.16000
vt 0.26500 1.16000
vt 0.26500 2.28000
vt -0.26500 2.28000
vt -0.26500 -2.32000
vt 0.26500 -2.32000
vt 0.26500 -2.16000
vt -0.26500 -2.16000
vt -0.26500 -2.32000
vt 0.26500 -2.32000
vt 0.26500 -2.16000
vt -0.26500 -2.16000
vt -2.87500 -2.77500
vt -2.77500 -2.77500
vt -2.77500 -2.32500
vt -2.87500 -2.32500
vt 2.77500 -2.77500
vt 2.87500 -2.77500
vt 2.87500 -2.32500
vt 2.77500 -2.32500
vt -0.22500 -2.87500
vt 0.22500 -2.87500
vt 0.22500 -2.77500
vt -0.22500 -2.77500
vt -0.22500 2.77500
vt 0.22500 2.77500
vt 0.22500 2.87500
vt -0.22500 2.87500
vt -0.22500 -2.77500
vt 0.22500 -2.77500
vt 0.22500 -2.32500
vt -0.22500 -2.32500
vt -0.22500 -2.77500
vt 0.22500 -2.77500
vt 0.22500 -2.32500
vt -0.22500 -2.32500
vt 0.00000 0.00000
vt 0.11519 0.00000
vt 0.11519 0.00000
vt 0.00000 0.00000
vt 0.11519 0.00000
vt 0.23038 0.00000
vt 0.23038 0.00000
vt 0.11519 0.00000
vt 0.23038 0.00000
vt 0.34558 0.00000
vt 0.34558 0.00000
vt 0.23038 0.00000
vt 0.34558 0.00000
vt 0.46077 0.00000
vt 0.46077 0.00000
vt 0.34558 0.00000
vt 0.46077 0.00000
vt 0.57596 0.00000
vt 0.57596 0.00000
vt 0.46077 0.00000
vt 0.57596 0.00000
vt 0.69115 0.00000
vt 0.69115 0.00000
vt 0.57596 0.00000
vt 0.69115 0.00000
vt 0.80634 0.00000
vt 0.80634 0.00000
vt 0.69115 0.00000
vt 0.80634 0.00000
vt 0.92153 0.00000
vt 0.92153 0.00000
vt 0.80634 0.00000
vt 0.92153 0.00000
vt 1.03673 0.00000
vt 1.03673 0.00000
vt 0.92153 0.00000
vt 1.03673 0.00000
vt 1.15192 0.00000
vt 1.15192 0.00000
vt 1.03673 0.00000
vt 0.00000 0.00000
vt 0.11519 0.00000
vt 0.11519 0.13333
vt 0.00000 0.13333
vt 0.11519 0.00000
vt 0.23038 0.00000
vt 0.23038 0.13333
vt 0.11519 0.13333
vt 0.23038 0.00000
vt 0.34558 0.00000
vt 0.34558 0.13333
vt 0.23038 0.13333
vt 0.34558 0.00000
vt 0.46077 0.00000
vt 0.46077 0.13333
vt 0.34558 0.13333
vt 0.46077 0.00000
vt 0.57596 0.00000
vt 0.57596 0.13333
vt 0.46077 0.13333
vt 0.57596 0.00000
vt 0.69115 0.00000
vt 0.69115 0.13333
vt 0.57596 0.13333
vt 0.69115 0.00000
vt 0.80634 0.00000
vt 0.80634 0.13333
vt 0.69115 0.13333
vt 0.80634 0.00000
vt 0.92153 0.00000
vt 0.92153 0.13333
vt 0.80634 0.13333
vt 0.92153 0.00000
vt 1.03673 0.00000
vt 1.03673 0.13333
vt 0.92153 0.13333
vt 1.03673 0.00000
vt 1.15192 0.00000
vt 1.15192 0.13333
vt 1.03673 0.13333
vt 0.18333 0.00000
vt 0.14832 0.10776
vt 0.05665 0.17436
vt -0.05665 0.17436
vt -0.14832 0.10776
vt -0.18333 0.00000
vt -0.14832 -0.10776
vt -0.05665 -0.17436
vt 0.05665 -0.17436
vt 0.14832 -0.10776
vt -1.32500 0.09375
vt -0.57500 0.09375
vt -0.57500 0.28125
vt -1.32500 0.28125
vt 0.57500 0.09375
vt 1.32500 0.09375
vt 1.32500 0.28125
vt 0.57500 0.28125
vt -0.35000 -1.32500
vt -0.25000 -1.32500
vt -0.25000 -0.57500
vt -0.35000 -0.57500
vt -0.35000 0.57500
vt -0.25000 0.57500
vt -0.25000 1.32500
vt -0.35000 1.32500
vt -0.35000 0.09375
vt -0.25000 0.09375
vt -0.25000 0.28125
vt -0.35000 0.28125
vt 0.25000 0.09375
vt 0.35000 0.09375
vt 0.35000 0.28125
vt 0.25000 0.28125
vn 1.00000 0.00000 0.00000
vn -1.00000 0.00000 0.00000
vn 0.00000 1.00000 0.00000
vn 0.00000 -1.00000 0.00000
vn 0.00000 0.00000 1.00000
vn 0.00000 0.00000 -1.00000
vn -0.00000 0.70711 0.70711
vn 0.00000 -0.70711 0.70711
vn 0.00000 0.70711 -0.70711
vn -0.00000 -0.70711 -0.70711
vn -0.70711 0.00000 -0.70711
vn 0.70711 -0.00000 -0.70711
vn -0.70711 -0.00000 0.70711
vn 0.70711 0.00000 0.70711
vn 0.70711 0.70711 -0.00000
vn -0.70711 0.70711 0.00000
vn 0.70711 -0.70711 0.00000
vn -0.70711 -0.70711 -0.00000
vn 0.57735 0.57735 0.57735
vn -0.57735 -0.57735 0.57735
vn -0.57735 0.57735 -0.57735
vn 0.57735 -0.57735 -0.57735
vn 0.57735 -0.57735 -0.57735
vn -0.57735 0.57735 -0.57735
vn -0.57735 -0.57735 0.57735
vn 0.57735 0.57735 0.57735
vn 1.00000 0.00000 0.00000
vn -1.00000 0.00000 0.00000
vn 0.00000 1.00000 0.00000
vn 0.00000 -1.00000 0.00000
vn 0.00000 0.00000 1.00000
vn 0.00000 0.00000 -1.00000
vn 1.00000 0.00000 0.00000
vn -1.00000 0.00000 0.00000
vn 0.00000 1.00000 0.00000
vn 0.00000 -1.00000 0.00000
vn 0.00000 0.00000 1.00000
vn 0.00000 0.00000 -1.00000
vn 1.00000 0.00000 0.00000
vn -1.00000 0.00000 0.00000
vn 0.00000 1.00000 0.00000
vn 0.00000 -1.00000 0.00000
vn 0.00000 0.00000 1.00000
vn 0.00000 0.00000 -1.00000
vn 1.00000 0.00000 0.00000
vn -1.00000 0.00000 0.00000
vn 0.00000 1.00000 0.00000
vn 0.00000 -1.00000 0.00000
vn 0.00000 0.00000 1.00000
vn 0.00000 0.00000 -1.00000
vn 1.00000 0.00000 0.00000
vn -1.00000 0.00000 0.00000
vn 0.00000 1.00000 0.00000
vn 0.00000 -1.00000 0.00000
vn 0.00000 0.00000 1.00000
vn 0.00000 0.00000 -1.00000
vn 1.00000 0.00000 0.00000
vn -1.00000 0.00000 0.00000
vn 0.00000 1.00000 0.00000
vn 0.00000 -1.00000 0.00000
vn 0.00000 0.00000 1.00000
vn 0.00000 0.00000 -1.00000
vn 1.00000 0.00000 0.00000
vn -1.00000 0.00000 0.00000
vn 0.00000 1.00000 0.00000
vn 0.00000 -1.00000 0.00000
vn 0.00000 0.00000 1.00000
vn 0.00000 0.00000 -1.00000
vn 1.00000 0.00000 0.00000
vn -1.00000 0.00000 0.00000
vn 0.00000 1.00000 0.00000
vn 0.00000 -1.00000 0.00000
vn 0.00000 0.00000 1.00000
vn 0.00000 0.00000 -1.00000
vn 1.00000 0.00000 0.00000
vn -1.00000 0.00000 0.00000
vn 0.00000 1.00000 0.00000
vn 0.00000 -1.00000 0.00000
vn 0.00000 0.00000 1.00000
vn 0.00000 0.00000 -1.00000
vn 1.00000 0.00000 0.00000
vn -1.00000 0.00000 0.00000
vn 0.00000 1.00000 0.00000
vn 0.00000 -1.00000 0.00000
vn 0.00000 0.00000 1.00000
vn 0.00000 0.00000 -1.00000
vn 1.00000 0.00000 0.00000
vn -1.00000 0.00000 0.00000
vn 0.00000 1.00000 0.00000
vn 0.00000 -1.00000 0.00000
vn 0.00000 0.00000 1.00000
vn 0.00000 0.00000 -1.00000
vn 0.00000 0.00000 -1.00000
vn 0.00000 0.00000 -1.00000
vn 0.00000 0.00000 -1.00000
vn 0.00000 0.00000 -1.00000
vn 0.00000 0.00000 -1.00000
vn 0.00000 0.00000 -1.00000
vn 0.00000 0.00000 -1.00000
vn 0.00000 0.00000 -1.00000
vn 0.00000 0.00000 -1.00000
vn 0.00000 0.00000 -1.00000
vn 0.00000 0.00000 -1.00000
vn 0.00000 0.00000 -1.00000
vn 0.00000 0.00000 -1.00000
vn 0.00000 0.00000 -1.00000
vn 0.00000 0.00000 -1.00000
vn 0.00000 0.00000 -1.00000
vn 0.00000 0.00000 -1.00000
vn -0.00000 0.00000 -1.00000
vn -0.00000 0.00000 -1.00000
vn 0.00000 0.00000 -1.00000
vn -0.00000 0.00000 -1.00000
vn -0.00000 0.00000 -1.00000
vn -0.00000 0.00000 -1.00000
vn -0.00000 0.00000 -1.00000
vn -0.00000 0.00000 -1.00000
vn -0.00000 0.00000 -1.00000
vn -0.00000 0.00000 -1.00000
vn -0.00000 0.00000 -1.00000
vn -0.00000 0.00000 -1.00000
vn -0.00000 0.00000 -1.00000
vn -0.00000 0.00000 -1.00000
vn -0.00000 0.00000 -1.00000
vn -0.00000 0.00000 -1.00000
vn -0.00000 -0.00000 -1.00000
vn -0.00000 -0.00000 -1.00000
vn -0.00000 0.00000 -1.00000
vn -0.00000 -0.00000 -1.00000
vn -0.00000 -0.00000 -1.00000
vn -0.00000 -0.00000 -1.00000
vn -0.00000 -0.00000 -1.00000
vn -0.00000 -0.00000 -1.00000
vn -0.00000 -0.00000 -1.00000
vn -0.00000 -0.00000 -1.00000
vn -0.00000 -0.00000 -1.00000
vn -0.00000 -0.00000 -1.00000
vn -0.00000 -0.00000 -1.00000
vn -0.00000 -0.00000 -1.00000
vn -0.00000 -0.00000 -1.00000
vn -0.00000 -0.00000 -1.00000
vn 0.00000 -0.00000 -1.00000
vn 0.00000 -0.00000 -1.00000
vn -0.00000 -0.00000 -1.00000
vn 0.00000 -0.00000 -1.00000
vn 0.00000 -0.00000 -1.00000
vn 0.00000 -0.00000 -1.00000
vn 0.00000 -0.00000 -1.00000
vn 0.00000 -0.00000 -1.00000
vn 0.00000 -0.00000 -1.00000
vn 0.00000 -0.00000 -1.00000
vn 0.00000 -0.00000 -1.00000
vn 0.00000 -0.00000 -1.00000
vn 0.00000 -0.00000 -1.00000
vn 0.00000 -0.00000 -1.00000
vn 0.00000 -0.00000 -1.00000
vn 1.00000 0.00000 -0.00000
vn 0.92388 0.38268 -0.00000
vn 0.92388 0.38268 -0.00000
vn 1.00000 0.00000 -0.00000
vn 0.92388 0.38268 -0.00000
vn 0.70711 0.70711 -0.00000
vn 0.70711 0.70711 -0.00000
vn 0.92388 0.38268 -0.00000
vn 0.70711 0.70711 -0.00000
vn 0.38268 0.92388 -0.00000
vn 0.38268 0.92388 -0.00000
vn 0.70711 0.70711 -0.00000
vn 0.38268 0.92388 -0.00000
vn 0.00000 1.00000 -0.00000
vn 0.00000 1.00000 -0.00000
vn 0.38268 0.92388 -0.00000
vn 0.00000 1.00000 -0.00000
vn -0.38268 0.92388 -0.00000
vn -0.38268 0.92388 -0.00000
vn 0.00000 1.00000 -0.00000
vn -0.38268 0.92388 -0.00000
vn -0.70711 0.70711 -0.00000
vn -0.70711 0.70711 -0.00000
vn -0.38268 0.92388 -0.00000
vn -0.70711 0.70711 -0.00000
vn -0.92388 0.38268 -0.00000
vn -0.92388 0.38268 -0.00000
vn -0.70711 0.70711 -0.00000
vn -0.92388 0.38268 -0.00000
vn -1.00000 0.00000 -0.00000
vn -1.00000 0.00000 -0.00000
vn -0.92388 0.38268 -0.00000
vn -1.00000 0.00000 -0.00000
vn -0.92388 -0.38268 -0.00000
vn -0.92388 -0.38268 -0.00000
vn -1.00000 0.00000 -0.00000
vn -0.92388 -0.38268 -0.00000
vn -0.70711 -0.70711 -0.00000
vn -0.70711 -0.70711 -0.00000
vn -0.92388 -0.38268 -0.00000
vn -0.70711 -0.70711 -0.00000
vn -0.38268 -0.92388 -0.00000
vn -0.38268 -0.92388 -0.00000
vn -0.70711 -0.70711 -0.00000
vn -0.38268 -0.92388 -0.00000
vn -0.00000 -1.00000 -0.00000
vn -0.00000 -1.00000 -0.00000
vn -0.38268 -0.92388 -0.00000
vn -0.00000 -1.00000 -0.00000
vn 0.38268 -0.92388 -0.00000
vn 0.38268 -0.92388 -0.00000
vn -0.00000 -1.00000 -0.00000
vn 0.38268 -0.92388 -0.00000
vn 0.70711 -0.70711 -0.00000
vn 0.70711 -0.70711 -0.00000
vn 0.38268 -0.92388 -0.00000
vn 0.70711 -0.70711 -0.00000
vn 0.92388 -0.38268 -0.00000
vn 0.92388 -0.38268 -0.00000
vn 0.70711 -0.70711 -0.00000
vn 0.92388 -0.38268 -0.00000
vn 1.00000 -0.00000 -0.00000
vn 1.00000 -0.00000 -0.00000
vn 0.92388 -0.38268 -0.00000
vn 0.00000 0.00000 1.00000
vn 0.00000 0.00000 1.00000
vn 0.00000 0.00000 1.00000
vn 0.00000 0.00000 1.00000
vn 0.00000 0.00000 1.00000
vn 0.00000 0.00000 1.00000
vn 0.00000 0.00000 1.00000
vn 0.00000 0.00000 1.00000
vn 0.00000 0.00000 1.00000
vn 0.00000 0.00000 1.00000
vn 0.00000 0.00000 1.00000
vn 0.00000 0.00000 1.00000
vn 0.00000 0.00000 1.00000
vn 0.00000 0.00000 1.00000
vn 0.00000 0.00000 1.00000
vn 0.00000 0.00000 1.00000
vn 0.00000 0.00000 1.00000
vn -0.00000 0.00000 1.00000
vn -0.00000 0.00000 1.00000
vn 0.00000 0.00000 1.00000
vn -0.00000 0.00000 1.00000
vn -0.00000 0.00000 1.00000
vn -0.00000 0.00000 1.00000
vn -0.00000 0.00000 1.00000
vn -0.00000 0.00000 1.00000
vn -0.00000 0.00000 1.00000
vn -0.00000 0.00000 1.00000
vn -0.00000 0.00000 1.00000
vn -0.00000 0.00000 1.00000
vn -0.00000 0.00000 1.00000
vn -0.00000 0.00000 1.00000
vn -0.00000 0.00000 1.00000
vn -0.00000 0.00000 1.00000
vn -0.00000 -0.00000 1.00000
vn -0.00000 -0.00000 1.00000
vn -0.00000 0.00000 1.00000
vn -0.00000 -0.00000 1.00000
vn -0.00000 -0.00000 1.00000
vn -0.00000 -0.00000 1.00000
vn -0.00000 -0.00000 1.00000
vn -0.00000 -0.00000 1.00000
vn -0.00000 -0.00000 1.00000
vn -0.00000 -0.00000 1.00000
vn -0.00000 -0.00000 1.00000
vn -0.00000 -0.00000 1.00000
vn -0.00000 -0.00000 1.00000
vn -0.00000 -0.00000 1.00000
vn -0.00000 -0.00000 1.00000
vn -0.00000 -0.00000 1.00000
vn 0.00000 -0.00000 1.00000
vn 0.00000 -0.00000 1.00000
vn -0.00000 -0.00000 1.00000
vn 0.00000 -0.00000 1.00000
vn 0.00000 -0.00000 1.00000
vn 0.00000 -0.00000 1.00000
vn 0.00000 -0.00000 1.00000
vn 0.00000 -0.00000 1.00000
vn 0.00000 -0.00000 1.00000
vn 0.00000 -0.00000 1.00000
vn 0.00000 -0.00000 1.00000
vn 0.00000 -0.00000 1.00000
vn 0.00000 -0.00000 1.00000
vn 0.00000 -0.00000 1.00000
vn 0.00000 -0.00000 1.00000
vn 0.00000 0.00000 -1.00000
vn 0.00000 0.00000 -1.00000
vn 0.00000 0.00000 -1.00000
vn 0.00000 0.00000 -1.00000
vn 0.00000 0.00000 -1.00000
vn 0.00000 0.00000 -1.00000
vn 0.00000 0.00000 -1.00000
vn 0.00000 0.00000 -1.00000
vn 0.00000 0.00000 -1.00000
vn 0.00000 0.00000 -1.00000
vn 0.00000 0.00000 -1.00000
vn 0.00000 0.00000 -1.00000
vn 0.00000 0.00000 -1.00000
vn -0.00000 0.00000 -1.00000
vn -0.00000 0.00000 -1.00000
vn 0.00000 0.00000 -1.00000
vn -0.00000 0.00000 -1.00000
vn -0.00000 0.00000 -1.00000
vn -0.00000 0.00000 -1.00000
vn -0.00000 0.00000 -1.00000
vn -0.00000 0.00000 -1.00000
vn -0.00000 0.00000 -1.00000
vn -0.00000 0.00000 -1.00000
vn -0.00000 0.00000 -1.00000
vn -0.00000 0.00000 -1.00000
vn -0.00000 0.00000 -1.00000
vn -0.00000 0.00000 -1.00000
vn -0.00000 0.00000 -1.00000
vn -0.00000 0.00000 -1.00000
vn -0.00000 -0.00000 -1.00000
vn -0.00000 -0.00000 -1.00000
vn -0.00000 0.00000 -1.00000
vn -0.00000 -0.00000 -1.00000
vn -0.00000 -0.00000 -1.00000
vn -0.00000 -0.00000 -1.00000
vn -0.00000 -0.00000 -1.00000
vn -0.00000 -0.00000 -1.00000
vn -0.00000 -0.00000 -1.00000
vn -0.00000 -0.00000 -1.00000
vn -0.00000 -0.00000 -1.00000
vn -0.00000 -0.00000 -1.00000
vn 0.00000 -0.00000 -1.00000
vn 0.00000 -0.00000 -1.00000
vn -0.00000 -0.00000 -1.00000
vn 0.00000 -0.00000 -1.00000
vn 0.00000 -0.00000 -1.00000
vn 0.00000 -0.00000 -1.00000
vn 0.00000 -0.00000 -1.00000
vn 0.00000 -0.00000 -1.00000
vn 0.00000 -0.00000 -1.00000
vn 0.00000 -0.00000 -1.00000
vn 0.00000 -0.00000 -1.00000
vn 0.00000 -0.00000 -1.00000
vn 0.00000 -0.00000 -1.00000
vn 0.00000 -0.00000 -1.00000
vn 0.00000 -0.00000 -1.00000
vn 1.00000 0.00000 -0.00000
vn 0.90097 0.43388 -0.00000
vn 0.90097 0.43388 -0.00000
vn 1.00000 0.00000 -0.00000
vn 0.90097 0.43388 -0.00000
vn 0.62349 0.78183 -0.00000
vn 0.62349 0.78183 -0.00000
vn 0.90097 0.43388 -0.00000
vn 0.62349 0.78183 -0.00000
vn 0.22252 0.97493 -0.00000
vn 0.22252 0.97493 -0.00000
vn 0.62349 0.78183 -0.00000
vn 0.22252 0.97493 -0.00000
vn -0.22252 0.97493 -0.00000
vn -0.22252 0.97493 -0.00000
vn 0.22252 0.97493 -0.00000
vn -0.22252 0.97493 -0.00000
vn -0.62349 0.78183 -0.00000
vn -0.62349 0.78183 -0.00000
vn -0.22252 0.97493 -0.00000
vn -0.62349 0.78183 -0.00000
vn -0.90097 0.43388 -0.00000
vn -0.90097 0.43388 -0.00000
vn -0.62349 0.78183 -0.00000
vn -0.90097 0.43388 -0.00000
vn -1.00000 0.00000 -0.00000
vn -1.00000 0.00000 -0.00000
vn -0.90097 0.43388 -0.00000
vn -1.00000 0.00000 -0.00000
vn -0.90097 -0.43388 -0.00000
vn -0.90097 -0.43388 -0.00000
vn -1.00000 0.00000 -0.00000
vn -0.90097 -0.43388 -0.00000
vn -0.62349 -0.78183 -0.00000
vn -0.62349 -0.78183 -0.00000
vn -0.90097 -0.43388 -0.00000
vn -0.62349 -0.78183 -0.00000
vn -0.22252 -0.97493 -0.00000
vn -0.22252 -0.97493 -0.00000
vn -0.62349 -0.78183 -0.00000
vn -0.22252 -0.97493 -0.00000
vn 0.22252 -0.97493 -0.00000
vn 0.22252 -0.97493 -0.00000
vn -0.22252 -0.97493 -0.00000
vn 0.22252 -0.97493 -0.00000
vn 0.62349 -0.78183 -0.00000
vn 0.62349 -0.78183 -0.00000
vn 0.22252 -0.97493 -0.00000
vn 0.62349 -0.78183 -0.00000
vn 0.90097 -0.43388 -0.00000
vn 0.90097 -0.43388 -0.00000
vn 0.62349 -0.78183 -0.00000
vn 0.90097 -0.43388 -0.00000
vn 1.00000 -0.00000 -0.00000
vn 1.00000 -0.00000 -0.00000
vn 0.90097 -0.43388 -0.00000
vn 0.00000 0.00000 -1.00000
vn 0.00000 0.00000 -1.00000
vn 0.00000 0.00000 -1.00000
vn 0.00000 0.00000 -1.00000
vn 0.00000 0.00000 -1.00000
vn 0.00000 0.00000 -1.00000
vn 0.00000 0.00000 -1.00000
vn 0.00000 0.00000 -1.00000
vn 0.00000 0.00000 -1.00000
vn 0.00000 0.00000 -1.00000
vn 0.00000 0.00000 -1.00000
vn 0.00000 0.00000 -1.00000
vn 0.00000 0.00000 -1.00000
vn -0.00000 0.00000 -1.00000
vn -0.00000 0.00000 -1.00000
vn 0.00000 0.00000 -1.00000
vn -0.00000 0.00000 -1.00000
vn -0.00000 0.00000 -1.00000
vn -0.00000 0.00000 -1.00000
vn -0.00000 0.00000 -1.00000
vn -0.00000 0.00000 -1.00000
vn -0.00000 0.00000 -1.00000
vn -0.00000 0.00000 -1.00000
vn -0.00000 0.00000 -1.00000
vn -0.00000 0.00000 -1.00000
vn -0.00000 -0.00000 -1.00000
vn -0.00000 -0.00000 -1.00000
vn -0.00000 0.00000 -1.00000
vn -0.00000 -0.00000 -1.00000
vn -0.00000 -0.00000 -1.00000
vn -0.00000 -0.00000 -1.00000
vn -0.00000 -0.00000 -1.00000
vn -0.00000 -0.00000 -1.00000
vn -0.00000 -0.00000 -1.00000
vn -0.00000 -0.00000 -1.00000
vn -0.00000 -0.00000 -1.00000
vn -0.00000 -0.00000 -1.00000
vn 0.00000 -0.00000 -1.00000
vn 0.00000 -0.00000 -1.00000
vn -0.00000 -0.00000 -1.00000
vn 0.00000 -0.00000 -1.00000
vn 0.00000 -0.00000 -1.00000
vn 0.00000 -0.00000 -1.00000
vn 0.00000 -0.00000 -1.00000
vn 0.00000 -0.00000 -1.00000
vn 0.00000 -0.00000 -1.00000
vn 0.00000 -0.00000 -1.00000
vn 0.00000 -0.00000 -1.00000
vn 1.00000 0.00000 -0.00000
vn 0.86603 0.50000 -0.00000
vn 0.86603 0.50000 -0.00000
vn 1.00000 0.00000 -0.00000
vn 0.86603 0.50000 -0.00000
vn 0.50000 0.86603 -0.00000
vn 0.50000 0.86603 -0.00000
vn 0.86603 0.50000 -0.00000
vn 0.50000 0.86603 -0.00000
vn 0.00000 1.00000 -0.00000
vn 0.00000 1.00000 -0.00000
vn 0.50000 0.86603 -0.00000
vn 0.00000 1.00000 -0.00000
vn -0.50000 0.86603 -0.00000
vn -0.50000 0.86603 -0.00000
vn 0.00000 1.00000 -0.00000
vn -0.50000 0.86603 -0.00000
vn -0.86603 0.50000 -0.00000
vn -0.86603 0.50000 -0.00000
vn -0.50000 0.86603 -0.00000
vn -0.86603 0.50000 -0.00000
vn -1.00000 0.00000 -0.00000
vn -1.00000 0.00000 -0.00000
vn -0.86603 0.50000 -0.00000
vn -1.00000 0.00000 -0.00000
vn -0.86603 -0.50000 -0.00000
vn -0.86603 -0.50000 -0.00000
vn -1.00000 0.00000 -0.00000
vn -0.86603 -0.50000 -0.00000
vn -0.50000 -0.86603 -0.00000
vn -0.50000 -0.86603 -0.00000
vn -0.86603 -0.50000 -0.00000
vn -0.50000 -0.86603 -0.00000
vn -0.00000 -1.00000 -0.00000
vn -0.00000 -1.00000 -0.00000
vn -0.50000 -0.86603 -0.00000
vn -0.00000 -1.00000 -0.00000
vn 0.50000 -0.86603 -0.00000
vn 0.50000 -0.86603 -0.00000
vn -0.00000 -1.00000 -0.00000
vn 0.50000 -0.86603 -0.00000
vn 0.86603 -0.50000 -0.00000
vn 0.86603 -0.50000 -0.00000
vn 0.50000 -0.86603 -0.00000
vn 0.86603 -0.50000 -0.00000
vn 1.00000 -0.00000 -0.00000
vn 1.00000 -0.00000 -0.00000
vn 0.86603 -0.50000 -0.00000
vn 0.00000 0.00000 1.00000
vn 0.00000 0.00000 1.00000
vn 0.00000 0.00000 1.00000
vn 0.00000 0.00000 1.00000
vn 0.00000 0.00000 1.00000
vn 0.00000 0.00000 1.00000
vn 0.00000 0.00000 1.00000
vn 0.00000 0.00000 1.00000
vn 0.00000 0.00000 1.00000
vn 0.00000 0.00000 1.00000
vn 0.00000 0.00000 1.00000
vn 0.00000 0.00000 1.00000
vn 0.00000 0.00000 1.00000
vn -0.00000 0.00000 1.00000
vn -0.00000 0.00000 1.00000
vn 0.00000 0.00000 1.00000
vn -0.00000 0.00000 1.00000
vn -0.00000 0.00000 1.00000
vn -0.00000 0.00000 1.00000
vn -0.00000 0.00000 1.00000
vn -0.00000 0.00000 1.00000
vn -0.00000 0.00000 1.00000
vn -0.00000 0.00000 1.00000
vn -0.00000 0.00000 1.00000
vn -0.00000 0.00000 1.00000
vn -0.00000 -0.00000 1.00000
vn -0.00000 -0.00000 1.00000
vn -0.00000 0.00000 1.00000
vn -0.00000 -0.00000 1.00000
vn -0.00000 -0.00000 1.00000
vn -0.00000 -0.00000 1.00000
vn -0.00000 -0.00000 1.00000
vn -0.00000 -0.00000 1.00000
vn -0.00000 -0.00000 1.00000
vn -0.00000 -0.00000 1.00000
vn -0.00000 -0.00000 1.00000
vn -0.00000 -0.00000 1.00000
vn 0.00000 -0.00000 1.00000
vn 0.00000 -0.00000 1.00000
vn -0.00000 -0.00000 1.00000
vn 0.00000 -0.00000 1.00000
vn 0.00000 -0.00000 1.00000
vn 0.00000 -0.00000 1.00000
vn 0.00000 -0.00000 1.00000
vn 0.00000 -0.00000 1.00000
vn 0.00000 -0.00000 1.00000
vn 0.00000 -0.00000 1.00000
vn 0.00000 -0.00000 1.00000
vn 1.00000 0.00000 0.00000
vn -1.00000 0.00000 0.00000
vn 0.00000 1.00000 0.00000
vn 0.00000 -1.00000 0.00000
vn 0.00000 0.00000 1.00000
vn 0.00000 0.00000 -1.00000
vn -0.00000 0.70711 0.70711
vn 0.00000 -0.70711 0.70711
vn 0.00000 0.70711 -0.70711
vn -0.00000 -0.70711 -0.70711
vn -0.70711 0.00000 -0.70711
vn 0.70711 -0.00000 -0.70711
vn -0.70711 -0.00000 0.70711
vn 0.70711 0.00000 0.70711
vn 0.70711 0.70711 -0.00000
vn -0.70711 0.70711 0.00000
vn 0.70711 -0.70711 0.00000
vn -0.70711 -0.70711 -0.00000
vn 0.57735 0.57735 0.57735
vn -0.57735 -0.57735 0.57735
vn -0.57735 0.57735 -0.57735
vn 0.57735 -0.57735 -0.57735
vn 0.57735 -0.57735 -0.57735
vn -0.57735 0.57735 -0.57735
vn -0.57735 -0.57735 0.57735
vn 0.57735 0.57735 0.57735
vn 1.00000 0.00000 0.00000
vn -1.00000 0.00000 0.00000
vn 0.00000 1.00000 0.00000
vn 0.00000 -1.00000 0.00000
vn 0.00000 0.00000 1.00000
vn 0.00000 0.00000 -1.00000
vn 1.00000 0.00000 0.00000
vn -1.00000 0.00000 0.00000
vn 0.00000 1.00000 0.00000
vn 0.00000 -1.00000 0.00000
vn 0.00000 0.00000 1.00000
vn 0.00000 0.00000 -1.00000
vn 1.00000 0.00000 0.00000
vn -1.00000 0.00000 0.00000
vn 0.00000 1.00000 0.00000
vn 0.00000 -1.00000 0.00000
vn 0.00000 0.00000 1.00000
vn 0.00000 0.00000 -1.00000
vn -1.00000 0.00000 0.00000
vn 0.00000 -0.45845 -0.88872
vn 1.00000 0.00000 -0.00000
vn 0.00000 0.43266 0.90156
vn -1.00000 -0.00000 0.00000
vn 0.00000 -0.79881 -0.60159
vn 1.00000 0.00000 0.00000
vn 0.00000 0.78215 0.62309
vn -1.00000 -0.00000 0.00000
vn 0.00000 -0.99999 0.00408
vn 1.00000 0.00000 0.00000
vn 0.00000 0.99997 0.00756
vn -1.00000 0.00000 0.00000
vn 0.00000 -0.76910 0.63913
vn 1.00000 -0.00000 0.00000
vn 0.00000 0.71175 -0.70243
vn 0.00000 0.89443 -0.44721
vn 0.00000 0.66436 0.74741
vn -1.00000 0.00000 0.00000
vn 0.00000 -0.15845 -0.98737
vn 1.00000 0.00000 -0.00000
vn 0.00000 0.09985 0.99500
vn -1.00000 0.00000 -0.00000
vn 0.00000 0.52602 -0.85047
vn 1.00000 0.00000 0.00000
vn 0.00000 -0.47486 0.88006
vn 0.00000 0.99228 -0.12403
vn 0.00000 -0.86824 -0.49614
vn 1.00000 0.00000 0.00000
vn -1.00000 0.00000 0.00000
vn 0.00000 1.00000 0.00000
vn 0.00000 -1.00000 0.00000
vn 0.00000 0.00000 1.00000
vn 0.00000 0.00000 -1.00000
vn 1.00000 0.00000 0.00000
vn -1.00000 0.00000 0.00000
vn 0.00000 1.00000 0.00000
vn 0.00000 -1.00000 0.00000
vn 0.00000 0.00000 1.00000
vn 0.00000 0.00000 -1.00000
vn 1.00000 0.00000 0.00000
vn -1.00000 0.00000 0.00000
vn 0.00000 1.00000 0.00000
vn 0.00000 -1.00000 0.00000
vn 0.00000 0.00000 1.00000
vn 0.00000 0.00000 -1.00000
vn 1.00000 0.00000 0.00000
vn -1.00000 0.00000 0.00000
vn 0.00000 1.00000 0.00000
vn 0.00000 -1.00000 0.00000
vn 0.00000 0.00000 1.00000
vn 0.00000 0.00000 -1.00000
vn 1.00000 0.00000 0.00000
vn -1.00000 0.00000 0.00000
vn 0.00000 1.00000 0.00000
vn 0.00000 -1.00000 0.00000
vn 0.00000 0.00000 1.00000
vn 0.00000 0.00000 -1.00000
vn 1.00000 0.00000 0.00000
vn -1.00000 0.00000 0.00000
vn 0.00000 1.00000 0.00000
vn 0.00000 -1.00000 0.00000
vn 0.00000 0.00000 1.00000
vn 0.00000 0.00000 -1.00000
vn 1.00000 0.00000 0.00000
vn -1.00000 0.00000 0.00000
vn 0.00000 1.00000 0.00000
vn 0.00000 -1.00000 0.00000
vn 0.00000 0.00000 1.00000
vn 0.00000 0.00000 -1.00000
vn 1.00000 0.00000 0.00000
vn -1.00000 0.00000 0.00000
vn 0.00000 1.00000 0.00000
vn 0.00000 -1.00000 0.00000
vn 0.00000 0.00000 1.00000
vn 0.00000 0.00000 -1.00000
vn 1.00000 0.00000 0.00000
vn -1.00000 0.00000 0.00000
vn 0.00000 1.00000 0.00000
vn 0.00000 -1.00000 0.00000
vn 0.00000 0.00000 1.00000
vn 0.00000 0.00000 -1.00000
vn 1.00000 0.00000 0.00000
vn -1.00000 0.00000 0.00000
vn 0.00000 1.00000 0.00000
vn 0.00000 -1.00000 0.00000
vn 0.00000 0.00000 1.00000
vn 0.00000 0.00000 -1.00000
vn 1.00000 0.00000 0.00000
vn -1.00000 0.00000 0.00000
vn 0.00000 1.00000 0.00000
vn 0.00000 -1.00000 0.00000
vn 0.00000 0.00000 1.00000
vn 0.00000 0.00000 -1.00000
vn 1.00000 0.00000 0.00000
vn -1.00000 0.00000 0.00000
vn 0.00000 1.00000 0.00000
vn 0.00000 -1.00000 0.00000
vn 0.00000 0.00000 1.00000
vn 0.00000 0.00000 -1.00000
vn 1.00000 0.00000 0.00000
vn -1.00000 0.00000 0.00000
vn 0.00000 1.00000 0.00000
vn 0.00000 -1.00000 0.00000
vn 0.00000 0.00000 1.00000
vn 0.00000 0.00000 -1.00000
vn 1.00000 0.00000 0.00000
vn -1.00000 0.00000 0.00000
vn 0.00000 1.00000 0.00000
vn 0.00000 -1.00000 0.00000
vn 0.00000 0.00000 1.00000
vn 0.00000 0.00000 -1.00000
vn 1.00000 0.00000 0.00000
vn -1.00000 0.00000 0.00000
vn 0.00000 1.00000 0.00000
vn 0.00000 -1.00000 0.00000
vn 0.00000 0.00000 1.00000
vn 0.00000 0.00000 -1.00000
vn 1.00000 0.00000 0.00000
vn -1.00000 0.00000 0.00000
vn 0.00000 1.00000 0.00000
vn 0.00000 -1.00000 0.00000
vn 0.00000 0.00000 1.00000
vn 0.00000 0.00000 -1.00000
vn 1.00000 0.00000 0.00000
vn -1.00000 0.00000 0.00000
vn 0.00000 1.00000 0.00000
vn 0.00000 -1.00000 0.00000
vn 0.00000 0.00000 1.00000
vn 0.00000 0.00000 -1.00000
vn 1.00000 0.00000 0.00000
vn -1.00000 0.00000 0.00000
vn 0.00000 1.00000 0.00000
vn 0.00000 -1.00000 0.00000
vn 0.00000 0.00000 1.00000
vn 0.00000 0.00000 -1.00000
vn 1.00000 0.00000 0.00000
vn -1.00000 0.00000 0.00000
vn 0.00000 1.00000 0.00000
vn 0.00000 -1.00000 0.00000
vn 0.00000 0.00000 1.00000
vn 0.00000 0.00000 -1.00000
vn 1.00000 0.00000 0.00000
vn -1.00000 0.00000 0.00000
vn 0.00000 1.00000 0.00000
vn 0.00000 -1.00000 0.00000
vn 0.00000 0.00000 1.00000
vn 0.00000 0.00000 -1.00000
vn 1.00000 0.00000 0.00000
vn -1.00000 0.00000 0.00000
vn 0.00000 1.00000 0.00000
vn 0.00000 -1.00000 0.00000
vn 0.00000 0.00000 1.00000
vn 0.00000 0.00000 -1.00000
vn 1.00000 0.00000 0.00000
vn -1.00000 0.00000 0.00000
vn 0.00000 1.00000 0.00000
vn 0.00000 -1.00000 0.00000
vn 0.00000 0.00000 1.00000
vn 0.00000 0.00000 -1.00000
vn 1.00000 0.00000 0.00000
vn -1.00000 0.00000 0.00000
vn 0.00000 1.00000 0.00000
vn 0.00000 -1.00000 0.00000
vn 0.00000 0.00000 1.00000
vn 0.00000 0.00000 -1.00000
vn 1.00000 0.00000 0.00000
vn -1.00000 0.00000 0.00000
vn 0.00000 1.00000 0.00000
vn 0.00000 -1.00000 0.00000
vn 0.00000 0.00000 1.00000
vn 0.00000 0.00000 -1.00000
vn 1.00000 0.00000 0.00000
vn -1.00000 0.00000 0.00000
vn 0.00000 1.00000 0.00000
vn 0.00000 -1.00000 0.00000
vn 0.00000 0.00000 1.00000
vn 0.00000 0.00000 -1.00000
vn 1.00000 0.00000 0.00000
vn -1.00000 0.00000 0.00000
vn 0.00000 1.00000 0.00000
vn 0.00000 -1.00000 0.00000
vn 0.00000 0.00000 1.00000
vn 0.00000 0.00000 -1.00000
vn 1.00000 0.00000 0.00000
vn -1.00000 0.00000 0.00000
vn 0.00000 1.00000 0.00000
vn 0.00000 -1.00000 0.00000
vn 0.00000 0.00000 1.00000
vn 0.00000 0.00000 -1.00000
vn 1.00000 0.00000 0.00000
vn -1.00000 0.00000 0.00000
vn 0.00000 1.00000 0.00000
vn 0.00000 -1.00000 0.00000
vn 0.00000 0.00000 1.00000
vn 0.00000 0.00000 -1.00000
vn 1.00000 0.00000 0.00000
vn -1.00000 0.00000 0.00000
vn 0.00000 1.00000 0.00000
vn 0.00000 -1.00000 0.00000
vn 0.00000 0.00000 1.00000
vn 0.00000 0.00000 -1.00000
vn -1.00000 0.00000 0.00000
vn -1.00000 0.00000 0.00000
vn -1.00000 0.00000 0.00000
vn -1.00000 0.00000 0.00000
vn -1.00000 0.00000 0.00000
vn -1.00000 0.00000 0.00000
vn -1.00000 0.00000 0.00000
vn -1.00000 0.00000 0.00000
vn -1.00000 0.00000 0.00000
vn -1.00000 -0.00000 0.00000
vn -1.00000 -0.00000 0.00000
vn -1.00000 0.00000 0.00000
vn -1.00000 -0.00000 0.00000
vn -1.00000 -0.00000 0.00000
vn -1.00000 -0.00000 0.00000
vn -1.00000 -0.00000 0.00000
vn -1.00000 -0.00000 0.00000
vn -1.00000 -0.00000 0.00000
vn -1.00000 -0.00000 0.00000
vn -1.00000 -0.00000 0.00000
vn -1.00000 -0.00000 0.00000
vn -1.00000 -0.00000 -0.00000
vn -1.00000 -0.00000 -0.00000
vn -1.00000 -0.00000 0.00000
vn -1.00000 -0.00000 -0.00000
vn -1.00000 -0.00000 -0.00000
vn -1.00000 -0.00000 -0.00000
vn -1.00000 -0.00000 -0.00000
vn -1.00000 -0.00000 -0.00000
vn -1.00000 0.00000 -0.00000
vn -1.00000 0.00000 -0.00000
vn -1.00000 -0.00000 -0.00000
vn -1.00000 0.00000 -0.00000
vn -1.00000 0.00000 -0.00000
vn -1.00000 0.00000 -0.00000
vn -1.00000 0.00000 -0.00000
vn -1.00000 0.00000 -0.00000
vn -1.00000 0.00000 -0.00000
vn -1.00000 0.00000 -0.00000
vn -1.00000 0.00000 -0.00000
vn -0.00000 1.00000 0.00000
vn -0.00000 0.80902 0.58779
vn -0.00000 0.80902 0.58779
vn -0.00000 1.00000 0.00000
vn -0.00000 0.80902 0.58779
vn -0.00000 0.30902 0.95106
vn -0.00000 0.30902 0.95106
vn -0.00000 0.80902 0.58779
vn -0.00000 0.30902 0.95106
vn -0.00000 -0.30902 0.95106
vn -0.00000 -0.30902 0.95106
vn -0.00000 0.30902 0.95106
vn -0.00000 -0.30902 0.95106
vn -0.00000 -0.80902 0.58779
vn -0.00000 -0.80902 0.58779
vn -0.00000 -0.30902 0.95106
vn -0.00000 -0.80902 0.58779
vn -0.00000 -1.00000 0.00000
vn -0.00000 -1.00000 0.00000
vn -0.00000 -0.80902 0.58779
vn -0.00000 -1.00000 0.00000
vn -0.00000 -0.80902 -0.58779
vn -0.00000 -0.80902 -0.58779
vn -0.00000 -1.00000 0.00000
vn -0.00000 -0.80902 -0.58779
vn -0.00000 -0.30902 -0.95106
vn -0.00000 -0.30902 -0.95106
vn -0.00000 -0.80902 -0.58779
vn -0.00000 -0.30902 -0.95106
vn -0.00000 0.30902 -0.95106
vn -0.00000 0.30902 -0.95106
vn -0.00000 -0.30902 -0.95106
vn -0.00000 0.30902 -0.95106
vn -0.00000 0.80902 -0.58779
vn -0.00000 0.80902 -0.58779
vn -0.00000 0.30902 -0.95106
vn -0.00000 0.80902 -0.58779
vn -0.00000 1.00000 -0.00000
vn -0.00000 1.00000 -0.00000
vn -0.00000 0.80902 -0.58779
vn 1.00000 0.00000 0.00000
vn 1.00000 0.00000 0.00000
vn -1.00000 0.00000 0.00000
vn 0.00000 1.00000 0.00000
vn 0.00000 -1.00000 0.00000
vn 0.00000 0.00000 1.00000
vn 0.00000 0.00000 -1.00000
usemtl gunmetal
f 1/1/1 2/2/1 3/3/1 4/4/1
f 5/5/2 6/6/2 7/7/2 8/8/2
f 9/9/3 10/10/3 11/11/3 12/12/3
f 13/13/4 14/14/4 15/15/4 16/16/4
f 17/17/5 18/18/5 19/19/5 20/20/5
f 21/21/6 22/22/6 23/23/6 24/24/6
f 25/25/7 26/26/7 27/27/7 28/28/7
f 29/29/8 30/30/8 31/31/8 32/32/8
f 33/33/9 34/34/9 35/35/9 36/36/9
f 37/37/10 38/38/10 39/39/10 40/40/10
f 41/41/11 42/42/11 43/43/11 44/44/11
f 45/45/12 46/46/12 47/47/12 48/48/12
f 49/49/13 50/50/13 51/51/13 52/52/13
f 53/53/14 54/54/14 55/55/14 56/56/14
f 57/57/15 58/58/15 59/59/15 60/60/15
f 61/61/16 62/62/16 63/63/16 64/64/16
f 65/65/17 66/66/17 67/67/17 68/68/17
f 69/69/18 70/70/18 71/71/18 72/72/18
f 73/73/19 74/74/19 75/75/19
f 76/76/20 77/77/20 78/78/20
f 79/79/21 80/80/21 81/81/21
f 82/82/22 83/83/22 84/84/22
f 85/85/23 86/86/23 87/87/23
f 88/88/24 89/89/24 90/90/24
f 91/91/25 92/92/25 93/93/25
f 94/94/26 95/95/26 96/96/26
f 337/337/87 338/338/87 339/339/87 340/340/87
f 341/341/88 342/342/88 343/343/88 344/344/88
f 345/345/89 346/346/89 347/347/89 348/348/89
f 349/349/90 350/350/90 351/351/90 352/352/90
f 353/353/91 354/354/91 355/355/91 356/356/91
f 357/357/92 358/358/92 359/359/92 360/360/92
f 665/665/397 666/666/398 667/667/399 668/668/400
f 669/669/401 670/670/402 671/671/403 672/672/404
f 673/673/405 674/674/406 675/675/407 676/676/408
f 677/677/409 678/678/410 679/679/411 680/680/412
f 681/681/413 682/682/414 683/683/415 684/684/416
f 685/685/417 686/686/418 687/687/419 688/688/420
f 689/689/421 690/690/422 691/691/423 692/692/424
f 693/693/425 694/694/426 695/695/427 696/696/428
f 697/697/429 698/698/430 699/699/431 700/700/432
f 701/701/433 702/702/434 703/703/435 704/704/436
f 705/705/437 706/706/438 707/707/439 708/708/440
f 709/709/441 710/710/442 711/711/443 712/712/444
f 713/713/445 714/714/446 715/715/447 716/716/448
f 717/717/449 718/718/450 719/719/451 720/720/452
f 721/721/453 722/722/454 723/723/455 724/724/456
f 725/725/457 726/726/458 727/727/459 728/728/460
f 729/729/461 730/730/462 731/731/463 732/732/464
f 733/733/465 734/734/466 735/735/467 736/736/468
f 737/737/469 738/738/470 739/739/471 740/740/472
f 741/741/473 742/742/474 743/743/475 744/744/476
f 745/745/477 746/746/478 747/747/479 748/748/480
f 749/749/481 750/750/482 751/751/483 752/752/484
f 753/753/485 754/754/486 755/755/487 756/756/488
f 757/757/489 758/758/490 759/759/491 760/760/492
f 761/761/493 762/762/494 763/763/495 764/764/496
f 765/765/497 766/766/498 767/767/499 768/768/500
f 769/769/501 770/770/502 771/771/503 772/772/504
f 773/773/505 774/774/506 775/775/507 776/776/508
f 777/777/509 778/778/510 779/779/511 780/780/512
f 781/781/513 782/782/514 783/783/515 784/784/516
f 785/785/517 786/786/518 787/787/519 788/788/520
f 789/789/521 790/790/522 791/791/523 792/792/524
f 793/793/525 794/794/526 795/795/527 796/796/528
f 797/797/529 798/798/530 799/799/531 800/800/532
f 801/801/533 802/802/534 803/803/535 804/804/536
f 805/805/537 806/806/538 807/807/539 808/808/540
f 809/809/541 810/810/541 811/811/541 812/812/541
f 813/813/542 814/814/542 815/815/542 816/816/542
f 817/817/543 818/818/543 819/819/543 820/820/543
f 821/821/544 822/822/544 823/823/544 824/824/544
f 825/825/545 826/826/545 827/827/545 828/828/545
f 829/829/546 830/830/546 831/831/546 832/832/546
f 833/833/547 834/834/547 835/835/547 836/836/547
f 837/837/548 838/838/548 839/839/548 840/840/548
f 841/841/549 842/842/549 843/843/549 844/844/549
f 845/845/550 846/846/550 847/847/550 848/848/550
f 849/849/551 850/850/551 851/851/551 852/852/551
f 853/853/552 854/854/552 855/855/552 856/856/552
f 857/857/553 858/858/553 859/859/553 860/860/553
f 861/861/554 862/862/554 863/863/554 864/864/554
f 865/865/555 866/866/555 867/867/555 868/868/555
f 869/869/556 870/870/556 871/871/556 872/872/556
f 873/873/557 874/874/557 875/875/557 876/876/557
f 877/877/558 878/878/558 879/879/558 880/880/558
f 881/881/559 882/882/559 883/883/559
f 884/884/560 885/885/560 886/886/560
f 887/887/561 888/888/561 889/889/561
f 890/890/562 891/891/562 892/892/562
f 893/893/563 894/894/563 895/895/563
f 896/896/564 897/897/564 898/898/564
f 899/899/565 900/900/565 901/901/565
f 902/902/566 903/903/566 904/904/566
f 977/977/585 978/978/585 979/979/585 980/980/585
f 981/981/586 982/982/586 983/983/586 984/984/586
f 985/985/587 986/986/587 987/987/587 988/988/587
f 989/989/588 990/990/588 991/991/588 992/992/588
f 993/993/589 994/994/589 995/995/589 996/996/589
f 997/997/590 998/998/590 999/999/590 1000/1000/590
f 1001/1001/591 1002/1002/591 1003/1003/591 1004/1004/591
f 1005/1005/592 1006/1006/592 1007/1007/592 1008/1008/592
f 1009/1009/593 1010/1010/593 1011/1011/593 1012/1012/593
f 1013/1013/594 1014/1014/594 1015/1015/594 1016/1016/594
f 1017/1017/595 1018/1018/595 1019/1019/595 1020/1020/595
f 1021/1021/596 1022/1022/596 1023/1023/596 1024/1024/596
f 1025/1025/597 1026/1026/597 1027/1027/597 1028/1028/597
f 1029/1029/598 1030/1030/598 1031/1031/598 1032/1032/598
f 1033/1033/599 1034/1034/599 1035/1035/599 1036/1036/599
f 1037/1037/600 1038/1038/600 1039/1039/600 1040/1040/600
f 1041/1041/601 1042/1042/601 1043/1043/601 1044/1044/601
f 1045/1045/602 1046/1046/602 1047/1047/602 1048/1048/602
f 1113/1113/619 1114/1114/619 1115/1115/619 1116/1116/619
f 1117/1117/620 1118/1118/620 1119/1119/620 1120/1120/620
f 1121/1121/621 1122/1122/621 1123/1123/621 1124/1124/621
f 1125/1125/622 1126/1126/622 1127/1127/622 1128/1128/622
f 1129/1129/623 1130/1130/623 1131/1131/623 1132/1132/623
f 1133/1133/624 1134/1134/624 1135/1135/624 1136/1136/624
f 1137/1137/625 1138/1138/625 1139/1139/625 1140/1140/625
f 1141/1141/626 1142/1142/626 1143/1143/626 1144/1144/626
f 1145/1145/627 1146/1146/627 1147/1147/627 1148/1148/627
f 1149/1149/628 1150/1150/628 1151/1151/628 1152/1152/628
f 1153/1153/629 1154/1154/629 1155/1155/629 1156/1156/629
f 1157/1157/630 1158/1158/630 1159/1159/630 1160/1160/630
f 1161/1161/631 1162/1162/631 1163/1163/631 1164/1164/631
f 1165/1165/632 1166/1166/632 1167/1167/632 1168/1168/632
f 1169/1169/633 1170/1170/633 1171/1171/633 1172/1172/633
f 1173/1173/634 1174/1174/634 1175/1175/634 1176/1176/634
f 1177/1177/635 1178/1178/635 1179/1179/635 1180/1180/635
f 1181/1181/636 1182/1182/636 1183/1183/636 1184/1184/636
f 1185/1185/637 1186/1186/637 1187/1187/637 1188/1188/637
f 1189/1189/638 1190/1190/638 1191/1191/638 1192/1192/638
f 1193/1193/639 1194/1194/639 1195/1195/639 1196/1196/639
f 1197/1197/640 1198/1198/640 1199/1199/640 1200/1200/640
f 1201/1201/641 1202/1202/641 1203/1203/641 1204/1204/641
f 1205/1205/642 1206/1206/642 1207/1207/642 1208/1208/642
f 1209/1209/643 1210/1210/643 1211/1211/643 1212/1212/643
f 1213/1213/644 1214/1214/644 1215/1215/644 1216/1216/644
f 1217/1217/645 1218/1218/645 1219/1219/645 1220/1220/645
f 1221/1221/646 1222/1222/646 1223/1223/646 1224/1224/646
f 1225/1225/647 1226/1226/647 1227/1227/647 1228/1228/647
f 1229/1229/648 1230/1230/648 1231/1231/648 1232/1232/648
f 1233/1233/649 1234/1234/649 1235/1235/649 1236/1236/649
f 1237/1237/650 1238/1238/650 1239/1239/650 1240/1240/650
f 1241/1241/651 1242/1242/651 1243/1243/651 1244/1244/651
f 1245/1245/652 1246/1246/652 1247/1247/652 1248/1248/652
f 1249/1249/653 1250/1250/653 1251/1251/653 1252/1252/653
f 1253/1253/654 1254/1254/654 1255/1255/654 1256/1256/654
f 1257/1257/655 1258/1258/655 1259/1259/655 1260/1260/655
f 1261/1261/656 1262/1262/656 1263/1263/656 1264/1264/656
f 1265/1265/657 1266/1266/657 1267/1267/657 1268/1268/657
f 1269/1269/658 1270/1270/658 1271/1271/658 1272/1272/658
f 1273/1273/659 1274/1274/659 1275/1275/659 1276/1276/659
f 1277/1277/660 1278/1278/660 1279/1279/660 1280/1280/660
f 1281/1281/661 1282/1282/661 1283/1283/661 1284/1284/661
f 1285/1285/662 1286/1286/662 1287/1287/662 1288/1288/662
f 1289/1289/663 1290/1290/663 1291/1291/663 1292/1292/663
f 1293/1293/664 1294/1294/664 1295/1295/664 1296/1296/664
f 1297/1297/665 1298/1298/665 1299/1299/665 1300/1300/665
f 1301/1301/666 1302/1302/666 1303/1303/666 1304/1304/666
f 1305/1305/667 1306/1306/667 1307/1307/667 1308/1308/667
f 1309/1309/668 1310/1310/668 1311/1311/668 1312/1312/668
f 1313/1313/669 1314/1314/669 1315/1315/669 1316/1316/669
f 1317/1317/670 1318/1318/670 1319/1319/670 1320/1320/670
f 1321/1321/671 1322/1322/671 1323/1323/671 1324/1324/671
f 1325/1325/672 1326/1326/672 1327/1327/672 1328/1328/672
f 1329/1329/673 1330/1330/673 1331/1331/673 1332/1332/673
f 1333/1333/674 1334/1334/674 1335/1335/674 1336/1336/674
f 1337/1337/675 1338/1338/675 1339/1339/675 1340/1340/675
f 1341/1341/676 1342/1342/676 1343/1343/676 1344/1344/676
f 1345/1345/677 1346/1346/677 1347/1347/677 1348/1348/677
f 1349/1349/678 1350/1350/678 1351/1351/678 1352/1352/678
usemtl gunmetal_dark
f 97/97/27 98/98/27 99/99/27 100/100/27
f 101/101/28 102/102/28 103/103/28 104/104/28
f 105/105/29 106/106/29 107/107/29 108/108/29
f 109/109/30 110/110/30 111/111/30 112/112/30
f 113/113/31 114/114/31 115/115/31 116/116/31
f 117/117/32 118/118/32 119/119/32 120/120/32
f 121/121/33 122/122/33 123/123/33 124/124/33
f 125/125/34 126/126/34 127/127/34 128/128/34
f 129/129/35 130/130/35 131/131/35 132/132/35
f 133/133/36 134/134/36 135/135/36 136/136/36
f 137/137/37 138/138/37 139/139/37 140/140/37
f 141/141/38 142/142/38 143/143/38 144/144/38
f 145/145/39 146/146/39 147/147/39 148/148/39
f 149/149/40 150/150/40 151/151/40 152/152/40
f 153/153/41 154/154/41 155/155/41 156/156/41
f 157/157/42 158/158/42 159/159/42 160/160/42
f 161/161/43 162/162/43 163/163/43 164/164/43
f 165/165/44 166/166/44 167/167/44 168/168/44
f 169/169/45 170/170/45 171/171/45 172/172/45
f 173/173/46 174/174/46 175/175/46 176/176/46
f 177/177/47 178/178/47 179/179/47 180/180/47
f 181/181/48 182/182/48 183/183/48 184/184/48
f 185/185/49 186/186/49 187/187/49 188/188/49
f 189/189/50 190/190/50 191/191/50 192/192/50
f 193/193/51 194/194/51 195/195/51 196/196/51
f 197/197/52 198/198/52 199/199/52 200/200/52
f 201/201/53 202/202/53 203/203/53 204/204/53
f 205/205/54 206/206/54 207/207/54 208/208/54
f 209/209/55 210/210/55 211/211/55 212/212/55
f 213/213/56 214/214/56 215/215/56 216/216/56
f 217/217/57 218/218/57 219/219/57 220/220/57
f 221/221/58 222/222/58 223/223/58 224/224/58
f 225/225/59 226/226/59 227/227/59 228/228/59
f 229/229/60 230/230/60 231/231/60 232/232/60
f 233/233/61 234/234/61 235/235/61 236/236/61
f 237/237/62 238/238/62 239/239/62 240/240/62
f 241/241/63 242/242/63 243/243/63 244/244/63
f 245/245/64 246/246/64 247/247/64 248/248/64
f 249/249/65 250/250/65 251/251/65 252/252/65
f 253/253/66 254/254/66 255/255/66 256/256/66
f 257/257/67 258/258/67 259/259/67 260/260/67
f 261/261/68 262/262/68 263/263/68 264/264/68
f 265/265/69 266/266/69 267/267/69 268/268/69
f 269/269/70 270/270/70 271/271/70 272/272/70
f 273/273/71 274/274/71 275/275/71 276/276/71
f 277/277/72 278/278/72 279/279/72 280/280/72
f 281/281/73 282/282/73 283/283/73 284/284/73
f 285/285/74 286/286/74 287/287/74 288/288/74
f 289/289/75 290/290/75 291/291/75 292/292/75
f 293/293/76 294/294/76 295/295/76 296/296/76
f 297/297/77 298/298/77 299/299/77 300/300/77
f 301/301/78 302/302/78 303/303/78 304/304/78
f 305/305/79 306/306/79 307/307/79 308/308/79
f 309/309/80 310/310/80 311/311/80 312/312/80
f 313/313/81 314/314/81 315/315/81 316/316/81
f 317/317/82 318/318/82 319/319/82 320/320/82
f 321/321/83 322/322/83 323/323/83 324/324/83
f 325/325/84 326/326/84 327/327/84 328/328/84
f 329/329/85 330/330/85 331/331/85 332/332/85
f 333/333/86 334/334/86 335/335/86 336/336/86
f 361/361/93 362/362/94 363/363/95 364/364/96
f 365/365/97 366/366/98 367/367/99 368/368/100
f 369/369/101 370/370/102 371/371/103 372/372/104
f 373/373/105 374/374/106 375/375/107 376/376/108
f 377/377/109 378/378/110 379/379/111 380/380/112
f 381/381/113 382/382/114 383/383/115 384/384/116
f 385/385/117 386/386/118 387/387/119 388/388/120
f 389/389/121 390/390/122 391/391/123 392/392/124
f 393/393/125 394/394/126 395/395/127 396/396/128
f 397/397/129 398/398/130 399/399/131 400/400/132
f 401/401/133 402/402/134 403/403/135 404/404/136
f 405/405/137 406/406/138 407/407/139 408/408/140
f 409/409/141 410/410/142 411/411/143 412/412/144
f 413/413/145 414/414/146 415/415/147 416/416/148
f 417/417/149 418/418/150 419/419/151 420/420/152
f 421/421/153 422/422/154 423/423/155 424/424/156
f 425/425/157 426/426/158 427/427/159 428/428/160
f 429/429/161 430/430/162 431/431/163 432/432/164
f 433/433/165 434/434/166 435/435/167 436/436/168
f 437/437/169 438/438/170 439/439/171 440/440/172
f 441/441/173 442/442/174 443/443/175 444/444/176
f 445/445/177 446/446/178 447/447/179 448/448/180
f 449/449/181 450/450/182 451/451/183 452/452/184
f 453/453/185 454/454/186 455/455/187 456/456/188
f 457/457/189 458/458/190 459/459/191 460/460/192
f 461/461/193 462/462/194 463/463/195 464/464/196
f 465/465/197 466/466/198 467/467/199 468/468/200
f 469/469/201 470/470/202 471/471/203 472/472/204
f 473/473/205 474/474/206 475/475/207 476/476/208
f 477/477/209 478/478/210 479/479/211 480/480/212
f 481/481/213 482/482/214 483/483/215 484/484/216
f 485/485/217 486/486/218 487/487/219 488/488/220
f 489/489/221 490/490/222 491/491/223 492/492/224
f 493/493/225 494/494/226 495/495/227 496/496/228
f 497/497/229 498/498/230 499/499/231 500/500/232
f 501/501/233 502/502/234 503/503/235 504/504/236
f 505/505/237 506/506/238 507/507/239 508/508/240
f 509/509/241 510/510/242 511/511/243 512/512/244
f 513/513/245 514/514/246 515/515/247 516/516/248
f 517/517/249 518/518/250 519/519/251 520/520/252
f 521/521/253 522/522/254 523/523/255 524/524/256
f 525/525/257 526/526/258 527/527/259 528/528/260
f 529/529/261 530/530/262 531/531/263 532/532/264
f 533/533/265 534/534/266 535/535/267 536/536/268
f 537/537/269 538/538/270 539/539/271 540/540/272
f 541/541/273 542/542/274 543/543/275 544/544/276
f 545/545/277 546/546/278 547/547/279 548/548/280
f 549/549/281 550/550/282 551/551/283 552/552/284
f 905/905/567 906/906/567 907/907/567 908/908/567
f 909/909/568 910/910/568 911/911/568 912/912/568
f 913/913/569 914/914/569 915/915/569 916/916/569
f 917/917/570 918/918/570 919/919/570 920/920/570
f 921/921/571 922/922/571 923/923/571 924/924/571
f 925/925/572 926/926/572 927/927/572 928/928/572
f 929/929/573 930/930/573 931/931/573 932/932/573
f 933/933/574 934/934/574 935/935/574 936/936/574
f 937/937/575 938/938/575 939/939/575 940/940/575
f 941/941/576 942/942/576 943/943/576 944/944/576
f 945/945/577 946/946/577 947/947/577 948/948/577
f 949/949/578 950/950/578 951/951/578 952/952/578
f 953/953/579 954/954/579 955/955/579 956/956/579
f 957/957/580 958/958/580 959/959/580 960/960/580
f 961/961/581 962/962/581 963/963/581 964/964/581
f 965/965/582 966/966/582 967/967/582 968/968/582
f 969/969/583 970/970/583 971/971/583 972/972/583
f 973/973/584 974/974/584 975/975/584 976/976/584
f 1049/1049/603 1050/1050/603 1051/1051/603 1052/1052/603
f 1053/1053/604 1054/1054/604 1055/1055/604 1056/1056/604
f 1057/1057/605 1058/1058/605 1059/1059/605 1060/1060/605
f 1061/1061/606 1062/1062/606 1063/1063/606 1064/1064/606
f 1065/1065/607 1066/1066/607 1067/1067/607 1068/1068/607
f 1069/1069/608 1070/1070/608 1071/1071/608 1072/1072/608
f 1073/1073/609 1074/1074/609 1075/1075/609 1076/1076/609
f 1077/1077/610 1078/1078/610 1079/1079/610 1080/1080/610
f 1081/1081/611 1082/1082/611 1083/1083/611 1084/1084/611
f 1085/1085/612 1086/1086/612 1087/1087/612 1088/1088/612
f 1089/1089/613 1090/1090/613 1091/1091/613 1092/1092/613
f 1093/1093/614 1094/1094/614 1095/1095/614 1096/1096/614
f 1097/1097/615 1098/1098/615 1099/1099/615 1100/1100/615
f 1101/1101/616 1102/1102/616 1103/1103/616 1104/1104/616
f 1105/1105/617 1106/1106/617 1107/1107/617 1108/1108/617
f 1109/1109/618 1110/1110/618 1111/1111/618 1112/1112/618
f 1737/1737/775 1738/1738/775 1739/1739/775 1740/1740/775
f 1741/1741/776 1742/1742/776 1743/1743/776 1744/1744/776
f 1745/1745/777 1746/1746/777 1747/1747/777 1748/1748/777
f 1749/1749/778 1750/1750/778 1751/1751/778 1752/1752/778
f 1753/1753/779 1754/1754/779 1755/1755/779 1756/1756/779
f 1757/1757/780 1758/1758/780 1759/1759/780 1760/1760/780
f 1761/1761/781 1762/1762/781 1763/1763/781 1764/1764/781
f 1765/1765/782 1766/1766/782 1767/1767/782 1768/1768/782
f 1769/1769/783 1770/1770/783 1771/1771/783 1772/1772/783
f 1773/1773/784 1774/1774/784 1775/1775/784 1776/1776/784
f 1777/1777/785 1778/1778/785 1779/1779/785 1780/1780/785
f 1781/1781/786 1782/1782/786 1783/1783/786 1784/1784/786
f 1785/1785/787 1786/1786/788 1787/1787/789 1788/1788/790
f 1789/1789/791 1790/1790/792 1791/1791/793 1792/1792/794
f 1793/1793/795 1794/1794/796 1795/1795/797 1796/1796/798
f 1797/1797/799 1798/1798/800 1799/1799/801 1800/1800/802
f 1801/1801/803 1802/1802/804 1803/1803/805 1804/1804/806
f 1805/1805/807 1806/1806/808 1807/1807/809 1808/1808/810
f 1809/1809/811 1810/1810/812 1811/1811/813 1812/1812/814
f 1813/1813/815 1814/1814/816 1815/1815/817 1816/1816/818
f 1817/1817/819 1818/1818/820 1819/1819/821 1820/1820/822
f 1821/1821/823 1822/1822/824 1823/1823/825 1824/1824/826
f 1825/1825/827 1826/1826/828 1827/1827/829 1828/1828/830
f 1829/1829/831 1830/1830/832 1831/1831/833 1832/1832/834
f 1833/1833/835 1834/1834/836 1835/1835/837 1836/1836/838
f 1837/1837/839 1838/1838/840 1839/1839/841 1840/1840/842
f 1841/1841/843 1842/1842/844 1843/1843/845 1844/1844/846
f 1845/1845/847 1846/1846/848 1847/1847/849 1848/1848/850
f 1849/1849/851 1850/1850/852 1851/1851/853 1852/1852/854
f 1853/1853/855 1854/1854/856 1855/1855/857 1856/1856/858
f 1857/1857/859 1858/1858/860 1859/1859/861 1860/1860/862
f 1861/1861/863 1862/1862/864 1863/1863/865 1864/1864/866
f 1865/1865/867 1866/1866/867 1867/1867/867 1868/1868/867 1869/1869/867 1870/1870/867 1871/1871/867 1872/1872/867 1873/1873/867 1874/1874/867
f 1875/1875/868 1876/1876/868 1877/1877/868 1878/1878/868
f 1879/1879/869 1880/1880/869 1881/1881/869 1882/1882/869
f 1883/1883/870 1884/1884/870 1885/1885/870 1886/1886/870
f 1887/1887/871 1888/1888/871 1889/1889/871 1890/1890/871
f 1891/1891/872 1892/1892/872 1893/1893/872 1894/1894/872
f 1895/1895/873 1896/1896/873 1897/1897/873 1898/1898/873
usemtl bore
f 553/553/285 554/554/286 555/555/287 556/556/288
f 557/557/289 558/558/290 559/559/291 560/560/292
f 561/561/293 562/562/294 563/563/295 564/564/296
f 565/565/297 566/566/298 567/567/299 568/568/300
f 569/569/301 570/570/302 571/571/303 572/572/304
f 573/573/305 574/574/306 575/575/307 576/576/308
f 577/577/309 578/578/310 579/579/311 580/580/312
f 581/581/313 582/582/314 583/583/315 584/584/316
f 585/585/317 586/586/318 587/587/319 588/588/320
f 589/589/321 590/590/322 591/591/323 592/592/324
f 593/593/325 594/594/326 595/595/327 596/596/328
f 597/597/329 598/598/330 599/599/331 600/600/332
f 601/601/333 602/602/334 603/603/335 604/604/336
f 605/605/337 606/606/338 607/607/339 608/608/340
f 609/609/341 610/610/342 611/611/343 612/612/344
f 613/613/345 614/614/346 615/615/347 616/616/348
f 617/617/349 618/618/350 619/619/351 620/620/352
f 621/621/353 622/622/354 623/623/355 624/624/356
f 625/625/357 626/626/358 627/627/359 628/628/360
f 629/629/361 630/630/362 631/631/363 632/632/364
f 633/633/365 634/634/366 635/635/367 636/636/368
f 637/637/369 638/638/370 639/639/371 640/640/372
f 641/641/373 642/642/374 643/643/375 644/644/376
f 645/645/377 646/646/378 647/647/379 648/648/380
f 649/649/381 650/650/382 651/651/383 652/652/384
f 653/653/385 654/654/386 655/655/387 656/656/388
f 657/657/389 658/658/390 659/659/391 660/660/392
f 661/661/393 662/662/394 663/663/395 664/664/396
usemtl grip
f 1353/1353/679 1354/1354/679 1355/1355/679 1356/1356/679
f 1357/1357/680 1358/1358/680 1359/1359/680 1360/1360/680
f 1361/1361/681 1362/1362/681 1363/1363/681 1364/1364/681
f 1365/1365/682 1366/1366/682 1367/1367/682 1368/1368/682
f 1369/1369/683 1370/1370/683 1371/1371/683 1372/1372/683
f 1373/1373/684 1374/1374/684 1375/1375/684 1376/1376/684
f 1377/1377/685 1378/1378/685 1379/1379/685 1380/1380/685
f 1381/1381/686 1382/1382/686 1383/1383/686 1384/1384/686
f 1385/1385/687 1386/1386/687 1387/1387/687 1388/1388/687
f 1389/1389/688 1390/1390/688 1391/1391/688 1392/1392/688
f 1393/1393/689 1394/1394/689 1395/1395/689 1396/1396/689
f 1397/1397/690 1398/1398/690 1399/1399/690 1400/1400/690
f 1401/1401/691 1402/1402/691 1403/1403/691 1404/1404/691
f 1405/1405/692 1406/1406/692 1407/1407/692 1408/1408/692
f 1409/1409/693 1410/1410/693 1411/1411/693 1412/1412/693
f 1413/1413/694 1414/1414/694 1415/1415/694 1416/1416/694
f 1417/1417/695 1418/1418/695 1419/1419/695 1420/1420/695
f 1421/1421/696 1422/1422/696 1423/1423/696 1424/1424/696
f 1425/1425/697 1426/1426/697 1427/1427/697 1428/1428/697
f 1429/1429/698 1430/1430/698 1431/1431/698 1432/1432/698
f 1433/1433/699 1434/1434/699 1435/1435/699 1436/1436/699
f 1437/1437/700 1438/1438/700 1439/1439/700 1440/1440/700
f 1441/1441/701 1442/1442/701 1443/1443/701 1444/1444/701
f 1445/1445/702 1446/1446/702 1447/1447/702 1448/1448/702
f 1449/1449/703 1450/1450/703 1451/1451/703 1452/1452/703
f 1453/1453/704 1454/1454/704 1455/1455/704 1456/1456/704
f 1457/1457/705 1458/1458/705 1459/1459/705 1460/1460/705
f 1461/1461/706 1462/1462/706 1463/1463/706 1464/1464/706
f 1465/1465/707 1466/1466/707 1467/1467/707 1468/1468/707
f 1469/1469/708 1470/1470/708 1471/1471/708 1472/1472/708
f 1473/1473/709 1474/1474/709 1475/1475/709 1476/1476/709
f 1477/1477/710 1478/1478/710 1479/1479/710 1480/1480/710
f 1481/1481/711 1482/1482/711 1483/1483/711 1484/1484/711
f 1485/1485/712 1486/1486/712 1487/1487/712 1488/1488/712
f 1489/1489/713 1490/1490/713 1491/1491/713 1492/1492/713
f 1493/1493/714 1494/1494/714 1495/1495/714 1496/1496/714
f 1497/1497/715 1498/1498/715 1499/1499/715 1500/1500/715
f 1501/1501/716 1502/1502/716 1503/1503/716 1504/1504/716
f 1505/1505/717 1506/1506/717 1507/1507/717 1508/1508/717
f 1509/1509/718 1510/1510/718 1511/1511/718 1512/1512/718
f 1513/1513/719 1514/1514/719 1515/1515/719 1516/1516/719
f 1517/1517/720 1518/1518/720 1519/1519/720 1520/1520/720
f 1521/1521/721 1522/1522/721 1523/1523/721 1524/1524/721
f 1525/1525/722 1526/1526/722 1527/1527/722 1528/1528/722
f 1529/1529/723 1530/1530/723 1531/1531/723 1532/1532/723
f 1533/1533/724 1534/1534/724 1535/1535/724 1536/1536/724
f 1537/1537/725 1538/1538/725 1539/1539/725 1540/1540/725
f 1541/1541/726 1542/1542/726 1543/1543/726 1544/1544/726
f 1545/1545/727 1546/1546/727 1547/1547/727 1548/1548/727
f 1549/1549/728 1550/1550/728 1551/1551/728 1552/1552/728
f 1553/1553/729 1554/1554/729 1555/1555/729 1556/1556/729
f 1557/1557/730 1558/1558/730 1559/1559/730 1560/1560/730
f 1561/1561/731 1562/1562/731 1563/1563/731 1564/1564/731
f 1565/1565/732 1566/1566/732 1567/1567/732 1568/1568/732
f 1569/1569/733 1570/1570/733 1571/1571/733 1572/1572/733
f 1573/1573/734 1574/1574/734 1575/1575/734 1576/1576/734
f 1577/1577/735 1578/1578/735 1579/1579/735 1580/1580/735
f 1581/1581/736 1582/1582/736 1583/1583/736 1584/1584/736
f 1585/1585/737 1586/1586/737 1587/1587/737 1588/1588/737
f 1589/1589/738 1590/1590/738 1591/1591/738 1592/1592/738
f 1593/1593/739 1594/1594/739 1595/1595/739 1596/1596/739
f 1597/1597/740 1598/1598/740 1599/1599/740 1600/1600/740
f 1601/1601/741 1602/1602/741 1603/1603/741 1604/1604/741
f 1605/1605/742 1606/1606/742 1607/1607/742 1608/1608/742
f 1609/1609/743 1610/1610/743 1611/1611/743 1612/1612/743
f 1613/1613/744 1614/1614/744 1615/1615/744 1616/1616/744
f 1617/1617/745 1618/1618/745 1619/1619/745 1620/1620/745
f 1621/1621/746 1622/1622/746 1623/1623/746 1624/1624/746
f 1625/1625/747 1626/1626/747 1627/1627/747 1628/1628/747
f 1629/1629/748 1630/1630/748 1631/1631/748 1632/1632/748
f 1633/1633/749 1634/1634/749 1635/1635/749 1636/1636/749
f 1637/1637/750 1638/1638/750 1639/1639/750 1640/1640/750
f 1641/1641/751 1642/1642/751 1643/1643/751 1644/1644/751
f 1645/1645/752 1646/1646/752 1647/1647/752 1648/1648/752
f 1649/1649/753 1650/1650/753 1651/1651/753 1652/1652/753
f 1653/1653/754 1654/1654/754 1655/1655/754 1656/1656/754
f 1657/1657/755 1658/1658/755 1659/1659/755 1660/1660/755
f 1661/1661/756 1662/1662/756 1663/1663/756 1664/1664/756
f 1665/1665/757 1666/1666/757 1667/1667/757 1668/1668/757
f 1669/1669/758 1670/1670/758 1671/1671/758 1672/1672/758
f 1673/1673/759 1674/1674/759 1675/1675/759 1676/1676/759
f 1677/1677/760 1678/1678/760 1679/1679/760 1680/1680/760
f 1681/1681/761 1682/1682/761 1683/1683/761 1684/1684/761
f 1685/1685/762 1686/1686/762 1687/1687/762 1688/1688/762
f 1689/1689/763 1690/1690/763 1691/1691/763 1692/1692/763
f 1693/1693/764 1694/1694/764 1695/1695/764 1696/1696/764
f 1697/1697/765 1698/1698/765 1699/1699/765 1700/1700/765
f 1701/1701/766 1702/1702/766 1703/1703/766 1704/1704/766
f 1705/1705/767 1706/1706/767 1707/1707/767 1708/1708/767
f 1709/1709/768 1710/1710/768 1711/1711/768 1712/1712/768
f 1713/1713/769 1714/1714/769 1715/1715/769 1716/1716/769
f 1717/1717/770 1718/1718/770 1719/1719/770 1720/1720/770
f 1721/1721/771 1722/1722/771 1723/1723/771 1724/1724/771
f 1725/1725/772 1726/1726/772 1727/1727/772 1728/1728/772
f 1729/1729/773 1730/1730/773 1731/1731/773 1732/1732/773
f 1733/1733/774 1734/1734/774 1735/1735/774 1736/1736/774
