# generated by meshlib
mtllib column.mtl
o column
v 0.43000 0.00000 0.43000
v 0.43000 0.00000 -0.43000
v 0.43000 0.26000 -0.43000
v 0.43000 0.26000 0.43000
v -0.43000 0.00000 -0.43000
v -0.43000 0.00000 0.43000
v -0.43000 0.26000 0.43000
v -0.43000 0.26000 -0.43000
v -0.43000 0.26000 0.43000
v 0.43000 0.26000 0.43000
v 0.43000 0.26000 -0.43000
v -0.43000 0.26000 -0.43000
v -0.43000 0.00000 -0.43000
v 0.43000 0.00000 -0.43000
v 0.43000 0.00000 0.43000
v -0.43000 0.00000 0.43000
v -0.43000 0.00000 0.43000
v 0.43000 0.00000 0.43000
v 0.43000 0.26000 0.43000
v -0.43000 0.26000 0.43000
v 0.43000 0.00000 -0.43000
v -0.43000 0.00000 -0.43000
v -0.43000 0.26000 -0.43000
v 0.43000 0.26000 -0.43000
v 0.37000 0.25000 0.37000
v 0.37000 0.25000 -0.37000
v 0.37000 0.39000 -0.37000
v 0.37000 0.39000 0.37000
v -0.37000 0.25000 -0.37000
v -0.37000 0.25000 0.37000
v -0.37000 0.39000 0.37000
v -0.37000 0.39000 -0.37000
v -0.37000 0.39000 0.37000
v 0.37000 0.39000 0.37000
v 0.37000 0.39000 -0.37000
v -0.37000 0.39000 -0.37000
v -0.37000 0.25000 -0.37000
v 0.37000 0.25000 -0.37000
v 0.37000 0.25000 0.37000
v -0.37000 0.25000 0.37000
v -0.37000 0.25000 0.37000
v 0.37000 0.25000 0.37000
v 0.37000 0.39000 0.37000
v -0.37000 0.39000 0.37000
v 0.37000 0.25000 -0.37000
v -0.37000 0.25000 -0.37000
v -0.37000 0.39000 -0.37000
v 0.37000 0.39000 -0.37000
v 0.33000 0.46000 0.00000
v 0.32366 0.46000 0.06438
v 0.34327 0.39000 0.06828
v 0.35000 0.39000 0.00000
v 0.32366 0.46000 0.06438
v 0.30488 0.46000 0.12629
v 0.32336 0.39000 0.13394
v 0.34327 0.39000 0.06828
v 0.30488 0.46000 0.12629
v 0.27438 0.46000 0.18334
v 0.29101 0.39000 0.19445
v 0.32336 0.39000 0.13394
v 0.27438 0.46000 0.18334
v 0.23335 0.46000 0.23335
v 0.24749 0.39000 0.24749
v 0.29101 0.39000 0.19445
v 0.23335 0.46000 0.23335
v 0.18334 0.46000 0.27438
v 0.19445 0.39000 0.29101
v 0.24749 0.39000 0.24749
v 0.18334 0.46000 0.27438
v 0.12629 0.46000 0.30488
v 0.13394 0.39000 0.32336
v 0.19445 0.39000 0.29101
v 0.12629 0.46000 0.30488
v 0.06438 0.46000 0.32366
v 0.06828 0.39000 0.34327
v 0.13394 0.39000 0.32336
v 0.06438 0.46000 0.32366
v 0.00000 0.46000 0.33000
v 0.00000 0.39000 0.35000
v 0.06828 0.39000 0.34327
v 0.00000 0.46000 0.33000
v -0.06438 0.46000 0.32366
v -0.06828 0.39000 0.34327
v 0.00000 0.39000 0.35000
v -0.06438 0.46000 0.32366
v -0.12629 0.46000 0.30488
v -0.13394 0.39000 0.32336
v -0.06828 0.39000 0.34327
v -0.12629 0.46000 0.30488
v -0.18334 0.46000 0.27438
v -0.19445 0.39000 0.29101
v -0.13394 0.39000 0.32336
v -0.18334 0.46000 0.27438
v -0.23335 0.46000 0.23335
v -0.24749 0.39000 0.24749
v -0.19445 0.39000 0.29101
v -0.23335 0.46000 0.23335
v -0.27438 0.46000 0.18334
v -0.29101 0.39000 0.19445
v -0.24749 0.39000 0.24749
v -0.27438 0.46000 0.18334
v -0.30488 0.46000 0.12629
v -0.32336 0.39000 0.13394
v -0.29101 0.39000 0.19445
v -0.30488 0.46000 0.12629
v -0.32366 0.46000 0.06438
v -0.34327 0.39000 0.06828
v -0.32336 0.39000 0.13394
v -0.32366 0.46000 0.06438
v -0.33000 0.46000 0.00000
v -0.35000 0.39000 0.00000
v -0.34327 0.39000 0.06828
v -0.33000 0.46000 0.00000
v -0.32366 0.46000 -0.06438
v -0.34327 0.39000 -0.06828
v -0.35000 0.39000 0.00000
v -0.32366 0.46000 -0.06438
v -0.30488 0.46000 -0.12629
v -0.32336 0.39000 -0.13394
v -0.34327 0.39000 -0.06828
v -0.30488 0.46000 -0.12629
v -0.27438 0.46000 -0.18334
v -0.29101 0.39000 -0.19445
v -0.32336 0.39000 -0.13394
v -0.27438 0.46000 -0.18334
v -0.23335 0.46000 -0.23335
v -0.24749 0.39000 -0.24749
v -0.29101 0.39000 -0.19445
v -0.23335 0.46000 -0.23335
v -0.18334 0.46000 -0.27438
v -0.19445 0.39000 -0.29101
v -0.24749 0.39000 -0.24749
v -0.18334 0.46000 -0.27438
v -0.12629 0.46000 -0.30488
v -0.13394 0.39000 -0.32336
v -0.19445 0.39000 -0.29101
v -0.12629 0.46000 -0.30488
v -0.06438 0.46000 -0.32366
v -0.06828 0.39000 -0.34327
v -0.13394 0.39000 -0.32336
v -0.06438 0.46000 -0.32366
v -0.00000 0.46000 -0.33000
v -0.00000 0.39000 -0.35000
v -0.06828 0.39000 -0.34327
v -0.00000 0.46000 -0.33000
v 0.06438 0.46000 -0.32366
v 0.06828 0.39000 -0.34327
v -0.00000 0.39000 -0.35000
v 0.06438 0.46000 -0.32366
v 0.12629 0.46000 -0.30488
v 0.13394 0.39000 -0.32336
v 0.06828 0.39000 -0.34327
v 0.12629 0.46000 -0.30488
v 0.18334 0.46000 -0.27438
v 0.19445 0.39000 -0.29101
v 0.13394 0.39000 -0.32336
v 0.18334 0.46000 -0.27438
v 0.23335 0.46000 -0.23335
v 0.24749 0.39000 -0.24749
v 0.19445 0.39000 -0.29101
v 0.23335 0.46000 -0.23335
v 0.27438 0.46000 -0.18334
v 0.29101 0.39000 -0.19445
v 0.24749 0.39000 -0.24749
v 0.27438 0.46000 -0.18334
v 0.30488 0.46000 -0.12629
v 0.32336 0.39000 -0.13394
v 0.29101 0.39000 -0.19445
v 0.30488 0.46000 -0.12629
v 0.32366 0.46000 -0.06438
v 0.34327 0.39000 -0.06828
v 0.32336 0.39000 -0.13394
v 0.32366 0.46000 -0.06438
v 0.33000 0.46000 -0.00000
v 0.35000 0.39000 -0.00000
v 0.34327 0.39000 -0.06828
v 0.30000 0.50000 0.00000
v 0.29424 0.50000 0.05853
v 0.32366 0.46000 0.06438
v 0.33000 0.46000 0.00000
v 0.29424 0.50000 0.05853
v 0.27716 0.50000 0.11481
v 0.30488 0.46000 0.12629
v 0.32366 0.46000 0.06438
v 0.27716 0.50000 0.11481
v 0.24944 0.50000 0.16667
v 0.27438 0.46000 0.18334
v 0.30488 0.46000 0.12629
v 0.24944 0.50000 0.16667
v 0.21213 0.50000 0.21213
v 0.23335 0.46000 0.23335
v 0.27438 0.46000 0.18334
v 0.21213 0.50000 0.21213
v 0.16667 0.50000 0.24944
v 0.18334 0.46000 0.27438
v 0.23335 0.46000 0.23335
v 0.16667 0.50000 0.24944
v 0.11481 0.50000 0.27716
v 0.12629 0.46000 0.30488
v 0.18334 0.46000 0.27438
v 0.11481 0.50000 0.27716
v 0.05853 0.50000 0.29424
v 0.06438 0.46000 0.32366
v 0.12629 0.46000 0.30488
v 0.05853 0.50000 0.29424
v 0.00000 0.50000 0.30000
v 0.00000 0.46000 0.33000
v 0.06438 0.46000 0.32366
v 0.00000 0.50000 0.30000
v -0.05853 0.50000 0.29424
v -0.06438 0.46000 0.32366
v 0.00000 0.46000 0.33000
v -0.05853 0.50000 0.29424
v -0.11481 0.50000 0.27716
v -0.12629 0.46000 0.30488
v -0.06438 0.46000 0.32366
v -0.11481 0.50000 0.27716
v -0.16667 0.50000 0.24944
v -0.18334 0.46000 0.27438
v -0.12629 0.46000 0.30488
v -0.16667 0.50000 0.24944
v -0.21213 0.50000 0.21213
v -0.23335 0.46000 0.23335
v -0.18334 0.46000 0.27438
v -0.21213 0.50000 0.21213
v -0.24944 0.50000 0.16667
v -0.27438 0.46000 0.18334
v -0.23335 0.46000 0.23335
v -0.24944 0.50000 0.16667
v -0.27716 0.50000 0.11481
v -0.30488 0.46000 0.12629
v -0.27438 0.46000 0.18334
v -0.27716 0.50000 0.11481
v -0.29424 0.50000 0.05853
v -0.32366 0.46000 0.06438
v -0.30488 0.46000 0.12629
v -0.29424 0.50000 0.05853
v -0.30000 0.50000 0.00000
v -0.33000 0.46000 0.00000
v -0.32366 0.46000 0.06438
v -0.30000 0.50000 0.00000
v -0.29424 0.50000 -0.05853
v -0.32366 0.46000 -0.06438
v -0.33000 0.46000 0.00000
v -0.29424 0.50000 -0.05853
v -0.27716 0.50000 -0.11481
v -0.30488 0.46000 -0.12629
v -0.32366 0.46000 -0.06438
v -0.27716 0.50000 -0.11481
v -0.24944 0.50000 -0.16667
v -0.27438 0.46000 -0.18334
v -0.30488 0.46000 -0.12629
v -0.24944 0.50000 -0.16667
v -0.21213 0.50000 -0.21213
v -0.23335 0.46000 -0.23335
v -0.27438 0.46000 -0.18334
v -0.21213 0.50000 -0.21213
v -0.16667 0.50000 -0.24944
v -0.18334 0.46000 -0.27438
v -0.23335 0.46000 -0.23335
v -0.16667 0.50000 -0.24944
v -0.11481 0.50000 -0.27716
v -0.12629 0.46000 -0.30488
v -0.18334 0.46000 -0.27438
v -0.11481 0.50000 -0.27716
v -0.05853 0.50000 -0.29424
v -0.06438 0.46000 -0.32366
v -0.12629 0.46000 -0.30488
v -0.05853 0.50000 -0.29424
v -0.00000 0.50000 -0.30000
v -0.00000 0.46000 -0.33000
v -0.06438 0.46000 -0.32366
v -0.00000 0.50000 -0.30000
v 0.05853 0.50000 -0.29424
v 0.06438 0.46000 -0.32366
v -0.00000 0.46000 -0.33000
v 0.05853 0.50000 -0.29424
v 0.11481 0.50000 -0.27716
v 0.12629 0.46000 -0.30488
v 0.06438 0.46000 -0.32366
v 0.11481 0.50000 -0.27716
v 0.16667 0.50000 -0.24944
v 0.18334 0.46000 -0.27438
v 0.12629 0.46000 -0.30488
v 0.16667 0.50000 -0.24944
v 0.21213 0.50000 -0.21213
v 0.23335 0.46000 -0.23335
v 0.18334 0.46000 -0.27438
v 0.21213 0.50000 -0.21213
v 0.24944 0.50000 -0.16667
v 0.27438 0.46000 -0.18334
v 0.23335 0.46000 -0.23335
v 0.24944 0.50000 -0.16667
v 0.27716 0.50000 -0.11481
v 0.30488 0.46000 -0.12629
v 0.27438 0.46000 -0.18334
v 0.27716 0.50000 -0.11481
v 0.29424 0.50000 -0.05853
v 0.32366 0.46000 -0.06438
v 0.30488 0.46000 -0.12629
v 0.29424 0.50000 -0.05853
v 0.30000 0.50000 -0.00000
v 0.33000 0.46000 -0.00000
v 0.32366 0.46000 -0.06438
v 0.28500 0.58000 0.00000
v 0.27952 0.58000 0.05560
v 0.29424 0.50000 0.05853
v 0.30000 0.50000 0.00000
v 0.27952 0.58000 0.05560
v 0.26331 0.58000 0.10906
v 0.27716 0.50000 0.11481
v 0.29424 0.50000 0.05853
v 0.26331 0.58000 0.10906
v 0.23697 0.58000 0.15834
v 0.24944 0.50000 0.16667
v 0.27716 0.50000 0.11481
v 0.23697 0.58000 0.15834
v 0.20153 0.58000 0.20153
v 0.21213 0.50000 0.21213
v 0.24944 0.50000 0.16667
v 0.20153 0.58000 0.20153
v 0.15834 0.58000 0.23697
v 0.16667 0.50000 0.24944
v 0.21213 0.50000 0.21213
v 0.15834 0.58000 0.23697
v 0.10906 0.58000 0.26331
v 0.11481 0.50000 0.27716
v 0.16667 0.50000 0.24944
v 0.10906 0.58000 0.26331
v 0.05560 0.58000 0.27952
v 0.05853 0.50000 0.29424
v 0.11481 0.50000 0.27716
v 0.05560 0.58000 0.27952
v 0.00000 0.58000 0.28500
v 0.00000 0.50000 0.30000
v 0.05853 0.50000 0.29424
v 0.00000 0.58000 0.28500
v -0.05560 0.58000 0.27952
v -0.05853 0.50000 0.29424
v 0.00000 0.50000 0.30000
v -0.05560 0.58000 0.27952
v -0.10906 0.58000 0.26331
v -0.11481 0.50000 0.27716
v -0.05853 0.50000 0.29424
v -0.10906 0.58000 0.26331
v -0.15834 0.58000 0.23697
v -0.16667 0.50000 0.24944
v -0.11481 0.50000 0.27716
v -0.15834 0.58000 0.23697
v -0.20153 0.58000 0.20153
v -0.21213 0.50000 0.21213
v -0.16667 0.50000 0.24944
v -0.20153 0.58000 0.20153
v -0.23697 0.58000 0.15834
v -0.24944 0.50000 0.16667
v -0.21213 0.50000 0.21213
v -0.23697 0.58000 0.15834
v -0.26331 0.58000 0.10906
v -0.27716 0.50000 0.11481
v -0.24944 0.50000 0.16667
v -0.26331 0.58000 0.10906
v -0.27952 0.58000 0.05560
v -0.29424 0.50000 0.05853
v -0.27716 0.50000 0.11481
v -0.27952 0.58000 0.05560
v -0.28500 0.58000 0.00000
v -0.30000 0.50000 0.00000
v -0.29424 0.50000 0.05853
v -0.28500 0.58000 0.00000
v -0.27952 0.58000 -0.05560
v -0.29424 0.50000 -0.05853
v -0.30000 0.50000 0.00000
v -0.27952 0.58000 -0.05560
v -0.26331 0.58000 -0.10906
v -0.27716 0.50000 -0.11481
v -0.29424 0.50000 -0.05853
v -0.26331 0.58000 -0.10906
v -0.23697 0.58000 -0.15834
v -0.24944 0.50000 -0.16667
v -0.27716 0.50000 -0.11481
v -0.23697 0.58000 -0.15834
v -0.20153 0.58000 -0.20153
v -0.21213 0.50000 -0.21213
v -0.24944 0.50000 -0.16667
v -0.20153 0.58000 -0.20153
v -0.15834 0.58000 -0.23697
v -0.16667 0.50000 -0.24944
v -0.21213 0.50000 -0.21213
v -0.15834 0.58000 -0.23697
v -0.10906 0.58000 -0.26331
v -0.11481 0.50000 -0.27716
v -0.16667 0.50000 -0.24944
v -0.10906 0.58000 -0.26331
v -0.05560 0.58000 -0.27952
v -0.05853 0.50000 -0.29424
v -0.11481 0.50000 -0.27716
v -0.05560 0.58000 -0.27952
v -0.00000 0.58000 -0.28500
v -0.00000 0.50000 -0.30000
v -0.05853 0.50000 -0.29424
v -0.00000 0.58000 -0.28500
v 0.05560 0.58000 -0.27952
v 0.05853 0.50000 -0.29424
v -0.00000 0.50000 -0.30000
v 0.05560 0.58000 -0.27952
v 0.10906 0.58000 -0.26331
v 0.11481 0.50000 -0.27716
v 0.05853 0.50000 -0.29424
v 0.10906 0.58000 -0.26331
v 0.15834 0.58000 -0.23697
v 0.16667 0.50000 -0.24944
v 0.11481 0.50000 -0.27716
v 0.15834 0.58000 -0.23697
v 0.20153 0.58000 -0.20153
v 0.21213 0.50000 -0.21213
v 0.16667 0.50000 -0.24944
v 0.20153 0.58000 -0.20153
v 0.23697 0.58000 -0.15834
v 0.24944 0.50000 -0.16667
v 0.21213 0.50000 -0.21213
v 0.23697 0.58000 -0.15834
v 0.26331 0.58000 -0.10906
v 0.27716 0.50000 -0.11481
v 0.24944 0.50000 -0.16667
v 0.26331 0.58000 -0.10906
v 0.27952 0.58000 -0.05560
v 0.29424 0.50000 -0.05853
v 0.27716 0.50000 -0.11481
v 0.27952 0.58000 -0.05560
v 0.28500 0.58000 -0.00000
v 0.30000 0.50000 -0.00000
v 0.29424 0.50000 -0.05853
v 0.27952 0.58000 -0.05560
v 0.26331 0.58000 -0.10906
v 0.23697 0.58000 -0.15834
v 0.20153 0.58000 -0.20153
v 0.15834 0.58000 -0.23697
v 0.10906 0.58000 -0.26331
v 0.05560 0.58000 -0.27952
v -0.00000 0.58000 -0.28500
v -0.05560 0.58000 -0.27952
v -0.10906 0.58000 -0.26331
v -0.15834 0.58000 -0.23697
v -0.20153 0.58000 -0.20153
v -0.23697 0.58000 -0.15834
v -0.26331 0.58000 -0.10906
v -0.27952 0.58000 -0.05560
v -0.28500 0.58000 0.00000
v -0.27952 0.58000 0.05560
v -0.26331 0.58000 0.10906
v -0.23697 0.58000 0.15834
v -0.20153 0.58000 0.20153
v -0.15834 0.58000 0.23697
v -0.10906 0.58000 0.26331
v -0.05560 0.58000 0.27952
v 0.00000 0.58000 0.28500
v 0.05560 0.58000 0.27952
v 0.10906 0.58000 0.26331
v 0.15834 0.58000 0.23697
v 0.20153 0.58000 0.20153
v 0.23697 0.58000 0.15834
v 0.26331 0.58000 0.10906
v 0.27952 0.58000 0.05560
v 0.28500 0.58000 0.00000
v 0.24900 3.85000 0.00000
v 0.25983 3.85000 0.01703
v 0.25983 0.58000 0.01703
v 0.24900 0.58000 0.00000
v 0.25983 3.85000 0.01703
v 0.27265 3.85000 0.03589
v 0.27265 0.58000 0.03589
v 0.25983 0.58000 0.01703
v 0.27265 3.85000 0.03589
v 0.26972 3.85000 0.05365
v 0.26972 0.58000 0.05365
v 0.27265 0.58000 0.03589
v 0.26972 3.85000 0.05365
v 0.26563 3.85000 0.07118
v 0.26563 0.58000 0.07118
v 0.26972 0.58000 0.05365
v 0.26563 3.85000 0.07118
v 0.23693 3.85000 0.08043
v 0.23693 0.58000 0.08043
v 0.26563 0.58000 0.07118
v 0.23693 3.85000 0.08043
v 0.23456 3.85000 0.09716
v 0.23456 0.58000 0.09716
v 0.23693 0.58000 0.08043
v 0.23456 3.85000 0.09716
v 0.24664 3.85000 0.12163
v 0.24664 0.58000 0.12163
v 0.23456 0.58000 0.09716
v 0.24664 3.85000 0.12163
v 0.23816 3.85000 0.13750
v 0.23816 0.58000 0.13750
v 0.24664 0.58000 0.12163
v 0.23816 3.85000 0.13750
v 0.22865 3.85000 0.15278
v 0.22865 0.58000 0.15278
v 0.23816 0.58000 0.13750
v 0.22865 3.85000 0.15278
v 0.20142 3.85000 0.15455
v 0.20142 0.58000 0.15455
v 0.22865 0.58000 0.15278
v 0.20142 3.85000 0.15455
v 0.18812 3.85000 0.16497
v 0.18812 0.58000 0.16497
v 0.20142 0.58000 0.15455
v 0.18812 3.85000 0.16497
v 0.19445 3.85000 0.19445
v 0.19445 0.58000 0.19445
v 0.18812 0.58000 0.16497
v 0.19445 3.85000 0.19445
v 0.18132 3.85000 0.20676
v 0.18132 0.58000 0.20676
v 0.19445 0.58000 0.19445
v 0.18132 3.85000 0.20676
v 0.16741 3.85000 0.21817
v 0.16741 0.58000 0.21817
v 0.18132 0.58000 0.20676
v 0.16741 3.85000 0.21817
v 0.14466 3.85000 0.21651
v 0.14466 0.58000 0.21651
v 0.16741 0.58000 0.21817
v 0.14466 3.85000 0.21651
v 0.12450 3.85000 0.21564
v 0.12450 0.58000 0.21564
v 0.14466 0.58000 0.21651
v 0.12450 3.85000 0.21564
v 0.11517 3.85000 0.23354
v 0.11517 0.58000 0.23354
v 0.12450 0.58000 0.21564
v 0.11517 3.85000 0.23354
v 0.10524 3.85000 0.25407
v 0.10524 0.58000 0.25407
v 0.11517 0.58000 0.23354
v 0.10524 3.85000 0.25407
v 0.08840 3.85000 0.26041
v 0.08840 0.58000 0.26041
v 0.10524 0.58000 0.25407
v 0.08840 3.85000 0.26041
v 0.07118 3.85000 0.26563
v 0.07118 0.58000 0.26563
v 0.08840 0.58000 0.26041
v 0.07118 3.85000 0.26563
v 0.04881 3.85000 0.24540
v 0.04881 0.58000 0.24540
v 0.07118 0.58000 0.26563
v 0.04881 3.85000 0.24540
v 0.03314 3.85000 0.25171
v 0.03314 0.58000 0.25171
v 0.04881 0.58000 0.24540
v 0.03314 3.85000 0.25171
v 0.01799 3.85000 0.27441
v 0.01799 0.58000 0.27441
v 0.03314 0.58000 0.25171
v 0.01799 3.85000 0.27441
v 0.00000 3.85000 0.27500
v 0.00000 0.58000 0.27500
v 0.01799 0.58000 0.27441
v 0.00000 3.85000 0.27500
v -0.01799 3.85000 0.27441
v -0.01799 0.58000 0.27441
v 0.00000 0.58000 0.27500
v -0.01799 3.85000 0.27441
v -0.03314 3.85000 0.25171
v -0.03314 0.58000 0.25171
v -0.01799 0.58000 0.27441
v -0.03314 3.85000 0.25171
v -0.04881 3.85000 0.24540
v -0.04881 0.58000 0.24540
v -0.03314 0.58000 0.25171
v -0.04881 3.85000 0.24540
v -0.07118 3.85000 0.26563
v -0.07118 0.58000 0.26563
v -0.04881 0.58000 0.24540
v -0.07118 3.85000 0.26563
v -0.08840 3.85000 0.26041
v -0.08840 0.58000 0.26041
v -0.07118 0.58000 0.26563
v -0.08840 3.85000 0.26041
v -0.10524 3.85000 0.25407
v -0.10524 0.58000 0.25407
v -0.08840 0.58000 0.26041
v -0.10524 3.85000 0.25407
v -0.11517 3.85000 0.23354
v -0.11517 0.58000 0.23354
v -0.10524 0.58000 0.25407
v -0.11517 3.85000 0.23354
v -0.12450 3.85000 0.21564
v -0.12450 0.58000 0.21564
v -0.11517 0.58000 0.23354
v -0.12450 3.85000 0.21564
v -0.14466 3.85000 0.21651
v -0.14466 0.58000 0.21651
v -0.12450 0.58000 0.21564
v -0.14466 3.85000 0.21651
v -0.16741 3.85000 0.21817
v -0.16741 0.58000 0.21817
v -0.14466 0.58000 0.21651
v -0.16741 3.85000 0.21817
v -0.18132 3.85000 0.20676
v -0.18132 0.58000 0.20676
v -0.16741 0.58000 0.21817
v -0.18132 3.85000 0.20676
v -0.19445 3.85000 0.19445
v -0.19445 0.58000 0.19445
v -0.18132 0.58000 0.20676
v -0.19445 3.85000 0.19445
v -0.18812 3.85000 0.16497
v -0.18812 0.58000 0.16497
v -0.19445 0.58000 0.19445
v -0.18812 3.85000 0.16497
v -0.20142 3.85000 0.15455
v -0.20142 0.58000 0.15455
v -0.18812 0.58000 0.16497
v -0.20142 3.85000 0.15455
v -0.22865 3.85000 0.15278
v -0.22865 0.58000 0.15278
v -0.20142 0.58000 0.15455
v -0.22865 3.85000 0.15278
v -0.23816 3.85000 0.13750
v -0.23816 0.58000 0.13750
v -0.22865 0.58000 0.15278
v -0.23816 3.85000 0.13750
v -0.24664 3.85000 0.12163
v -0.24664 0.58000 0.12163
v -0.23816 0.58000 0.13750
v -0.24664 3.85000 0.12163
v -0.23456 3.85000 0.09716
v -0.23456 0.58000 0.09716
v -0.24664 0.58000 0.12163
v -0.23456 3.85000 0.09716
v -0.23693 3.85000 0.08043
v -0.23693 0.58000 0.08043
v -0.23456 0.58000 0.09716
v -0.23693 3.85000 0.08043
v -0.26563 3.85000 0.07118
v -0.26563 0.58000 0.07118
v -0.23693 0.58000 0.08043
v -0.26563 3.85000 0.07118
v -0.26972 3.85000 0.05365
v -0.26972 0.58000 0.05365
v -0.26563 0.58000 0.07118
v -0.26972 3.85000 0.05365
v -0.27265 3.85000 0.03589
v -0.27265 0.58000 0.03589
v -0.26972 0.58000 0.05365
v -0.27265 3.85000 0.03589
v -0.25983 3.85000 0.01703
v -0.25983 0.58000 0.01703
v -0.27265 0.58000 0.03589
v -0.25983 3.85000 0.01703
v -0.24900 3.85000 0.00000
v -0.24900 0.58000 0.00000
v -0.25983 0.58000 0.01703
v -0.24900 3.85000 0.00000
v -0.25983 3.85000 -0.01703
v -0.25983 0.58000 -0.01703
v -0.24900 0.58000 0.00000
v -0.25983 3.85000 -0.01703
v -0.27265 3.85000 -0.03589
v -0.27265 0.58000 -0.03589
v -0.25983 0.58000 -0.01703
v -0.27265 3.85000 -0.03589
v -0.26972 3.85000 -0.05365
v -0.26972 0.58000 -0.05365
v -0.27265 0.58000 -0.03589
v -0.26972 3.85000 -0.05365
v -0.26563 3.85000 -0.07118
v -0.26563 0.58000 -0.07118
v -0.26972 0.58000 -0.05365
v -0.26563 3.85000 -0.07118
v -0.23693 3.85000 -0.08043
v -0.23693 0.58000 -0.08043
v -0.26563 0.58000 -0.07118
v -0.23693 3.85000 -0.08043
v -0.23456 3.85000 -0.09716
v -0.23456 0.58000 -0.09716
v -0.23693 0.58000 -0.08043
v -0.23456 3.85000 -0.09716
v -0.24664 3.85000 -0.12163
v -0.24664 0.58000 -0.12163
v -0.23456 0.58000 -0.09716
v -0.24664 3.85000 -0.12163
v -0.23816 3.85000 -0.13750
v -0.23816 0.58000 -0.13750
v -0.24664 0.58000 -0.12163
v -0.23816 3.85000 -0.13750
v -0.22865 3.85000 -0.15278
v -0.22865 0.58000 -0.15278
v -0.23816 0.58000 -0.13750
v -0.22865 3.85000 -0.15278
v -0.20142 3.85000 -0.15455
v -0.20142 0.58000 -0.15455
v -0.22865 0.58000 -0.15278
v -0.20142 3.85000 -0.15455
v -0.18812 3.85000 -0.16497
v -0.18812 0.58000 -0.16497
v -0.20142 0.58000 -0.15455
v -0.18812 3.85000 -0.16497
v -0.19445 3.85000 -0.19445
v -0.19445 0.58000 -0.19445
v -0.18812 0.58000 -0.16497
v -0.19445 3.85000 -0.19445
v -0.18132 3.85000 -0.20676
v -0.18132 0.58000 -0.20676
v -0.19445 0.58000 -0.19445
v -0.18132 3.85000 -0.20676
v -0.16741 3.85000 -0.21817
v -0.16741 0.58000 -0.21817
v -0.18132 0.58000 -0.20676
v -0.16741 3.85000 -0.21817
v -0.14466 3.85000 -0.21651
v -0.14466 0.58000 -0.21651
v -0.16741 0.58000 -0.21817
v -0.14466 3.85000 -0.21651
v -0.12450 3.85000 -0.21564
v -0.12450 0.58000 -0.21564
v -0.14466 0.58000 -0.21651
v -0.12450 3.85000 -0.21564
v -0.11517 3.85000 -0.23354
v -0.11517 0.58000 -0.23354
v -0.12450 0.58000 -0.21564
v -0.11517 3.85000 -0.23354
v -0.10524 3.85000 -0.25407
v -0.10524 0.58000 -0.25407
v -0.11517 0.58000 -0.23354
v -0.10524 3.85000 -0.25407
v -0.08840 3.85000 -0.26041
v -0.08840 0.58000 -0.26041
v -0.10524 0.58000 -0.25407
v -0.08840 3.85000 -0.26041
v -0.07118 3.85000 -0.26563
v -0.07118 0.58000 -0.26563
v -0.08840 0.58000 -0.26041
v -0.07118 3.85000 -0.26563
v -0.04881 3.85000 -0.24540
v -0.04881 0.58000 -0.24540
v -0.07118 0.58000 -0.26563
v -0.04881 3.85000 -0.24540
v -0.03314 3.85000 -0.25171
v -0.03314 0.58000 -0.25171
v -0.04881 0.58000 -0.24540
v -0.03314 3.85000 -0.25171
v -0.01799 3.85000 -0.27441
v -0.01799 0.58000 -0.27441
v -0.03314 0.58000 -0.25171
v -0.01799 3.85000 -0.27441
v -0.00000 3.85000 -0.27500
v -0.00000 0.58000 -0.27500
v -0.01799 0.58000 -0.27441
v -0.00000 3.85000 -0.27500
v 0.01799 3.85000 -0.27441
v 0.01799 0.58000 -0.27441
v -0.00000 0.58000 -0.27500
v 0.01799 3.85000 -0.27441
v 0.03314 3.85000 -0.25171
v 0.03314 0.58000 -0.25171
v 0.01799 0.58000 -0.27441
v 0.03314 3.85000 -0.25171
v 0.04881 3.85000 -0.24540
v 0.04881 0.58000 -0.24540
v 0.03314 0.58000 -0.25171
v 0.04881 3.85000 -0.24540
v 0.07118 3.85000 -0.26563
v 0.07118 0.58000 -0.26563
v 0.04881 0.58000 -0.24540
v 0.07118 3.85000 -0.26563
v 0.08840 3.85000 -0.26041
v 0.08840 0.58000 -0.26041
v 0.07118 0.58000 -0.26563
v 0.08840 3.85000 -0.26041
v 0.10524 3.85000 -0.25407
v 0.10524 0.58000 -0.25407
v 0.08840 0.58000 -0.26041
v 0.10524 3.85000 -0.25407
v 0.11517 3.85000 -0.23354
v 0.11517 0.58000 -0.23354
v 0.10524 0.58000 -0.25407
v 0.11517 3.85000 -0.23354
v 0.12450 3.85000 -0.21564
v 0.12450 0.58000 -0.21564
v 0.11517 0.58000 -0.23354
v 0.12450 3.85000 -0.21564
v 0.14466 3.85000 -0.21651
v 0.14466 0.58000 -0.21651
v 0.12450 0.58000 -0.21564
v 0.14466 3.85000 -0.21651
v 0.16741 3.85000 -0.21817
v 0.16741 0.58000 -0.21817
v 0.14466 0.58000 -0.21651
v 0.16741 3.85000 -0.21817
v 0.18132 3.85000 -0.20676
v 0.18132 0.58000 -0.20676
v 0.16741 0.58000 -0.21817
v 0.18132 3.85000 -0.20676
v 0.19445 3.85000 -0.19445
v 0.19445 0.58000 -0.19445
v 0.18132 0.58000 -0.20676
v 0.19445 3.85000 -0.19445
v 0.18812 3.85000 -0.16497
v 0.18812 0.58000 -0.16497
v 0.19445 0.58000 -0.19445
v 0.18812 3.85000 -0.16497
v 0.20142 3.85000 -0.15455
v 0.20142 0.58000 -0.15455
v 0.18812 0.58000 -0.16497
v 0.20142 3.85000 -0.15455
v 0.22865 3.85000 -0.15278
v 0.22865 0.58000 -0.15278
v 0.20142 0.58000 -0.15455
v 0.22865 3.85000 -0.15278
v 0.23816 3.85000 -0.13750
v 0.23816 0.58000 -0.13750
v 0.22865 0.58000 -0.15278
v 0.23816 3.85000 -0.13750
v 0.24664 3.85000 -0.12163
v 0.24664 0.58000 -0.12163
v 0.23816 0.58000 -0.13750
v 0.24664 3.85000 -0.12163
v 0.23456 3.85000 -0.09716
v 0.23456 0.58000 -0.09716
v 0.24664 0.58000 -0.12163
v 0.23456 3.85000 -0.09716
v 0.23693 3.85000 -0.08043
v 0.23693 0.58000 -0.08043
v 0.23456 0.58000 -0.09716
v 0.23693 3.85000 -0.08043
v 0.26563 3.85000 -0.07118
v 0.26563 0.58000 -0.07118
v 0.23693 0.58000 -0.08043
v 0.26563 3.85000 -0.07118
v 0.26972 3.85000 -0.05365
v 0.26972 0.58000 -0.05365
v 0.26563 0.58000 -0.07118
v 0.26972 3.85000 -0.05365
v 0.27265 3.85000 -0.03589
v 0.27265 0.58000 -0.03589
v 0.26972 0.58000 -0.05365
v 0.27265 3.85000 -0.03589
v 0.25983 3.85000 -0.01703
v 0.25983 0.58000 -0.01703
v 0.27265 0.58000 -0.03589
v 0.25983 3.85000 -0.01703
v 0.24900 3.85000 0.00000
v 0.24900 0.58000 0.00000
v 0.25983 0.58000 -0.01703
v 0.30000 3.88000 0.00000
v 0.29424 3.88000 0.05853
v 0.26972 3.85000 0.05365
v 0.27500 3.85000 0.00000
v 0.29424 3.88000 0.05853
v 0.27716 3.88000 0.11481
v 0.25407 3.85000 0.10524
v 0.26972 3.85000 0.05365
v 0.27716 3.88000 0.11481
v 0.24944 3.88000 0.16667
v 0.22865 3.85000 0.15278
v 0.25407 3.85000 0.10524
v 0.24944 3.88000 0.16667
v 0.21213 3.88000 0.21213
v 0.19445 3.85000 0.19445
v 0.22865 3.85000 0.15278
v 0.21213 3.88000 0.21213
v 0.16667 3.88000 0.24944
v 0.15278 3.85000 0.22865
v 0.19445 3.85000 0.19445
v 0.16667 3.88000 0.24944
v 0.11481 3.88000 0.27716
v 0.10524 3.85000 0.25407
v 0.15278 3.85000 0.22865
v 0.11481 3.88000 0.27716
v 0.05853 3.88000 0.29424
v 0.05365 3.85000 0.26972
v 0.10524 3.85000 0.25407
v 0.05853 3.88000 0.29424
v 0.00000 3.88000 0.30000
v 0.00000 3.85000 0.27500
v 0.05365 3.85000 0.26972
v 0.00000 3.88000 0.30000
v -0.05853 3.88000 0.29424
v -0.05365 3.85000 0.26972
v 0.00000 3.85000 0.27500
v -0.05853 3.88000 0.29424
v -0.11481 3.88000 0.27716
v -0.10524 3.85000 0.25407
v -0.05365 3.85000 0.26972
v -0.11481 3.88000 0.27716
v -0.16667 3.88000 0.24944
v -0.15278 3.85000 0.22865
v -0.10524 3.85000 0.25407
v -0.16667 3.88000 0.24944
v -0.21213 3.88000 0.21213
v -0.19445 3.85000 0.19445
v -0.15278 3.85000 0.22865
v -0.21213 3.88000 0.21213
v -0.24944 3.88000 0.16667
v -0.22865 3.85000 0.15278
v -0.19445 3.85000 0.19445
v -0.24944 3.88000 0.16667
v -0.27716 3.88000 0.11481
v -0.25407 3.85000 0.10524
v -0.22865 3.85000 0.15278
v -0.27716 3.88000 0.11481
v -0.29424 3.88000 0.05853
v -0.26972 3.85000 0.05365
v -0.25407 3.85000 0.10524
v -0.29424 3.88000 0.05853
v -0.30000 3.88000 0.00000
v -0.27500 3.85000 0.00000
v -0.26972 3.85000 0.05365
v -0.30000 3.88000 0.00000
v -0.29424 3.88000 -0.05853
v -0.26972 3.85000 -0.05365
v -0.27500 3.85000 0.00000
v -0.29424 3.88000 -0.05853
v -0.27716 3.88000 -0.11481
v -0.25407 3.85000 -0.10524
v -0.26972 3.85000 -0.05365
v -0.27716 3.88000 -0.11481
v -0.24944 3.88000 -0.16667
v -0.22865 3.85000 -0.15278
v -0.25407 3.85000 -0.10524
v -0.24944 3.88000 -0.16667
v -0.21213 3.88000 -0.21213
v -0.19445 3.85000 -0.19445
v -0.22865 3.85000 -0.15278
v -0.21213 3.88000 -0.21213
v -0.16667 3.88000 -0.24944
v -0.15278 3.85000 -0.22865
v -0.19445 3.85000 -0.19445
v -0.16667 3.88000 -0.24944
v -0.11481 3.88000 -0.27716
v -0.10524 3.85000 -0.25407
v -0.15278 3.85000 -0.22865
v -0.11481 3.88000 -0.27716
v -0.05853 3.88000 -0.29424
v -0.05365 3.85000 -0.26972
v -0.10524 3.85000 -0.25407
v -0.05853 3.88000 -0.29424
v -0.00000 3.88000 -0.30000
v -0.00000 3.85000 -0.27500
v -0.05365 3.85000 -0.26972
v -0.00000 3.88000 -0.30000
v 0.05853 3.88000 -0.29424
v 0.05365 3.85000 -0.26972
v -0.00000 3.85000 -0.27500
v 0.05853 3.88000 -0.29424
v 0.11481 3.88000 -0.27716
v 0.10524 3.85000 -0.25407
v 0.05365 3.85000 -0.26972
v 0.11481 3.88000 -0.27716
v 0.16667 3.88000 -0.24944
v 0.15278 3.85000 -0.22865
v 0.10524 3.85000 -0.25407
v 0.16667 3.88000 -0.24944
v 0.21213 3.88000 -0.21213
v 0.19445 3.85000 -0.19445
v 0.15278 3.85000 -0.22865
v 0.21213 3.88000 -0.21213
v 0.24944 3.88000 -0.16667
v 0.22865 3.85000 -0.15278
v 0.19445 3.85000 -0.19445
v 0.24944 3.88000 -0.16667
v 0.27716 3.88000 -0.11481
v 0.25407 3.85000 -0.10524
v 0.22865 3.85000 -0.15278
v 0.27716 3.88000 -0.11481
v 0.29424 3.88000 -0.05853
v 0.26972 3.85000 -0.05365
v 0.25407 3.85000 -0.10524
v 0.29424 3.88000 -0.05853
v 0.30000 3.88000 -0.00000
v 0.27500 3.85000 -0.00000
v 0.26972 3.85000 -0.05365
v 0.30000 3.94000 0.00000
v 0.29424 3.94000 0.05853
v 0.29424 3.88000 0.05853
v 0.30000 3.88000 0.00000
v 0.29424 3.94000 0.05853
v 0.27716 3.94000 0.11481
v 0.27716 3.88000 0.11481
v 0.29424 3.88000 0.05853
v 0.27716 3.94000 0.11481
v 0.24944 3.94000 0.16667
v 0.24944 3.88000 0.16667
v 0.27716 3.88000 0.11481
v 0.24944 3.94000 0.16667
v 0.21213 3.94000 0.21213
v 0.21213 3.88000 0.21213
v 0.24944 3.88000 0.16667
v 0.21213 3.94000 0.21213
v 0.16667 3.94000 0.24944
v 0.16667 3.88000 0.24944
v 0.21213 3.88000 0.21213
v 0.16667 3.94000 0.24944
v 0.11481 3.94000 0.27716
v 0.11481 3.88000 0.27716
v 0.16667 3.88000 0.24944
v 0.11481 3.94000 0.27716
v 0.05853 3.94000 0.29424
v 0.05853 3.88000 0.29424
v 0.11481 3.88000 0.27716
v 0.05853 3.94000 0.29424
v 0.00000 3.94000 0.30000
v 0.00000 3.88000 0.30000
v 0.05853 3.88000 0.29424
v 0.00000 3.94000 0.30000
v -0.05853 3.94000 0.29424
v -0.05853 3.88000 0.29424
v 0.00000 3.88000 0.30000
v -0.05853 3.94000 0.29424
v -0.11481 3.94000 0.27716
v -0.11481 3.88000 0.27716
v -0.05853 3.88000 0.29424
v -0.11481 3.94000 0.27716
v -0.16667 3.94000 0.24944
v -0.16667 3.88000 0.24944
v -0.11481 3.88000 0.27716
v -0.16667 3.94000 0.24944
v -0.21213 3.94000 0.21213
v -0.21213 3.88000 0.21213
v -0.16667 3.88000 0.24944
v -0.21213 3.94000 0.21213
v -0.24944 3.94000 0.16667
v -0.24944 3.88000 0.16667
v -0.21213 3.88000 0.21213
v -0.24944 3.94000 0.16667
v -0.27716 3.94000 0.11481
v -0.27716 3.88000 0.11481
v -0.24944 3.88000 0.16667
v -0.27716 3.94000 0.11481
v -0.29424 3.94000 0.05853
v -0.29424 3.88000 0.05853
v -0.27716 3.88000 0.11481
v -0.29424 3.94000 0.05853
v -0.30000 3.94000 0.00000
v -0.30000 3.88000 0.00000
v -0.29424 3.88000 0.05853
v -0.30000 3.94000 0.00000
v -0.29424 3.94000 -0.05853
v -0.29424 3.88000 -0.05853
v -0.30000 3.88000 0.00000
v -0.29424 3.94000 -0.05853
v -0.27716 3.94000 -0.11481
v -0.27716 3.88000 -0.11481
v -0.29424 3.88000 -0.05853
v -0.27716 3.94000 -0.11481
v -0.24944 3.94000 -0.16667
v -0.24944 3.88000 -0.16667
v -0.27716 3.88000 -0.11481
v -0.24944 3.94000 -0.16667
v -0.21213 3.94000 -0.21213
v -0.21213 3.88000 -0.21213
v -0.24944 3.88000 -0.16667
v -0.21213 3.94000 -0.21213
v -0.16667 3.94000 -0.24944
v -0.16667 3.88000 -0.24944
v -0.21213 3.88000 -0.21213
v -0.16667 3.94000 -0.24944
v -0.11481 3.94000 -0.27716
v -0.11481 3.88000 -0.27716
v -0.16667 3.88000 -0.24944
v -0.11481 3.94000 -0.27716
v -0.05853 3.94000 -0.29424
v -0.05853 3.88000 -0.29424
v -0.11481 3.88000 -0.27716
v -0.05853 3.94000 -0.29424
v -0.00000 3.94000 -0.30000
v -0.00000 3.88000 -0.30000
v -0.05853 3.88000 -0.29424
v -0.00000 3.94000 -0.30000
v 0.05853 3.94000 -0.29424
v 0.05853 3.88000 -0.29424
v -0.00000 3.88000 -0.30000
v 0.05853 3.94000 -0.29424
v 0.11481 3.94000 -0.27716
v 0.11481 3.88000 -0.27716
v 0.05853 3.88000 -0.29424
v 0.11481 3.94000 -0.27716
v 0.16667 3.94000 -0.24944
v 0.16667 3.88000 -0.24944
v 0.11481 3.88000 -0.27716
v 0.16667 3.94000 -0.24944
v 0.21213 3.94000 -0.21213
v 0.21213 3.88000 -0.21213
v 0.16667 3.88000 -0.24944
v 0.21213 3.94000 -0.21213
v 0.24944 3.94000 -0.16667
v 0.24944 3.88000 -0.16667
v 0.21213 3.88000 -0.21213
v 0.24944 3.94000 -0.16667
v 0.27716 3.94000 -0.11481
v 0.27716 3.88000 -0.11481
v 0.24944 3.88000 -0.16667
v 0.27716 3.94000 -0.11481
v 0.29424 3.94000 -0.05853
v 0.29424 3.88000 -0.05853
v 0.27716 3.88000 -0.11481
v 0.29424 3.94000 -0.05853
v 0.30000 3.94000 -0.00000
v 0.30000 3.88000 -0.00000
v 0.29424 3.88000 -0.05853
v 0.27500 3.97000 0.00000
v 0.26972 3.97000 0.05365
v 0.29424 3.94000 0.05853
v 0.30000 3.94000 0.00000
v 0.26972 3.97000 0.05365
v 0.25407 3.97000 0.10524
v 0.27716 3.94000 0.11481
v 0.29424 3.94000 0.05853
v 0.25407 3.97000 0.10524
v 0.22865 3.97000 0.15278
v 0.24944 3.94000 0.16667
v 0.27716 3.94000 0.11481
v 0.22865 3.97000 0.15278
v 0.19445 3.97000 0.19445
v 0.21213 3.94000 0.21213
v 0.24944 3.94000 0.16667
v 0.19445 3.97000 0.19445
v 0.15278 3.97000 0.22865
v 0.16667 3.94000 0.24944
v 0.21213 3.94000 0.21213
v 0.15278 3.97000 0.22865
v 0.10524 3.97000 0.25407
v 0.11481 3.94000 0.27716
v 0.16667 3.94000 0.24944
v 0.10524 3.97000 0.25407
v 0.05365 3.97000 0.26972
v 0.05853 3.94000 0.29424
v 0.11481 3.94000 0.27716
v 0.05365 3.97000 0.26972
v 0.00000 3.97000 0.27500
v 0.00000 3.94000 0.30000
v 0.05853 3.94000 0.29424
v 0.00000 3.97000 0.27500
v -0.05365 3.97000 0.26972
v -0.05853 3.94000 0.29424
v 0.00000 3.94000 0.30000
v -0.05365 3.97000 0.26972
v -0.10524 3.97000 0.25407
v -0.11481 3.94000 0.27716
v -0.05853 3.94000 0.29424
v -0.10524 3.97000 0.25407
v -0.15278 3.97000 0.22865
v -0.16667 3.94000 0.24944
v -0.11481 3.94000 0.27716
v -0.15278 3.97000 0.22865
v -0.19445 3.97000 0.19445
v -0.21213 3.94000 0.21213
v -0.16667 3.94000 0.24944
v -0.19445 3.97000 0.19445
v -0.22865 3.97000 0.15278
v -0.24944 3.94000 0.16667
v -0.21213 3.94000 0.21213
v -0.22865 3.97000 0.15278
v -0.25407 3.97000 0.10524
v -0.27716 3.94000 0.11481
v -0.24944 3.94000 0.16667
v -0.25407 3.97000 0.10524
v -0.26972 3.97000 0.05365
v -0.29424 3.94000 0.05853
v -0.27716 3.94000 0.11481
v -0.26972 3.97000 0.05365
v -0.27500 3.97000 0.00000
v -0.30000 3.94000 0.00000
v -0.29424 3.94000 0.05853
v -0.27500 3.97000 0.00000
v -0.26972 3.97000 -0.05365
v -0.29424 3.94000 -0.05853
v -0.30000 3.94000 0.00000
v -0.26972 3.97000 -0.05365
v -0.25407 3.97000 -0.10524
v -0.27716 3.94000 -0.11481
v -0.29424 3.94000 -0.05853
v -0.25407 3.97000 -0.10524
v -0.22865 3.97000 -0.15278
v -0.24944 3.94000 -0.16667
v -0.27716 3.94000 -0.11481
v -0.22865 3.97000 -0.15278
v -0.19445 3.97000 -0.19445
v -0.21213 3.94000 -0.21213
v -0.24944 3.94000 -0.16667
v -0.19445 3.97000 -0.19445
v -0.15278 3.97000 -0.22865
v -0.16667 3.94000 -0.24944
v -0.21213 3.94000 -0.21213
v -0.15278 3.97000 -0.22865
v -0.10524 3.97000 -0.25407
v -0.11481 3.94000 -0.27716
v -0.16667 3.94000 -0.24944
v -0.10524 3.97000 -0.25407
v -0.05365 3.97000 -0.26972
v -0.05853 3.94000 -0.29424
v -0.11481 3.94000 -0.27716
v -0.05365 3.97000 -0.26972
v -0.00000 3.97000 -0.27500
v -0.00000 3.94000 -0.30000
v -0.05853 3.94000 -0.29424
v -0.00000 3.97000 -0.27500
v 0.05365 3.97000 -0.26972
v 0.05853 3.94000 -0.29424
v -0.00000 3.94000 -0.30000
v 0.05365 3.97000 -0.26972
v 0.10524 3.97000 -0.25407
v 0.11481 3.94000 -0.27716
v 0.05853 3.94000 -0.29424
v 0.10524 3.97000 -0.25407
v 0.15278 3.97000 -0.22865
v 0.16667 3.94000 -0.24944
v 0.11481 3.94000 -0.27716
v 0.15278 3.97000 -0.22865
v 0.19445 3.97000 -0.19445
v 0.21213 3.94000 -0.21213
v 0.16667 3.94000 -0.24944
v 0.19445 3.97000 -0.19445
v 0.22865 3.97000 -0.15278
v 0.24944 3.94000 -0.16667
v 0.21213 3.94000 -0.21213
v 0.22865 3.97000 -0.15278
v 0.25407 3.97000 -0.10524
v 0.27716 3.94000 -0.11481
v 0.24944 3.94000 -0.16667
v 0.25407 3.97000 -0.10524
v 0.26972 3.97000 -0.05365
v 0.29424 3.94000 -0.05853
v 0.27716 3.94000 -0.11481
v 0.26972 3.97000 -0.05365
v 0.27500 3.97000 -0.00000
v 0.30000 3.94000 -0.00000
v 0.29424 3.94000 -0.05853
v 0.34000 4.14000 0.00000
v 0.33347 4.14000 0.06633
v 0.26972 3.97000 0.05365
v 0.27500 3.97000 0.00000
v 0.33347 4.14000 0.06633
v 0.31412 4.14000 0.13011
v 0.25407 3.97000 0.10524
v 0.26972 3.97000 0.05365
v 0.31412 4.14000 0.13011
v 0.28270 4.14000 0.18889
v 0.22865 3.97000 0.15278
v 0.25407 3.97000 0.10524
v 0.28270 4.14000 0.18889
v 0.24042 4.14000 0.24042
v 0.19445 3.97000 0.19445
v 0.22865 3.97000 0.15278
v 0.24042 4.14000 0.24042
v 0.18889 4.14000 0.28270
v 0.15278 3.97000 0.22865
v 0.19445 3.97000 0.19445
v 0.18889 4.14000 0.28270
v 0.13011 4.14000 0.31412
v 0.10524 3.97000 0.25407
v 0.15278 3.97000 0.22865
v 0.13011 4.14000 0.31412
v 0.06633 4.14000 0.33347
v 0.05365 3.97000 0.26972
v 0.10524 3.97000 0.25407
v 0.06633 4.14000 0.33347
v 0.00000 4.14000 0.34000
v 0.00000 3.97000 0.27500
v 0.05365 3.97000 0.26972
v 0.00000 4.14000 0.34000
v -0.06633 4.14000 0.33347
v -0.05365 3.97000 0.26972
v 0.00000 3.97000 0.27500
v -0.06633 4.14000 0.33347
v -0.13011 4.14000 0.31412
v -0.10524 3.97000 0.25407
v -0.05365 3.97000 0.26972
v -0.13011 4.14000 0.31412
v -0.18889 4.14000 0.28270
v -0.15278 3.97000 0.22865
v -0.10524 3.97000 0.25407
v -0.18889 4.14000 0.28270
v -0.24042 4.14000 0.24042
v -0.19445 3.97000 0.19445
v -0.15278 3.97000 0.22865
v -0.24042 4.14000 0.24042
v -0.28270 4.14000 0.18889
v -0.22865 3.97000 0.15278
v -0.19445 3.97000 0.19445
v -0.28270 4.14000 0.18889
v -0.31412 4.14000 0.13011
v -0.25407 3.97000 0.10524
v -0.22865 3.97000 0.15278
v -0.31412 4.14000 0.13011
v -0.33347 4.14000 0.06633
v -0.26972 3.97000 0.05365
v -0.25407 3.97000 0.10524
v -0.33347 4.14000 0.06633
v -0.34000 4.14000 0.00000
v -0.27500 3.97000 0.00000
v -0.26972 3.97000 0.05365
v -0.34000 4.14000 0.00000
v -0.33347 4.14000 -0.06633
v -0.26972 3.97000 -0.05365
v -0.27500 3.97000 0.00000
v -0.33347 4.14000 -0.06633
v -0.31412 4.14000 -0.13011
v -0.25407 3.97000 -0.10524
v -0.26972 3.97000 -0.05365
v -0.31412 4.14000 -0.13011
v -0.28270 4.14000 -0.18889
v -0.22865 3.97000 -0.15278
v -0.25407 3.97000 -0.10524
v -0.28270 4.14000 -0.18889
v -0.24042 4.14000 -0.24042
v -0.19445 3.97000 -0.19445
v -0.22865 3.97000 -0.15278
v -0.24042 4.14000 -0.24042
v -0.18889 4.14000 -0.28270
v -0.15278 3.97000 -0.22865
v -0.19445 3.97000 -0.19445
v -0.18889 4.14000 -0.28270
v -0.13011 4.14000 -0.31412
v -0.10524 3.97000 -0.25407
v -0.15278 3.97000 -0.22865
v -0.13011 4.14000 -0.31412
v -0.06633 4.14000 -0.33347
v -0.05365 3.97000 -0.26972
v -0.10524 3.97000 -0.25407
v -0.06633 4.14000 -0.33347
v -0.00000 4.14000 -0.34000
v -0.00000 3.97000 -0.27500
v -0.05365 3.97000 -0.26972
v -0.00000 4.14000 -0.34000
v 0.06633 4.14000 -0.33347
v 0.05365 3.97000 -0.26972
v -0.00000 3.97000 -0.27500
v 0.06633 4.14000 -0.33347
v 0.13011 4.14000 -0.31412
v 0.10524 3.97000 -0.25407
v 0.05365 3.97000 -0.26972
v 0.13011 4.14000 -0.31412
v 0.18889 4.14000 -0.28270
v 0.15278 3.97000 -0.22865
v 0.10524 3.97000 -0.25407
v 0.18889 4.14000 -0.28270
v 0.24042 4.14000 -0.24042
v 0.19445 3.97000 -0.19445
v 0.15278 3.97000 -0.22865
v 0.24042 4.14000 -0.24042
v 0.28270 4.14000 -0.18889
v 0.22865 3.97000 -0.15278
v 0.19445 3.97000 -0.19445
v 0.28270 4.14000 -0.18889
v 0.31412 4.14000 -0.13011
v 0.25407 3.97000 -0.10524
v 0.22865 3.97000 -0.15278
v 0.31412 4.14000 -0.13011
v 0.33347 4.14000 -0.06633
v 0.26972 3.97000 -0.05365
v 0.25407 3.97000 -0.10524
v 0.33347 4.14000 -0.06633
v 0.34000 4.14000 -0.00000
v 0.27500 3.97000 -0.00000
v 0.26972 3.97000 -0.05365
v 0.36000 4.20000 0.00000
v 0.35308 4.20000 0.07023
v 0.33347 4.14000 0.06633
v 0.34000 4.14000 0.00000
v 0.35308 4.20000 0.07023
v 0.33260 4.20000 0.13777
v 0.31412 4.14000 0.13011
v 0.33347 4.14000 0.06633
v 0.33260 4.20000 0.13777
v 0.29933 4.20000 0.20001
v 0.28270 4.14000 0.18889
v 0.31412 4.14000 0.13011
v 0.29933 4.20000 0.20001
v 0.25456 4.20000 0.25456
v 0.24042 4.14000 0.24042
v 0.28270 4.14000 0.18889
v 0.25456 4.20000 0.25456
v 0.20001 4.20000 0.29933
v 0.18889 4.14000 0.28270
v 0.24042 4.14000 0.24042
v 0.20001 4.20000 0.29933
v 0.13777 4.20000 0.33260
v 0.13011 4.14000 0.31412
v 0.18889 4.14000 0.28270
v 0.13777 4.20000 0.33260
v 0.07023 4.20000 0.35308
v 0.06633 4.14000 0.33347
v 0.13011 4.14000 0.31412
v 0.07023 4.20000 0.35308
v 0.00000 4.20000 0.36000
v 0.00000 4.14000 0.34000
v 0.06633 4.14000 0.33347
v 0.00000 4.20000 0.36000
v -0.07023 4.20000 0.35308
v -0.06633 4.14000 0.33347
v 0.00000 4.14000 0.34000
v -0.07023 4.20000 0.35308
v -0.13777 4.20000 0.33260
v -0.13011 4.14000 0.31412
v -0.06633 4.14000 0.33347
v -0.13777 4.20000 0.33260
v -0.20001 4.20000 0.29933
v -0.18889 4.14000 0.28270
v -0.13011 4.14000 0.31412
v -0.20001 4.20000 0.29933
v -0.25456 4.20000 0.25456
v -0.24042 4.14000 0.24042
v -0.18889 4.14000 0.28270
v -0.25456 4.20000 0.25456
v -0.29933 4.20000 0.20001
v -0.28270 4.14000 0.18889
v -0.24042 4.14000 0.24042
v -0.29933 4.20000 0.20001
v -0.33260 4.20000 0.13777
v -0.31412 4.14000 0.13011
v -0.28270 4.14000 0.18889
v -0.33260 4.20000 0.13777
v -0.35308 4.20000 0.07023
v -0.33347 4.14000 0.06633
v -0.31412 4.14000 0.13011
v -0.35308 4.20000 0.07023
v -0.36000 4.20000 0.00000
v -0.34000 4.14000 0.00000
v -0.33347 4.14000 0.06633
v -0.36000 4.20000 0.00000
v -0.35308 4.20000 -0.07023
v -0.33347 4.14000 -0.06633
v -0.34000 4.14000 0.00000
v -0.35308 4.20000 -0.07023
v -0.33260 4.20000 -0.13777
v -0.31412 4.14000 -0.13011
v -0.33347 4.14000 -0.06633
v -0.33260 4.20000 -0.13777
v -0.29933 4.20000 -0.20001
v -0.28270 4.14000 -0.18889
v -0.31412 4.14000 -0.13011
v -0.29933 4.20000 -0.20001
v -0.25456 4.20000 -0.25456
v -0.24042 4.14000 -0.24042
v -0.28270 4.14000 -0.18889
v -0.25456 4.20000 -0.25456
v -0.20001 4.20000 -0.29933
v -0.18889 4.14000 -0.28270
v -0.24042 4.14000 -0.24042
v -0.20001 4.20000 -0.29933
v -0.13777 4.20000 -0.33260
v -0.13011 4.14000 -0.31412
v -0.18889 4.14000 -0.28270
v -0.13777 4.20000 -0.33260
v -0.07023 4.20000 -0.35308
v -0.06633 4.14000 -0.33347
v -0.13011 4.14000 -0.31412
v -0.07023 4.20000 -0.35308
v -0.00000 4.20000 -0.36000
v -0.00000 4.14000 -0.34000
v -0.06633 4.14000 -0.33347
v -0.00000 4.20000 -0.36000
v 0.07023 4.20000 -0.35308
v 0.06633 4.14000 -0.33347
v -0.00000 4.14000 -0.34000
v 0.07023 4.20000 -0.35308
v 0.13777 4.20000 -0.33260
v 0.13011 4.14000 -0.31412
v 0.06633 4.14000 -0.33347
v 0.13777 4.20000 -0.33260
v 0.20001 4.20000 -0.29933
v 0.18889 4.14000 -0.28270
v 0.13011 4.14000 -0.31412
v 0.20001 4.20000 -0.29933
v 0.25456 4.20000 -0.25456
v 0.24042 4.14000 -0.24042
v 0.18889 4.14000 -0.28270
v 0.25456 4.20000 -0.25456
v 0.29933 4.20000 -0.20001
v 0.28270 4.14000 -0.18889
v 0.24042 4.14000 -0.24042
v 0.29933 4.20000 -0.20001
v 0.33260 4.20000 -0.13777
v 0.31412 4.14000 -0.13011
v 0.28270 4.14000 -0.18889
v 0.33260 4.20000 -0.13777
v 0.35308 4.20000 -0.07023
v 0.33347 4.14000 -0.06633
v 0.31412 4.14000 -0.13011
v 0.35308 4.20000 -0.07023
v 0.36000 4.20000 -0.00000
v 0.34000 4.14000 -0.00000
v 0.33347 4.14000 -0.06633
v 0.42000 4.30000 0.00000
v 0.41193 4.30000 0.08194
v 0.35308 4.20000 0.07023
v 0.36000 4.20000 0.00000
v 0.41193 4.30000 0.08194
v 0.38803 4.30000 0.16073
v 0.33260 4.20000 0.13777
v 0.35308 4.20000 0.07023
v 0.38803 4.30000 0.16073
v 0.34922 4.30000 0.23334
v 0.29933 4.20000 0.20001
v 0.33260 4.20000 0.13777
v 0.34922 4.30000 0.23334
v 0.29698 4.30000 0.29698
v 0.25456 4.20000 0.25456
v 0.29933 4.20000 0.20001
v 0.29698 4.30000 0.29698
v 0.23334 4.30000 0.34922
v 0.20001 4.20000 0.29933
v 0.25456 4.20000 0.25456
v 0.23334 4.30000 0.34922
v 0.16073 4.30000 0.38803
v 0.13777 4.20000 0.33260
v 0.20001 4.20000 0.29933
v 0.16073 4.30000 0.38803
v 0.08194 4.30000 0.41193
v 0.07023 4.20000 0.35308
v 0.13777 4.20000 0.33260
v 0.08194 4.30000 0.41193
v 0.00000 4.30000 0.42000
v 0.00000 4.20000 0.36000
v 0.07023 4.20000 0.35308
v 0.00000 4.30000 0.42000
v -0.08194 4.30000 0.41193
v -0.07023 4.20000 0.35308
v 0.00000 4.20000 0.36000
v -0.08194 4.30000 0.41193
v -0.16073 4.30000 0.38803
v -0.13777 4.20000 0.33260
v -0.07023 4.20000 0.35308
v -0.16073 4.30000 0.38803
v -0.23334 4.30000 0.34922
v -0.20001 4.20000 0.29933
v -0.13777 4.20000 0.33260
v -0.23334 4.30000 0.34922
v -0.29698 4.30000 0.29698
v -0.25456 4.20000 0.25456
v -0.20001 4.20000 0.29933
v -0.29698 4.30000 0.29698
v -0.34922 4.30000 0.23334
v -0.29933 4.20000 0.20001
v -0.25456 4.20000 0.25456
v -0.34922 4.30000 0.23334
v -0.38803 4.30000 0.16073
v -0.33260 4.20000 0.13777
v -0.29933 4.20000 0.20001
v -0.38803 4.30000 0.16073
v -0.41193 4.30000 0.08194
v -0.35308 4.20000 0.07023
v -0.33260 4.20000 0.13777
v -0.41193 4.30000 0.08194
v -0.42000 4.30000 0.00000
v -0.36000 4.20000 0.00000
v -0.35308 4.20000 0.07023
v -0.42000 4.30000 0.00000
v -0.41193 4.30000 -0.08194
v -0.35308 4.20000 -0.07023
v -0.36000 4.20000 0.00000
v -0.41193 4.30000 -0.08194
v -0.38803 4.30000 -0.16073
v -0.33260 4.20000 -0.13777
v -0.35308 4.20000 -0.07023
v -0.38803 4.30000 -0.16073
v -0.34922 4.30000 -0.23334
v -0.29933 4.20000 -0.20001
v -0.33260 4.20000 -0.13777
v -0.34922 4.30000 -0.23334
v -0.29698 4.30000 -0.29698
v -0.25456 4.20000 -0.25456
v -0.29933 4.20000 -0.20001
v -0.29698 4.30000 -0.29698
v -0.23334 4.30000 -0.34922
v -0.20001 4.20000 -0.29933
v -0.25456 4.20000 -0.25456
v -0.23334 4.30000 -0.34922
v -0.16073 4.30000 -0.38803
v -0.13777 4.20000 -0.33260
v -0.20001 4.20000 -0.29933
v -0.16073 4.30000 -0.38803
v -0.08194 4.30000 -0.41193
v -0.07023 4.20000 -0.35308
v -0.13777 4.20000 -0.33260
v -0.08194 4.30000 -0.41193
v -0.00000 4.30000 -0.42000
v -0.00000 4.20000 -0.36000
v -0.07023 4.20000 -0.35308
v -0.00000 4.30000 -0.42000
v 0.08194 4.30000 -0.41193
v 0.07023 4.20000 -0.35308
v -0.00000 4.20000 -0.36000
v 0.08194 4.30000 -0.41193
v 0.16073 4.30000 -0.38803
v 0.13777 4.20000 -0.33260
v 0.07023 4.20000 -0.35308
v 0.16073 4.30000 -0.38803
v 0.23334 4.30000 -0.34922
v 0.20001 4.20000 -0.29933
v 0.13777 4.20000 -0.33260
v 0.23334 4.30000 -0.34922
v 0.29698 4.30000 -0.29698
v 0.25456 4.20000 -0.25456
v 0.20001 4.20000 -0.29933
v 0.29698 4.30000 -0.29698
v 0.34922 4.30000 -0.23334
v 0.29933 4.20000 -0.20001
v 0.25456 4.20000 -0.25456
v 0.34922 4.30000 -0.23334
v 0.38803 4.30000 -0.16073
v 0.33260 4.20000 -0.13777
v 0.29933 4.20000 -0.20001
v 0.38803 4.30000 -0.16073
v 0.41193 4.30000 -0.08194
v 0.35308 4.20000 -0.07023
v 0.33260 4.20000 -0.13777
v 0.41193 4.30000 -0.08194
v 0.42000 4.30000 -0.00000
v 0.36000 4.20000 -0.00000
v 0.35308 4.20000 -0.07023
v 0.44000 4.38000 0.00000
v 0.43155 4.38000 0.08584
v 0.41193 4.30000 0.08194
v 0.42000 4.30000 0.00000
v 0.43155 4.38000 0.08584
v 0.40651 4.38000 0.16838
v 0.38803 4.30000 0.16073
v 0.41193 4.30000 0.08194
v 0.40651 4.38000 0.16838
v 0.36585 4.38000 0.24445
v 0.34922 4.30000 0.23334
v 0.38803 4.30000 0.16073
v 0.36585 4.38000 0.24445
v 0.31113 4.38000 0.31113
v 0.29698 4.30000 0.29698
v 0.34922 4.30000 0.23334
v 0.31113 4.38000 0.31113
v 0.24445 4.38000 0.36585
v 0.23334 4.30000 0.34922
v 0.29698 4.30000 0.29698
v 0.24445 4.38000 0.36585
v 0.16838 4.38000 0.40651
v 0.16073 4.30000 0.38803
v 0.23334 4.30000 0.34922
v 0.16838 4.38000 0.40651
v 0.08584 4.38000 0.43155
v 0.08194 4.30000 0.41193
v 0.16073 4.30000 0.38803
v 0.08584 4.38000 0.43155
v 0.00000 4.38000 0.44000
v 0.00000 4.30000 0.42000
v 0.08194 4.30000 0.41193
v 0.00000 4.38000 0.44000
v -0.08584 4.38000 0.43155
v -0.08194 4.30000 0.41193
v 0.00000 4.30000 0.42000
v -0.08584 4.38000 0.43155
v -0.16838 4.38000 0.40651
v -0.16073 4.30000 0.38803
v -0.08194 4.30000 0.41193
v -0.16838 4.38000 0.40651
v -0.24445 4.38000 0.36585
v -0.23334 4.30000 0.34922
v -0.16073 4.30000 0.38803
v -0.24445 4.38000 0.36585
v -0.31113 4.38000 0.31113
v -0.29698 4.30000 0.29698
v -0.23334 4.30000 0.34922
v -0.31113 4.38000 0.31113
v -0.36585 4.38000 0.24445
v -0.34922 4.30000 0.23334
v -0.29698 4.30000 0.29698
v -0.36585 4.38000 0.24445
v -0.40651 4.38000 0.16838
v -0.38803 4.30000 0.16073
v -0.34922 4.30000 0.23334
v -0.40651 4.38000 0.16838
v -0.43155 4.38000 0.08584
v -0.41193 4.30000 0.08194
v -0.38803 4.30000 0.16073
v -0.43155 4.38000 0.08584
v -0.44000 4.38000 0.00000
v -0.42000 4.30000 0.00000
v -0.41193 4.30000 0.08194
v -0.44000 4.38000 0.00000
v -0.43155 4.38000 -0.08584
v -0.41193 4.30000 -0.08194
v -0.42000 4.30000 0.00000
v -0.43155 4.38000 -0.08584
v -0.40651 4.38000 -0.16838
v -0.38803 4.30000 -0.16073
v -0.41193 4.30000 -0.08194
v -0.40651 4.38000 -0.16838
v -0.36585 4.38000 -0.24445
v -0.34922 4.30000 -0.23334
v -0.38803 4.30000 -0.16073
v -0.36585 4.38000 -0.24445
v -0.31113 4.38000 -0.31113
v -0.29698 4.30000 -0.29698
v -0.34922 4.30000 -0.23334
v -0.31113 4.38000 -0.31113
v -0.24445 4.38000 -0.36585
v -0.23334 4.30000 -0.34922
v -0.29698 4.30000 -0.29698
v -0.24445 4.38000 -0.36585
v -0.16838 4.38000 -0.40651
v -0.16073 4.30000 -0.38803
v -0.23334 4.30000 -0.34922
v -0.16838 4.38000 -0.40651
v -0.08584 4.38000 -0.43155
v -0.08194 4.30000 -0.41193
v -0.16073 4.30000 -0.38803
v -0.08584 4.38000 -0.43155
v -0.00000 4.38000 -0.44000
v -0.00000 4.30000 -0.42000
v -0.08194 4.30000 -0.41193
v -0.00000 4.38000 -0.44000
v 0.08584 4.38000 -0.43155
v 0.08194 4.30000 -0.41193
v -0.00000 4.30000 -0.42000
v 0.08584 4.38000 -0.43155
v 0.16838 4.38000 -0.40651
v 0.16073 4.30000 -0.38803
v 0.08194 4.30000 -0.41193
v 0.16838 4.38000 -0.40651
v 0.24445 4.38000 -0.36585
v 0.23334 4.30000 -0.34922
v 0.16073 4.30000 -0.38803
v 0.24445 4.38000 -0.36585
v 0.31113 4.38000 -0.31113
v 0.29698 4.30000 -0.29698
v 0.23334 4.30000 -0.34922
v 0.31113 4.38000 -0.31113
v 0.36585 4.38000 -0.24445
v 0.34922 4.30000 -0.23334
v 0.29698 4.30000 -0.29698
v 0.36585 4.38000 -0.24445
v 0.40651 4.38000 -0.16838
v 0.38803 4.30000 -0.16073
v 0.34922 4.30000 -0.23334
v 0.40651 4.38000 -0.16838
v 0.43155 4.38000 -0.08584
v 0.41193 4.30000 -0.08194
v 0.38803 4.30000 -0.16073
v 0.43155 4.38000 -0.08584
v 0.44000 4.38000 -0.00000
v 0.42000 4.30000 -0.00000
v 0.41193 4.30000 -0.08194
v 0.49000 4.37500 0.49000
v 0.49000 4.37500 -0.49000
v 0.49000 4.54500 -0.49000
v 0.49000 4.54500 0.49000
v -0.49000 4.37500 -0.49000
v -0.49000 4.37500 0.49000
v -0.49000 4.54500 0.49000
v -0.49000 4.54500 -0.49000
v -0.49000 4.54500 0.49000
v 0.49000 4.54500 0.49000
v 0.49000 4.54500 -0.49000
v -0.49000 4.54500 -0.49000
v -0.49000 4.37500 -0.49000
v 0.49000 4.37500 -0.49000
v 0.49000 4.37500 0.49000
v -0.49000 4.37500 0.49000
v -0.49000 4.37500 0.49000
v 0.49000 4.37500 0.49000
v 0.49000 4.54500 0.49000
v -0.49000 4.54500 0.49000
v 0.49000 4.37500 -0.49000
v -0.49000 4.37500 -0.49000
v -0.49000 4.54500 -0.49000
v 0.49000 4.54500 -0.49000
v 0.57000 4.53500 0.57000
v 0.57000 4.53500 -0.57000
v 0.57000 4.62500 -0.57000
v 0.57000 4.62500 0.57000
v -0.57000 4.53500 -0.57000
v -0.57000 4.53500 0.57000
v -0.57000 4.62500 0.57000
v -0.57000 4.62500 -0.57000
v -0.57000 4.62500 0.57000
v 0.57000 4.62500 0.57000
v 0.57000 4.62500 -0.57000
v -0.57000 4.62500 -0.57000
v -0.57000 4.53500 -0.57000
v 0.57000 4.53500 -0.57000
v 0.57000 4.53500 0.57000
v -0.57000 4.53500 0.57000
v -0.57000 4.53500 0.57000
v 0.57000 4.53500 0.57000
v 0.57000 4.62500 0.57000
v -0.57000 4.62500 0.57000
v 0.57000 4.53500 -0.57000
v -0.57000 4.53500 -0.57000
v -0.57000 4.62500 -0.57000
v 0.57000 4.62500 -0.57000
v 0.30000 0.60000 0.03500
v 0.32057 0.60000 0.02832
v 0.32057 3.80000 0.02832
v 0.30000 3.80000 0.03500
v 0.32057 0.60000 0.02832
v 0.33329 0.60000 0.01082
v 0.33329 3.80000 0.01082
v 0.32057 3.80000 0.02832
v 0.33329 0.60000 0.01082
v 0.33329 0.60000 -0.01082
v 0.33329 3.80000 -0.01082
v 0.33329 3.80000 0.01082
v 0.33329 0.60000 -0.01082
v 0.32057 0.60000 -0.02832
v 0.32057 3.80000 -0.02832
v 0.33329 3.80000 -0.01082
v 0.32057 0.60000 -0.02832
v 0.30000 0.60000 -0.03500
v 0.30000 3.80000 -0.03500
v 0.32057 3.80000 -0.02832
v 0.30000 0.60000 -0.03500
v 0.27943 0.60000 -0.02832
v 0.27943 3.80000 -0.02832
v 0.30000 3.80000 -0.03500
v 0.27943 0.60000 -0.02832
v 0.26671 0.60000 -0.01082
v 0.26671 3.80000 -0.01082
v 0.27943 3.80000 -0.02832
v 0.26671 0.60000 -0.01082
v 0.26671 0.60000 0.01082
v 0.26671 3.80000 0.01082
v 0.26671 3.80000 -0.01082
v 0.26671 0.60000 0.01082
v 0.27943 0.60000 0.02832
v 0.27943 3.80000 0.02832
v 0.26671 3.80000 0.01082
v 0.27943 0.60000 0.02832
v 0.30000 0.60000 0.03500
v 0.30000 3.80000 0.03500
v 0.27943 3.80000 0.02832
v 0.27943 0.60000 0.02832
v 0.26671 0.60000 0.01082
v 0.26671 0.60000 -0.01082
v 0.27943 0.60000 -0.02832
v 0.30000 0.60000 -0.03500
v 0.32057 0.60000 -0.02832
v 0.33329 0.60000 -0.01082
v 0.33329 0.60000 0.01082
v 0.32057 0.60000 0.02832
v 0.30000 0.60000 0.03500
v 0.30000 3.80000 0.03500
v 0.32057 3.80000 0.02832
v 0.33329 3.80000 0.01082
v 0.33329 3.80000 -0.01082
v 0.32057 3.80000 -0.02832
v 0.30000 3.80000 -0.03500
v 0.27943 3.80000 -0.02832
v 0.26671 3.80000 -0.01082
v 0.26671 3.80000 0.01082
v 0.27943 3.80000 0.02832
v 0.35500 1.07500 0.05500
v 0.35500 1.07500 -0.05500
v 0.35500 1.12500 -0.05500
v 0.35500 1.12500 0.05500
v 0.24500 1.07500 -0.05500
v 0.24500 1.07500 0.05500
v 0.24500 1.12500 0.05500
v 0.24500 1.12500 -0.05500
v 0.24500 1.12500 0.05500
v 0.35500 1.12500 0.05500
v 0.35500 1.12500 -0.05500
v 0.24500 1.12500 -0.05500
v 0.24500 1.07500 -0.05500
v 0.35500 1.07500 -0.05500
v 0.35500 1.07500 0.05500
v 0.24500 1.07500 0.05500
v 0.24500 1.07500 0.05500
v 0.35500 1.07500 0.05500
v 0.35500 1.12500 0.05500
v 0.24500 1.12500 0.05500
v 0.35500 1.07500 -0.05500
v 0.24500 1.07500 -0.05500
v 0.24500 1.12500 -0.05500
v 0.35500 1.12500 -0.05500
v 0.35500 2.27500 0.05500
v 0.35500 2.27500 -0.05500
v 0.35500 2.32500 -0.05500
v 0.35500 2.32500 0.05500
v 0.24500 2.27500 -0.05500
v 0.24500 2.27500 0.05500
v 0.24500 2.32500 0.05500
v 0.24500 2.32500 -0.05500
v 0.24500 2.32500 0.05500
v 0.35500 2.32500 0.05500
v 0.35500 2.32500 -0.05500
v 0.24500 2.32500 -0.05500
v 0.24500 2.27500 -0.05500
v 0.35500 2.27500 -0.05500
v 0.35500 2.27500 0.05500
v 0.24500 2.27500 0.05500
v 0.24500 2.27500 0.05500
v 0.35500 2.27500 0.05500
v 0.35500 2.32500 0.05500
v 0.24500 2.32500 0.05500
v 0.35500 2.27500 -0.05500
v 0.24500 2.27500 -0.05500
v 0.24500 2.32500 -0.05500
v 0.35500 2.32500 -0.05500
v 0.35500 3.47500 0.05500
v 0.35500 3.47500 -0.05500
v 0.35500 3.52500 -0.05500
v 0.35500 3.52500 0.05500
v 0.24500 3.47500 -0.05500
v 0.24500 3.47500 0.05500
v 0.24500 3.52500 0.05500
v 0.24500 3.52500 -0.05500
v 0.24500 3.52500 0.05500
v 0.35500 3.52500 0.05500
v 0.35500 3.52500 -0.05500
v 0.24500 3.52500 -0.05500
v 0.24500 3.47500 -0.05500
v 0.35500 3.47500 -0.05500
v 0.35500 3.47500 0.05500
v 0.24500 3.47500 0.05500
v 0.24500 3.47500 0.05500
v 0.35500 3.47500 0.05500
v 0.35500 3.52500 0.05500
v 0.24500 3.52500 0.05500
v 0.35500 3.47500 -0.05500
v 0.24500 3.47500 -0.05500
v 0.24500 3.52500 -0.05500
v 0.35500 3.52500 -0.05500
vt -0.53750 0.00000
vt 0.53750 0.00000
vt 0.53750 0.32500
vt -0.53750 0.32500
vt -0.53750 0.00000
vt 0.53750 0.00000
vt 0.53750 0.32500
vt -0.53750 0.32500
vt -0.53750 -0.53750
vt 0.53750 -0.53750
vt 0.53750 0.53750
vt -0.53750 0.53750
vt -0.53750 -0.53750
vt 0.53750 -0.53750
vt 0.53750 0.53750
vt -0.53750 0.53750
vt -0.53750 0.00000
vt 0.53750 0.00000
vt 0.53750 0.32500
vt -0.53750 0.32500
vt -0.53750 0.00000
vt 0.53750 0.00000
vt 0.53750 0.32500
vt -0.53750 0.32500
vt -0.46250 0.31250
vt 0.46250 0.31250
vt 0.46250 0.48750
vt -0.46250 0.48750
vt -0.46250 0.31250
vt 0.46250 0.31250
vt 0.46250 0.48750
vt -0.46250 0.48750
vt -0.46250 -0.46250
vt 0.46250 -0.46250
vt 0.46250 0.46250
vt -0.46250 0.46250
vt -0.46250 -0.46250
vt 0.46250 -0.46250
vt 0.46250 0.46250
vt -0.46250 0.46250
vt -0.46250 0.31250
vt 0.46250 0.31250
vt 0.46250 0.48750
vt -0.46250 0.48750
vt -0.46250 0.31250
vt 0.46250 0.31250
vt 0.46250 0.48750
vt -0.46250 0.48750
vt 0.00000 0.92000
vt 0.13744 0.92000
vt 0.13744 0.78000
vt 0.00000 0.78000
vt 0.13744 0.92000
vt 0.27489 0.92000
vt 0.27489 0.78000
vt 0.13744 0.78000
vt 0.27489 0.92000
vt 0.41233 0.92000
vt 0.41233 0.78000
vt 0.27489 0.78000
vt 0.41233 0.92000
vt 0.54978 0.92000
vt 0.54978 0.78000
vt 0.41233 0.78000
vt 0.54978 0.92000
vt 0.68722 0.92000
vt 0.68722 0.78000
vt 0.54978 0.78000
vt 0.68722 0.92000
vt 0.82467 0.92000
vt 0.82467 0.78000
vt 0.68722 0.78000
vt 0.82467 0.92000
vt 0.96211 0.92000
vt 0.96211 0.78000
vt 0.82467 0.78000
vt 0.96211 0.92000
vt 1.09956 0.92000
vt 1.09956 0.78000
vt 0.96211 0.78000
vt 1.09956 0.92000
vt 1.23700 0.92000
vt 1.23700 0.78000
vt 1.09956 0.78000
vt 1.23700 0.92000
vt 1.37445 0.92000
vt 1.37445 0.78000
vt 1.23700 0.78000
vt 1.37445 0.92000
vt 1.51189 0.92000
vt 1.51189 0.78000
vt 1.37445 0.78000
vt 1.51189 0.92000
vt 1.64934 0.92000
vt 1.64934 0.78000
vt 1.51189 0.78000
vt 1.64934 0.92000
vt 1.78678 0.92000
vt 1.78678 0.78000
vt 1.64934 0.78000
vt 1.78678 0.92000
vt 1.92423 0.92000
vt 1.92423 0.78000
vt 1.78678 0.78000
vt 1.92423 0.92000
vt 2.06167 0.92000
vt 2.06167 0.78000
vt 1.92423 0.78000
vt 2.06167 0.92000
vt 2.19911 0.92000
vt 2.19911 0.78000
vt 2.06167 0.78000
vt 2.19911 0.92000
vt 2.33656 0.92000
vt 2.33656 0.78000
vt 2.19911 0.78000
vt 2.33656 0.92000
vt 2.47400 0.92000
vt 2.47400 0.78000
vt 2.33656 0.78000
vt 2.47400 0.92000
vt 2.61145 0.92000
vt 2.61145 0.78000
vt 2.47400 0.78000
vt 2.61145 0.92000
vt 2.74889 0.92000
vt 2.74889 0.78000
vt 2.61145 0.78000
vt 2.74889 0.92000
vt 2.88634 0.92000
vt 2.88634 0.78000
vt 2.74889 0.78000
vt 2.88634 0.92000
vt 3.02378 0.92000
vt 3.02378 0.78000
vt 2.88634 0.78000
vt 3.02378 0.92000
vt 3.16123 0.92000
vt 3.16123 0.78000
vt 3.02378 0.78000
vt 3.16123 0.92000
vt 3.29867 0.92000
vt 3.29867 0.78000
vt 3.16123 0.78000
vt 3.29867 0.92000
vt 3.43612 0.92000
vt 3.43612 0.78000
vt 3.29867 0.78000
vt 3.43612 0.92000
vt 3.57356 0.92000
vt 3.57356 0.78000
vt 3.43612 0.78000
vt 3.57356 0.92000
vt 3.71101 0.92000
vt 3.71101 0.78000
vt 3.57356 0.78000
vt 3.71101 0.92000
vt 3.84845 0.92000
vt 3.84845 0.78000
vt 3.71101 0.78000
vt 3.84845 0.92000
vt 3.98590 0.92000
vt 3.98590 0.78000
vt 3.84845 0.78000
vt 3.98590 0.92000
vt 4.12334 0.92000
vt 4.12334 0.78000
vt 3.98590 0.78000
vt 4.12334 0.92000
vt 4.26079 0.92000
vt 4.26079 0.78000
vt 4.12334 0.78000
vt 4.26079 0.92000
vt 4.39823 0.92000
vt 4.39823 0.78000
vt 4.26079 0.78000
vt 0.00000 1.00000
vt 0.13744 1.00000
vt 0.13744 0.92000
vt 0.00000 0.92000
vt 0.13744 1.00000
vt 0.27489 1.00000
vt 0.27489 0.92000
vt 0.13744 0.92000
vt 0.27489 1.00000
vt 0.41233 1.00000
vt 0.41233 0.92000
vt 0.27489 0.92000
vt 0.41233 1.00000
vt 0.54978 1.00000
vt 0.54978 0.92000
vt 0.41233 0.92000
vt 0.54978 1.00000
vt 0.68722 1.00000
vt 0.68722 0.92000
vt 0.54978 0.92000
vt 0.68722 1.00000
vt 0.82467 1.00000
vt 0.82467 0.92000
vt 0.68722 0.92000
vt 0.82467 1.00000
vt 0.96211 1.00000
vt 0.96211 0.92000
vt 0.82467 0.92000
vt 0.96211 1.00000
vt 1.09956 1.00000
vt 1.09956 0.92000
vt 0.96211 0.92000
vt 1.09956 1.00000
vt 1.23700 1.00000
vt 1.23700 0.92000
vt 1.09956 0.92000
vt 1.23700 1.00000
vt 1.37445 1.00000
vt 1.37445 0.92000
vt 1.23700 0.92000
vt 1.37445 1.00000
vt 1.51189 1.00000
vt 1.51189 0.92000
vt 1.37445 0.92000
vt 1.51189 1.00000
vt 1.64934 1.00000
vt 1.64934 0.92000
vt 1.51189 0.92000
vt 1.64934 1.00000
vt 1.78678 1.00000
vt 1.78678 0.92000
vt 1.64934 0.92000
vt 1.78678 1.00000
vt 1.92423 1.00000
vt 1.92423 0.92000
vt 1.78678 0.92000
vt 1.92423 1.00000
vt 2.06167 1.00000
vt 2.06167 0.92000
vt 1.92423 0.92000
vt 2.06167 1.00000
vt 2.19911 1.00000
vt 2.19911 0.92000
vt 2.06167 0.92000
vt 2.19911 1.00000
vt 2.33656 1.00000
vt 2.33656 0.92000
vt 2.19911 0.92000
vt 2.33656 1.00000
vt 2.47400 1.00000
vt 2.47400 0.92000
vt 2.33656 0.92000
vt 2.47400 1.00000
vt 2.61145 1.00000
vt 2.61145 0.92000
vt 2.47400 0.92000
vt 2.61145 1.00000
vt 2.74889 1.00000
vt 2.74889 0.92000
vt 2.61145 0.92000
vt 2.74889 1.00000
vt 2.88634 1.00000
vt 2.88634 0.92000
vt 2.74889 0.92000
vt 2.88634 1.00000
vt 3.02378 1.00000
vt 3.02378 0.92000
vt 2.88634 0.92000
vt 3.02378 1.00000
vt 3.16123 1.00000
vt 3.16123 0.92000
vt 3.02378 0.92000
vt 3.16123 1.00000
vt 3.29867 1.00000
vt 3.29867 0.92000
vt 3.16123 0.92000
vt 3.29867 1.00000
vt 3.43612 1.00000
vt 3.43612 0.92000
vt 3.29867 0.92000
vt 3.43612 1.00000
vt 3.57356 1.00000
vt 3.57356 0.92000
vt 3.43612 0.92000
vt 3.57356 1.00000
vt 3.71101 1.00000
vt 3.71101 0.92000
vt 3.57356 0.92000
vt 3.71101 1.00000
vt 3.84845 1.00000
vt 3.84845 0.92000
vt 3.71101 0.92000
vt 3.84845 1.00000
vt 3.98590 1.00000
vt 3.98590 0.92000
vt 3.84845 0.92000
vt 3.98590 1.00000
vt 4.12334 1.00000
vt 4.12334 0.92000
vt 3.98590 0.92000
vt 4.12334 1.00000
vt 4.26079 1.00000
vt 4.26079 0.92000
vt 4.12334 0.92000
vt 4.26079 1.00000
vt 4.39823 1.00000
vt 4.39823 0.92000
vt 4.26079 0.92000
vt 0.00000 1.16000
vt 0.13744 1.16000
vt 0.13744 1.00000
vt 0.00000 1.00000
vt 0.13744 1.16000
vt 0.27489 1.16000
vt 0.27489 1.00000
vt 0.13744 1.00000
vt 0.27489 1.16000
vt 0.41233 1.16000
vt 0.41233 1.00000
vt 0.27489 1.00000
vt 0.41233 1.16000
vt 0.54978 1.16000
vt 0.54978 1.00000
vt 0.41233 1.00000
vt 0.54978 1.16000
vt 0.68722 1.16000
vt 0.68722 1.00000
vt 0.54978 1.00000
vt 0.68722 1.16000
vt 0.82467 1.16000
vt 0.82467 1.00000
vt 0.68722 1.00000
vt 0.82467 1.16000
vt 0.96211 1.16000
vt 0.96211 1.00000
vt 0.82467 1.00000
vt 0.96211 1.16000
vt 1.09956 1.16000
vt 1.09956 1.00000
vt 0.96211 1.00000
vt 1.09956 1.16000
vt 1.23700 1.16000
vt 1.23700 1.00000
vt 1.09956 1.00000
vt 1.23700 1.16000
vt 1.37445 1.16000
vt 1.37445 1.00000
vt 1.23700 1.00000
vt 1.37445 1.16000
vt 1.51189 1.16000
vt 1.51189 1.00000
vt 1.37445 1.00000
vt 1.51189 1.16000
vt 1.64934 1.16000
vt 1.64934 1.00000
vt 1.51189 1.00000
vt 1.64934 1.16000
vt 1.78678 1.16000
vt 1.78678 1.00000
vt 1.64934 1.00000
vt 1.78678 1.16000
vt 1.92423 1.16000
vt 1.92423 1.00000
vt 1.78678 1.00000
vt 1.92423 1.16000
vt 2.06167 1.16000
vt 2.06167 1.00000
vt 1.92423 1.00000
vt 2.06167 1.16000
vt 2.19911 1.16000
vt 2.19911 1.00000
vt 2.06167 1.00000
vt 2.19911 1.16000
vt 2.33656 1.16000
vt 2.33656 1.00000
vt 2.19911 1.00000
vt 2.33656 1.16000
vt 2.47400 1.16000
vt 2.47400 1.00000
vt 2.33656 1.00000
vt 2.47400 1.16000
vt 2.61145 1.16000
vt 2.61145 1.00000
vt 2.47400 1.00000
vt 2.61145 1.16000
vt 2.74889 1.16000
vt 2.74889 1.00000
vt 2.61145 1.00000
vt 2.74889 1.16000
vt 2.88634 1.16000
vt 2.88634 1.00000
vt 2.74889 1.00000
vt 2.88634 1.16000
vt 3.02378 1.16000
vt 3.02378 1.00000
vt 2.88634 1.00000
vt 3.02378 1.16000
vt 3.16123 1.16000
vt 3.16123 1.00000
vt 3.02378 1.00000
vt 3.16123 1.16000
vt 3.29867 1.16000
vt 3.29867 1.00000
vt 3.16123 1.00000
vt 3.29867 1.16000
vt 3.43612 1.16000
vt 3.43612 1.00000
vt 3.29867 1.00000
vt 3.43612 1.16000
vt 3.57356 1.16000
vt 3.57356 1.00000
vt 3.43612 1.00000
vt 3.57356 1.16000
vt 3.71101 1.16000
vt 3.71101 1.00000
vt 3.57356 1.00000
vt 3.71101 1.16000
vt 3.84845 1.16000
vt 3.84845 1.00000
vt 3.71101 1.00000
vt 3.84845 1.16000
vt 3.98590 1.16000
vt 3.98590 1.00000
vt 3.84845 1.00000
vt 3.98590 1.16000
vt 4.12334 1.16000
vt 4.12334 1.00000
vt 3.98590 1.00000
vt 4.12334 1.16000
vt 4.26079 1.16000
vt 4.26079 1.00000
vt 4.12334 1.00000
vt 4.26079 1.16000
vt 4.39823 1.16000
vt 4.39823 1.00000
vt 4.26079 1.00000
vt 0.55905 -0.11120
vt 0.52661 -0.21813
vt 0.47394 -0.31668
vt 0.40305 -0.40305
vt 0.31668 -0.47394
vt 0.21813 -0.52661
vt 0.11120 -0.55905
vt -0.00000 -0.57000
vt -0.11120 -0.55905
vt -0.21813 -0.52661
vt -0.31668 -0.47394
vt -0.40305 -0.40305
vt -0.47394 -0.31668
vt -0.52661 -0.21813
vt -0.55905 -0.11120
vt -0.57000 0.00000
vt -0.55905 0.11120
vt -0.52661 0.21813
vt -0.47394 0.31668
vt -0.40305 0.40305
vt -0.31668 0.47394
vt -0.21813 0.52661
vt -0.11120 0.55905
vt 0.00000 0.57000
vt 0.11120 0.55905
vt 0.21813 0.52661
vt 0.31668 0.47394
vt 0.40305 0.40305
vt 0.47394 0.31668
vt 0.52661 0.21813
vt 0.55905 0.11120
vt 0.57000 0.00000
vt 0.00000 5.50000
vt 0.02571 5.50000
vt 0.02571 0.82857
vt 0.00000 0.82857
vt 0.02571 5.50000
vt 0.05142 5.50000
vt 0.05142 0.82857
vt 0.02571 0.82857
vt 0.05142 5.50000
vt 0.07714 5.50000
vt 0.07714 0.82857
vt 0.05142 0.82857
vt 0.07714 5.50000
vt 0.10285 5.50000
vt 0.10285 0.82857
vt 0.07714 0.82857
vt 0.10285 5.50000
vt 0.12856 5.50000
vt 0.12856 0.82857
vt 0.10285 0.82857
vt 0.12856 5.50000
vt 0.15427 5.50000
vt 0.15427 0.82857
vt 0.12856 0.82857
vt 0.15427 5.50000
vt 0.17999 5.50000
vt 0.17999 0.82857
vt 0.15427 0.82857
vt 0.17999 5.50000
vt 0.20570 5.50000
vt 0.20570 0.82857
vt 0.17999 0.82857
vt 0.20570 5.50000
vt 0.23141 5.50000
vt 0.23141 0.82857
vt 0.20570 0.82857
vt 0.23141 5.50000
vt 0.25712 5.50000
vt 0.25712 0.82857
vt 0.23141 0.82857
vt 0.25712 5.50000
vt 0.28284 5.50000
vt 0.28284 0.82857
vt 0.25712 0.82857
vt 0.28284 5.50000
vt 0.30855 5.50000
vt 0.30855 0.82857
vt 0.28284 0.82857
vt 0.30855 5.50000
vt 0.33426 5.50000
vt 0.33426 0.82857
vt 0.30855 0.82857
vt 0.33426 5.50000
vt 0.35997 5.50000
vt 0.35997 0.82857
vt 0.33426 0.82857
vt 0.35997 5.50000
vt 0.38569 5.50000
vt 0.38569 0.82857
vt 0.35997 0.82857
vt 0.38569 5.50000
vt 0.41140 5.50000
vt 0.41140 0.82857
vt 0.38569 0.82857
vt 0.41140 5.50000
vt 0.43711 5.50000
vt 0.43711 0.82857
vt 0.41140 0.82857
vt 0.43711 5.50000
vt 0.46282 5.50000
vt 0.46282 0.82857
vt 0.43711 0.82857
vt 0.46282 5.50000
vt 0.48854 5.50000
vt 0.48854 0.82857
vt 0.46282 0.82857
vt 0.48854 5.50000
vt 0.51425 5.50000
vt 0.51425 0.82857
vt 0.48854 0.82857
vt 0.51425 5.50000
vt 0.53996 5.50000
vt 0.53996 0.82857
vt 0.51425 0.82857
vt 0.53996 5.50000
vt 0.56567 5.50000
vt 0.56567 0.82857
vt 0.53996 0.82857
vt 0.56567 5.50000
vt 0.59139 5.50000
vt 0.59139 0.82857
vt 0.56567 0.82857
vt 0.59139 5.50000
vt 0.61710 5.50000
vt 0.61710 0.82857
vt 0.59139 0.82857
vt 0.61710 5.50000
vt 0.64281 5.50000
vt 0.64281 0.82857
vt 0.61710 0.82857
vt 0.64281 5.50000
vt 0.66852 5.50000
vt 0.66852 0.82857
vt 0.64281 0.82857
vt 0.66852 5.50000
vt 0.69424 5.50000
vt 0.69424 0.82857
vt 0.66852 0.82857
vt 0.69424 5.50000
vt 0.71995 5.50000
vt 0.71995 0.82857
vt 0.69424 0.82857
vt 0.71995 5.50000
vt 0.74566 5.50000
vt 0.74566 0.82857
vt 0.71995 0.82857
vt 0.74566 5.50000
vt 0.77137 5.50000
vt 0.77137 0.82857
vt 0.74566 0.82857
vt 0.77137 5.50000
vt 0.79709 5.50000
vt 0.79709 0.82857
vt 0.77137 0.82857
vt 0.79709 5.50000
vt 0.82280 5.50000
vt 0.82280 0.82857
vt 0.79709 0.82857
vt 0.82280 5.50000
vt 0.84851 5.50000
vt 0.84851 0.82857
vt 0.82280 0.82857
vt 0.84851 5.50000
vt 0.87422 5.50000
vt 0.87422 0.82857
vt 0.84851 0.82857
vt 0.87422 5.50000
vt 0.89994 5.50000
vt 0.89994 0.82857
vt 0.87422 0.82857
vt 0.89994 5.50000
vt 0.92565 5.50000
vt 0.92565 0.82857
vt 0.89994 0.82857
vt 0.92565 5.50000
vt 0.95136 5.50000
vt 0.95136 0.82857
vt 0.92565 0.82857
vt 0.95136 5.50000
vt 0.97707 5.50000
vt 0.97707 0.82857
vt 0.95136 0.82857
vt 0.97707 5.50000
vt 1.00279 5.50000
vt 1.00279 0.82857
vt 0.97707 0.82857
vt 1.00279 5.50000
vt 1.02850 5.50000
vt 1.02850 0.82857
vt 1.00279 0.82857
vt 1.02850 5.50000
vt 1.05421 5.50000
vt 1.05421 0.82857
vt 1.02850 0.82857
vt 1.05421 5.50000
vt 1.07992 5.50000
vt 1.07992 0.82857
vt 1.05421 0.82857
vt 1.07992 5.50000
vt 1.10563 5.50000
vt 1.10563 0.82857
vt 1.07992 0.82857
vt 1.10563 5.50000
vt 1.13135 5.50000
vt 1.13135 0.82857
vt 1.10563 0.82857
vt 1.13135 5.50000
vt 1.15706 5.50000
vt 1.15706 0.82857
vt 1.13135 0.82857
vt 1.15706 5.50000
vt 1.18277 5.50000
vt 1.18277 0.82857
vt 1.15706 0.82857
vt 1.18277 5.50000
vt 1.20848 5.50000
vt 1.20848 0.82857
vt 1.18277 0.82857
vt 1.20848 5.50000
vt 1.23420 5.50000
vt 1.23420 0.82857
vt 1.20848 0.82857
vt 1.23420 5.50000
vt 1.25991 5.50000
vt 1.25991 0.82857
vt 1.23420 0.82857
vt 1.25991 5.50000
vt 1.28562 5.50000
vt 1.28562 0.82857
vt 1.25991 0.82857
vt 1.28562 5.50000
vt 1.31133 5.50000
vt 1.31133 0.82857
vt 1.28562 0.82857
vt 1.31133 5.50000
vt 1.33705 5.50000
vt 1.33705 0.82857
vt 1.31133 0.82857
vt 1.33705 5.50000
vt 1.36276 5.50000
vt 1.36276 0.82857
vt 1.33705 0.82857
vt 1.36276 5.50000
vt 1.38847 5.50000
vt 1.38847 0.82857
vt 1.36276 0.82857
vt 1.38847 5.50000
vt 1.41418 5.50000
vt 1.41418 0.82857
vt 1.38847 0.82857
vt 1.41418 5.50000
vt 1.43990 5.50000
vt 1.43990 0.82857
vt 1.41418 0.82857
vt 1.43990 5.50000
vt 1.46561 5.50000
vt 1.46561 0.82857
vt 1.43990 0.82857
vt 1.46561 5.50000
vt 1.49132 5.50000
vt 1.49132 0.82857
vt 1.46561 0.82857
vt 1.49132 5.50000
vt 1.51703 5.50000
vt 1.51703 0.82857
vt 1.49132 0.82857
vt 1.51703 5.50000
vt 1.54275 5.50000
vt 1.54275 0.82857
vt 1.51703 0.82857
vt 1.54275 5.50000
vt 1.56846 5.50000
vt 1.56846 0.82857
vt 1.54275 0.82857
vt 1.56846 5.50000
vt 1.59417 5.50000
vt 1.59417 0.82857
vt 1.56846 0.82857
vt 1.59417 5.50000
vt 1.61988 5.50000
vt 1.61988 0.82857
vt 1.59417 0.82857
vt 1.61988 5.50000
vt 1.64560 5.50000
vt 1.64560 0.82857
vt 1.61988 0.82857
vt 1.64560 5.50000
vt 1.67131 5.50000
vt 1.67131 0.82857
vt 1.64560 0.82857
vt 1.67131 5.50000
vt 1.69702 5.50000
vt 1.69702 0.82857
vt 1.67131 0.82857
vt 1.69702 5.50000
vt 1.72273 5.50000
vt 1.72273 0.82857
vt 1.69702 0.82857
vt 1.72273 5.50000
vt 1.74845 5.50000
vt 1.74845 0.82857
vt 1.72273 0.82857
vt 1.74845 5.50000
vt 1.77416 5.50000
vt 1.77416 0.82857
vt 1.74845 0.82857
vt 1.77416 5.50000
vt 1.79987 5.50000
vt 1.79987 0.82857
vt 1.77416 0.82857
vt 1.79987 5.50000
vt 1.82558 5.50000
vt 1.82558 0.82857
vt 1.79987 0.82857
vt 1.82558 5.50000
vt 1.85130 5.50000
vt 1.85130 0.82857
vt 1.82558 0.82857
vt 1.85130 5.50000
vt 1.87701 5.50000
vt 1.87701 0.82857
vt 1.85130 0.82857
vt 1.87701 5.50000
vt 1.90272 5.50000
vt 1.90272 0.82857
vt 1.87701 0.82857
vt 1.90272 5.50000
vt 1.92843 5.50000
vt 1.92843 0.82857
vt 1.90272 0.82857
vt 1.92843 5.50000
vt 1.95415 5.50000
vt 1.95415 0.82857
vt 1.92843 0.82857
vt 1.95415 5.50000
vt 1.97986 5.50000
vt 1.97986 0.82857
vt 1.95415 0.82857
vt 1.97986 5.50000
vt 2.00557 5.50000
vt 2.00557 0.82857
vt 1.97986 0.82857
vt 2.00557 5.50000
vt 2.03128 5.50000
vt 2.03128 0.82857
vt 2.00557 0.82857
vt 2.03128 5.50000
vt 2.05700 5.50000
vt 2.05700 0.82857
vt 2.03128 0.82857
vt 2.05700 5.50000
vt 2.08271 5.50000
vt 2.08271 0.82857
vt 2.05700 0.82857
vt 2.08271 5.50000
vt 2.10842 5.50000
vt 2.10842 0.82857
vt 2.08271 0.82857
vt 2.10842 5.50000
vt 2.13413 5.50000
vt 2.13413 0.82857
vt 2.10842 0.82857
vt 2.13413 5.50000
vt 2.15984 5.50000
vt 2.15984 0.82857
vt 2.13413 0.82857
vt 2.15984 5.50000
vt 2.18556 5.50000
vt 2.18556 0.82857
vt 2.15984 0.82857
vt 2.18556 5.50000
vt 2.21127 5.50000
vt 2.21127 0.82857
vt 2.18556 0.82857
vt 2.21127 5.50000
vt 2.23698 5.50000
vt 2.23698 0.82857
vt 2.21127 0.82857
vt 2.23698 5.50000
vt 2.26269 5.50000
vt 2.26269 0.82857
vt 2.23698 0.82857
vt 2.26269 5.50000
vt 2.28841 5.50000
vt 2.28841 0.82857
vt 2.26269 0.82857
vt 2.28841 5.50000
vt 2.31412 5.50000
vt 2.31412 0.82857
vt 2.28841 0.82857
vt 2.31412 5.50000
vt 2.33983 5.50000
vt 2.33983 0.82857
vt 2.31412 0.82857
vt 2.33983 5.50000
vt 2.36554 5.50000
vt 2.36554 0.82857
vt 2.33983 0.82857
vt 2.36554 5.50000
vt 2.39126 5.50000
vt 2.39126 0.82857
vt 2.36554 0.82857
vt 2.39126 5.50000
vt 2.41697 5.50000
vt 2.41697 0.82857
vt 2.39126 0.82857
vt 2.41697 5.50000
vt 2.44268 5.50000
vt 2.44268 0.82857
vt 2.41697 0.82857
vt 2.44268 5.50000
vt 2.46839 5.50000
vt 2.46839 0.82857
vt 2.44268 0.82857
vt 0.00000 9.70000
vt 0.14726 9.70000
vt 0.14726 9.62500
vt 0.00000 9.62500
vt 0.14726 9.70000
vt 0.29452 9.70000
vt 0.29452 9.62500
vt 0.14726 9.62500
vt 0.29452 9.70000
vt 0.44179 9.70000
vt 0.44179 9.62500
vt 0.29452 9.62500
vt 0.44179 9.70000
vt 0.58905 9.70000
vt 0.58905 9.62500
vt 0.44179 9.62500
vt 0.58905 9.70000
vt 0.73631 9.70000
vt 0.73631 9.62500
vt 0.58905 9.62500
vt 0.73631 9.70000
vt 0.88357 9.70000
vt 0.88357 9.62500
vt 0.73631 9.62500
vt 0.88357 9.70000
vt 1.03084 9.70000
vt 1.03084 9.62500
vt 0.88357 9.62500
vt 1.03084 9.70000
vt 1.17810 9.70000
vt 1.17810 9.62500
vt 1.03084 9.62500
vt 1.17810 9.70000
vt 1.32536 9.70000
vt 1.32536 9.62500
vt 1.17810 9.62500
vt 1.32536 9.70000
vt 1.47262 9.70000
vt 1.47262 9.62500
vt 1.32536 9.62500
vt 1.47262 9.70000
vt 1.61988 9.70000
vt 1.61988 9.62500
vt 1.47262 9.62500
vt 1.61988 9.70000
vt 1.76715 9.70000
vt 1.76715 9.62500
vt 1.61988 9.62500
vt 1.76715 9.70000
vt 1.91441 9.70000
vt 1.91441 9.62500
vt 1.76715 9.62500
vt 1.91441 9.70000
vt 2.06167 9.70000
vt 2.06167 9.62500
vt 1.91441 9.62500
vt 2.06167 9.70000
vt 2.20893 9.70000
vt 2.20893 9.62500
vt 2.06167 9.62500
vt 2.20893 9.70000
vt 2.35619 9.70000
vt 2.35619 9.62500
vt 2.20893 9.62500
vt 2.35619 9.70000
vt 2.50346 9.70000
vt 2.50346 9.62500
vt 2.35619 9.62500
vt 2.50346 9.70000
vt 2.65072 9.70000
vt 2.65072 9.62500
vt 2.50346 9.62500
vt 2.65072 9.70000
vt 2.79798 9.70000
vt 2.79798 9.62500
vt 2.65072 9.62500
vt 2.79798 9.70000
vt 2.94524 9.70000
vt 2.94524 9.62500
vt 2.79798 9.62500
vt 2.94524 9.70000
vt 3.09251 9.70000
vt 3.09251 9.62500
vt 2.94524 9.62500
vt 3.09251 9.70000
vt 3.23977 9.70000
vt 3.23977 9.62500
vt 3.09251 9.62500
vt 3.23977 9.70000
vt 3.38703 9.70000
vt 3.38703 9.62500
vt 3.23977 9.62500
vt 3.38703 9.70000
vt 3.53429 9.70000
vt 3.53429 9.62500
vt 3.38703 9.62500
vt 3.53429 9.70000
vt 3.68155 9.70000
vt 3.68155 9.62500
vt 3.53429 9.62500
vt 3.68155 9.70000
vt 3.82882 9.70000
vt 3.82882 9.62500
vt 3.68155 9.62500
vt 3.82882 9.70000
vt 3.97608 9.70000
vt 3.97608 9.62500
vt 3.82882 9.62500
vt 3.97608 9.70000
vt 4.12334 9.70000
vt 4.12334 9.62500
vt 3.97608 9.62500
vt 4.12334 9.70000
vt 4.27060 9.70000
vt 4.27060 9.62500
vt 4.12334 9.62500
vt 4.27060 9.70000
vt 4.41786 9.70000
vt 4.41786 9.62500
vt 4.27060 9.62500
vt 4.41786 9.70000
vt 4.56513 9.70000
vt 4.56513 9.62500
vt 4.41786 9.62500
vt 4.56513 9.70000
vt 4.71239 9.70000
vt 4.71239 9.62500
vt 4.56513 9.62500
vt 0.00000 9.85000
vt 0.14726 9.85000
vt 0.14726 9.70000
vt 0.00000 9.70000
vt 0.14726 9.85000
vt 0.29452 9.85000
vt 0.29452 9.70000
vt 0.14726 9.70000
vt 0.29452 9.85000
vt 0.44179 9.85000
vt 0.44179 9.70000
vt 0.29452 9.70000
vt 0.44179 9.85000
vt 0.58905 9.85000
vt 0.58905 9.70000
vt 0.44179 9.70000
vt 0.58905 9.85000
vt 0.73631 9.85000
vt 0.73631 9.70000
vt 0.58905 9.70000
vt 0.73631 9.85000
vt 0.88357 9.85000
vt 0.88357 9.70000
vt 0.73631 9.70000
vt 0.88357 9.85000
vt 1.03084 9.85000
vt 1.03084 9.70000
vt 0.88357 9.70000
vt 1.03084 9.85000
vt 1.17810 9.85000
vt 1.17810 9.70000
vt 1.03084 9.70000
vt 1.17810 9.85000
vt 1.32536 9.85000
vt 1.32536 9.70000
vt 1.17810 9.70000
vt 1.32536 9.85000
vt 1.47262 9.85000
vt 1.47262 9.70000
vt 1.32536 9.70000
vt 1.47262 9.85000
vt 1.61988 9.85000
vt 1.61988 9.70000
vt 1.47262 9.70000
vt 1.61988 9.85000
vt 1.76715 9.85000
vt 1.76715 9.70000
vt 1.61988 9.70000
vt 1.76715 9.85000
vt 1.91441 9.85000
vt 1.91441 9.70000
vt 1.76715 9.70000
vt 1.91441 9.85000
vt 2.06167 9.85000
vt 2.06167 9.70000
vt 1.91441 9.70000
vt 2.06167 9.85000
vt 2.20893 9.85000
vt 2.20893 9.70000
vt 2.06167 9.70000
vt 2.20893 9.85000
vt 2.35619 9.85000
vt 2.35619 9.70000
vt 2.20893 9.70000
vt 2.35619 9.85000
vt 2.50346 9.85000
vt 2.50346 9.70000
vt 2.35619 9.70000
vt 2.50346 9.85000
vt 2.65072 9.85000
vt 2.65072 9.70000
vt 2.50346 9.70000
vt 2.65072 9.85000
vt 2.79798 9.85000
vt 2.79798 9.70000
vt 2.65072 9.70000
vt 2.79798 9.85000
vt 2.94524 9.85000
vt 2.94524 9.70000
vt 2.79798 9.70000
vt 2.94524 9.85000
vt 3.09251 9.85000
vt 3.09251 9.70000
vt 2.94524 9.70000
vt 3.09251 9.85000
vt 3.23977 9.85000
vt 3.23977 9.70000
vt 3.09251 9.70000
vt 3.23977 9.85000
vt 3.38703 9.85000
vt 3.38703 9.70000
vt 3.23977 9.70000
vt 3.38703 9.85000
vt 3.53429 9.85000
vt 3.53429 9.70000
vt 3.38703 9.70000
vt 3.53429 9.85000
vt 3.68155 9.85000
vt 3.68155 9.70000
vt 3.53429 9.70000
vt 3.68155 9.85000
vt 3.82882 9.85000
vt 3.82882 9.70000
vt 3.68155 9.70000
vt 3.82882 9.85000
vt 3.97608 9.85000
vt 3.97608 9.70000
vt 3.82882 9.70000
vt 3.97608 9.85000
vt 4.12334 9.85000
vt 4.12334 9.70000
vt 3.97608 9.70000
vt 4.12334 9.85000
vt 4.27060 9.85000
vt 4.27060 9.70000
vt 4.12334 9.70000
vt 4.27060 9.85000
vt 4.41786 9.85000
vt 4.41786 9.70000
vt 4.27060 9.70000
vt 4.41786 9.85000
vt 4.56513 9.85000
vt 4.56513 9.70000
vt 4.41786 9.70000
vt 4.56513 9.85000
vt 4.71239 9.85000
vt 4.71239 9.70000
vt 4.56513 9.70000
vt 0.00000 9.92500
vt 0.14726 9.92500
vt 0.14726 9.85000
vt 0.00000 9.85000
vt 0.14726 9.92500
vt 0.29452 9.92500
vt 0.29452 9.85000
vt 0.14726 9.85000
vt 0.29452 9.92500
vt 0.44179 9.92500
vt 0.44179 9.85000
vt 0.29452 9.85000
vt 0.44179 9.92500
vt 0.58905 9.92500
vt 0.58905 9.85000
vt 0.44179 9.85000
vt 0.58905 9.92500
vt 0.73631 9.92500
vt 0.73631 9.85000
vt 0.58905 9.85000
vt 0.73631 9.92500
vt 0.88357 9.92500
vt 0.88357 9.85000
vt 0.73631 9.85000
vt 0.88357 9.92500
vt 1.03084 9.92500
vt 1.03084 9.85000
vt 0.88357 9.85000
vt 1.03084 9.92500
vt 1.17810 9.92500
vt 1.17810 9.85000
vt 1.03084 9.85000
vt 1.17810 9.92500
vt 1.32536 9.92500
vt 1.32536 9.85000
vt 1.17810 9.85000
vt 1.32536 9.92500
vt 1.47262 9.92500
vt 1.47262 9.85000
vt 1.32536 9.85000
vt 1.47262 9.92500
vt 1.61988 9.92500
vt 1.61988 9.85000
vt 1.47262 9.85000
vt 1.61988 9.92500
vt 1.76715 9.92500
vt 1.76715 9.85000
vt 1.61988 9.85000
vt 1.76715 9.92500
vt 1.91441 9.92500
vt 1.91441 9.85000
vt 1.76715 9.85000
vt 1.91441 9.92500
vt 2.06167 9.92500
vt 2.06167 9.85000
vt 1.91441 9.85000
vt 2.06167 9.92500
vt 2.20893 9.92500
vt 2.20893 9.85000
vt 2.06167 9.85000
vt 2.20893 9.92500
vt 2.35619 9.92500
vt 2.35619 9.85000
vt 2.20893 9.85000
vt 2.35619 9.92500
vt 2.50346 9.92500
vt 2.50346 9.85000
vt 2.35619 9.85000
vt 2.50346 9.92500
vt 2.65072 9.92500
vt 2.65072 9.85000
vt 2.50346 9.85000
vt 2.65072 9.92500
vt 2.79798 9.92500
vt 2.79798 9.85000
vt 2.65072 9.85000
vt 2.79798 9.92500
vt 2.94524 9.92500
vt 2.94524 9.85000
vt 2.79798 9.85000
vt 2.94524 9.92500
vt 3.09251 9.92500
vt 3.09251 9.85000
vt 2.94524 9.85000
vt 3.09251 9.92500
vt 3.23977 9.92500
vt 3.23977 9.85000
vt 3.09251 9.85000
vt 3.23977 9.92500
vt 3.38703 9.92500
vt 3.38703 9.85000
vt 3.23977 9.85000
vt 3.38703 9.92500
vt 3.53429 9.92500
vt 3.53429 9.85000
vt 3.38703 9.85000
vt 3.53429 9.92500
vt 3.68155 9.92500
vt 3.68155 9.85000
vt 3.53429 9.85000
vt 3.68155 9.92500
vt 3.82882 9.92500
vt 3.82882 9.85000
vt 3.68155 9.85000
vt 3.82882 9.92500
vt 3.97608 9.92500
vt 3.97608 9.85000
vt 3.82882 9.85000
vt 3.97608 9.92500
vt 4.12334 9.92500
vt 4.12334 9.85000
vt 3.97608 9.85000
vt 4.12334 9.92500
vt 4.27060 9.92500
vt 4.27060 9.85000
vt 4.12334 9.85000
vt 4.27060 9.92500
vt 4.41786 9.92500
vt 4.41786 9.85000
vt 4.27060 9.85000
vt 4.41786 9.92500
vt 4.56513 9.92500
vt 4.56513 9.85000
vt 4.41786 9.85000
vt 4.56513 9.92500
vt 4.71239 9.92500
vt 4.71239 9.85000
vt 4.56513 9.85000
vt 0.00000 8.28000
vt 0.17279 8.28000
vt 0.17279 7.94000
vt 0.00000 7.94000
vt 0.17279 8.28000
vt 0.34558 8.28000
vt 0.34558 7.94000
vt 0.17279 7.94000
vt 0.34558 8.28000
vt 0.51836 8.28000
vt 0.51836 7.94000
vt 0.34558 7.94000
vt 0.51836 8.28000
vt 0.69115 8.28000
vt 0.69115 7.94000
vt 0.51836 7.94000
vt 0.69115 8.28000
vt 0.86394 8.28000
vt 0.86394 7.94000
vt 0.69115 7.94000
vt 0.86394 8.28000
vt 1.03673 8.28000
vt 1.03673 7.94000
vt 0.86394 7.94000
vt 1.03673 8.28000
vt 1.20951 8.28000
vt 1.20951 7.94000
vt 1.03673 7.94000
vt 1.20951 8.28000
vt 1.38230 8.28000
vt 1.38230 7.94000
vt 1.20951 7.94000
vt 1.38230 8.28000
vt 1.55509 8.28000
vt 1.55509 7.94000
vt 1.38230 7.94000
vt 1.55509 8.28000
vt 1.72788 8.28000
vt 1.72788 7.94000
vt 1.55509 7.94000
vt 1.72788 8.28000
vt 1.90066 8.28000
vt 1.90066 7.94000
vt 1.72788 7.94000
vt 1.90066 8.28000
vt 2.07345 8.28000
vt 2.07345 7.94000
vt 1.90066 7.94000
vt 2.07345 8.28000
vt 2.24624 8.28000
vt 2.24624 7.94000
vt 2.07345 7.94000
vt 2.24624 8.28000
vt 2.41903 8.28000
vt 2.41903 7.94000
vt 2.24624 7.94000
vt 2.41903 8.28000
vt 2.59181 8.28000
vt 2.59181 7.94000
vt 2.41903 7.94000
vt 2.59181 8.28000
vt 2.76460 8.28000
vt 2.76460 7.94000
vt 2.59181 7.94000
vt 2.76460 8.28000
vt 2.93739 8.28000
vt 2.93739 7.94000
vt 2.76460 7.94000
vt 2.93739 8.28000
vt 3.11018 8.28000
vt 3.11018 7.94000
vt 2.93739 7.94000
vt 3.11018 8.28000
vt 3.28296 8.28000
vt 3.28296 7.94000
vt 3.11018 7.94000
vt 3.28296 8.28000
vt 3.45575 8.28000
vt 3.45575 7.94000
vt 3.28296 7.94000
vt 3.45575 8.28000
vt 3.62854 8.28000
vt 3.62854 7.94000
vt 3.45575 7.94000
vt 3.62854 8.28000
vt 3.80133 8.28000
vt 3.80133 7.94000
vt 3.62854 7.94000
vt 3.80133 8.28000
vt 3.97411 8.28000
vt 3.97411 7.94000
vt 3.80133 7.94000
vt 3.97411 8.28000
vt 4.14690 8.28000
vt 4.14690 7.94000
vt 3.97411 7.94000
vt 4.14690 8.28000
vt 4.31969 8.28000
vt 4.31969 7.94000
vt 4.14690 7.94000
vt 4.31969 8.28000
vt 4.49248 8.28000
vt 4.49248 7.94000
vt 4.31969 7.94000
vt 4.49248 8.28000
vt 4.66527 8.28000
vt 4.66527 7.94000
vt 4.49248 7.94000
vt 4.66527 8.28000
vt 4.83805 8.28000
vt 4.83805 7.94000
vt 4.66527 7.94000
vt 4.83805 8.28000
vt 5.01084 8.28000
vt 5.01084 7.94000
vt 4.83805 7.94000
vt 5.01084 8.28000
vt 5.18363 8.28000
vt 5.18363 7.94000
vt 5.01084 7.94000
vt 5.18363 8.28000
vt 5.35642 8.28000
vt 5.35642 7.94000
vt 5.18363 7.94000
vt 5.35642 8.28000
vt 5.52920 8.28000
vt 5.52920 7.94000
vt 5.35642 7.94000
vt 0.00000 8.40000
vt 0.17279 8.40000
vt 0.17279 8.28000
vt 0.00000 8.28000
vt 0.17279 8.40000
vt 0.34558 8.40000
vt 0.34558 8.28000
vt 0.17279 8.28000
vt 0.34558 8.40000
vt 0.51836 8.40000
vt 0.51836 8.28000
vt 0.34558 8.28000
vt 0.51836 8.40000
vt 0.69115 8.40000
vt 0.69115 8.28000
vt 0.51836 8.28000
vt 0.69115 8.40000
vt 0.86394 8.40000
vt 0.86394 8.28000
vt 0.69115 8.28000
vt 0.86394 8.40000
vt 1.03673 8.40000
vt 1.03673 8.28000
vt 0.86394 8.28000
vt 1.03673 8.40000
vt 1.20951 8.40000
vt 1.20951 8.28000
vt 1.03673 8.28000
vt 1.20951 8.40000
vt 1.38230 8.40000
vt 1.38230 8.28000
vt 1.20951 8.28000
vt 1.38230 8.40000
vt 1.55509 8.40000
vt 1.55509 8.28000
vt 1.38230 8.28000
vt 1.55509 8.40000
vt 1.72788 8.40000
vt 1.72788 8.28000
vt 1.55509 8.28000
vt 1.72788 8.40000
vt 1.90066 8.40000
vt 1.90066 8.28000
vt 1.72788 8.28000
vt 1.90066 8.40000
vt 2.07345 8.40000
vt 2.07345 8.28000
vt 1.90066 8.28000
vt 2.07345 8.40000
vt 2.24624 8.40000
vt 2.24624 8.28000
vt 2.07345 8.28000
vt 2.24624 8.40000
vt 2.41903 8.40000
vt 2.41903 8.28000
vt 2.24624 8.28000
vt 2.41903 8.40000
vt 2.59181 8.40000
vt 2.59181 8.28000
vt 2.41903 8.28000
vt 2.59181 8.40000
vt 2.76460 8.40000
vt 2.76460 8.28000
vt 2.59181 8.28000
vt 2.76460 8.40000
vt 2.93739 8.40000
vt 2.93739 8.28000
vt 2.76460 8.28000
vt 2.93739 8.40000
vt 3.11018 8.40000
vt 3.11018 8.28000
vt 2.93739 8.28000
vt 3.11018 8.40000
vt 3.28296 8.40000
vt 3.28296 8.28000
vt 3.11018 8.28000
vt 3.28296 8.40000
vt 3.45575 8.40000
vt 3.45575 8.28000
vt 3.28296 8.28000
vt 3.45575 8.40000
vt 3.62854 8.40000
vt 3.62854 8.28000
vt 3.45575 8.28000
vt 3.62854 8.40000
vt 3.80133 8.40000
vt 3.80133 8.28000
vt 3.62854 8.28000
vt 3.80133 8.40000
vt 3.97411 8.40000
vt 3.97411 8.28000
vt 3.80133 8.28000
vt 3.97411 8.40000
vt 4.14690 8.40000
vt 4.14690 8.28000
vt 3.97411 8.28000
vt 4.14690 8.40000
vt 4.31969 8.40000
vt 4.31969 8.28000
vt 4.14690 8.28000
vt 4.31969 8.40000
vt 4.49248 8.40000
vt 4.49248 8.28000
vt 4.31969 8.28000
vt 4.49248 8.40000
vt 4.66527 8.40000
vt 4.66527 8.28000
vt 4.49248 8.28000
vt 4.66527 8.40000
vt 4.83805 8.40000
vt 4.83805 8.28000
vt 4.66527 8.28000
vt 4.83805 8.40000
vt 5.01084 8.40000
vt 5.01084 8.28000
vt 4.83805 8.28000
vt 5.01084 8.40000
vt 5.18363 8.40000
vt 5.18363 8.28000
vt 5.01084 8.28000
vt 5.18363 8.40000
vt 5.35642 8.40000
vt 5.35642 8.28000
vt 5.18363 8.28000
vt 5.35642 8.40000
vt 5.52920 8.40000
vt 5.52920 8.28000
vt 5.35642 8.28000
vt 0.00000 8.60000
vt 0.17279 8.60000
vt 0.17279 8.40000
vt 0.00000 8.40000
vt 0.17279 8.60000
vt 0.34558 8.60000
vt 0.34558 8.40000
vt 0.17279 8.40000
vt 0.34558 8.60000
vt 0.51836 8.60000
vt 0.51836 8.40000
vt 0.34558 8.40000
vt 0.51836 8.60000
vt 0.69115 8.60000
vt 0.69115 8.40000
vt 0.51836 8.40000
vt 0.69115 8.60000
vt 0.86394 8.60000
vt 0.86394 8.40000
vt 0.69115 8.40000
vt 0.86394 8.60000
vt 1.03673 8.60000
vt 1.03673 8.40000
vt 0.86394 8.40000
vt 1.03673 8.60000
vt 1.20951 8.60000
vt 1.20951 8.40000
vt 1.03673 8.40000
vt 1.20951 8.60000
vt 1.38230 8.60000
vt 1.38230 8.40000
vt 1.20951 8.40000
vt 1.38230 8.60000
vt 1.55509 8.60000
vt 1.55509 8.40000
vt 1.38230 8.40000
vt 1.55509 8.60000
vt 1.72788 8.60000
vt 1.72788 8.40000
vt 1.55509 8.40000
vt 1.72788 8.60000
vt 1.90066 8.60000
vt 1.90066 8.40000
vt 1.72788 8.40000
vt 1.90066 8.60000
vt 2.07345 8.60000
vt 2.07345 8.40000
vt 1.90066 8.40000
vt 2.07345 8.60000
vt 2.24624 8.60000
vt 2.24624 8.40000
vt 2.07345 8.40000
vt 2.24624 8.60000
vt 2.41903 8.60000
vt 2.41903 8.40000
vt 2.24624 8.40000
vt 2.41903 8.60000
vt 2.59181 8.60000
vt 2.59181 8.40000
vt 2.41903 8.40000
vt 2.59181 8.60000
vt 2.76460 8.60000
vt 2.76460 8.40000
vt 2.59181 8.40000
vt 2.76460 8.60000
vt 2.93739 8.60000
vt 2.93739 8.40000
vt 2.76460 8.40000
vt 2.93739 8.60000
vt 3.11018 8.60000
vt 3.11018 8.40000
vt 2.93739 8.40000
vt 3.11018 8.60000
vt 3.28296 8.60000
vt 3.28296 8.40000
vt 3.11018 8.40000
vt 3.28296 8.60000
vt 3.45575 8.60000
vt 3.45575 8.40000
vt 3.28296 8.40000
vt 3.45575 8.60000
vt 3.62854 8.60000
vt 3.62854 8.40000
vt 3.45575 8.40000
vt 3.62854 8.60000
vt 3.80133 8.60000
vt 3.80133 8.40000
vt 3.62854 8.40000
vt 3.80133 8.60000
vt 3.97411 8.60000
vt 3.97411 8.40000
vt 3.80133 8.40000
vt 3.97411 8.60000
vt 4.14690 8.60000
vt 4.14690 8.40000
vt 3.97411 8.40000
vt 4.14690 8.60000
vt 4.31969 8.60000
vt 4.31969 8.40000
vt 4.14690 8.40000
vt 4.31969 8.60000
vt 4.49248 8.60000
vt 4.49248 8.40000
vt 4.31969 8.40000
vt 4.49248 8.60000
vt 4.66527 8.60000
vt 4.66527 8.40000
vt 4.49248 8.40000
vt 4.66527 8.60000
vt 4.83805 8.60000
vt 4.83805 8.40000
vt 4.66527 8.40000
vt 4.83805 8.60000
vt 5.01084 8.60000
vt 5.01084 8.40000
vt 4.83805 8.40000
vt 5.01084 8.60000
vt 5.18363 8.60000
vt 5.18363 8.40000
vt 5.01084 8.40000
vt 5.18363 8.60000
vt 5.35642 8.60000
vt 5.35642 8.40000
vt 5.18363 8.40000
vt 5.35642 8.60000
vt 5.52920 8.60000
vt 5.52920 8.40000
vt 5.35642 8.40000
vt 0.00000 8.76000
vt 0.17279 8.76000
vt 0.17279 8.60000
vt 0.00000 8.60000
vt 0.17279 8.76000
vt 0.34558 8.76000
vt 0.34558 8.60000
vt 0.17279 8.60000
vt 0.34558 8.76000
vt 0.51836 8.76000
vt 0.51836 8.60000
vt 0.34558 8.60000
vt 0.51836 8.76000
vt 0.69115 8.76000
vt 0.69115 8.60000
vt 0.51836 8.60000
vt 0.69115 8.76000
vt 0.86394 8.76000
vt 0.86394 8.60000
vt 0.69115 8.60000
vt 0.86394 8.76000
vt 1.03673 8.76000
vt 1.03673 8.60000
vt 0.86394 8.60000
vt 1.03673 8.76000
vt 1.20951 8.76000
vt 1.20951 8.60000
vt 1.03673 8.60000
vt 1.20951 8.76000
vt 1.38230 8.76000
vt 1.38230 8.60000
vt 1.20951 8.60000
vt 1.38230 8.76000
vt 1.55509 8.76000
vt 1.55509 8.60000
vt 1.38230 8.60000
vt 1.55509 8.76000
vt 1.72788 8.76000
vt 1.72788 8.60000
vt 1.55509 8.60000
vt 1.72788 8.76000
vt 1.90066 8.76000
vt 1.90066 8.60000
vt 1.72788 8.60000
vt 1.90066 8.76000
vt 2.07345 8.76000
vt 2.07345 8.60000
vt 1.90066 8.60000
vt 2.07345 8.76000
vt 2.24624 8.76000
vt 2.24624 8.60000
vt 2.07345 8.60000
vt 2.24624 8.76000
vt 2.41903 8.76000
vt 2.41903 8.60000
vt 2.24624 8.60000
vt 2.41903 8.76000
vt 2.59181 8.76000
vt 2.59181 8.60000
vt 2.41903 8.60000
vt 2.59181 8.76000
vt 2.76460 8.76000
vt 2.76460 8.60000
vt 2.59181 8.60000
vt 2.76460 8.76000
vt 2.93739 8.76000
vt 2.93739 8.60000
vt 2.76460 8.60000
vt 2.93739 8.76000
vt 3.11018 8.76000
vt 3.11018 8.60000
vt 2.93739 8.60000
vt 3.11018 8.76000
vt 3.28296 8.76000
vt 3.28296 8.60000
vt 3.11018 8.60000
vt 3.28296 8.76000
vt 3.45575 8.76000
vt 3.45575 8.60000
vt 3.28296 8.60000
vt 3.45575 8.76000
vt 3.62854 8.76000
vt 3.62854 8.60000
vt 3.45575 8.60000
vt 3.62854 8.76000
vt 3.80133 8.76000
vt 3.80133 8.60000
vt 3.62854 8.60000
vt 3.80133 8.76000
vt 3.97411 8.76000
vt 3.97411 8.60000
vt 3.80133 8.60000
vt 3.97411 8.76000
vt 4.14690 8.76000
vt 4.14690 8.60000
vt 3.97411 8.60000
vt 4.14690 8.76000
vt 4.31969 8.76000
vt 4.31969 8.60000
vt 4.14690 8.60000
vt 4.31969 8.76000
vt 4.49248 8.76000
vt 4.49248 8.60000
vt 4.31969 8.60000
vt 4.49248 8.76000
vt 4.66527 8.76000
vt 4.66527 8.60000
vt 4.49248 8.60000
vt 4.66527 8.76000
vt 4.83805 8.76000
vt 4.83805 8.60000
vt 4.66527 8.60000
vt 4.83805 8.76000
vt 5.01084 8.76000
vt 5.01084 8.60000
vt 4.83805 8.60000
vt 5.01084 8.76000
vt 5.18363 8.76000
vt 5.18363 8.60000
vt 5.01084 8.60000
vt 5.18363 8.76000
vt 5.35642 8.76000
vt 5.35642 8.60000
vt 5.18363 8.60000
vt 5.35642 8.76000
vt 5.52920 8.76000
vt 5.52920 8.60000
vt 5.35642 8.60000
vt -0.61250 5.46875
vt 0.61250 5.46875
vt 0.61250 5.68125
vt -0.61250 5.68125
vt -0.61250 5.46875
vt 0.61250 5.46875
vt 0.61250 5.68125
vt -0.61250 5.68125
vt -0.61250 -0.61250
vt 0.61250 -0.61250
vt 0.61250 0.61250
vt -0.61250 0.61250
vt -0.61250 -0.61250
vt 0.61250 -0.61250
vt 0.61250 0.61250
vt -0.61250 0.61250
vt -0.61250 5.46875
vt 0.61250 5.46875
vt 0.61250 5.68125
vt -0.61250 5.68125
vt -0.61250 5.46875
vt 0.61250 5.46875
vt 0.61250 5.68125
vt -0.61250 5.68125
vt -0.71250 5.66875
vt 0.71250 5.66875
vt 0.71250 5.78125
vt -0.71250 5.78125
vt -0.71250 5.66875
vt 0.71250 5.66875
vt 0.71250 5.78125
vt -0.71250 5.78125
vt -0.71250 -0.71250
vt 0.71250 -0.71250
vt 0.71250 0.71250
vt -0.71250 0.71250
vt -0.71250 -0.71250
vt 0.71250 -0.71250
vt 0.71250 0.71250
vt -0.71250 0.71250
vt -0.71250 5.66875
vt 0.71250 5.66875
vt 0.71250 5.78125
vt -0.71250 5.78125
vt -0.71250 5.66875
vt 0.71250 5.66875
vt 0.71250 5.78125
vt -0.71250 5.78125
vt 0.00000 0.00000
vt 0.07330 0.00000
vt 0.07330 10.66667
vt 0.00000 10.66667
vt 0.07330 0.00000
vt 0.14661 0.00000
vt 0.14661 10.66667
vt 0.07330 10.66667
vt 0.14661 0.00000
vt 0.21991 0.00000
vt 0.21991 10.66667
vt 0.14661 10.66667
vt 0.21991 0.00000
vt 0.29322 0.00000
vt 0.29322 10.66667
vt 0.21991 10.66667
vt 0.29322 0.00000
vt 0.36652 0.00000
vt 0.36652 10.66667
vt 0.29322 10.66667
vt 0.36652 0.00000
vt 0.43982 0.00000
vt 0.43982 10.66667
vt 0.36652 10.66667
vt 0.43982 0.00000
vt 0.51313 0.00000
vt 0.51313 10.66667
vt 0.43982 10.66667
vt 0.51313 0.00000
vt 0.58643 0.00000
vt 0.58643 10.66667
vt 0.51313 10.66667
vt 0.58643 0.00000
vt 0.65973 0.00000
vt 0.65973 10.66667
vt 0.58643 10.66667
vt 0.65973 0.00000
vt 0.73304 0.00000
vt 0.73304 10.66667
vt 0.65973 10.66667
vt 0.09439 -0.06857
vt 0.03605 -0.11096
vt -0.03605 -0.11096
vt -0.09439 -0.06857
vt -0.11667 0.00000
vt -0.09439 0.06857
vt -0.03605 0.11096
vt 0.03605 0.11096
vt 0.09439 0.06857
vt 0.11667 0.00000
vt 0.11667 0.00000
vt 0.09439 0.06857
vt 0.03605 0.11096
vt -0.03605 0.11096
vt -0.09439 0.06857
vt -0.11667 0.00000
vt -0.09439 -0.06857
vt -0.03605 -0.11096
vt 0.03605 -0.11096
vt 0.09439 -0.06857
vt -0.36667 7.16667
vt 0.36667 7.16667
vt 0.36667 7.50000
vt -0.36667 7.50000
vt -0.36667 7.16667
vt 0.36667 7.16667
vt 0.36667 7.50000
vt -0.36667 7.50000
vt 1.63333 -0.36667
vt 2.36667 -0.36667
vt 2.36667 0.36667
vt 1.63333 0.36667
vt 1.63333 -0.36667
vt 2.36667 -0.36667
vt 2.36667 0.36667
vt 1.63333 0.36667
vt 1.63333 7.16667
vt 2.36667 7.16667
vt 2.36667 7.50000
vt 1.63333 7.50000
vt -2.36667 7.16667
vt -1.63333 7.16667
vt -1.63333 7.50000
vt -2.36667 7.50000
vt -0.36667 15.16667
vt 0.36667 15.16667
vt 0.36667 15.50000
vt -0.36667 15.50000
vt -0.36667 15.16667
vt 0.36667 15.16667
vt 0.36667 15.50000
vt -0.36667 15.50000
vt 1.63333 -0.36667
vt 2.36667 -0.36667
vt 2.36667 0.36667
vt 1.63333 0.36667
vt 1.63333 -0.36667
vt 2.36667 -0.36667
vt 2.36667 0.36667
vt 1.63333 0.36667
vt 1.63333 15.16667
vt 2.36667 15.16667
vt 2.36667 15.50000
vt 1.63333 15.50000
vt -2.36667 15.16667
vt -1.63333 15.16667
vt -1.63333 15.50000
vt -2.36667 15.50000
vt -0.36667 23.16667
vt 0.36667 23.16667
vt 0.36667 23.50000
vt -0.36667 23.50000
vt -0.36667 23.16667
vt 0.36667 23.16667
vt 0.36667 23.50000
vt -0.36667 23.50000
vt 1.63333 -0.36667
vt 2.36667 -0.36667
vt 2.36667 0.36667
vt 1.63333 0.36667
vt 1.63333 -0.36667
vt 2.36667 -0.36667
vt 2.36667 0.36667
vt 1.63333 0.36667
vt 1.63333 23.16667
vt 2.36667 23.16667
vt 2.36667 23.50000
vt 1.63333 23.50000
vt -2.36667 23.16667
vt -1.63333 23.16667
vt -1.63333 23.50000
vt -2.36667 23.50000
vn 1.00000 0.00000 0.00000
vn -1.00000 0.00000 0.00000
vn 0.00000 1.00000 0.00000
vn 0.00000 -1.00000 0.00000
vn 0.00000 0.00000 1.00000
vn 0.00000 0.00000 -1.00000
vn 1.00000 0.00000 0.00000
vn -1.00000 0.00000 0.00000
vn 0.00000 1.00000 0.00000
vn 0.00000 -1.00000 0.00000
vn 0.00000 0.00000 1.00000
vn 0.00000 0.00000 -1.00000
vn 0.96152 0.27472 0.00000
vn 0.94305 0.27472 0.18758
vn 0.94305 0.27472 0.18758
vn 0.96152 0.27472 0.00000
vn 0.94305 0.27472 0.18758
vn 0.88833 0.27472 0.36796
vn 0.88833 0.27472 0.36796
vn 0.94305 0.27472 0.18758
vn 0.88833 0.27472 0.36796
vn 0.79948 0.27472 0.53419
vn 0.79948 0.27472 0.53419
vn 0.88833 0.27472 0.36796
vn 0.79948 0.27472 0.53419
vn 0.67990 0.27472 0.67990
vn 0.67990 0.27472 0.67990
vn 0.79948 0.27472 0.53419
vn 0.67990 0.27472 0.67990
vn 0.53419 0.27472 0.79948
vn 0.53419 0.27472 0.79948
vn 0.67990 0.27472 0.67990
vn 0.53419 0.27472 0.79948
vn 0.36796 0.27472 0.88833
vn 0.36796 0.27472 0.88833
vn 0.53419 0.27472 0.79948
vn 0.36796 0.27472 0.88833
vn 0.18758 0.27472 0.94305
vn 0.18758 0.27472 0.94305
vn 0.36796 0.27472 0.88833
vn 0.18758 0.27472 0.94305
vn 0.00000 0.27472 0.96152
vn 0.00000 0.27472 0.96152
vn 0.18758 0.27472 0.94305
vn 0.00000 0.27472 0.96152
vn -0.18758 0.27472 0.94305
vn -0.18758 0.27472 0.94305
vn 0.00000 0.27472 0.96152
vn -0.18758 0.27472 0.94305
vn -0.36796 0.27472 0.88833
vn -0.36796 0.27472 0.88833
vn -0.18758 0.27472 0.94305
vn -0.36796 0.27472 0.88833
vn -0.53419 0.27472 0.79948
vn -0.53419 0.27472 0.79948
vn -0.36796 0.27472 0.88833
vn -0.53419 0.27472 0.79948
vn -0.67990 0.27472 0.67990
vn -0.67990 0.27472 0.67990
vn -0.53419 0.27472 0.79948
vn -0.67990 0.27472 0.67990
vn -0.79948 0.27472 0.53419
vn -0.79948 0.27472 0.53419
vn -0.67990 0.27472 0.67990
vn -0.79948 0.27472 0.53419
vn -0.88833 0.27472 0.36796
vn -0.88833 0.27472 0.36796
vn -0.79948 0.27472 0.53419
vn -0.88833 0.27472 0.36796
vn -0.94305 0.27472 0.18758
vn -0.94305 0.27472 0.18758
vn -0.88833 0.27472 0.36796
vn -0.94305 0.27472 0.18758
vn -0.96152 0.27472 0.00000
vn -0.96152 0.27472 0.00000
vn -0.94305 0.27472 0.18758
vn -0.96152 0.27472 0.00000
vn -0.94305 0.27472 -0.18758
vn -0.94305 0.27472 -0.18758
vn -0.96152 0.27472 0.00000
vn -0.94305 0.27472 -0.18758
vn -0.88833 0.27472 -0.36796
vn -0.88833 0.27472 -0.36796
vn -0.94305 0.27472 -0.18758
vn -0.88833 0.27472 -0.36796
vn -0.79948 0.27472 -0.53419
vn -0.79948 0.27472 -0.53419
vn -0.88833 0.27472 -0.36796
vn -0.79948 0.27472 -0.53419
vn -0.67990 0.27472 -0.67990
vn -0.67990 0.27472 -0.67990
vn -0.79948 0.27472 -0.53419
vn -0.67990 0.27472 -0.67990
vn -0.53419 0.27472 -0.79948
vn -0.53419 0.27472 -0.79948
vn -0.67990 0.27472 -0.67990
vn -0.53419 0.27472 -0.79948
vn -0.36796 0.27472 -0.88833
vn -0.36796 0.27472 -0.88833
vn -0.53419 0.27472 -0.79948
vn -0.36796 0.27472 -0.88833
vn -0.18758 0.27472 -0.94305
vn -0.18758 0.27472 -0.94305
vn -0.36796 0.27472 -0.88833
vn -0.18758 0.27472 -0.94305
vn -0.00000 0.27472 -0.96152
vn -0.00000 0.27472 -0.96152
vn -0.18758 0.27472 -0.94305
vn -0.00000 0.27472 -0.96152
vn 0.18758 0.27472 -0.94305
vn 0.18758 0.27472 -0.94305
vn -0.00000 0.27472 -0.96152
vn 0.18758 0.27472 -0.94305
vn 0.36796 0.27472 -0.88833
vn 0.36796 0.27472 -0.88833
vn 0.18758 0.27472 -0.94305
vn 0.36796 0.27472 -0.88833
vn 0.53419 0.27472 -0.79948
vn 0.53419 0.27472 -0.79948
vn 0.36796 0.27472 -0.88833
vn 0.53419 0.27472 -0.79948
vn 0.67990 0.27472 -0.67990
vn 0.67990 0.27472 -0.67990
vn 0.53419 0.27472 -0.79948
vn 0.67990 0.27472 -0.67990
vn 0.79948 0.27472 -0.53419
vn 0.79948 0.27472 -0.53419
vn 0.67990 0.27472 -0.67990
vn 0.79948 0.27472 -0.53419
vn 0.88833 0.27472 -0.36796
vn 0.88833 0.27472 -0.36796
vn 0.79948 0.27472 -0.53419
vn 0.88833 0.27472 -0.36796
vn 0.94305 0.27472 -0.18758
vn 0.94305 0.27472 -0.18758
vn 0.88833 0.27472 -0.36796
vn 0.94305 0.27472 -0.18758
vn 0.96152 0.27472 -0.00000
vn 0.96152 0.27472 -0.00000
vn 0.94305 0.27472 -0.18758
vn 0.80000 0.60000 0.00000
vn 0.78463 0.60000 0.15607
vn 0.78463 0.60000 0.15607
vn 0.80000 0.60000 0.00000
vn 0.78463 0.60000 0.15607
vn 0.73910 0.60000 0.30615
vn 0.73910 0.60000 0.30615
vn 0.78463 0.60000 0.15607
vn 0.73910 0.60000 0.30615
vn 0.66518 0.60000 0.44446
vn 0.66518 0.60000 0.44446
vn 0.73910 0.60000 0.30615
vn 0.66518 0.60000 0.44446
vn 0.56569 0.60000 0.56569
vn 0.56569 0.60000 0.56569
vn 0.66518 0.60000 0.44446
vn 0.56569 0.60000 0.56569
vn 0.44446 0.60000 0.66518
vn 0.44446 0.60000 0.66518
vn 0.56569 0.60000 0.56569
vn 0.44446 0.60000 0.66518
vn 0.30615 0.60000 0.73910
vn 0.30615 0.60000 0.73910
vn 0.44446 0.60000 0.66518
vn 0.30615 0.60000 0.73910
vn 0.15607 0.60000 0.78463
vn 0.15607 0.60000 0.78463
vn 0.30615 0.60000 0.73910
vn 0.15607 0.60000 0.78463
vn 0.00000 0.60000 0.80000
vn 0.00000 0.60000 0.80000
vn 0.15607 0.60000 0.78463
vn 0.00000 0.60000 0.80000
vn -0.15607 0.60000 0.78463
vn -0.15607 0.60000 0.78463
vn 0.00000 0.60000 0.80000
vn -0.15607 0.60000 0.78463
vn -0.30615 0.60000 0.73910
vn -0.30615 0.60000 0.73910
vn -0.15607 0.60000 0.78463
vn -0.30615 0.60000 0.73910
vn -0.44446 0.60000 0.66518
vn -0.44446 0.60000 0.66518
vn -0.30615 0.60000 0.73910
vn -0.44446 0.60000 0.66518
vn -0.56569 0.60000 0.56569
vn -0.56569 0.60000 0.56569
vn -0.44446 0.60000 0.66518
vn -0.56569 0.60000 0.56569
vn -0.66518 0.60000 0.44446
vn -0.66518 0.60000 0.44446
vn -0.56569 0.60000 0.56569
vn -0.66518 0.60000 0.44446
vn -0.73910 0.60000 0.30615
vn -0.73910 0.60000 0.30615
vn -0.66518 0.60000 0.44446
vn -0.73910 0.60000 0.30615
vn -0.78463 0.60000 0.15607
vn -0.78463 0.60000 0.15607
vn -0.73910 0.60000 0.30615
vn -0.78463 0.60000 0.15607
vn -0.80000 0.60000 0.00000
vn -0.80000 0.60000 0.00000
vn -0.78463 0.60000 0.15607
vn -0.80000 0.60000 0.00000
vn -0.78463 0.60000 -0.15607
vn -0.78463 0.60000 -0.15607
vn -0.80000 0.60000 0.00000
vn -0.78463 0.60000 -0.15607
vn -0.73910 0.60000 -0.30615
vn -0.73910 0.60000 -0.30615
vn -0.78463 0.60000 -0.15607
vn -0.73910 0.60000 -0.30615
vn -0.66518 0.60000 -0.44446
vn -0.66518 0.60000 -0.44446
vn -0.73910 0.60000 -0.30615
vn -0.66518 0.60000 -0.44446
vn -0.56569 0.60000 -0.56569
vn -0.56569 0.60000 -0.56569
vn -0.66518 0.60000 -0.44446
vn -0.56569 0.60000 -0.56569
vn -0.44446 0.60000 -0.66518
vn -0.44446 0.60000 -0.66518
vn -0.56569 0.60000 -0.56569
vn -0.44446 0.60000 -0.66518
vn -0.30615 0.60000 -0.73910
vn -0.30615 0.60000 -0.73910
vn -0.44446 0.60000 -0.66518
vn -0.30615 0.60000 -0.73910
vn -0.15607 0.60000 -0.78463
vn -0.15607 0.60000 -0.78463
vn -0.30615 0.60000 -0.73910
vn -0.15607 0.60000 -0.78463
vn -0.00000 0.60000 -0.80000
vn -0.00000 0.60000 -0.80000
vn -0.15607 0.60000 -0.78463
vn -0.00000 0.60000 -0.80000
vn 0.15607 0.60000 -0.78463
vn 0.15607 0.60000 -0.78463
vn -0.00000 0.60000 -0.80000
vn 0.15607 0.60000 -0.78463
vn 0.30615 0.60000 -0.73910
vn 0.30615 0.60000 -0.73910
vn 0.15607 0.60000 -0.78463
vn 0.30615 0.60000 -0.73910
vn 0.44446 0.60000 -0.66518
vn 0.44446 0.60000 -0.66518
vn 0.30615 0.60000 -0.73910
vn 0.44446 0.60000 -0.66518
vn 0.56569 0.60000 -0.56569
vn 0.56569 0.60000 -0.56569
vn 0.44446 0.60000 -0.66518
vn 0.56569 0.60000 -0.56569
vn 0.66518 0.60000 -0.44446
vn 0.66518 0.60000 -0.44446
vn 0.56569 0.60000 -0.56569
vn 0.66518 0.60000 -0.44446
vn 0.73910 0.60000 -0.30615
vn 0.73910 0.60000 -0.30615
vn 0.66518 0.60000 -0.44446
vn 0.73910 0.60000 -0.30615
vn 0.78463 0.60000 -0.15607
vn 0.78463 0.60000 -0.15607
vn 0.73910 0.60000 -0.30615
vn 0.78463 0.60000 -0.15607
vn 0.80000 0.60000 -0.00000
vn 0.80000 0.60000 -0.00000
vn 0.78463 0.60000 -0.15607
vn 0.98287 0.18429 0.00000
vn 0.96399 0.18429 0.19175
vn 0.96399 0.18429 0.19175
vn 0.98287 0.18429 0.00000
vn 0.96399 0.18429 0.19175
vn 0.90806 0.18429 0.37613
vn 0.90806 0.18429 0.37613
vn 0.96399 0.18429 0.19175
vn 0.90806 0.18429 0.37613
vn 0.81723 0.18429 0.54605
vn 0.81723 0.18429 0.54605
vn 0.90806 0.18429 0.37613
vn 0.81723 0.18429 0.54605
vn 0.69500 0.18429 0.69500
vn 0.69500 0.18429 0.69500
vn 0.81723 0.18429 0.54605
vn 0.69500 0.18429 0.69500
vn 0.54605 0.18429 0.81723
vn 0.54605 0.18429 0.81723
vn 0.69500 0.18429 0.69500
vn 0.54605 0.18429 0.81723
vn 0.37613 0.18429 0.90806
vn 0.37613 0.18429 0.90806
vn 0.54605 0.18429 0.81723
vn 0.37613 0.18429 0.90806
vn 0.19175 0.18429 0.96399
vn 0.19175 0.18429 0.96399
vn 0.37613 0.18429 0.90806
vn 0.19175 0.18429 0.96399
vn 0.00000 0.18429 0.98287
vn 0.00000 0.18429 0.98287
vn 0.19175 0.18429 0.96399
vn 0.00000 0.18429 0.98287
vn -0.19175 0.18429 0.96399
vn -0.19175 0.18429 0.96399
vn 0.00000 0.18429 0.98287
vn -0.19175 0.18429 0.96399
vn -0.37613 0.18429 0.90806
vn -0.37613 0.18429 0.90806
vn -0.19175 0.18429 0.96399
vn -0.37613 0.18429 0.90806
vn -0.54605 0.18429 0.81723
vn -0.54605 0.18429 0.81723
vn -0.37613 0.18429 0.90806
vn -0.54605 0.18429 0.81723
vn -0.69500 0.18429 0.69500
vn -0.69500 0.18429 0.69500
vn -0.54605 0.18429 0.81723
vn -0.69500 0.18429 0.69500
vn -0.81723 0.18429 0.54605
vn -0.81723 0.18429 0.54605
vn -0.69500 0.18429 0.69500
vn -0.81723 0.18429 0.54605
vn -0.90806 0.18429 0.37613
vn -0.90806 0.18429 0.37613
vn -0.81723 0.18429 0.54605
vn -0.90806 0.18429 0.37613
vn -0.96399 0.18429 0.19175
vn -0.96399 0.18429 0.19175
vn -0.90806 0.18429 0.37613
vn -0.96399 0.18429 0.19175
vn -0.98287 0.18429 0.00000
vn -0.98287 0.18429 0.00000
vn -0.96399 0.18429 0.19175
vn -0.98287 0.18429 0.00000
vn -0.96399 0.18429 -0.19175
vn -0.96399 0.18429 -0.19175
vn -0.98287 0.18429 0.00000
vn -0.96399 0.18429 -0.19175
vn -0.90806 0.18429 -0.37613
vn -0.90806 0.18429 -0.37613
vn -0.96399 0.18429 -0.19175
vn -0.90806 0.18429 -0.37613
vn -0.81723 0.18429 -0.54605
vn -0.81723 0.18429 -0.54605
vn -0.90806 0.18429 -0.37613
vn -0.81723 0.18429 -0.54605
vn -0.69500 0.18429 -0.69500
vn -0.69500 0.18429 -0.69500
vn -0.81723 0.18429 -0.54605
vn -0.69500 0.18429 -0.69500
vn -0.54605 0.18429 -0.81723
vn -0.54605 0.18429 -0.81723
vn -0.69500 0.18429 -0.69500
vn -0.54605 0.18429 -0.81723
vn -0.37613 0.18429 -0.90806
vn -0.37613 0.18429 -0.90806
vn -0.54605 0.18429 -0.81723
vn -0.37613 0.18429 -0.90806
vn -0.19175 0.18429 -0.96399
vn -0.19175 0.18429 -0.96399
vn -0.37613 0.18429 -0.90806
vn -0.19175 0.18429 -0.96399
vn -0.00000 0.18429 -0.98287
vn -0.00000 0.18429 -0.98287
vn -0.19175 0.18429 -0.96399
vn -0.00000 0.18429 -0.98287
vn 0.19175 0.18429 -0.96399
vn 0.19175 0.18429 -0.96399
vn -0.00000 0.18429 -0.98287
vn 0.19175 0.18429 -0.96399
vn 0.37613 0.18429 -0.90806
vn 0.37613 0.18429 -0.90806
vn 0.19175 0.18429 -0.96399
vn 0.37613 0.18429 -0.90806
vn 0.54605 0.18429 -0.81723
vn 0.54605 0.18429 -0.81723
vn 0.37613 0.18429 -0.90806
vn 0.54605 0.18429 -0.81723
vn 0.69500 0.18429 -0.69500
vn 0.69500 0.18429 -0.69500
vn 0.54605 0.18429 -0.81723
vn 0.69500 0.18429 -0.69500
vn 0.81723 0.18429 -0.54605
vn 0.81723 0.18429 -0.54605
vn 0.69500 0.18429 -0.69500
vn 0.81723 0.18429 -0.54605
vn 0.90806 0.18429 -0.37613
vn 0.90806 0.18429 -0.37613
vn 0.81723 0.18429 -0.54605
vn 0.90806 0.18429 -0.37613
vn 0.96399 0.18429 -0.19175
vn 0.96399 0.18429 -0.19175
vn 0.90806 0.18429 -0.37613
vn 0.96399 0.18429 -0.19175
vn 0.98287 0.18429 -0.00000
vn 0.98287 0.18429 -0.00000
vn 0.96399 0.18429 -0.19175
vn 0.00000 1.00000 0.00000
vn 1.00000 0.00000 -0.00000
vn 0.61708 0.00000 -0.78690
vn 0.61708 0.00000 -0.78690
vn 1.00000 0.00000 -0.00000
vn 0.61708 0.00000 -0.78690
vn 0.99144 0.00000 0.13053
vn 0.99144 0.00000 0.13053
vn 0.61708 0.00000 -0.78690
vn 0.99144 0.00000 0.13053
vn 0.98079 0.00000 0.19509
vn 0.98079 0.00000 0.19509
vn 0.99144 0.00000 0.13053
vn 0.98079 0.00000 0.19509
vn 0.96593 0.00000 0.25882
vn 0.96593 0.00000 0.25882
vn 0.98079 0.00000 0.19509
vn 0.96593 0.00000 0.25882
vn 0.73542 0.00000 0.67761
vn 0.73542 0.00000 0.67761
vn 0.96593 0.00000 0.25882
vn 0.73542 0.00000 0.67761
vn 0.94302 0.00000 -0.33275
vn 0.94302 0.00000 -0.33275
vn 0.73542 0.00000 0.67761
vn 0.94302 0.00000 -0.33275
vn 0.89687 0.00000 0.44229
vn 0.89687 0.00000 0.44229
vn 0.94302 0.00000 -0.33275
vn 0.89687 0.00000 0.44229
vn 0.86603 0.00000 0.50000
vn 0.86603 0.00000 0.50000
vn 0.89687 0.00000 0.44229
vn 0.86603 0.00000 0.50000
vn 0.83147 0.00000 0.55557
vn 0.83147 0.00000 0.55557
vn 0.86603 0.00000 0.50000
vn 0.83147 0.00000 0.55557
vn 0.18334 0.00000 0.98305
vn 0.18334 0.00000 0.98305
vn 0.83147 0.00000 0.55557
vn 0.18334 0.00000 0.98305
vn 0.95454 0.00000 0.29808
vn 0.95454 0.00000 0.29808
vn 0.18334 0.00000 0.98305
vn 0.95454 0.00000 0.29808
vn 0.79684 0.00000 -0.60419
vn 0.79684 0.00000 -0.60419
vn 0.95454 0.00000 0.29808
vn 0.79684 0.00000 -0.60419
vn 0.65935 0.00000 0.75184
vn 0.65935 0.00000 0.75184
vn 0.79684 0.00000 -0.60419
vn 0.65935 0.00000 0.75184
vn 0.60876 0.00000 0.79335
vn 0.60876 0.00000 0.79335
vn 0.65935 0.00000 0.75184
vn 0.60876 0.00000 0.79335
vn -0.37294 0.00000 0.92786
vn -0.37294 0.00000 0.92786
vn 0.60876 0.00000 0.79335
vn -0.37294 0.00000 0.92786
vn 0.50000 0.00000 0.86603
vn 0.50000 0.00000 0.86603
vn -0.37294 0.00000 0.92786
vn 0.50000 0.00000 0.86603
vn 0.99002 0.00000 0.14095
vn 0.99002 0.00000 0.14095
vn 0.50000 0.00000 0.86603
vn 0.99002 0.00000 0.14095
vn 0.38268 0.00000 0.92388
vn 0.38268 0.00000 0.92388
vn 0.99002 0.00000 0.14095
vn 0.38268 0.00000 0.92388
vn 0.32144 0.00000 0.94693
vn 0.32144 0.00000 0.94693
vn 0.38268 0.00000 0.92388
vn 0.32144 0.00000 0.94693
vn -0.92167 0.00000 0.38798
vn -0.92167 0.00000 0.38798
vn 0.32144 0.00000 0.94693
vn -0.92167 0.00000 0.38798
vn -0.21912 0.00000 0.97570
vn -0.21912 0.00000 0.97570
vn -0.92167 0.00000 0.38798
vn -0.21912 0.00000 0.97570
vn 0.75968 0.00000 0.65030
vn 0.75968 0.00000 0.65030
vn -0.21912 0.00000 0.97570
vn 0.75968 0.00000 0.65030
vn 0.06540 0.00000 0.99786
vn 0.06540 0.00000 0.99786
vn 0.75968 0.00000 0.65030
vn 0.06540 0.00000 0.99786
vn 0.00000 0.00000 1.00000
vn 0.00000 0.00000 1.00000
vn 0.06540 0.00000 0.99786
vn 0.00000 0.00000 1.00000
vn -0.06540 0.00000 0.99786
vn -0.06540 0.00000 0.99786
vn 0.00000 0.00000 1.00000
vn -0.06540 0.00000 0.99786
vn -0.75968 0.00000 0.65030
vn -0.75968 0.00000 0.65030
vn -0.06540 0.00000 0.99786
vn -0.75968 0.00000 0.65030
vn 0.21912 0.00000 0.97570
vn 0.21912 0.00000 0.97570
vn -0.75968 0.00000 0.65030
vn 0.21912 0.00000 0.97570
vn -0.25882 0.00000 0.96593
vn -0.25882 0.00000 0.96593
vn 0.21912 0.00000 0.97570
vn -0.25882 0.00000 0.96593
vn -0.32144 0.00000 0.94693
vn -0.32144 0.00000 0.94693
vn -0.25882 0.00000 0.96593
vn -0.32144 0.00000 0.94693
vn -0.38268 0.00000 0.92388
vn -0.38268 0.00000 0.92388
vn -0.32144 0.00000 0.94693
vn -0.38268 0.00000 0.92388
vn -0.99002 0.00000 0.14095
vn -0.99002 0.00000 0.14095
vn -0.38268 0.00000 0.92388
vn -0.99002 0.00000 0.14095
vn -0.50000 0.00000 0.86603
vn -0.50000 0.00000 0.86603
vn -0.99002 0.00000 0.14095
vn -0.50000 0.00000 0.86603
vn 0.37294 0.00000 0.92786
vn 0.37294 0.00000 0.92786
vn -0.50000 0.00000 0.86603
vn 0.37294 0.00000 0.92786
vn -0.60876 0.00000 0.79335
vn -0.60876 0.00000 0.79335
vn 0.37294 0.00000 0.92786
vn -0.60876 0.00000 0.79335
vn -0.65935 0.00000 0.75184
vn -0.65935 0.00000 0.75184
vn -0.60876 0.00000 0.79335
vn -0.65935 0.00000 0.75184
vn -0.70711 0.00000 0.70711
vn -0.70711 0.00000 0.70711
vn -0.65935 0.00000 0.75184
vn -0.70711 0.00000 0.70711
vn -0.95454 0.00000 0.29808
vn -0.95454 0.00000 0.29808
vn -0.70711 0.00000 0.70711
vn -0.95454 0.00000 0.29808
vn -0.18334 0.00000 0.98305
vn -0.18334 0.00000 0.98305
vn -0.95454 0.00000 0.29808
vn -0.18334 0.00000 0.98305
vn -0.83147 0.00000 0.55557
vn -0.83147 0.00000 0.55557
vn -0.18334 0.00000 0.98305
vn -0.83147 0.00000 0.55557
vn -0.86603 0.00000 0.50000
vn -0.86603 0.00000 0.50000
vn -0.83147 0.00000 0.55557
vn -0.86603 0.00000 0.50000
vn -0.89687 0.00000 0.44229
vn -0.89687 0.00000 0.44229
vn -0.86603 0.00000 0.50000
vn -0.89687 0.00000 0.44229
vn -0.94302 0.00000 -0.33275
vn -0.94302 0.00000 -0.33275
vn -0.89687 0.00000 0.44229
vn -0.94302 0.00000 -0.33275
vn -0.73542 0.00000 0.67761
vn -0.73542 0.00000 0.67761
vn -0.94302 0.00000 -0.33275
vn -0.73542 0.00000 0.67761
vn 0.12483 0.00000 0.99218
vn 0.12483 0.00000 0.99218
vn -0.73542 0.00000 0.67761
vn 0.12483 0.00000 0.99218
vn -0.98079 0.00000 0.19509
vn -0.98079 0.00000 0.19509
vn 0.12483 0.00000 0.99218
vn -0.98079 0.00000 0.19509
vn -0.99144 0.00000 0.13053
vn -0.99144 0.00000 0.13053
vn -0.98079 0.00000 0.19509
vn -0.99144 0.00000 0.13053
vn -0.61708 0.00000 -0.78690
vn -0.61708 0.00000 -0.78690
vn -0.99144 0.00000 0.13053
vn -0.61708 0.00000 -0.78690
vn -1.00000 0.00000 -0.00000
vn -1.00000 0.00000 -0.00000
vn -0.61708 0.00000 -0.78690
vn -1.00000 0.00000 -0.00000
vn -0.61708 0.00000 0.78690
vn -0.61708 0.00000 0.78690
vn -1.00000 0.00000 -0.00000
vn -0.61708 0.00000 0.78690
vn -0.99144 0.00000 -0.13053
vn -0.99144 0.00000 -0.13053
vn -0.61708 0.00000 0.78690
vn -0.99144 0.00000 -0.13053
vn -0.98079 0.00000 -0.19509
vn -0.98079 0.00000 -0.19509
vn -0.99144 0.00000 -0.13053
vn -0.98079 0.00000 -0.19509
vn 0.12483 0.00000 -0.99218
vn 0.12483 0.00000 -0.99218
vn -0.98079 0.00000 -0.19509
vn 0.12483 0.00000 -0.99218
vn -0.73542 0.00000 -0.67761
vn -0.73542 0.00000 -0.67761
vn 0.12483 0.00000 -0.99218
vn -0.73542 0.00000 -0.67761
vn -0.94302 0.00000 0.33275
vn -0.94302 0.00000 0.33275
vn -0.73542 0.00000 -0.67761
vn -0.94302 0.00000 0.33275
vn -0.89687 0.00000 -0.44229
vn -0.89687 0.00000 -0.44229
vn -0.94302 0.00000 0.33275
vn -0.89687 0.00000 -0.44229
vn -0.86603 0.00000 -0.50000
vn -0.86603 0.00000 -0.50000
vn -0.89687 0.00000 -0.44229
vn -0.86603 0.00000 -0.50000
vn -0.83147 0.00000 -0.55557
vn -0.83147 0.00000 -0.55557
vn -0.86603 0.00000 -0.50000
vn -0.83147 0.00000 -0.55557
vn -0.18334 0.00000 -0.98305
vn -0.18334 0.00000 -0.98305
vn -0.83147 0.00000 -0.55557
vn -0.18334 0.00000 -0.98305
vn -0.95454 0.00000 -0.29808
vn -0.95454 0.00000 -0.29808
vn -0.18334 0.00000 -0.98305
vn -0.95454 0.00000 -0.29808
vn -0.79684 0.00000 0.60419
vn -0.79684 0.00000 0.60419
vn -0.95454 0.00000 -0.29808
vn -0.79684 0.00000 0.60419
vn -0.65935 0.00000 -0.75184
vn -0.65935 0.00000 -0.75184
vn -0.79684 0.00000 0.60419
vn -0.65935 0.00000 -0.75184
vn -0.60876 0.00000 -0.79335
vn -0.60876 0.00000 -0.79335
vn -0.65935 0.00000 -0.75184
vn -0.60876 0.00000 -0.79335
vn 0.37294 0.00000 -0.92786
vn 0.37294 0.00000 -0.92786
vn -0.60876 0.00000 -0.79335
vn 0.37294 0.00000 -0.92786
vn -0.50000 0.00000 -0.86603
vn -0.50000 0.00000 -0.86603
vn 0.37294 0.00000 -0.92786
vn -0.50000 0.00000 -0.86603
vn -0.99002 0.00000 -0.14095
vn -0.99002 0.00000 -0.14095
vn -0.50000 0.00000 -0.86603
vn -0.99002 0.00000 -0.14095
vn -0.38268 0.00000 -0.92388
vn -0.38268 0.00000 -0.92388
vn -0.99002 0.00000 -0.14095
vn -0.38268 0.00000 -0.92388
vn -0.32144 0.00000 -0.94693
vn -0.32144 0.00000 -0.94693
vn -0.38268 0.00000 -0.92388
vn -0.32144 0.00000 -0.94693
vn 0.92167 0.00000 -0.38798
vn 0.92167 0.00000 -0.38798
vn -0.32144 0.00000 -0.94693
vn 0.92167 0.00000 -0.38798
vn 0.21912 0.00000 -0.97570
vn 0.21912 0.00000 -0.97570
vn 0.92167 0.00000 -0.38798
vn 0.21912 0.00000 -0.97570
vn -0.75968 0.00000 -0.65030
vn -0.75968 0.00000 -0.65030
vn 0.21912 0.00000 -0.97570
vn -0.75968 0.00000 -0.65030
vn -0.06540 0.00000 -0.99786
vn -0.06540 0.00000 -0.99786
vn -0.75968 0.00000 -0.65030
vn -0.06540 0.00000 -0.99786
vn -0.00000 0.00000 -1.00000
vn -0.00000 0.00000 -1.00000
vn -0.06540 0.00000 -0.99786
vn -0.00000 0.00000 -1.00000
vn 0.06540 0.00000 -0.99786
vn 0.06540 0.00000 -0.99786
vn -0.00000 0.00000 -1.00000
vn 0.06540 0.00000 -0.99786
vn 0.75968 0.00000 -0.65030
vn 0.75968 0.00000 -0.65030
vn 0.06540 0.00000 -0.99786
vn 0.75968 0.00000 -0.65030
vn -0.21912 0.00000 -0.97570
vn -0.21912 0.00000 -0.97570
vn 0.75968 0.00000 -0.65030
vn -0.21912 0.00000 -0.97570
vn -0.92167 0.00000 -0.38798
vn -0.92167 0.00000 -0.38798
vn -0.21912 0.00000 -0.97570
vn -0.92167 0.00000 -0.38798
vn 0.32144 0.00000 -0.94693
vn 0.32144 0.00000 -0.94693
vn -0.92167 0.00000 -0.38798
vn 0.32144 0.00000 -0.94693
vn 0.38268 0.00000 -0.92388
vn 0.38268 0.00000 -0.92388
vn 0.32144 0.00000 -0.94693
vn 0.38268 0.00000 -0.92388
vn 0.99002 0.00000 -0.14095
vn 0.99002 0.00000 -0.14095
vn 0.38268 0.00000 -0.92388
vn 0.99002 0.00000 -0.14095
vn 0.50000 0.00000 -0.86603
vn 0.50000 0.00000 -0.86603
vn 0.99002 0.00000 -0.14095
vn 0.50000 0.00000 -0.86603
vn -0.37294 0.00000 -0.92786
vn -0.37294 0.00000 -0.92786
vn 0.50000 0.00000 -0.86603
vn -0.37294 0.00000 -0.92786
vn 0.60876 0.00000 -0.79335
vn 0.60876 0.00000 -0.79335
vn -0.37294 0.00000 -0.92786
vn 0.60876 0.00000 -0.79335
vn 0.65935 0.00000 -0.75184
vn 0.65935 0.00000 -0.75184
vn 0.60876 0.00000 -0.79335
vn 0.65935 0.00000 -0.75184
vn 0.79684 0.00000 0.60419
vn 0.79684 0.00000 0.60419
vn 0.65935 0.00000 -0.75184
vn 0.79684 0.00000 0.60419
vn 0.95454 0.00000 -0.29808
vn 0.95454 0.00000 -0.29808
vn 0.79684 0.00000 0.60419
vn 0.95454 0.00000 -0.29808
vn 0.18334 0.00000 -0.98305
vn 0.18334 0.00000 -0.98305
vn 0.95454 0.00000 -0.29808
vn 0.18334 0.00000 -0.98305
vn 0.83147 0.00000 -0.55557
vn 0.83147 0.00000 -0.55557
vn 0.18334 0.00000 -0.98305
vn 0.83147 0.00000 -0.55557
vn 0.86603 0.00000 -0.50000
vn 0.86603 0.00000 -0.50000
vn 0.83147 0.00000 -0.55557
vn 0.86603 0.00000 -0.50000
vn 0.89687 0.00000 -0.44229
vn 0.89687 0.00000 -0.44229
vn 0.86603 0.00000 -0.50000
vn 0.89687 0.00000 -0.44229
vn 0.94302 0.00000 0.33275
vn 0.94302 0.00000 0.33275
vn 0.89687 0.00000 -0.44229
vn 0.94302 0.00000 0.33275
vn 0.73542 0.00000 -0.67761
vn 0.73542 0.00000 -0.67761
vn 0.94302 0.00000 0.33275
vn 0.73542 0.00000 -0.67761
vn -0.12483 0.00000 -0.99218
vn -0.12483 0.00000 -0.99218
vn 0.73542 0.00000 -0.67761
vn -0.12483 0.00000 -0.99218
vn 0.98079 0.00000 -0.19509
vn 0.98079 0.00000 -0.19509
vn -0.12483 0.00000 -0.99218
vn 0.98079 0.00000 -0.19509
vn 0.99144 0.00000 -0.13053
vn 0.99144 0.00000 -0.13053
vn 0.98079 0.00000 -0.19509
vn 0.99144 0.00000 -0.13053
vn 0.61708 0.00000 0.78690
vn 0.61708 0.00000 0.78690
vn 0.99144 0.00000 -0.13053
vn 0.61708 0.00000 0.78690
vn 1.00000 0.00000 -0.00000
vn 1.00000 0.00000 -0.00000
vn 0.61708 0.00000 0.78690
vn 0.76822 -0.64018 0.00000
vn 0.75346 -0.64018 0.14987
vn 0.75346 -0.64018 0.14987
vn 0.76822 -0.64018 0.00000
vn 0.75346 -0.64018 0.14987
vn 0.70974 -0.64018 0.29399
vn 0.70974 -0.64018 0.29399
vn 0.75346 -0.64018 0.14987
vn 0.70974 -0.64018 0.29399
vn 0.63875 -0.64018 0.42680
vn 0.63875 -0.64018 0.42680
vn 0.70974 -0.64018 0.29399
vn 0.63875 -0.64018 0.42680
vn 0.54321 -0.64018 0.54321
vn 0.54321 -0.64018 0.54321
vn 0.63875 -0.64018 0.42680
vn 0.54321 -0.64018 0.54321
vn 0.42680 -0.64018 0.63875
vn 0.42680 -0.64018 0.63875
vn 0.54321 -0.64018 0.54321
vn 0.42680 -0.64018 0.63875
vn 0.29399 -0.64018 0.70974
vn 0.29399 -0.64018 0.70974
vn 0.42680 -0.64018 0.63875
vn 0.29399 -0.64018 0.70974
vn 0.14987 -0.64018 0.75346
vn 0.14987 -0.64018 0.75346
vn 0.29399 -0.64018 0.70974
vn 0.14987 -0.64018 0.75346
vn 0.00000 -0.64018 0.76822
vn 0.00000 -0.64018 0.76822
vn 0.14987 -0.64018 0.75346
vn 0.00000 -0.64018 0.76822
vn -0.14987 -0.64018 0.75346
vn -0.14987 -0.64018 0.75346
vn 0.00000 -0.64018 0.76822
vn -0.14987 -0.64018 0.75346
vn -0.29399 -0.64018 0.70974
vn -0.29399 -0.64018 0.70974
vn -0.14987 -0.64018 0.75346
vn -0.29399 -0.64018 0.70974
vn -0.42680 -0.64018 0.63875
vn -0.42680 -0.64018 0.63875
vn -0.29399 -0.64018 0.70974
vn -0.42680 -0.64018 0.63875
vn -0.54321 -0.64018 0.54321
vn -0.54321 -0.64018 0.54321
vn -0.42680 -0.64018 0.63875
vn -0.54321 -0.64018 0.54321
vn -0.63875 -0.64018 0.42680
vn -0.63875 -0.64018 0.42680
vn -0.54321 -0.64018 0.54321
vn -0.63875 -0.64018 0.42680
vn -0.70974 -0.64018 0.29399
vn -0.70974 -0.64018 0.29399
vn -0.63875 -0.64018 0.42680
vn -0.70974 -0.64018 0.29399
vn -0.75346 -0.64018 0.14987
vn -0.75346 -0.64018 0.14987
vn -0.70974 -0.64018 0.29399
vn -0.75346 -0.64018 0.14987
vn -0.76822 -0.64018 0.00000
vn -0.76822 -0.64018 0.00000
vn -0.75346 -0.64018 0.14987
vn -0.76822 -0.64018 0.00000
vn -0.75346 -0.64018 -0.14987
vn -0.75346 -0.64018 -0.14987
vn -0.76822 -0.64018 0.00000
vn -0.75346 -0.64018 -0.14987
vn -0.70974 -0.64018 -0.29399
vn -0.70974 -0.64018 -0.29399
vn -0.75346 -0.64018 -0.14987
vn -0.70974 -0.64018 -0.29399
vn -0.63875 -0.64018 -0.42680
vn -0.63875 -0.64018 -0.42680
vn -0.70974 -0.64018 -0.29399
vn -0.63875 -0.64018 -0.42680
vn -0.54321 -0.64018 -0.54321
vn -0.54321 -0.64018 -0.54321
vn -0.63875 -0.64018 -0.42680
vn -0.54321 -0.64018 -0.54321
vn -0.42680 -0.64018 -0.63875
vn -0.42680 -0.64018 -0.63875
vn -0.54321 -0.64018 -0.54321
vn -0.42680 -0.64018 -0.63875
vn -0.29399 -0.64018 -0.70974
vn -0.29399 -0.64018 -0.70974
vn -0.42680 -0.64018 -0.63875
vn -0.29399 -0.64018 -0.70974
vn -0.14987 -0.64018 -0.75346
vn -0.14987 -0.64018 -0.75346
vn -0.29399 -0.64018 -0.70974
vn -0.14987 -0.64018 -0.75346
vn -0.00000 -0.64018 -0.76822
vn -0.00000 -0.64018 -0.76822
vn -0.14987 -0.64018 -0.75346
vn -0.00000 -0.64018 -0.76822
vn 0.14987 -0.64018 -0.75346
vn 0.14987 -0.64018 -0.75346
vn -0.00000 -0.64018 -0.76822
vn 0.14987 -0.64018 -0.75346
vn 0.29399 -0.64018 -0.70974
vn 0.29399 -0.64018 -0.70974
vn 0.14987 -0.64018 -0.75346
vn 0.29399 -0.64018 -0.70974
vn 0.42680 -0.64018 -0.63875
vn 0.42680 -0.64018 -0.63875
vn 0.29399 -0.64018 -0.70974
vn 0.42680 -0.64018 -0.63875
vn 0.54321 -0.64018 -0.54321
vn 0.54321 -0.64018 -0.54321
vn 0.42680 -0.64018 -0.63875
vn 0.54321 -0.64018 -0.54321
vn 0.63875 -0.64018 -0.42680
vn 0.63875 -0.64018 -0.42680
vn 0.54321 -0.64018 -0.54321
vn 0.63875 -0.64018 -0.42680
vn 0.70974 -0.64018 -0.29399
vn 0.70974 -0.64018 -0.29399
vn 0.63875 -0.64018 -0.42680
vn 0.70974 -0.64018 -0.29399
vn 0.75346 -0.64018 -0.14987
vn 0.75346 -0.64018 -0.14987
vn 0.70974 -0.64018 -0.29399
vn 0.75346 -0.64018 -0.14987
vn 0.76822 -0.64018 -0.00000
vn 0.76822 -0.64018 -0.00000
vn 0.75346 -0.64018 -0.14987
vn 1.00000 -0.00000 0.00000
vn 0.98079 -0.00000 0.19509
vn 0.98079 -0.00000 0.19509
vn 1.00000 -0.00000 0.00000
vn 0.98079 -0.00000 0.19509
vn 0.92388 -0.00000 0.38268
vn 0.92388 -0.00000 0.38268
vn 0.98079 -0.00000 0.19509
vn 0.92388 -0.00000 0.38268
vn 0.83147 -0.00000 0.55557
vn 0.83147 -0.00000 0.55557
vn 0.92388 -0.00000 0.38268
vn 0.83147 -0.00000 0.55557
vn 0.70711 -0.00000 0.70711
vn 0.70711 -0.00000 0.70711
vn 0.83147 -0.00000 0.55557
vn 0.70711 -0.00000 0.70711
vn 0.55557 -0.00000 0.83147
vn 0.55557 -0.00000 0.83147
vn 0.70711 -0.00000 0.70711
vn 0.55557 -0.00000 0.83147
vn 0.38268 -0.00000 0.92388
vn 0.38268 -0.00000 0.92388
vn 0.55557 -0.00000 0.83147
vn 0.38268 -0.00000 0.92388
vn 0.19509 -0.00000 0.98079
vn 0.19509 -0.00000 0.98079
vn 0.38268 -0.00000 0.92388
vn 0.19509 -0.00000 0.98079
vn 0.00000 -0.00000 1.00000
vn 0.00000 -0.00000 1.00000
vn 0.19509 -0.00000 0.98079
vn 0.00000 -0.00000 1.00000
vn -0.19509 -0.00000 0.98079
vn -0.19509 -0.00000 0.98079
vn 0.00000 -0.00000 1.00000
vn -0.19509 -0.00000 0.98079
vn -0.38268 -0.00000 0.92388
vn -0.38268 -0.00000 0.92388
vn -0.19509 -0.00000 0.98079
vn -0.38268 -0.00000 0.92388
vn -0.55557 -0.00000 0.83147
vn -0.55557 -0.00000 0.83147
vn -0.38268 -0.00000 0.92388
vn -0.55557 -0.00000 0.83147
vn -0.70711 -0.00000 0.70711
vn -0.70711 -0.00000 0.70711
vn -0.55557 -0.00000 0.83147
vn -0.70711 -0.00000 0.70711
vn -0.83147 -0.00000 0.55557
vn -0.83147 -0.00000 0.55557
vn -0.70711 -0.00000 0.70711
vn -0.83147 -0.00000 0.55557
vn -0.92388 -0.00000 0.38268
vn -0.92388 -0.00000 0.38268
vn -0.83147 -0.00000 0.55557
vn -0.92388 -0.00000 0.38268
vn -0.98079 -0.00000 0.19509
vn -0.98079 -0.00000 0.19509
vn -0.92388 -0.00000 0.38268
vn -0.98079 -0.00000 0.19509
vn -1.00000 -0.00000 0.00000
vn -1.00000 -0.00000 0.00000
vn -0.98079 -0.00000 0.19509
vn -1.00000 -0.00000 0.00000
vn -0.98079 -0.00000 -0.19509
vn -0.98079 -0.00000 -0.19509
vn -1.00000 -0.00000 0.00000
vn -0.98079 -0.00000 -0.19509
vn -0.92388 -0.00000 -0.38268
vn -0.92388 -0.00000 -0.38268
vn -0.98079 -0.00000 -0.19509
vn -0.92388 -0.00000 -0.38268
vn -0.83147 -0.00000 -0.55557
vn -0.83147 -0.00000 -0.55557
vn -0.92388 -0.00000 -0.38268
vn -0.83147 -0.00000 -0.55557
vn -0.70711 -0.00000 -0.70711
vn -0.70711 -0.00000 -0.70711
vn -0.83147 -0.00000 -0.55557
vn -0.70711 -0.00000 -0.70711
vn -0.55557 -0.00000 -0.83147
vn -0.55557 -0.00000 -0.83147
vn -0.70711 -0.00000 -0.70711
vn -0.55557 -0.00000 -0.83147
vn -0.38268 -0.00000 -0.92388
vn -0.38268 -0.00000 -0.92388
vn -0.55557 -0.00000 -0.83147
vn -0.38268 -0.00000 -0.92388
vn -0.19509 -0.00000 -0.98079
vn -0.19509 -0.00000 -0.98079
vn -0.38268 -0.00000 -0.92388
vn -0.19509 -0.00000 -0.98079
vn -0.00000 -0.00000 -1.00000
vn -0.00000 -0.00000 -1.00000
vn -0.19509 -0.00000 -0.98079
vn -0.00000 -0.00000 -1.00000
vn 0.19509 -0.00000 -0.98079
vn 0.19509 -0.00000 -0.98079
vn -0.00000 -0.00000 -1.00000
vn 0.19509 -0.00000 -0.98079
vn 0.38268 -0.00000 -0.92388
vn 0.38268 -0.00000 -0.92388
vn 0.19509 -0.00000 -0.98079
vn 0.38268 -0.00000 -0.92388
vn 0.55557 -0.00000 -0.83147
vn 0.55557 -0.00000 -0.83147
vn 0.38268 -0.00000 -0.92388
vn 0.55557 -0.00000 -0.83147
vn 0.70711 -0.00000 -0.70711
vn 0.70711 -0.00000 -0.70711
vn 0.55557 -0.00000 -0.83147
vn 0.70711 -0.00000 -0.70711
vn 0.83147 -0.00000 -0.55557
vn 0.83147 -0.00000 -0.55557
vn 0.70711 -0.00000 -0.70711
vn 0.83147 -0.00000 -0.55557
vn 0.92388 -0.00000 -0.38268
vn 0.92388 -0.00000 -0.38268
vn 0.83147 -0.00000 -0.55557
vn 0.92388 -0.00000 -0.38268
vn 0.98079 -0.00000 -0.19509
vn 0.98079 -0.00000 -0.19509
vn 0.92388 -0.00000 -0.38268
vn 0.98079 -0.00000 -0.19509
vn 1.00000 -0.00000 -0.00000
vn 1.00000 -0.00000 -0.00000
vn 0.98079 -0.00000 -0.19509
vn 0.76822 0.64018 0.00000
vn 0.75346 0.64018 0.14987
vn 0.75346 0.64018 0.14987
vn 0.76822 0.64018 0.00000
vn 0.75346 0.64018 0.14987
vn 0.70974 0.64018 0.29399
vn 0.70974 0.64018 0.29399
vn 0.75346 0.64018 0.14987
vn 0.70974 0.64018 0.29399
vn 0.63875 0.64018 0.42680
vn 0.63875 0.64018 0.42680
vn 0.70974 0.64018 0.29399
vn 0.63875 0.64018 0.42680
vn 0.54321 0.64018 0.54321
vn 0.54321 0.64018 0.54321
vn 0.63875 0.64018 0.42680
vn 0.54321 0.64018 0.54321
vn 0.42680 0.64018 0.63875
vn 0.42680 0.64018 0.63875
vn 0.54321 0.64018 0.54321
vn 0.42680 0.64018 0.63875
vn 0.29399 0.64018 0.70974
vn 0.29399 0.64018 0.70974
vn 0.42680 0.64018 0.63875
vn 0.29399 0.64018 0.70974
vn 0.14987 0.64018 0.75346
vn 0.14987 0.64018 0.75346
vn 0.29399 0.64018 0.70974
vn 0.14987 0.64018 0.75346
vn 0.00000 0.64018 0.76822
vn 0.00000 0.64018 0.76822
vn 0.14987 0.64018 0.75346
vn 0.00000 0.64018 0.76822
vn -0.14987 0.64018 0.75346
vn -0.14987 0.64018 0.75346
vn 0.00000 0.64018 0.76822
vn -0.14987 0.64018 0.75346
vn -0.29399 0.64018 0.70974
vn -0.29399 0.64018 0.70974
vn -0.14987 0.64018 0.75346
vn -0.29399 0.64018 0.70974
vn -0.42680 0.64018 0.63875
vn -0.42680 0.64018 0.63875
vn -0.29399 0.64018 0.70974
vn -0.42680 0.64018 0.63875
vn -0.54321 0.64018 0.54321
vn -0.54321 0.64018 0.54321
vn -0.42680 0.64018 0.63875
vn -0.54321 0.64018 0.54321
vn -0.63875 0.64018 0.42680
vn -0.63875 0.64018 0.42680
vn -0.54321 0.64018 0.54321
vn -0.63875 0.64018 0.42680
vn -0.70974 0.64018 0.29399
vn -0.70974 0.64018 0.29399
vn -0.63875 0.64018 0.42680
vn -0.70974 0.64018 0.29399
vn -0.75346 0.64018 0.14987
vn -0.75346 0.64018 0.14987
vn -0.70974 0.64018 0.29399
vn -0.75346 0.64018 0.14987
vn -0.76822 0.64018 0.00000
vn -0.76822 0.64018 0.00000
vn -0.75346 0.64018 0.14987
vn -0.76822 0.64018 0.00000
vn -0.75346 0.64018 -0.14987
vn -0.75346 0.64018 -0.14987
vn -0.76822 0.64018 0.00000
vn -0.75346 0.64018 -0.14987
vn -0.70974 0.64018 -0.29399
vn -0.70974 0.64018 -0.29399
vn -0.75346 0.64018 -0.14987
vn -0.70974 0.64018 -0.29399
vn -0.63875 0.64018 -0.42680
vn -0.63875 0.64018 -0.42680
vn -0.70974 0.64018 -0.29399
vn -0.63875 0.64018 -0.42680
vn -0.54321 0.64018 -0.54321
vn -0.54321 0.64018 -0.54321
vn -0.63875 0.64018 -0.42680
vn -0.54321 0.64018 -0.54321
vn -0.42680 0.64018 -0.63875
vn -0.42680 0.64018 -0.63875
vn -0.54321 0.64018 -0.54321
vn -0.42680 0.64018 -0.63875
vn -0.29399 0.64018 -0.70974
vn -0.29399 0.64018 -0.70974
vn -0.42680 0.64018 -0.63875
vn -0.29399 0.64018 -0.70974
vn -0.14987 0.64018 -0.75346
vn -0.14987 0.64018 -0.75346
vn -0.29399 0.64018 -0.70974
vn -0.14987 0.64018 -0.75346
vn -0.00000 0.64018 -0.76822
vn -0.00000 0.64018 -0.76822
vn -0.14987 0.64018 -0.75346
vn -0.00000 0.64018 -0.76822
vn 0.14987 0.64018 -0.75346
vn 0.14987 0.64018 -0.75346
vn -0.00000 0.64018 -0.76822
vn 0.14987 0.64018 -0.75346
vn 0.29399 0.64018 -0.70974
vn 0.29399 0.64018 -0.70974
vn 0.14987 0.64018 -0.75346
vn 0.29399 0.64018 -0.70974
vn 0.42680 0.64018 -0.63875
vn 0.42680 0.64018 -0.63875
vn 0.29399 0.64018 -0.70974
vn 0.42680 0.64018 -0.63875
vn 0.54321 0.64018 -0.54321
vn 0.54321 0.64018 -0.54321
vn 0.42680 0.64018 -0.63875
vn 0.54321 0.64018 -0.54321
vn 0.63875 0.64018 -0.42680
vn 0.63875 0.64018 -0.42680
vn 0.54321 0.64018 -0.54321
vn 0.63875 0.64018 -0.42680
vn 0.70974 0.64018 -0.29399
vn 0.70974 0.64018 -0.29399
vn 0.63875 0.64018 -0.42680
vn 0.70974 0.64018 -0.29399
vn 0.75346 0.64018 -0.14987
vn 0.75346 0.64018 -0.14987
vn 0.70974 0.64018 -0.29399
vn 0.75346 0.64018 -0.14987
vn 0.76822 0.64018 -0.00000
vn 0.76822 0.64018 -0.00000
vn 0.75346 0.64018 -0.14987
vn 0.93405 -0.35714 0.00000
vn 0.91610 -0.35714 0.18222
vn 0.91610 -0.35714 0.18222
vn 0.93405 -0.35714 0.00000
vn 0.91610 -0.35714 0.18222
vn 0.86295 -0.35714 0.35745
vn 0.86295 -0.35714 0.35745
vn 0.91610 -0.35714 0.18222
vn 0.86295 -0.35714 0.35745
vn 0.77664 -0.35714 0.51893
vn 0.77664 -0.35714 0.51893
vn 0.86295 -0.35714 0.35745
vn 0.77664 -0.35714 0.51893
vn 0.66047 -0.35714 0.66047
vn 0.66047 -0.35714 0.66047
vn 0.77664 -0.35714 0.51893
vn 0.66047 -0.35714 0.66047
vn 0.51893 -0.35714 0.77664
vn 0.51893 -0.35714 0.77664
vn 0.66047 -0.35714 0.66047
vn 0.51893 -0.35714 0.77664
vn 0.35745 -0.35714 0.86295
vn 0.35745 -0.35714 0.86295
vn 0.51893 -0.35714 0.77664
vn 0.35745 -0.35714 0.86295
vn 0.18222 -0.35714 0.91610
vn 0.18222 -0.35714 0.91610
vn 0.35745 -0.35714 0.86295
vn 0.18222 -0.35714 0.91610
vn 0.00000 -0.35714 0.93405
vn 0.00000 -0.35714 0.93405
vn 0.18222 -0.35714 0.91610
vn 0.00000 -0.35714 0.93405
vn -0.18222 -0.35714 0.91610
vn -0.18222 -0.35714 0.91610
vn 0.00000 -0.35714 0.93405
vn -0.18222 -0.35714 0.91610
vn -0.35745 -0.35714 0.86295
vn -0.35745 -0.35714 0.86295
vn -0.18222 -0.35714 0.91610
vn -0.35745 -0.35714 0.86295
vn -0.51893 -0.35714 0.77664
vn -0.51893 -0.35714 0.77664
vn -0.35745 -0.35714 0.86295
vn -0.51893 -0.35714 0.77664
vn -0.66047 -0.35714 0.66047
vn -0.66047 -0.35714 0.66047
vn -0.51893 -0.35714 0.77664
vn -0.66047 -0.35714 0.66047
vn -0.77664 -0.35714 0.51893
vn -0.77664 -0.35714 0.51893
vn -0.66047 -0.35714 0.66047
vn -0.77664 -0.35714 0.51893
vn -0.86295 -0.35714 0.35745
vn -0.86295 -0.35714 0.35745
vn -0.77664 -0.35714 0.51893
vn -0.86295 -0.35714 0.35745
vn -0.91610 -0.35714 0.18222
vn -0.91610 -0.35714 0.18222
vn -0.86295 -0.35714 0.35745
vn -0.91610 -0.35714 0.18222
vn -0.93405 -0.35714 0.00000
vn -0.93405 -0.35714 0.00000
vn -0.91610 -0.35714 0.18222
vn -0.93405 -0.35714 0.00000
vn -0.91610 -0.35714 -0.18222
vn -0.91610 -0.35714 -0.18222
vn -0.93405 -0.35714 0.00000
vn -0.91610 -0.35714 -0.18222
vn -0.86295 -0.35714 -0.35745
vn -0.86295 -0.35714 -0.35745
vn -0.91610 -0.35714 -0.18222
vn -0.86295 -0.35714 -0.35745
vn -0.77664 -0.35714 -0.51893
vn -0.77664 -0.35714 -0.51893
vn -0.86295 -0.35714 -0.35745
vn -0.77664 -0.35714 -0.51893
vn -0.66047 -0.35714 -0.66047
vn -0.66047 -0.35714 -0.66047
vn -0.77664 -0.35714 -0.51893
vn -0.66047 -0.35714 -0.66047
vn -0.51893 -0.35714 -0.77664
vn -0.51893 -0.35714 -0.77664
vn -0.66047 -0.35714 -0.66047
vn -0.51893 -0.35714 -0.77664
vn -0.35745 -0.35714 -0.86295
vn -0.35745 -0.35714 -0.86295
vn -0.51893 -0.35714 -0.77664
vn -0.35745 -0.35714 -0.86295
vn -0.18222 -0.35714 -0.91610
vn -0.18222 -0.35714 -0.91610
vn -0.35745 -0.35714 -0.86295
vn -0.18222 -0.35714 -0.91610
vn -0.00000 -0.35714 -0.93405
vn -0.00000 -0.35714 -0.93405
vn -0.18222 -0.35714 -0.91610
vn -0.00000 -0.35714 -0.93405
vn 0.18222 -0.35714 -0.91610
vn 0.18222 -0.35714 -0.91610
vn -0.00000 -0.35714 -0.93405
vn 0.18222 -0.35714 -0.91610
vn 0.35745 -0.35714 -0.86295
vn 0.35745 -0.35714 -0.86295
vn 0.18222 -0.35714 -0.91610
vn 0.35745 -0.35714 -0.86295
vn 0.51893 -0.35714 -0.77664
vn 0.51893 -0.35714 -0.77664
vn 0.35745 -0.35714 -0.86295
vn 0.51893 -0.35714 -0.77664
vn 0.66047 -0.35714 -0.66047
vn 0.66047 -0.35714 -0.66047
vn 0.51893 -0.35714 -0.77664
vn 0.66047 -0.35714 -0.66047
vn 0.77664 -0.35714 -0.51893
vn 0.77664 -0.35714 -0.51893
vn 0.66047 -0.35714 -0.66047
vn 0.77664 -0.35714 -0.51893
vn 0.86295 -0.35714 -0.35745
vn 0.86295 -0.35714 -0.35745
vn 0.77664 -0.35714 -0.51893
vn 0.86295 -0.35714 -0.35745
vn 0.91610 -0.35714 -0.18222
vn 0.91610 -0.35714 -0.18222
vn 0.86295 -0.35714 -0.35745
vn 0.91610 -0.35714 -0.18222
vn 0.93405 -0.35714 -0.00000
vn 0.93405 -0.35714 -0.00000
vn 0.91610 -0.35714 -0.18222
vn 0.94868 -0.31623 0.00000
vn 0.93045 -0.31623 0.18508
vn 0.93045 -0.31623 0.18508
vn 0.94868 -0.31623 0.00000
vn 0.93045 -0.31623 0.18508
vn 0.87647 -0.31623 0.36305
vn 0.87647 -0.31623 0.36305
vn 0.93045 -0.31623 0.18508
vn 0.87647 -0.31623 0.36305
vn 0.78880 -0.31623 0.52706
vn 0.78880 -0.31623 0.52706
vn 0.87647 -0.31623 0.36305
vn 0.78880 -0.31623 0.52706
vn 0.67082 -0.31623 0.67082
vn 0.67082 -0.31623 0.67082
vn 0.78880 -0.31623 0.52706
vn 0.67082 -0.31623 0.67082
vn 0.52706 -0.31623 0.78880
vn 0.52706 -0.31623 0.78880
vn 0.67082 -0.31623 0.67082
vn 0.52706 -0.31623 0.78880
vn 0.36305 -0.31623 0.87647
vn 0.36305 -0.31623 0.87647
vn 0.52706 -0.31623 0.78880
vn 0.36305 -0.31623 0.87647
vn 0.18508 -0.31623 0.93045
vn 0.18508 -0.31623 0.93045
vn 0.36305 -0.31623 0.87647
vn 0.18508 -0.31623 0.93045
vn 0.00000 -0.31623 0.94868
vn 0.00000 -0.31623 0.94868
vn 0.18508 -0.31623 0.93045
vn 0.00000 -0.31623 0.94868
vn -0.18508 -0.31623 0.93045
vn -0.18508 -0.31623 0.93045
vn 0.00000 -0.31623 0.94868
vn -0.18508 -0.31623 0.93045
vn -0.36305 -0.31623 0.87647
vn -0.36305 -0.31623 0.87647
vn -0.18508 -0.31623 0.93045
vn -0.36305 -0.31623 0.87647
vn -0.52706 -0.31623 0.78880
vn -0.52706 -0.31623 0.78880
vn -0.36305 -0.31623 0.87647
vn -0.52706 -0.31623 0.78880
vn -0.67082 -0.31623 0.67082
vn -0.67082 -0.31623 0.67082
vn -0.52706 -0.31623 0.78880
vn -0.67082 -0.31623 0.67082
vn -0.78880 -0.31623 0.52706
vn -0.78880 -0.31623 0.52706
vn -0.67082 -0.31623 0.67082
vn -0.78880 -0.31623 0.52706
vn -0.87647 -0.31623 0.36305
vn -0.87647 -0.31623 0.36305
vn -0.78880 -0.31623 0.52706
vn -0.87647 -0.31623 0.36305
vn -0.93045 -0.31623 0.18508
vn -0.93045 -0.31623 0.18508
vn -0.87647 -0.31623 0.36305
vn -0.93045 -0.31623 0.18508
vn -0.94868 -0.31623 0.00000
vn -0.94868 -0.31623 0.00000
vn -0.93045 -0.31623 0.18508
vn -0.94868 -0.31623 0.00000
vn -0.93045 -0.31623 -0.18508
vn -0.93045 -0.31623 -0.18508
vn -0.94868 -0.31623 0.00000
vn -0.93045 -0.31623 -0.18508
vn -0.87647 -0.31623 -0.36305
vn -0.87647 -0.31623 -0.36305
vn -0.93045 -0.31623 -0.18508
vn -0.87647 -0.31623 -0.36305
vn -0.78880 -0.31623 -0.52706
vn -0.78880 -0.31623 -0.52706
vn -0.87647 -0.31623 -0.36305
vn -0.78880 -0.31623 -0.52706
vn -0.67082 -0.31623 -0.67082
vn -0.67082 -0.31623 -0.67082
vn -0.78880 -0.31623 -0.52706
vn -0.67082 -0.31623 -0.67082
vn -0.52706 -0.31623 -0.78880
vn -0.52706 -0.31623 -0.78880
vn -0.67082 -0.31623 -0.67082
vn -0.52706 -0.31623 -0.78880
vn -0.36305 -0.31623 -0.87647
vn -0.36305 -0.31623 -0.87647
vn -0.52706 -0.31623 -0.78880
vn -0.36305 -0.31623 -0.87647
vn -0.18508 -0.31623 -0.93045
vn -0.18508 -0.31623 -0.93045
vn -0.36305 -0.31623 -0.87647
vn -0.18508 -0.31623 -0.93045
vn -0.00000 -0.31623 -0.94868
vn -0.00000 -0.31623 -0.94868
vn -0.18508 -0.31623 -0.93045
vn -0.00000 -0.31623 -0.94868
vn 0.18508 -0.31623 -0.93045
vn 0.18508 -0.31623 -0.93045
vn -0.00000 -0.31623 -0.94868
vn 0.18508 -0.31623 -0.93045
vn 0.36305 -0.31623 -0.87647
vn 0.36305 -0.31623 -0.87647
vn 0.18508 -0.31623 -0.93045
vn 0.36305 -0.31623 -0.87647
vn 0.52706 -0.31623 -0.78880
vn 0.52706 -0.31623 -0.78880
vn 0.36305 -0.31623 -0.87647
vn 0.52706 -0.31623 -0.78880
vn 0.67082 -0.31623 -0.67082
vn 0.67082 -0.31623 -0.67082
vn 0.52706 -0.31623 -0.78880
vn 0.67082 -0.31623 -0.67082
vn 0.78880 -0.31623 -0.52706
vn 0.78880 -0.31623 -0.52706
vn 0.67082 -0.31623 -0.67082
vn 0.78880 -0.31623 -0.52706
vn 0.87647 -0.31623 -0.36305
vn 0.87647 -0.31623 -0.36305
vn 0.78880 -0.31623 -0.52706
vn 0.87647 -0.31623 -0.36305
vn 0.93045 -0.31623 -0.18508
vn 0.93045 -0.31623 -0.18508
vn 0.87647 -0.31623 -0.36305
vn 0.93045 -0.31623 -0.18508
vn 0.94868 -0.31623 -0.00000
vn 0.94868 -0.31623 -0.00000
vn 0.93045 -0.31623 -0.18508
vn 0.85749 -0.51450 0.00000
vn 0.84102 -0.51450 0.16729
vn 0.84102 -0.51450 0.16729
vn 0.85749 -0.51450 0.00000
vn 0.84102 -0.51450 0.16729
vn 0.79222 -0.51450 0.32815
vn 0.79222 -0.51450 0.32815
vn 0.84102 -0.51450 0.16729
vn 0.79222 -0.51450 0.32815
vn 0.71298 -0.51450 0.47640
vn 0.71298 -0.51450 0.47640
vn 0.79222 -0.51450 0.32815
vn 0.71298 -0.51450 0.47640
vn 0.60634 -0.51450 0.60634
vn 0.60634 -0.51450 0.60634
vn 0.71298 -0.51450 0.47640
vn 0.60634 -0.51450 0.60634
vn 0.47640 -0.51450 0.71298
vn 0.47640 -0.51450 0.71298
vn 0.60634 -0.51450 0.60634
vn 0.47640 -0.51450 0.71298
vn 0.32815 -0.51450 0.79222
vn 0.32815 -0.51450 0.79222
vn 0.47640 -0.51450 0.71298
vn 0.32815 -0.51450 0.79222
vn 0.16729 -0.51450 0.84102
vn 0.16729 -0.51450 0.84102
vn 0.32815 -0.51450 0.79222
vn 0.16729 -0.51450 0.84102
vn 0.00000 -0.51450 0.85749
vn 0.00000 -0.51450 0.85749
vn 0.16729 -0.51450 0.84102
vn 0.00000 -0.51450 0.85749
vn -0.16729 -0.51450 0.84102
vn -0.16729 -0.51450 0.84102
vn 0.00000 -0.51450 0.85749
vn -0.16729 -0.51450 0.84102
vn -0.32815 -0.51450 0.79222
vn -0.32815 -0.51450 0.79222
vn -0.16729 -0.51450 0.84102
vn -0.32815 -0.51450 0.79222
vn -0.47640 -0.51450 0.71298
vn -0.47640 -0.51450 0.71298
vn -0.32815 -0.51450 0.79222
vn -0.47640 -0.51450 0.71298
vn -0.60634 -0.51450 0.60634
vn -0.60634 -0.51450 0.60634
vn -0.47640 -0.51450 0.71298
vn -0.60634 -0.51450 0.60634
vn -0.71298 -0.51450 0.47640
vn -0.71298 -0.51450 0.47640
vn -0.60634 -0.51450 0.60634
vn -0.71298 -0.51450 0.47640
vn -0.79222 -0.51450 0.32815
vn -0.79222 -0.51450 0.32815
vn -0.71298 -0.51450 0.47640
vn -0.79222 -0.51450 0.32815
vn -0.84102 -0.51450 0.16729
vn -0.84102 -0.51450 0.16729
vn -0.79222 -0.51450 0.32815
vn -0.84102 -0.51450 0.16729
vn -0.85749 -0.51450 0.00000
vn -0.85749 -0.51450 0.00000
vn -0.84102 -0.51450 0.16729
vn -0.85749 -0.51450 0.00000
vn -0.84102 -0.51450 -0.16729
vn -0.84102 -0.51450 -0.16729
vn -0.85749 -0.51450 0.00000
vn -0.84102 -0.51450 -0.16729
vn -0.79222 -0.51450 -0.32815
vn -0.79222 -0.51450 -0.32815
vn -0.84102 -0.51450 -0.16729
vn -0.79222 -0.51450 -0.32815
vn -0.71298 -0.51450 -0.47640
vn -0.71298 -0.51450 -0.47640
vn -0.79222 -0.51450 -0.32815
vn -0.71298 -0.51450 -0.47640
vn -0.60634 -0.51450 -0.60634
vn -0.60634 -0.51450 -0.60634
vn -0.71298 -0.51450 -0.47640
vn -0.60634 -0.51450 -0.60634
vn -0.47640 -0.51450 -0.71298
vn -0.47640 -0.51450 -0.71298
vn -0.60634 -0.51450 -0.60634
vn -0.47640 -0.51450 -0.71298
vn -0.32815 -0.51450 -0.79222
vn -0.32815 -0.51450 -0.79222
vn -0.47640 -0.51450 -0.71298
vn -0.32815 -0.51450 -0.79222
vn -0.16729 -0.51450 -0.84102
vn -0.16729 -0.51450 -0.84102
vn -0.32815 -0.51450 -0.79222
vn -0.16729 -0.51450 -0.84102
vn -0.00000 -0.51450 -0.85749
vn -0.00000 -0.51450 -0.85749
vn -0.16729 -0.51450 -0.84102
vn -0.00000 -0.51450 -0.85749
vn 0.16729 -0.51450 -0.84102
vn 0.16729 -0.51450 -0.84102
vn -0.00000 -0.51450 -0.85749
vn 0.16729 -0.51450 -0.84102
vn 0.32815 -0.51450 -0.79222
vn 0.32815 -0.51450 -0.79222
vn 0.16729 -0.51450 -0.84102
vn 0.32815 -0.51450 -0.79222
vn 0.47640 -0.51450 -0.71298
vn 0.47640 -0.51450 -0.71298
vn 0.32815 -0.51450 -0.79222
vn 0.47640 -0.51450 -0.71298
vn 0.60634 -0.51450 -0.60634
vn 0.60634 -0.51450 -0.60634
vn 0.47640 -0.51450 -0.71298
vn 0.60634 -0.51450 -0.60634
vn 0.71298 -0.51450 -0.47640
vn 0.71298 -0.51450 -0.47640
vn 0.60634 -0.51450 -0.60634
vn 0.71298 -0.51450 -0.47640
vn 0.79222 -0.51450 -0.32815
vn 0.79222 -0.51450 -0.32815
vn 0.71298 -0.51450 -0.47640
vn 0.79222 -0.51450 -0.32815
vn 0.84102 -0.51450 -0.16729
vn 0.84102 -0.51450 -0.16729
vn 0.79222 -0.51450 -0.32815
vn 0.84102 -0.51450 -0.16729
vn 0.85749 -0.51450 -0.00000
vn 0.85749 -0.51450 -0.00000
vn 0.84102 -0.51450 -0.16729
vn 0.97014 -0.24254 0.00000
vn 0.95150 -0.24254 0.18927
vn 0.95150 -0.24254 0.18927
vn 0.97014 -0.24254 0.00000
vn 0.95150 -0.24254 0.18927
vn 0.89629 -0.24254 0.37126
vn 0.89629 -0.24254 0.37126
vn 0.95150 -0.24254 0.18927
vn 0.89629 -0.24254 0.37126
vn 0.80664 -0.24254 0.53898
vn 0.80664 -0.24254 0.53898
vn 0.89629 -0.24254 0.37126
vn 0.80664 -0.24254 0.53898
vn 0.68599 -0.24254 0.68599
vn 0.68599 -0.24254 0.68599
vn 0.80664 -0.24254 0.53898
vn 0.68599 -0.24254 0.68599
vn 0.53898 -0.24254 0.80664
vn 0.53898 -0.24254 0.80664
vn 0.68599 -0.24254 0.68599
vn 0.53898 -0.24254 0.80664
vn 0.37126 -0.24254 0.89629
vn 0.37126 -0.24254 0.89629
vn 0.53898 -0.24254 0.80664
vn 0.37126 -0.24254 0.89629
vn 0.18927 -0.24254 0.95150
vn 0.18927 -0.24254 0.95150
vn 0.37126 -0.24254 0.89629
vn 0.18927 -0.24254 0.95150
vn 0.00000 -0.24254 0.97014
vn 0.00000 -0.24254 0.97014
vn 0.18927 -0.24254 0.95150
vn 0.00000 -0.24254 0.97014
vn -0.18927 -0.24254 0.95150
vn -0.18927 -0.24254 0.95150
vn 0.00000 -0.24254 0.97014
vn -0.18927 -0.24254 0.95150
vn -0.37126 -0.24254 0.89629
vn -0.37126 -0.24254 0.89629
vn -0.18927 -0.24254 0.95150
vn -0.37126 -0.24254 0.89629
vn -0.53898 -0.24254 0.80664
vn -0.53898 -0.24254 0.80664
vn -0.37126 -0.24254 0.89629
vn -0.53898 -0.24254 0.80664
vn -0.68599 -0.24254 0.68599
vn -0.68599 -0.24254 0.68599
vn -0.53898 -0.24254 0.80664
vn -0.68599 -0.24254 0.68599
vn -0.80664 -0.24254 0.53898
vn -0.80664 -0.24254 0.53898
vn -0.68599 -0.24254 0.68599
vn -0.80664 -0.24254 0.53898
vn -0.89629 -0.24254 0.37126
vn -0.89629 -0.24254 0.37126
vn -0.80664 -0.24254 0.53898
vn -0.89629 -0.24254 0.37126
vn -0.95150 -0.24254 0.18927
vn -0.95150 -0.24254 0.18927
vn -0.89629 -0.24254 0.37126
vn -0.95150 -0.24254 0.18927
vn -0.97014 -0.24254 0.00000
vn -0.97014 -0.24254 0.00000
vn -0.95150 -0.24254 0.18927
vn -0.97014 -0.24254 0.00000
vn -0.95150 -0.24254 -0.18927
vn -0.95150 -0.24254 -0.18927
vn -0.97014 -0.24254 0.00000
vn -0.95150 -0.24254 -0.18927
vn -0.89629 -0.24254 -0.37126
vn -0.89629 -0.24254 -0.37126
vn -0.95150 -0.24254 -0.18927
vn -0.89629 -0.24254 -0.37126
vn -0.80664 -0.24254 -0.53898
vn -0.80664 -0.24254 -0.53898
vn -0.89629 -0.24254 -0.37126
vn -0.80664 -0.24254 -0.53898
vn -0.68599 -0.24254 -0.68599
vn -0.68599 -0.24254 -0.68599
vn -0.80664 -0.24254 -0.53898
vn -0.68599 -0.24254 -0.68599
vn -0.53898 -0.24254 -0.80664
vn -0.53898 -0.24254 -0.80664
vn -0.68599 -0.24254 -0.68599
vn -0.53898 -0.24254 -0.80664
vn -0.37126 -0.24254 -0.89629
vn -0.37126 -0.24254 -0.89629
vn -0.53898 -0.24254 -0.80664
vn -0.37126 -0.24254 -0.89629
vn -0.18927 -0.24254 -0.95150
vn -0.18927 -0.24254 -0.95150
vn -0.37126 -0.24254 -0.89629
vn -0.18927 -0.24254 -0.95150
vn -0.00000 -0.24254 -0.97014
vn -0.00000 -0.24254 -0.97014
vn -0.18927 -0.24254 -0.95150
vn -0.00000 -0.24254 -0.97014
vn 0.18927 -0.24254 -0.95150
vn 0.18927 -0.24254 -0.95150
vn -0.00000 -0.24254 -0.97014
vn 0.18927 -0.24254 -0.95150
vn 0.37126 -0.24254 -0.89629
vn 0.37126 -0.24254 -0.89629
vn 0.18927 -0.24254 -0.95150
vn 0.37126 -0.24254 -0.89629
vn 0.53898 -0.24254 -0.80664
vn 0.53898 -0.24254 -0.80664
vn 0.37126 -0.24254 -0.89629
vn 0.53898 -0.24254 -0.80664
vn 0.68599 -0.24254 -0.68599
vn 0.68599 -0.24254 -0.68599
vn 0.53898 -0.24254 -0.80664
vn 0.68599 -0.24254 -0.68599
vn 0.80664 -0.24254 -0.53898
vn 0.80664 -0.24254 -0.53898
vn 0.68599 -0.24254 -0.68599
vn 0.80664 -0.24254 -0.53898
vn 0.89629 -0.24254 -0.37126
vn 0.89629 -0.24254 -0.37126
vn 0.80664 -0.24254 -0.53898
vn 0.89629 -0.24254 -0.37126
vn 0.95150 -0.24254 -0.18927
vn 0.95150 -0.24254 -0.18927
vn 0.89629 -0.24254 -0.37126
vn 0.95150 -0.24254 -0.18927
vn 0.97014 -0.24254 -0.00000
vn 0.97014 -0.24254 -0.00000
vn 0.95150 -0.24254 -0.18927
vn 1.00000 0.00000 0.00000
vn -1.00000 0.00000 0.00000
vn 0.00000 1.00000 0.00000
vn 0.00000 -1.00000 0.00000
vn 0.00000 0.00000 1.00000
vn 0.00000 0.00000 -1.00000
vn 1.00000 0.00000 0.00000
vn -1.00000 0.00000 0.00000
vn 0.00000 1.00000 0.00000
vn 0.00000 -1.00000 0.00000
vn 0.00000 0.00000 1.00000
vn 0.00000 0.00000 -1.00000
vn 0.00000 0.00000 1.00000
vn 0.58779 0.00000 0.80902
vn 0.58779 0.00000 0.80902
vn 0.00000 0.00000 1.00000
vn 0.58779 0.00000 0.80902
vn 0.95106 0.00000 0.30902
vn 0.95106 0.00000 0.30902
vn 0.58779 0.00000 0.80902
vn 0.95106 0.00000 0.30902
vn 0.95106 0.00000 -0.30902
vn 0.95106 0.00000 -0.30902
vn 0.95106 0.00000 0.30902
vn 0.95106 0.00000 -0.30902
vn 0.58779 0.00000 -0.80902
vn 0.58779 0.00000 -0.80902
vn 0.95106 0.00000 -0.30902
vn 0.58779 0.00000 -0.80902
vn 0.00000 0.00000 -1.00000
vn 0.00000 0.00000 -1.00000
vn 0.58779 0.00000 -0.80902
vn 0.00000 0.00000 -1.00000
vn -0.58779 -0.00000 -0.80902
vn -0.58779 -0.00000 -0.80902
vn 0.00000 0.00000 -1.00000
vn -0.58779 -0.00000 -0.80902
vn -0.95106 -0.00000 -0.30902
vn -0.95106 -0.00000 -0.30902
vn -0.58779 -0.00000 -0.80902
vn -0.95106 -0.00000 -0.30902
vn -0.95106 0.00000 0.30902
vn -0.95106 0.00000 0.30902
vn -0.95106 -0.00000 -0.30902
vn -0.95106 0.00000 0.30902
vn -0.58779 0.00000 0.80902
vn -0.58779 0.00000 0.80902
vn -0.95106 0.00000 0.30902
vn -0.58779 0.00000 0.80902
vn 0.00000 0.00000 1.00000
vn 0.00000 0.00000 1.00000
vn -0.58779 0.00000 0.80902
vn -0.00000 -1.00000 -0.00000
vn 0.00000 1.00000 0.00000
vn 1.00000 0.00000 0.00000
vn -1.00000 0.00000 0.00000
vn 0.00000 1.00000 0.00000
vn 0.00000 -1.00000 0.00000
vn 0.00000 0.00000 1.00000
vn 0.00000 0.00000 -1.00000
vn 1.00000 0.00000 0.00000
vn -1.00000 0.00000 0.00000
vn 0.00000 1.00000 0.00000
vn 0.00000 -1.00000 0.00000
vn 0.00000 0.00000 1.00000
vn 0.00000 0.00000 -1.00000
vn 1.00000 0.00000 0.00000
vn -1.00000 0.00000 0.00000
vn 0.00000 1.00000 0.00000
vn 0.00000 -1.00000 0.00000
vn 0.00000 0.00000 1.00000
vn 0.00000 0.00000 -1.00000
usemtl granite
f 1/1/1 2/2/1 3/3/1 4/4/1
f 5/5/2 6/6/2 7/7/2 8/8/2
f 9/9/3 10/10/3 11/11/3 12/12/3
f 13/13/4 14/14/4 15/15/4 16/16/4
f 17/17/5 18/18/5 19/19/5 20/20/5
f 21/21/6 22/22/6 23/23/6 24/24/6
f 25/25/7 26/26/7 27/27/7 28/28/7
f 29/29/8 30/30/8 31/31/8 32/32/8
f 33/33/9 34/34/9 35/35/9 36/36/9
f 37/37/10 38/38/10 39/39/10 40/40/10
f 41/41/11 42/42/11 43/43/11 44/44/11
f 45/45/12 46/46/12 47/47/12 48/48/12
f 1233/1233/1166 1234/1234/1167 1235/1235/1168 1236/1236/1169
f 1237/1237/1170 1238/1238/1171 1239/1239/1172 1240/1240/1173
f 1241/1241/1174 1242/1242/1175 1243/1243/1176 1244/1244/1177
f 1245/1245/1178 1246/1246/1179 1247/1247/1180 1248/1248/1181
f 1249/1249/1182 1250/1250/1183 1251/1251/1184 1252/1252/1185
f 1253/1253/1186 1254/1254/1187 1255/1255/1188 1256/1256/1189
f 1257/1257/1190 1258/1258/1191 1259/1259/1192 1260/1260/1193
f 1261/1261/1194 1262/1262/1195 1263/1263/1196 1264/1264/1197
f 1265/1265/1198 1266/1266/1199 1267/1267/1200 1268/1268/1201
f 1269/1269/1202 1270/1270/1203 1271/1271/1204 1272/1272/1205
f 1273/1273/1206 1274/1274/1207 1275/1275/1208 1276/1276/1209
f 1277/1277/1210 1278/1278/1211 1279/1279/1212 1280/1280/1213
f 1281/1281/1214 1282/1282/1215 1283/1283/1216 1284/1284/1217
f 1285/1285/1218 1286/1286/1219 1287/1287/1220 1288/1288/1221
f 1289/1289/1222 1290/1290/1223 1291/1291/1224 1292/1292/1225
f 1293/1293/1226 1294/1294/1227 1295/1295/1228 1296/1296/1229
f 1297/1297/1230 1298/1298/1231 1299/1299/1232 1300/1300/1233
f 1301/1301/1234 1302/1302/1235 1303/1303/1236 1304/1304/1237
f 1305/1305/1238 1306/1306/1239 1307/1307/1240 1308/1308/1241
f 1309/1309/1242 1310/1310/1243 1311/1311/1244 1312/1312/1245
f 1313/1313/1246 1314/1314/1247 1315/1315/1248 1316/1316/1249
f 1317/1317/1250 1318/1318/1251 1319/1319/1252 1320/1320/1253
f 1321/1321/1254 1322/1322/1255 1323/1323/1256 1324/1324/1257
f 1325/1325/1258 1326/1326/1259 1327/1327/1260 1328/1328/1261
f 1329/1329/1262 1330/1330/1263 1331/1331/1264 1332/1332/1265
f 1333/1333/1266 1334/1334/1267 1335/1335/1268 1336/1336/1269
f 1337/1337/1270 1338/1338/1271 1339/1339/1272 1340/1340/1273
f 1341/1341/1274 1342/1342/1275 1343/1343/1276 1344/1344/1277
f 1345/1345/1278 1346/1346/1279 1347/1347/1280 1348/1348/1281
f 1349/1349/1282 1350/1350/1283 1351/1351/1284 1352/1352/1285
f 1353/1353/1286 1354/1354/1287 1355/1355/1288 1356/1356/1289
f 1357/1357/1290 1358/1358/1291 1359/1359/1292 1360/1360/1293
f 1361/1361/1294 1362/1362/1295 1363/1363/1296 1364/1364/1297
f 1365/1365/1298 1366/1366/1299 1367/1367/1300 1368/1368/1301
f 1369/1369/1302 1370/1370/1303 1371/1371/1304 1372/1372/1305
f 1373/1373/1306 1374/1374/1307 1375/1375/1308 1376/1376/1309
f 1377/1377/1310 1378/1378/1311 1379/1379/1312 1380/1380/1313
f 1381/1381/1314 1382/1382/1315 1383/1383/1316 1384/1384/1317
f 1385/1385/1318 1386/1386/1319 1387/1387/1320 1388/1388/1321
f 1389/1389/1322 1390/1390/1323 1391/1391/1324 1392/1392/1325
f 1393/1393/1326 1394/1394/1327 1395/1395/1328 1396/1396/1329
f 1397/1397/1330 1398/1398/1331 1399/1399/1332 1400/1400/1333
f 1401/1401/1334 1402/1402/1335 1403/1403/1336 1404/1404/1337
f 1405/1405/1338 1406/1406/1339 1407/1407/1340 1408/1408/1341
f 1409/1409/1342 1410/1410/1343 1411/1411/1344 1412/1412/1345
f 1413/1413/1346 1414/1414/1347 1415/1415/1348 1416/1416/1349
f 1417/1417/1350 1418/1418/1351 1419/1419/1352 1420/1420/1353
f 1421/1421/1354 1422/1422/1355 1423/1423/1356 1424/1424/1357
f 1425/1425/1358 1426/1426/1359 1427/1427/1360 1428/1428/1361
f 1429/1429/1362 1430/1430/1363 1431/1431/1364 1432/1432/1365
f 1433/1433/1366 1434/1434/1367 1435/1435/1368 1436/1436/1369
f 1437/1437/1370 1438/1438/1371 1439/1439/1372 1440/1440/1373
f 1441/1441/1374 1442/1442/1375 1443/1443/1376 1444/1444/1377
f 1445/1445/1378 1446/1446/1379 1447/1447/1380 1448/1448/1381
f 1449/1449/1382 1450/1450/1383 1451/1451/1384 1452/1452/1385
f 1453/1453/1386 1454/1454/1387 1455/1455/1388 1456/1456/1389
f 1457/1457/1390 1458/1458/1391 1459/1459/1392 1460/1460/1393
f 1461/1461/1394 1462/1462/1395 1463/1463/1396 1464/1464/1397
f 1465/1465/1398 1466/1466/1399 1467/1467/1400 1468/1468/1401
f 1469/1469/1402 1470/1470/1403 1471/1471/1404 1472/1472/1405
f 1473/1473/1406 1474/1474/1407 1475/1475/1408 1476/1476/1409
f 1477/1477/1410 1478/1478/1411 1479/1479/1412 1480/1480/1413
f 1481/1481/1414 1482/1482/1415 1483/1483/1416 1484/1484/1417
f 1485/1485/1418 1486/1486/1419 1487/1487/1420 1488/1488/1421
f 1489/1489/1422 1490/1490/1423 1491/1491/1424 1492/1492/1425
f 1493/1493/1426 1494/1494/1427 1495/1495/1428 1496/1496/1429
f 1497/1497/1430 1498/1498/1431 1499/1499/1432 1500/1500/1433
f 1501/1501/1434 1502/1502/1435 1503/1503/1436 1504/1504/1437
f 1505/1505/1438 1506/1506/1439 1507/1507/1440 1508/1508/1441
f 1509/1509/1442 1510/1510/1443 1511/1511/1444 1512/1512/1445
f 1513/1513/1446 1514/1514/1447 1515/1515/1448 1516/1516/1449
f 1517/1517/1450 1518/1518/1451 1519/1519/1452 1520/1520/1453
f 1521/1521/1454 1522/1522/1455 1523/1523/1456 1524/1524/1457
f 1525/1525/1458 1526/1526/1459 1527/1527/1460 1528/1528/1461
f 1529/1529/1462 1530/1530/1463 1531/1531/1464 1532/1532/1465
f 1533/1533/1466 1534/1534/1467 1535/1535/1468 1536/1536/1469
f 1537/1537/1470 1538/1538/1471 1539/1539/1472 1540/1540/1473
f 1541/1541/1474 1542/1542/1475 1543/1543/1476 1544/1544/1477
f 1545/1545/1478 1546/1546/1479 1547/1547/1480 1548/1548/1481
f 1549/1549/1482 1550/1550/1483 1551/1551/1484 1552/1552/1485
f 1553/1553/1486 1554/1554/1487 1555/1555/1488 1556/1556/1489
f 1557/1557/1490 1558/1558/1491 1559/1559/1492 1560/1560/1493
f 1561/1561/1494 1562/1562/1495 1563/1563/1496 1564/1564/1497
f 1565/1565/1498 1566/1566/1499 1567/1567/1500 1568/1568/1501
f 1569/1569/1502 1570/1570/1503 1571/1571/1504 1572/1572/1505
f 1573/1573/1506 1574/1574/1507 1575/1575/1508 1576/1576/1509
f 1577/1577/1510 1578/1578/1511 1579/1579/1512 1580/1580/1513
f 1581/1581/1514 1582/1582/1515 1583/1583/1516 1584/1584/1517
f 1585/1585/1518 1586/1586/1519 1587/1587/1520 1588/1588/1521
f 1589/1589/1522 1590/1590/1523 1591/1591/1524 1592/1592/1525
f 1593/1593/1526 1594/1594/1527 1595/1595/1528 1596/1596/1529
f 1597/1597/1530 1598/1598/1531 1599/1599/1532 1600/1600/1533
f 1601/1601/1534 1602/1602/1535 1603/1603/1536 1604/1604/1537
f 1605/1605/1538 1606/1606/1539 1607/1607/1540 1608/1608/1541
f 1609/1609/1542 1610/1610/1543 1611/1611/1544 1612/1612/1545
f 1613/1613/1546 1614/1614/1547 1615/1615/1548 1616/1616/1549
f 1617/1617/1550 1618/1618/1551 1619/1619/1552 1620/1620/1553
f 1621/1621/1554 1622/1622/1555 1623/1623/1556 1624/1624/1557
f 1625/1625/1558 1626/1626/1559 1627/1627/1560 1628/1628/1561
f 1629/1629/1562 1630/1630/1563 1631/1631/1564 1632/1632/1565
f 1633/1633/1566 1634/1634/1567 1635/1635/1568 1636/1636/1569
f 1637/1637/1570 1638/1638/1571 1639/1639/1572 1640/1640/1573
f 1641/1641/1574 1642/1642/1575 1643/1643/1576 1644/1644/1577
f 1645/1645/1578 1646/1646/1579 1647/1647/1580 1648/1648/1581
f 1649/1649/1582 1650/1650/1583 1651/1651/1584 1652/1652/1585
f 1653/1653/1586 1654/1654/1587 1655/1655/1588 1656/1656/1589
f 1657/1657/1590 1658/1658/1591 1659/1659/1592 1660/1660/1593
f 1661/1661/1594 1662/1662/1595 1663/1663/1596 1664/1664/1597
f 1665/1665/1598 1666/1666/1599 1667/1667/1600 1668/1668/1601
f 1669/1669/1602 1670/1670/1603 1671/1671/1604 1672/1672/1605
f 1673/1673/1606 1674/1674/1607 1675/1675/1608 1676/1676/1609
f 1677/1677/1610 1678/1678/1611 1679/1679/1612 1680/1680/1613
f 1681/1681/1614 1682/1682/1615 1683/1683/1616 1684/1684/1617
f 1685/1685/1618 1686/1686/1619 1687/1687/1620 1688/1688/1621
f 1689/1689/1622 1690/1690/1623 1691/1691/1624 1692/1692/1625
f 1693/1693/1626 1694/1694/1627 1695/1695/1628 1696/1696/1629
f 1697/1697/1630 1698/1698/1631 1699/1699/1632 1700/1700/1633
f 1701/1701/1634 1702/1702/1635 1703/1703/1636 1704/1704/1637
f 1705/1705/1638 1706/1706/1639 1707/1707/1640 1708/1708/1641
f 1709/1709/1642 1710/1710/1643 1711/1711/1644 1712/1712/1645
f 1713/1713/1646 1714/1714/1647 1715/1715/1648 1716/1716/1649
f 1717/1717/1650 1718/1718/1651 1719/1719/1652 1720/1720/1653
f 1721/1721/1654 1722/1722/1655 1723/1723/1656 1724/1724/1657
f 1725/1725/1658 1726/1726/1659 1727/1727/1660 1728/1728/1661
f 1729/1729/1662 1730/1730/1663 1731/1731/1664 1732/1732/1665
f 1733/1733/1666 1734/1734/1667 1735/1735/1668 1736/1736/1669
f 1737/1737/1670 1738/1738/1671 1739/1739/1672 1740/1740/1673
f 1741/1741/1674 1742/1742/1675 1743/1743/1676 1744/1744/1677
f 1745/1745/1678 1746/1746/1678 1747/1747/1678 1748/1748/1678
f 1749/1749/1679 1750/1750/1679 1751/1751/1679 1752/1752/1679
f 1753/1753/1680 1754/1754/1680 1755/1755/1680 1756/1756/1680
f 1757/1757/1681 1758/1758/1681 1759/1759/1681 1760/1760/1681
f 1761/1761/1682 1762/1762/1682 1763/1763/1682 1764/1764/1682
f 1765/1765/1683 1766/1766/1683 1767/1767/1683 1768/1768/1683
usemtl steel_dark
f 49/49/13 50/50/14 51/51/15 52/52/16
f 53/53/17 54/54/18 55/55/19 56/56/20
f 57/57/21 58/58/22 59/59/23 60/60/24
f 61/61/25 62/62/26 63/63/27 64/64/28
f 65/65/29 66/66/30 67/67/31 68/68/32
f 69/69/33 70/70/34 71/71/35 72/72/36
f 73/73/37 74/74/38 75/75/39 76/76/40
f 77/77/41 78/78/42 79/79/43 80/80/44
f 81/81/45 82/82/46 83/83/47 84/84/48
f 85/85/49 86/86/50 87/87/51 88/88/52
f 89/89/53 90/90/54 91/91/55 92/92/56
f 93/93/57 94/94/58 95/95/59 96/96/60
f 97/97/61 98/98/62 99/99/63 100/100/64
f 101/101/65 102/102/66 103/103/67 104/104/68
f 105/105/69 106/106/70 107/107/71 108/108/72
f 109/109/73 110/110/74 111/111/75 112/112/76
f 113/113/77 114/114/78 115/115/79 116/116/80
f 117/117/81 118/118/82 119/119/83 120/120/84
f 121/121/85 122/122/86 123/123/87 124/124/88
f 125/125/89 126/126/90 127/127/91 128/128/92
f 129/129/93 130/130/94 131/131/95 132/132/96
f 133/133/97 134/134/98 135/135/99 136/136/100
f 137/137/101 138/138/102 139/139/103 140/140/104
f 141/141/105 142/142/106 143/143/107 144/144/108
f 145/145/109 146/146/110 147/147/111 148/148/112
f 149/149/113 150/150/114 151/151/115 152/152/116
f 153/153/117 154/154/118 155/155/119 156/156/120
f 157/157/121 158/158/122 159/159/123 160/160/124
f 161/161/125 162/162/126 163/163/127 164/164/128
f 165/165/129 166/166/130 167/167/131 168/168/132
f 169/169/133 170/170/134 171/171/135 172/172/136
f 173/173/137 174/174/138 175/175/139 176/176/140
f 177/177/141 178/178/142 179/179/143 180/180/144
f 181/181/145 182/182/146 183/183/147 184/184/148
f 185/185/149 186/186/150 187/187/151 188/188/152
f 189/189/153 190/190/154 191/191/155 192/192/156
f 193/193/157 194/194/158 195/195/159 196/196/160
f 197/197/161 198/198/162 199/199/163 200/200/164
f 201/201/165 202/202/166 203/203/167 204/204/168
f 205/205/169 206/206/170 207/207/171 208/208/172
f 209/209/173 210/210/174 211/211/175 212/212/176
f 213/213/177 214/214/178 215/215/179 216/216/180
f 217/217/181 218/218/182 219/219/183 220/220/184
f 221/221/185 222/222/186 223/223/187 224/224/188
f 225/225/189 226/226/190 227/227/191 228/228/192
f 229/229/193 230/230/194 231/231/195 232/232/196
f 233/233/197 234/234/198 235/235/199 236/236/200
f 237/237/201 238/238/202 239/239/203 240/240/204
f 241/241/205 242/242/206 243/243/207 244/244/208
f 245/245/209 246/246/210 247/247/211 248/248/212
f 249/249/213 250/250/214 251/251/215 252/252/216
f 253/253/217 254/254/218 255/255/219 256/256/220
f 257/257/221 258/258/222 259/259/223 260/260/224
f 261/261/225 262/262/226 263/263/227 264/264/228
f 265/265/229 266/266/230 267/267/231 268/268/232
f 269/269/233 270/270/234 271/271/235 272/272/236
f 273/273/237 274/274/238 275/275/239 276/276/240
f 277/277/241 278/278/242 279/279/243 280/280/244
f 281/281/245 282/282/246 283/283/247 284/284/248
f 285/285/249 286/286/250 287/287/251 288/288/252
f 289/289/253 290/290/254 291/291/255 292/292/256
f 293/293/257 294/294/258 295/295/259 296/296/260
f 297/297/261 298/298/262 299/299/263 300/300/264
f 301/301/265 302/302/266 303/303/267 304/304/268
f 305/305/269 306/306/270 307/307/271 308/308/272
f 309/309/273 310/310/274 311/311/275 312/312/276
f 313/313/277 314/314/278 315/315/279 316/316/280
f 317/317/281 318/318/282 319/319/283 320/320/284
f 321/321/285 322/322/286 323/323/287 324/324/288
f 325/325/289 326/326/290 327/327/291 328/328/292
f 329/329/293 330/330/294 331/331/295 332/332/296
f 333/333/297 334/334/298 335/335/299 336/336/300
f 337/337/301 338/338/302 339/339/303 340/340/304
f 341/341/305 342/342/306 343/343/307 344/344/308
f 345/345/309 346/346/310 347/347/311 348/348/312
f 349/349/313 350/350/314 351/351/315 352/352/316
f 353/353/317 354/354/318 355/355/319 356/356/320
f 357/357/321 358/358/322 359/359/323 360/360/324
f 361/361/325 362/362/326 363/363/327 364/364/328
f 365/365/329 366/366/330 367/367/331 368/368/332
f 369/369/333 370/370/334 371/371/335 372/372/336
f 373/373/337 374/374/338 375/375/339 376/376/340
f 377/377/341 378/378/342 379/379/343 380/380/344
f 381/381/345 382/382/346 383/383/347 384/384/348
f 385/385/349 386/386/350 387/387/351 388/388/352
f 389/389/353 390/390/354 391/391/355 392/392/356
f 393/393/357 394/394/358 395/395/359 396/396/360
f 397/397/361 398/398/362 399/399/363 400/400/364
f 401/401/365 402/402/366 403/403/367 404/404/368
f 405/405/369 406/406/370 407/407/371 408/408/372
f 409/409/373 410/410/374 411/411/375 412/412/376
f 413/413/377 414/414/378 415/415/379 416/416/380
f 417/417/381 418/418/382 419/419/383 420/420/384
f 421/421/385 422/422/386 423/423/387 424/424/388
f 425/425/389 426/426/390 427/427/391 428/428/392
f 429/429/393 430/430/394 431/431/395 432/432/396
f 433/433/397 434/434/397 435/435/397 436/436/397 437/437/397 438/438/397 439/439/397 440/440/397 441/441/397 442/442/397 443/443/397 444/444/397 445/445/397 446/446/397 447/447/397 448/448/397 449/449/397 450/450/397 451/451/397 452/452/397 453/453/397 454/454/397 455/455/397 456/456/397 457/457/397 458/458/397 459/459/397 460/460/397 461/461/397 462/462/397 463/463/397 464/464/397
f 849/849/782 850/850/783 851/851/784 852/852/785
f 853/853/786 854/854/787 855/855/788 856/856/789
f 857/857/790 858/858/791 859/859/792 860/860/793
f 861/861/794 862/862/795 863/863/796 864/864/797
f 865/865/798 866/866/799 867/867/800 868/868/801
f 869/869/802 870/870/803 871/871/804 872/872/805
f 873/873/806 874/874/807 875/875/808 876/876/809
f 877/877/810 878/878/811 879/879/812 880/880/813
f 881/881/814 882/882/815 883/883/816 884/884/817
f 885/885/818 886/886/819 887/887/820 888/888/821
f 889/889/822 890/890/823 891/891/824 892/892/825
f 893/893/826 894/894/827 895/895/828 896/896/829
f 897/897/830 898/898/831 899/899/832 900/900/833
f 901/901/834 902/902/835 903/903/836 904/904/837
f 905/905/838 906/906/839 907/907/840 908/908/841
f 909/909/842 910/910/843 911/911/844 912/912/845
f 913/913/846 914/914/847 915/915/848 916/916/849
f 917/917/850 918/918/851 919/919/852 920/920/853
f 921/921/854 922/922/855 923/923/856 924/924/857
f 925/925/858 926/926/859 927/927/860 928/928/861
f 929/929/862 930/930/863 931/931/864 932/932/865
f 933/933/866 934/934/867 935/935/868 936/936/869
f 937/937/870 938/938/871 939/939/872 940/940/873
f 941/941/874 942/942/875 943/943/876 944/944/877
f 945/945/878 946/946/879 947/947/880 948/948/881
f 949/949/882 950/950/883 951/951/884 952/952/885
f 953/953/886 954/954/887 955/955/888 956/956/889
f 957/957/890 958/958/891 959/959/892 960/960/893
f 961/961/894 962/962/895 963/963/896 964/964/897
f 965/965/898 966/966/899 967/967/900 968/968/901
f 969/969/902 970/970/903 971/971/904 972/972/905
f 973/973/906 974/974/907 975/975/908 976/976/909
f 977/977/910 978/978/911 979/979/912 980/980/913
f 981/981/914 982/982/915 983/983/916 984/984/917
f 985/985/918 986/986/919 987/987/920 988/988/921
f 989/989/922 990/990/923 991/991/924 992/992/925
f 993/993/926 994/994/927 995/995/928 996/996/929
f 997/997/930 998/998/931 999/999/932 1000/1000/933
f 1001/1001/934 1002/1002/935 1003/1003/936 1004/1004/937
f 1005/1005/938 1006/1006/939 1007/1007/940 1008/1008/941
f 1009/1009/942 1010/1010/943 1011/1011/944 1012/1012/945
f 1013/1013/946 1014/1014/947 1015/1015/948 1016/1016/949
f 1017/1017/950 1018/1018/951 1019/1019/952 1020/1020/953
f 1021/1021/954 1022/1022/955 1023/1023/956 1024/1024/957
f 1025/1025/958 1026/1026/959 1027/1027/960 1028/1028/961
f 1029/1029/962 1030/1030/963 1031/1031/964 1032/1032/965
f 1033/1033/966 1034/1034/967 1035/1035/968 1036/1036/969
f 1037/1037/970 1038/1038/971 1039/1039/972 1040/1040/973
f 1041/1041/974 1042/1042/975 1043/1043/976 1044/1044/977
f 1045/1045/978 1046/1046/979 1047/1047/980 1048/1048/981
f 1049/1049/982 1050/1050/983 1051/1051/984 1052/1052/985
f 1053/1053/986 1054/1054/987 1055/1055/988 1056/1056/989
f 1057/1057/990 1058/1058/991 1059/1059/992 1060/1060/993
f 1061/1061/994 1062/1062/995 1063/1063/996 1064/1064/997
f 1065/1065/998 1066/1066/999 1067/1067/1000 1068/1068/1001
f 1069/1069/1002 1070/1070/1003 1071/1071/1004 1072/1072/1005
f 1073/1073/1006 1074/1074/1007 1075/1075/1008 1076/1076/1009
f 1077/1077/1010 1078/1078/1011 1079/1079/1012 1080/1080/1013
f 1081/1081/1014 1082/1082/1015 1083/1083/1016 1084/1084/1017
f 1085/1085/1018 1086/1086/1019 1087/1087/1020 1088/1088/1021
f 1089/1089/1022 1090/1090/1023 1091/1091/1024 1092/1092/1025
f 1093/1093/1026 1094/1094/1027 1095/1095/1028 1096/1096/1029
f 1097/1097/1030 1098/1098/1031 1099/1099/1032 1100/1100/1033
f 1101/1101/1034 1102/1102/1035 1103/1103/1036 1104/1104/1037
f 1105/1105/1038 1106/1106/1039 1107/1107/1040 1108/1108/1041
f 1109/1109/1042 1110/1110/1043 1111/1111/1044 1112/1112/1045
f 1113/1113/1046 1114/1114/1047 1115/1115/1048 1116/1116/1049
f 1117/1117/1050 1118/1118/1051 1119/1119/1052 1120/1120/1053
f 1121/1121/1054 1122/1122/1055 1123/1123/1056 1124/1124/1057
f 1125/1125/1058 1126/1126/1059 1127/1127/1060 1128/1128/1061
f 1129/1129/1062 1130/1130/1063 1131/1131/1064 1132/1132/1065
f 1133/1133/1066 1134/1134/1067 1135/1135/1068 1136/1136/1069
f 1137/1137/1070 1138/1138/1071 1139/1139/1072 1140/1140/1073
f 1141/1141/1074 1142/1142/1075 1143/1143/1076 1144/1144/1077
f 1145/1145/1078 1146/1146/1079 1147/1147/1080 1148/1148/1081
f 1149/1149/1082 1150/1150/1083 1151/1151/1084 1152/1152/1085
f 1153/1153/1086 1154/1154/1087 1155/1155/1088 1156/1156/1089
f 1157/1157/1090 1158/1158/1091 1159/1159/1092 1160/1160/1093
f 1161/1161/1094 1162/1162/1095 1163/1163/1096 1164/1164/1097
f 1165/1165/1098 1166/1166/1099 1167/1167/1100 1168/1168/1101
f 1169/1169/1102 1170/1170/1103 1171/1171/1104 1172/1172/1105
f 1173/1173/1106 1174/1174/1107 1175/1175/1108 1176/1176/1109
f 1177/1177/1110 1178/1178/1111 1179/1179/1112 1180/1180/1113
f 1181/1181/1114 1182/1182/1115 1183/1183/1116 1184/1184/1117
f 1185/1185/1118 1186/1186/1119 1187/1187/1120 1188/1188/1121
f 1189/1189/1122 1190/1190/1123 1191/1191/1124 1192/1192/1125
f 1193/1193/1126 1194/1194/1127 1195/1195/1128 1196/1196/1129
f 1197/1197/1130 1198/1198/1131 1199/1199/1132 1200/1200/1133
f 1201/1201/1134 1202/1202/1135 1203/1203/1136 1204/1204/1137
f 1205/1205/1138 1206/1206/1139 1207/1207/1140 1208/1208/1141
f 1209/1209/1142 1210/1210/1143 1211/1211/1144 1212/1212/1145
f 1213/1213/1146 1214/1214/1147 1215/1215/1148 1216/1216/1149
f 1217/1217/1150 1218/1218/1151 1219/1219/1152 1220/1220/1153
f 1221/1221/1154 1222/1222/1155 1223/1223/1156 1224/1224/1157
f 1225/1225/1158 1226/1226/1159 1227/1227/1160 1228/1228/1161
f 1229/1229/1162 1230/1230/1163 1231/1231/1164 1232/1232/1165
f 1853/1853/1732 1854/1854/1732 1855/1855/1732 1856/1856/1732
f 1857/1857/1733 1858/1858/1733 1859/1859/1733 1860/1860/1733
f 1861/1861/1734 1862/1862/1734 1863/1863/1734 1864/1864/1734
f 1865/1865/1735 1866/1866/1735 1867/1867/1735 1868/1868/1735
f 1869/1869/1736 1870/1870/1736 1871/1871/1736 1872/1872/1736
f 1873/1873/1737 1874/1874/1737 1875/1875/1737 1876/1876/1737
f 1877/1877/1738 1878/1878/1738 1879/1879/1738 1880/1880/1738
f 1881/1881/1739 1882/1882/1739 1883/1883/1739 1884/1884/1739
f 1885/1885/1740 1886/1886/1740 1887/1887/1740 1888/1888/1740
f 1889/1889/1741 1890/1890/1741 1891/1891/1741 1892/1892/1741
f 1893/1893/1742 1894/1894/1742 1895/1895/1742 1896/1896/1742
f 1897/1897/1743 1898/1898/1743 1899/1899/1743 1900/1900/1743
f 1901/1901/1744 1902/1902/1744 1903/1903/1744 1904/1904/1744
f 1905/1905/1745 1906/1906/1745 1907/1907/1745 1908/1908/1745
f 1909/1909/1746 1910/1910/1746 1911/1911/1746 1912/1912/1746
f 1913/1913/1747 1914/1914/1747 1915/1915/1747 1916/1916/1747
f 1917/1917/1748 1918/1918/1748 1919/1919/1748 1920/1920/1748
f 1921/1921/1749 1922/1922/1749 1923/1923/1749 1924/1924/1749
usemtl tile_green
f 465/465/398 466/466/399 467/467/400 468/468/401
f 469/469/402 470/470/403 471/471/404 472/472/405
f 473/473/406 474/474/407 475/475/408 476/476/409
f 477/477/410 478/478/411 479/479/412 480/480/413
f 481/481/414 482/482/415 483/483/416 484/484/417
f 485/485/418 486/486/419 487/487/420 488/488/421
f 489/489/422 490/490/423 491/491/424 492/492/425
f 493/493/426 494/494/427 495/495/428 496/496/429
f 497/497/430 498/498/431 499/499/432 500/500/433
f 501/501/434 502/502/435 503/503/436 504/504/437
f 505/505/438 506/506/439 507/507/440 508/508/441
f 509/509/442 510/510/443 511/511/444 512/512/445
f 513/513/446 514/514/447 515/515/448 516/516/449
f 517/517/450 518/518/451 519/519/452 520/520/453
f 521/521/454 522/522/455 523/523/456 524/524/457
f 525/525/458 526/526/459 527/527/460 528/528/461
f 529/529/462 530/530/463 531/531/464 532/532/465
f 533/533/466 534/534/467 535/535/468 536/536/469
f 537/537/470 538/538/471 539/539/472 540/540/473
f 541/541/474 542/542/475 543/543/476 544/544/477
f 545/545/478 546/546/479 547/547/480 548/548/481
f 549/549/482 550/550/483 551/551/484 552/552/485
f 553/553/486 554/554/487 555/555/488 556/556/489
f 557/557/490 558/558/491 559/559/492 560/560/493
f 561/561/494 562/562/495 563/563/496 564/564/497
f 565/565/498 566/566/499 567/567/500 568/568/501
f 569/569/502 570/570/503 571/571/504 572/572/505
f 573/573/506 574/574/507 575/575/508 576/576/509
f 577/577/510 578/578/511 579/579/512 580/580/513
f 581/581/514 582/582/515 583/583/516 584/584/517
f 585/585/518 586/586/519 587/587/520 588/588/521
f 589/589/522 590/590/523 591/591/524 592/592/525
f 593/593/526 594/594/527 595/595/528 596/596/529
f 597/597/530 598/598/531 599/599/532 600/600/533
f 601/601/534 602/602/535 603/603/536 604/604/537
f 605/605/538 606/606/539 607/607/540 608/608/541
f 609/609/542 610/610/543 611/611/544 612/612/545
f 613/613/546 614/614/547 615/615/548 616/616/549
f 617/617/550 618/618/551 619/619/552 620/620/553
f 621/621/554 622/622/555 623/623/556 624/624/557
f 625/625/558 626/626/559 627/627/560 628/628/561
f 629/629/562 630/630/563 631/631/564 632/632/565
f 633/633/566 634/634/567 635/635/568 636/636/569
f 637/637/570 638/638/571 639/639/572 640/640/573
f 641/641/574 642/642/575 643/643/576 644/644/577
f 645/645/578 646/646/579 647/647/580 648/648/581
f 649/649/582 650/650/583 651/651/584 652/652/585
f 653/653/586 654/654/587 655/655/588 656/656/589
f 657/657/590 658/658/591 659/659/592 660/660/593
f 661/661/594 662/662/595 663/663/596 664/664/597
f 665/665/598 666/666/599 667/667/600 668/668/601
f 669/669/602 670/670/603 671/671/604 672/672/605
f 673/673/606 674/674/607 675/675/608 676/676/609
f 677/677/610 678/678/611 679/679/612 680/680/613
f 681/681/614 682/682/615 683/683/616 684/684/617
f 685/685/618 686/686/619 687/687/620 688/688/621
f 689/689/622 690/690/623 691/691/624 692/692/625
f 693/693/626 694/694/627 695/695/628 696/696/629
f 697/697/630 698/698/631 699/699/632 700/700/633
f 701/701/634 702/702/635 703/703/636 704/704/637
f 705/705/638 706/706/639 707/707/640 708/708/641
f 709/709/642 710/710/643 711/711/644 712/712/645
f 713/713/646 714/714/647 715/715/648 716/716/649
f 717/717/650 718/718/651 719/719/652 720/720/653
f 721/721/654 722/722/655 723/723/656 724/724/657
f 725/725/658 726/726/659 727/727/660 728/728/661
f 729/729/662 730/730/663 731/731/664 732/732/665
f 733/733/666 734/734/667 735/735/668 736/736/669
f 737/737/670 738/738/671 739/739/672 740/740/673
f 741/741/674 742/742/675 743/743/676 744/744/677
f 745/745/678 746/746/679 747/747/680 748/748/681
f 749/749/682 750/750/683 751/751/684 752/752/685
f 753/753/686 754/754/687 755/755/688 756/756/689
f 757/757/690 758/758/691 759/759/692 760/760/693
f 761/761/694 762/762/695 763/763/696 764/764/697
f 765/765/698 766/766/699 767/767/700 768/768/701
f 769/769/702 770/770/703 771/771/704 772/772/705
f 773/773/706 774/774/707 775/775/708 776/776/709
f 777/777/710 778/778/711 779/779/712 780/780/713
f 781/781/714 782/782/715 783/783/716 784/784/717
f 785/785/718 786/786/719 787/787/720 788/788/721
f 789/789/722 790/790/723 791/791/724 792/792/725
f 793/793/726 794/794/727 795/795/728 796/796/729
f 797/797/730 798/798/731 799/799/732 800/800/733
f 801/801/734 802/802/735 803/803/736 804/804/737
f 805/805/738 806/806/739 807/807/740 808/808/741
f 809/809/742 810/810/743 811/811/744 812/812/745
f 813/813/746 814/814/747 815/815/748 816/816/749
f 817/817/750 818/818/751 819/819/752 820/820/753
f 821/821/754 822/822/755 823/823/756 824/824/757
f 825/825/758 826/826/759 827/827/760 828/828/761
f 829/829/762 830/830/763 831/831/764 832/832/765
f 833/833/766 834/834/767 835/835/768 836/836/769
f 837/837/770 838/838/771 839/839/772 840/840/773
f 841/841/774 842/842/775 843/843/776 844/844/777
f 845/845/778 846/846/779 847/847/780 848/848/781
usemtl concrete
f 1769/1769/1684 1770/1770/1684 1771/1771/1684 1772/1772/1684
f 1773/1773/1685 1774/1774/1685 1775/1775/1685 1776/1776/1685
f 1777/1777/1686 1778/1778/1686 1779/1779/1686 1780/1780/1686
f 1781/1781/1687 1782/1782/1687 1783/1783/1687 1784/1784/1687
f 1785/1785/1688 1786/1786/1688 1787/1787/1688 1788/1788/1688
f 1789/1789/1689 1790/1790/1689 1791/1791/1689 1792/1792/1689
usemtl rust
f 1793/1793/1690 1794/1794/1691 1795/1795/1692 1796/1796/1693
f 1797/1797/1694 1798/1798/1695 1799/1799/1696 1800/1800/1697
f 1801/1801/1698 1802/1802/1699 1803/1803/1700 1804/1804/1701
f 1805/1805/1702 1806/1806/1703 1807/1807/1704 1808/1808/1705
f 1809/1809/1706 1810/1810/1707 1811/1811/1708 1812/1812/1709
f 1813/1813/1710 1814/1814/1711 1815/1815/1712 1816/1816/1713
f 1817/1817/1714 1818/1818/1715 1819/1819/1716 1820/1820/1717
f 1821/1821/1718 1822/1822/1719 1823/1823/1720 1824/1824/1721
f 1825/1825/1722 1826/1826/1723 1827/1827/1724 1828/1828/1725
f 1829/1829/1726 1830/1830/1727 1831/1831/1728 1832/1832/1729
f 1833/1833/1730 1834/1834/1730 1835/1835/1730 1836/1836/1730 1837/1837/1730 1838/1838/1730 1839/1839/1730 1840/1840/1730 1841/1841/1730 1842/1842/1730
f 1843/1843/1731 1844/1844/1731 1845/1845/1731 1846/1846/1731 1847/1847/1731 1848/1848/1731 1849/1849/1731 1850/1850/1731 1851/1851/1731 1852/1852/1731
