# generated by meshlib
mtllib tunnel_tube.mtl
o tunnel_tube
v -12.00000 0.40000 -2.70000
v -10.88000 0.40000 -2.70000
v -10.88000 0.82237 -2.66676
v -12.00000 0.82237 -2.66676
v -12.00000 0.82237 -2.66676
v -10.88000 0.82237 -2.66676
v -10.88000 1.23435 -2.56785
v -12.00000 1.23435 -2.56785
v -12.00000 1.23435 -2.56785
v -10.88000 1.23435 -2.56785
v -10.88000 1.62577 -2.40572
v -12.00000 1.62577 -2.40572
v -12.00000 1.62577 -2.40572
v -10.88000 1.62577 -2.40572
v -10.88000 1.98702 -2.18435
v -12.00000 1.98702 -2.18435
v -12.00000 1.98702 -2.18435
v -10.88000 1.98702 -2.18435
v -10.88000 2.30919 -1.90919
v -12.00000 2.30919 -1.90919
v -12.00000 2.30919 -1.90919
v -10.88000 2.30919 -1.90919
v -10.88000 2.58435 -1.58702
v -12.00000 2.58435 -1.58702
v -12.00000 2.58435 -1.58702
v -10.88000 2.58435 -1.58702
v -10.88000 2.80572 -1.22577
v -12.00000 2.80572 -1.22577
v -12.00000 2.80572 -1.22577
v -10.88000 2.80572 -1.22577
v -10.88000 2.96785 -0.83435
v -12.00000 2.96785 -0.83435
v -12.00000 2.96785 -0.83435
v -10.88000 2.96785 -0.83435
v -10.88000 3.06676 -0.42237
v -12.00000 3.06676 -0.42237
v -12.00000 3.06676 -0.42237
v -10.88000 3.06676 -0.42237
v -10.88000 3.10000 -0.00000
v -12.00000 3.10000 -0.00000
v -12.00000 3.10000 -0.00000
v -10.88000 3.10000 -0.00000
v -10.88000 3.06676 0.42237
v -12.00000 3.06676 0.42237
v -12.00000 3.06676 0.42237
v -10.88000 3.06676 0.42237
v -10.88000 2.96785 0.83435
v -12.00000 2.96785 0.83435
v -12.00000 2.96785 0.83435
v -10.88000 2.96785 0.83435
v -10.88000 2.80572 1.22577
v -12.00000 2.80572 1.22577
v -12.00000 2.80572 1.22577
v -10.88000 2.80572 1.22577
v -10.88000 2.58435 1.58702
v -12.00000 2.58435 1.58702
v -12.00000 2.58435 1.58702
v -10.88000 2.58435 1.58702
v -10.88000 2.30919 1.90919
v -12.00000 2.30919 1.90919
v -12.00000 2.30919 1.90919
v -10.88000 2.30919 1.90919
v -10.88000 1.98702 2.18435
v -12.00000 1.98702 2.18435
v -12.00000 1.98702 2.18435
v -10.88000 1.98702 2.18435
v -10.88000 1.62577 2.40572
v -12.00000 1.62577 2.40572
v -12.00000 1.62577 2.40572
v -10.88000 1.62577 2.40572
v -10.88000 1.23435 2.56785
v -12.00000 1.23435 2.56785
v -12.00000 1.23435 2.56785
v -10.88000 1.23435 2.56785
v -10.88000 0.82237 2.66676
v -12.00000 0.82237 2.66676
v -12.00000 0.82237 2.66676
v -10.88000 0.82237 2.66676
v -10.88000 0.40000 2.70000
v -12.00000 0.40000 2.70000
v -10.88000 0.40000 -2.63000
v -10.80000 0.40000 -2.63000
v -10.80000 0.81142 -2.59762
v -10.88000 0.81142 -2.59762
v -10.88000 0.81142 -2.59762
v -10.80000 0.81142 -2.59762
v -10.80000 1.21271 -2.50128
v -10.88000 1.21271 -2.50128
v -10.88000 1.21271 -2.50128
v -10.80000 1.21271 -2.50128
v -10.80000 1.59400 -2.34335
v -10.88000 1.59400 -2.34335
v -10.88000 1.59400 -2.34335
v -10.80000 1.59400 -2.34335
v -10.80000 1.94588 -2.12771
v -10.88000 1.94588 -2.12771
v -10.88000 1.94588 -2.12771
v -10.80000 1.94588 -2.12771
v -10.80000 2.25969 -1.85969
v -10.88000 2.25969 -1.85969
v -10.88000 2.25969 -1.85969
v -10.80000 2.25969 -1.85969
v -10.80000 2.52771 -1.54588
v -10.88000 2.52771 -1.54588
v -10.88000 2.52771 -1.54588
v -10.80000 2.52771 -1.54588
v -10.80000 2.74335 -1.19400
v -10.88000 2.74335 -1.19400
v -10.88000 2.74335 -1.19400
v -10.80000 2.74335 -1.19400
v -10.80000 2.90128 -0.81271
v -10.88000 2.90128 -0.81271
v -10.88000 2.90128 -0.81271
v -10.80000 2.90128 -0.81271
v -10.80000 2.99762 -0.41142
v -10.88000 2.99762 -0.41142
v -10.88000 2.99762 -0.41142
v -10.80000 2.99762 -0.41142
v -10.80000 3.03000 -0.00000
v -10.88000 3.03000 -0.00000
v -10.88000 3.03000 -0.00000
v -10.80000 3.03000 -0.00000
v -10.80000 2.99762 0.41142
v -10.88000 2.99762 0.41142
v -10.88000 2.99762 0.41142
v -10.80000 2.99762 0.41142
v -10.80000 2.90128 0.81271
v -10.88000 2.90128 0.81271
v -10.88000 2.90128 0.81271
v -10.80000 2.90128 0.81271
v -10.80000 2.74335 1.19400
v -10.88000 2.74335 1.19400
v -10.88000 2.74335 1.19400
v -10.80000 2.74335 1.19400
v -10.80000 2.52771 1.54588
v -10.88000 2.52771 1.54588
v -10.88000 2.52771 1.54588
v -10.80000 2.52771 1.54588
v -10.80000 2.25969 1.85969
v -10.88000 2.25969 1.85969
v -10.88000 2.25969 1.85969
v -10.80000 2.25969 1.85969
v -10.80000 1.94588 2.12771
v -10.88000 1.94588 2.12771
v -10.88000 1.94588 2.12771
v -10.80000 1.94588 2.12771
v -10.80000 1.59400 2.34335
v -10.88000 1.59400 2.34335
v -10.88000 1.59400 2.34335
v -10.80000 1.59400 2.34335
v -10.80000 1.21271 2.50128
v -10.88000 1.21271 2.50128
v -10.88000 1.21271 2.50128
v -10.80000 1.21271 2.50128
v -10.80000 0.81142 2.59762
v -10.88000 0.81142 2.59762
v -10.88000 0.81142 2.59762
v -10.80000 0.81142 2.59762
v -10.80000 0.40000 2.63000
v -10.88000 0.40000 2.63000
v -12.00000 -1.45000 -2.69000
v -10.80000 -1.45000 -2.69000
v -10.80000 0.40000 -2.69000
v -12.00000 0.40000 -2.69000
v -10.80000 -1.45000 2.69000
v -12.00000 -1.45000 2.69000
v -12.00000 0.40000 2.69000
v -10.80000 0.40000 2.69000
v -10.80000 0.40000 -2.70000
v -9.68000 0.40000 -2.70000
v -9.68000 0.82237 -2.66676
v -10.80000 0.82237 -2.66676
v -10.80000 0.82237 -2.66676
v -9.68000 0.82237 -2.66676
v -9.68000 1.23435 -2.56785
v -10.80000 1.23435 -2.56785
v -10.80000 1.23435 -2.56785
v -9.68000 1.23435 -2.56785
v -9.68000 1.62577 -2.40572
v -10.80000 1.62577 -2.40572
v -10.80000 1.62577 -2.40572
v -9.68000 1.62577 -2.40572
v -9.68000 1.98702 -2.18435
v -10.80000 1.98702 -2.18435
v -10.80000 1.98702 -2.18435
v -9.68000 1.98702 -2.18435
v -9.68000 2.30919 -1.90919
v -10.80000 2.30919 -1.90919
v -10.80000 2.30919 -1.90919
v -9.68000 2.30919 -1.90919
v -9.68000 2.58435 -1.58702
v -10.80000 2.58435 -1.58702
v -10.80000 2.58435 -1.58702
v -9.68000 2.58435 -1.58702
v -9.68000 2.80572 -1.22577
v -10.80000 2.80572 -1.22577
v -10.80000 2.80572 -1.22577
v -9.68000 2.80572 -1.22577
v -9.68000 2.96785 -0.83435
v -10.80000 2.96785 -0.83435
v -10.80000 2.96785 -0.83435
v -9.68000 2.96785 -0.83435
v -9.68000 3.06676 -0.42237
v -10.80000 3.06676 -0.42237
v -10.80000 3.06676 -0.42237
v -9.68000 3.06676 -0.42237
v -9.68000 3.10000 -0.00000
v -10.80000 3.10000 -0.00000
v -10.80000 3.10000 -0.00000
v -9.68000 3.10000 -0.00000
v -9.68000 3.06676 0.42237
v -10.80000 3.06676 0.42237
v -10.80000 3.06676 0.42237
v -9.68000 3.06676 0.42237
v -9.68000 2.96785 0.83435
v -10.80000 2.96785 0.83435
v -10.80000 2.96785 0.83435
v -9.68000 2.96785 0.83435
v -9.68000 2.80572 1.22577
v -10.80000 2.80572 1.22577
v -10.80000 2.80572 1.22577
v -9.68000 2.80572 1.22577
v -9.68000 2.58435 1.58702
v -10.80000 2.58435 1.58702
v -10.80000 2.58435 1.58702
v -9.68000 2.58435 1.58702
v -9.68000 2.30919 1.90919
v -10.80000 2.30919 1.90919
v -10.80000 2.30919 1.90919
v -9.68000 2.30919 1.90919
v -9.68000 1.98702 2.18435
v -10.80000 1.98702 2.18435
v -10.80000 1.98702 2.18435
v -9.68000 1.98702 2.18435
v -9.68000 1.62577 2.40572
v -10.80000 1.62577 2.40572
v -10.80000 1.62577 2.40572
v -9.68000 1.62577 2.40572
v -9.68000 1.23435 2.56785
v -10.80000 1.23435 2.56785
v -10.80000 1.23435 2.56785
v -9.68000 1.23435 2.56785
v -9.68000 0.82237 2.66676
v -10.80000 0.82237 2.66676
v -10.80000 0.82237 2.66676
v -9.68000 0.82237 2.66676
v -9.68000 0.40000 2.70000
v -10.80000 0.40000 2.70000
v -9.68000 0.40000 -2.63000
v -9.60000 0.40000 -2.63000
v -9.60000 0.81142 -2.59762
v -9.68000 0.81142 -2.59762
v -9.68000 0.81142 -2.59762
v -9.60000 0.81142 -2.59762
v -9.60000 1.21271 -2.50128
v -9.68000 1.21271 -2.50128
v -9.68000 1.21271 -2.50128
v -9.60000 1.21271 -2.50128
v -9.60000 1.59400 -2.34335
v -9.68000 1.59400 -2.34335
v -9.68000 1.59400 -2.34335
v -9.60000 1.59400 -2.34335
v -9.60000 1.94588 -2.12771
v -9.68000 1.94588 -2.12771
v -9.68000 1.94588 -2.12771
v -9.60000 1.94588 -2.12771
v -9.60000 2.25969 -1.85969
v -9.68000 2.25969 -1.85969
v -9.68000 2.25969 -1.85969
v -9.60000 2.25969 -1.85969
v -9.60000 2.52771 -1.54588
v -9.68000 2.52771 -1.54588
v -9.68000 2.52771 -1.54588
v -9.60000 2.52771 -1.54588
v -9.60000 2.74335 -1.19400
v -9.68000 2.74335 -1.19400
v -9.68000 2.74335 -1.19400
v -9.60000 2.74335 -1.19400
v -9.60000 2.90128 -0.81271
v -9.68000 2.90128 -0.81271
v -9.68000 2.90128 -0.81271
v -9.60000 2.90128 -0.81271
v -9.60000 2.99762 -0.41142
v -9.68000 2.99762 -0.41142
v -9.68000 2.99762 -0.41142
v -9.60000 2.99762 -0.41142
v -9.60000 3.03000 -0.00000
v -9.68000 3.03000 -0.00000
v -9.68000 3.03000 -0.00000
v -9.60000 3.03000 -0.00000
v -9.60000 2.99762 0.41142
v -9.68000 2.99762 0.41142
v -9.68000 2.99762 0.41142
v -9.60000 2.99762 0.41142
v -9.60000 2.90128 0.81271
v -9.68000 2.90128 0.81271
v -9.68000 2.90128 0.81271
v -9.60000 2.90128 0.81271
v -9.60000 2.74335 1.19400
v -9.68000 2.74335 1.19400
v -9.68000 2.74335 1.19400
v -9.60000 2.74335 1.19400
v -9.60000 2.52771 1.54588
v -9.68000 2.52771 1.54588
v -9.68000 2.52771 1.54588
v -9.60000 2.52771 1.54588
v -9.60000 2.25969 1.85969
v -9.68000 2.25969 1.85969
v -9.68000 2.25969 1.85969
v -9.60000 2.25969 1.85969
v -9.60000 1.94588 2.12771
v -9.68000 1.94588 2.12771
v -9.68000 1.94588 2.12771
v -9.60000 1.94588 2.12771
v -9.60000 1.59400 2.34335
v -9.68000 1.59400 2.34335
v -9.68000 1.59400 2.34335
v -9.60000 1.59400 2.34335
v -9.60000 1.21271 2.50128
v -9.68000 1.21271 2.50128
v -9.68000 1.21271 2.50128
v -9.60000 1.21271 2.50128
v -9.60000 0.81142 2.59762
v -9.68000 0.81142 2.59762
v -9.68000 0.81142 2.59762
v -9.60000 0.81142 2.59762
v -9.60000 0.40000 2.63000
v -9.68000 0.40000 2.63000
v -10.80000 -1.45000 -2.69000
v -9.60000 -1.45000 -2.69000
v -9.60000 0.40000 -2.69000
v -10.80000 0.40000 -2.69000
v -9.60000 -1.45000 2.69000
v -10.80000 -1.45000 2.69000
v -10.80000 0.40000 2.69000
v -9.60000 0.40000 2.69000
v -9.60000 0.40000 -2.70000
v -8.48000 0.40000 -2.70000
v -8.48000 0.82237 -2.66676
v -9.60000 0.82237 -2.66676
v -9.60000 0.82237 -2.66676
v -8.48000 0.82237 -2.66676
v -8.48000 1.23435 -2.56785
v -9.60000 1.23435 -2.56785
v -9.60000 1.23435 -2.56785
v -8.48000 1.23435 -2.56785
v -8.48000 1.62577 -2.40572
v -9.60000 1.62577 -2.40572
v -9.60000 1.62577 -2.40572
v -8.48000 1.62577 -2.40572
v -8.48000 1.98702 -2.18435
v -9.60000 1.98702 -2.18435
v -9.60000 1.98702 -2.18435
v -8.48000 1.98702 -2.18435
v -8.48000 2.30919 -1.90919
v -9.60000 2.30919 -1.90919
v -9.60000 2.30919 -1.90919
v -8.48000 2.30919 -1.90919
v -8.48000 2.58435 -1.58702
v -9.60000 2.58435 -1.58702
v -9.60000 2.58435 -1.58702
v -8.48000 2.58435 -1.58702
v -8.48000 2.80572 -1.22577
v -9.60000 2.80572 -1.22577
v -9.60000 2.80572 -1.22577
v -8.48000 2.80572 -1.22577
v -8.48000 2.96785 -0.83435
v -9.60000 2.96785 -0.83435
v -9.60000 2.96785 -0.83435
v -8.48000 2.96785 -0.83435
v -8.48000 3.06676 -0.42237
v -9.60000 3.06676 -0.42237
v -9.60000 3.06676 -0.42237
v -8.48000 3.06676 -0.42237
v -8.48000 3.10000 -0.00000
v -9.60000 3.10000 -0.00000
v -9.60000 3.10000 -0.00000
v -8.48000 3.10000 -0.00000
v -8.48000 3.06676 0.42237
v -9.60000 3.06676 0.42237
v -9.60000 3.06676 0.42237
v -8.48000 3.06676 0.42237
v -8.48000 2.96785 0.83435
v -9.60000 2.96785 0.83435
v -9.60000 2.96785 0.83435
v -8.48000 2.96785 0.83435
v -8.48000 2.80572 1.22577
v -9.60000 2.80572 1.22577
v -9.60000 2.80572 1.22577
v -8.48000 2.80572 1.22577
v -8.48000 2.58435 1.58702
v -9.60000 2.58435 1.58702
v -9.60000 2.58435 1.58702
v -8.48000 2.58435 1.58702
v -8.48000 2.30919 1.90919
v -9.60000 2.30919 1.90919
v -9.60000 2.30919 1.90919
v -8.48000 2.30919 1.90919
v -8.48000 1.98702 2.18435
v -9.60000 1.98702 2.18435
v -9.60000 1.98702 2.18435
v -8.48000 1.98702 2.18435
v -8.48000 1.62577 2.40572
v -9.60000 1.62577 2.40572
v -9.60000 1.62577 2.40572
v -8.48000 1.62577 2.40572
v -8.48000 1.23435 2.56785
v -9.60000 1.23435 2.56785
v -9.60000 1.23435 2.56785
v -8.48000 1.23435 2.56785
v -8.48000 0.82237 2.66676
v -9.60000 0.82237 2.66676
v -9.60000 0.82237 2.66676
v -8.48000 0.82237 2.66676
v -8.48000 0.40000 2.70000
v -9.60000 0.40000 2.70000
v -8.48000 0.40000 -2.63000
v -8.40000 0.40000 -2.63000
v -8.40000 0.81142 -2.59762
v -8.48000 0.81142 -2.59762
v -8.48000 0.81142 -2.59762
v -8.40000 0.81142 -2.59762
v -8.40000 1.21271 -2.50128
v -8.48000 1.21271 -2.50128
v -8.48000 1.21271 -2.50128
v -8.40000 1.21271 -2.50128
v -8.40000 1.59400 -2.34335
v -8.48000 1.59400 -2.34335
v -8.48000 1.59400 -2.34335
v -8.40000 1.59400 -2.34335
v -8.40000 1.94588 -2.12771
v -8.48000 1.94588 -2.12771
v -8.48000 1.94588 -2.12771
v -8.40000 1.94588 -2.12771
v -8.40000 2.25969 -1.85969
v -8.48000 2.25969 -1.85969
v -8.48000 2.25969 -1.85969
v -8.40000 2.25969 -1.85969
v -8.40000 2.52771 -1.54588
v -8.48000 2.52771 -1.54588
v -8.48000 2.52771 -1.54588
v -8.40000 2.52771 -1.54588
v -8.40000 2.74335 -1.19400
v -8.48000 2.74335 -1.19400
v -8.48000 2.74335 -1.19400
v -8.40000 2.74335 -1.19400
v -8.40000 2.90128 -0.81271
v -8.48000 2.90128 -0.81271
v -8.48000 2.90128 -0.81271
v -8.40000 2.90128 -0.81271
v -8.40000 2.99762 -0.41142
v -8.48000 2.99762 -0.41142
v -8.48000 2.99762 -0.41142
v -8.40000 2.99762 -0.41142
v -8.40000 3.03000 -0.00000
v -8.48000 3.03000 -0.00000
v -8.48000 3.03000 -0.00000
v -8.40000 3.03000 -0.00000
v -8.40000 2.99762 0.41142
v -8.48000 2.99762 0.41142
v -8.48000 2.99762 0.41142
v -8.40000 2.99762 0.41142
v -8.40000 2.90128 0.81271
v -8.48000 2.90128 0.81271
v -8.48000 2.90128 0.81271
v -8.40000 2.90128 0.81271
v -8.40000 2.74335 1.19400
v -8.48000 2.74335 1.19400
v -8.48000 2.74335 1.19400
v -8.40000 2.74335 1.19400
v -8.40000 2.52771 1.54588
v -8.48000 2.52771 1.54588
v -8.48000 2.52771 1.54588
v -8.40000 2.52771 1.54588
v -8.40000 2.25969 1.85969
v -8.48000 2.25969 1.85969
v -8.48000 2.25969 1.85969
v -8.40000 2.25969 1.85969
v -8.40000 1.94588 2.12771
v -8.48000 1.94588 2.12771
v -8.48000 1.94588 2.12771
v -8.40000 1.94588 2.12771
v -8.40000 1.59400 2.34335
v -8.48000 1.59400 2.34335
v -8.48000 1.59400 2.34335
v -8.40000 1.59400 2.34335
v -8.40000 1.21271 2.50128
v -8.48000 1.21271 2.50128
v -8.48000 1.21271 2.50128
v -8.40000 1.21271 2.50128
v -8.40000 0.81142 2.59762
v -8.48000 0.81142 2.59762
v -8.48000 0.81142 2.59762
v -8.40000 0.81142 2.59762
v -8.40000 0.40000 2.63000
v -8.48000 0.40000 2.63000
v -9.60000 -1.45000 -2.69000
v -8.40000 -1.45000 -2.69000
v -8.40000 0.40000 -2.69000
v -9.60000 0.40000 -2.69000
v -8.40000 -1.45000 2.69000
v -9.60000 -1.45000 2.69000
v -9.60000 0.40000 2.69000
v -8.40000 0.40000 2.69000
v -8.40000 0.40000 -2.70000
v -7.28000 0.40000 -2.70000
v -7.28000 0.82237 -2.66676
v -8.40000 0.82237 -2.66676
v -8.40000 0.82237 -2.66676
v -7.28000 0.82237 -2.66676
v -7.28000 1.23435 -2.56785
v -8.40000 1.23435 -2.56785
v -8.40000 1.23435 -2.56785
v -7.28000 1.23435 -2.56785
v -7.28000 1.62577 -2.40572
v -8.40000 1.62577 -2.40572
v -8.40000 1.62577 -2.40572
v -7.28000 1.62577 -2.40572
v -7.28000 1.98702 -2.18435
v -8.40000 1.98702 -2.18435
v -8.40000 1.98702 -2.18435
v -7.28000 1.98702 -2.18435
v -7.28000 2.30919 -1.90919
v -8.40000 2.30919 -1.90919
v -8.40000 2.30919 -1.90919
v -7.28000 2.30919 -1.90919
v -7.28000 2.58435 -1.58702
v -8.40000 2.58435 -1.58702
v -8.40000 2.58435 -1.58702
v -7.28000 2.58435 -1.58702
v -7.28000 2.80572 -1.22577
v -8.40000 2.80572 -1.22577
v -8.40000 2.80572 -1.22577
v -7.28000 2.80572 -1.22577
v -7.28000 2.96785 -0.83435
v -8.40000 2.96785 -0.83435
v -8.40000 2.96785 -0.83435
v -7.28000 2.96785 -0.83435
v -7.28000 3.06676 -0.42237
v -8.40000 3.06676 -0.42237
v -8.40000 3.06676 -0.42237
v -7.28000 3.06676 -0.42237
v -7.28000 3.10000 -0.00000
v -8.40000 3.10000 -0.00000
v -8.40000 3.10000 -0.00000
v -7.28000 3.10000 -0.00000
v -7.28000 3.06676 0.42237
v -8.40000 3.06676 0.42237
v -8.40000 3.06676 0.42237
v -7.28000 3.06676 0.42237
v -7.28000 2.96785 0.83435
v -8.40000 2.96785 0.83435
v -8.40000 2.96785 0.83435
v -7.28000 2.96785 0.83435
v -7.28000 2.80572 1.22577
v -8.40000 2.80572 1.22577
v -8.40000 2.80572 1.22577
v -7.28000 2.80572 1.22577
v -7.28000 2.58435 1.58702
v -8.40000 2.58435 1.58702
v -8.40000 2.58435 1.58702
v -7.28000 2.58435 1.58702
v -7.28000 2.30919 1.90919
v -8.40000 2.30919 1.90919
v -8.40000 2.30919 1.90919
v -7.28000 2.30919 1.90919
v -7.28000 1.98702 2.18435
v -8.40000 1.98702 2.18435
v -8.40000 1.98702 2.18435
v -7.28000 1.98702 2.18435
v -7.28000 1.62577 2.40572
v -8.40000 1.62577 2.40572
v -8.40000 1.62577 2.40572
v -7.28000 1.62577 2.40572
v -7.28000 1.23435 2.56785
v -8.40000 1.23435 2.56785
v -8.40000 1.23435 2.56785
v -7.28000 1.23435 2.56785
v -7.28000 0.82237 2.66676
v -8.40000 0.82237 2.66676
v -8.40000 0.82237 2.66676
v -7.28000 0.82237 2.66676
v -7.28000 0.40000 2.70000
v -8.40000 0.40000 2.70000
v -7.28000 0.40000 -2.63000
v -7.20000 0.40000 -2.63000
v -7.20000 0.81142 -2.59762
v -7.28000 0.81142 -2.59762
v -7.28000 0.81142 -2.59762
v -7.20000 0.81142 -2.59762
v -7.20000 1.21271 -2.50128
v -7.28000 1.21271 -2.50128
v -7.28000 1.21271 -2.50128
v -7.20000 1.21271 -2.50128
v -7.20000 1.59400 -2.34335
v -7.28000 1.59400 -2.34335
v -7.28000 1.59400 -2.34335
v -7.20000 1.59400 -2.34335
v -7.20000 1.94588 -2.12771
v -7.28000 1.94588 -2.12771
v -7.28000 1.94588 -2.12771
v -7.20000 1.94588 -2.12771
v -7.20000 2.25969 -1.85969
v -7.28000 2.25969 -1.85969
v -7.28000 2.25969 -1.85969
v -7.20000 2.25969 -1.85969
v -7.20000 2.52771 -1.54588
v -7.28000 2.52771 -1.54588
v -7.28000 2.52771 -1.54588
v -7.20000 2.52771 -1.54588
v -7.20000 2.74335 -1.19400
v -7.28000 2.74335 -1.19400
v -7.28000 2.74335 -1.19400
v -7.20000 2.74335 -1.19400
v -7.20000 2.90128 -0.81271
v -7.28000 2.90128 -0.81271
v -7.28000 2.90128 -0.81271
v -7.20000 2.90128 -0.81271
v -7.20000 2.99762 -0.41142
v -7.28000 2.99762 -0.41142
v -7.28000 2.99762 -0.41142
v -7.20000 2.99762 -0.41142
v -7.20000 3.03000 -0.00000
v -7.28000 3.03000 -0.00000
v -7.28000 3.03000 -0.00000
v -7.20000 3.03000 -0.00000
v -7.20000 2.99762 0.41142
v -7.28000 2.99762 0.41142
v -7.28000 2.99762 0.41142
v -7.20000 2.99762 0.41142
v -7.20000 2.90128 0.81271
v -7.28000 2.90128 0.81271
v -7.28000 2.90128 0.81271
v -7.20000 2.90128 0.81271
v -7.20000 2.74335 1.19400
v -7.28000 2.74335 1.19400
v -7.28000 2.74335 1.19400
v -7.20000 2.74335 1.19400
v -7.20000 2.52771 1.54588
v -7.28000 2.52771 1.54588
v -7.28000 2.52771 1.54588
v -7.20000 2.52771 1.54588
v -7.20000 2.25969 1.85969
v -7.28000 2.25969 1.85969
v -7.28000 2.25969 1.85969
v -7.20000 2.25969 1.85969
v -7.20000 1.94588 2.12771
v -7.28000 1.94588 2.12771
v -7.28000 1.94588 2.12771
v -7.20000 1.94588 2.12771
v -7.20000 1.59400 2.34335
v -7.28000 1.59400 2.34335
v -7.28000 1.59400 2.34335
v -7.20000 1.59400 2.34335
v -7.20000 1.21271 2.50128
v -7.28000 1.21271 2.50128
v -7.28000 1.21271 2.50128
v -7.20000 1.21271 2.50128
v -7.20000 0.81142 2.59762
v -7.28000 0.81142 2.59762
v -7.28000 0.81142 2.59762
v -7.20000 0.81142 2.59762
v -7.20000 0.40000 2.63000
v -7.28000 0.40000 2.63000
v -8.40000 -1.45000 -2.69000
v -7.20000 -1.45000 -2.69000
v -7.20000 0.40000 -2.69000
v -8.40000 0.40000 -2.69000
v -7.20000 -1.45000 2.69000
v -8.40000 -1.45000 2.69000
v -8.40000 0.40000 2.69000
v -7.20000 0.40000 2.69000
v -7.20000 0.40000 -2.70000
v -6.08000 0.40000 -2.70000
v -6.08000 0.82237 -2.66676
v -7.20000 0.82237 -2.66676
v -7.20000 0.82237 -2.66676
v -6.08000 0.82237 -2.66676
v -6.08000 1.23435 -2.56785
v -7.20000 1.23435 -2.56785
v -7.20000 1.23435 -2.56785
v -6.08000 1.23435 -2.56785
v -6.08000 1.62577 -2.40572
v -7.20000 1.62577 -2.40572
v -7.20000 1.62577 -2.40572
v -6.08000 1.62577 -2.40572
v -6.08000 1.98702 -2.18435
v -7.20000 1.98702 -2.18435
v -7.20000 1.98702 -2.18435
v -6.08000 1.98702 -2.18435
v -6.08000 2.30919 -1.90919
v -7.20000 2.30919 -1.90919
v -7.20000 2.30919 -1.90919
v -6.08000 2.30919 -1.90919
v -6.08000 2.58435 -1.58702
v -7.20000 2.58435 -1.58702
v -7.20000 2.58435 -1.58702
v -6.08000 2.58435 -1.58702
v -6.08000 2.80572 -1.22577
v -7.20000 2.80572 -1.22577
v -7.20000 2.80572 -1.22577
v -6.08000 2.80572 -1.22577
v -6.08000 2.96785 -0.83435
v -7.20000 2.96785 -0.83435
v -7.20000 2.96785 -0.83435
v -6.08000 2.96785 -0.83435
v -6.08000 3.06676 -0.42237
v -7.20000 3.06676 -0.42237
v -7.20000 3.06676 -0.42237
v -6.08000 3.06676 -0.42237
v -6.08000 3.10000 -0.00000
v -7.20000 3.10000 -0.00000
v -7.20000 3.10000 -0.00000
v -6.08000 3.10000 -0.00000
v -6.08000 3.06676 0.42237
v -7.20000 3.06676 0.42237
v -7.20000 3.06676 0.42237
v -6.08000 3.06676 0.42237
v -6.08000 2.96785 0.83435
v -7.20000 2.96785 0.83435
v -7.20000 2.96785 0.83435
v -6.08000 2.96785 0.83435
v -6.08000 2.80572 1.22577
v -7.20000 2.80572 1.22577
v -7.20000 2.80572 1.22577
v -6.08000 2.80572 1.22577
v -6.08000 2.58435 1.58702
v -7.20000 2.58435 1.58702
v -7.20000 2.58435 1.58702
v -6.08000 2.58435 1.58702
v -6.08000 2.30919 1.90919
v -7.20000 2.30919 1.90919
v -7.20000 2.30919 1.90919
v -6.08000 2.30919 1.90919
v -6.08000 1.98702 2.18435
v -7.20000 1.98702 2.18435
v -7.20000 1.98702 2.18435
v -6.08000 1.98702 2.18435
v -6.08000 1.62577 2.40572
v -7.20000 1.62577 2.40572
v -7.20000 1.62577 2.40572
v -6.08000 1.62577 2.40572
v -6.08000 1.23435 2.56785
v -7.20000 1.23435 2.56785
v -7.20000 1.23435 2.56785
v -6.08000 1.23435 2.56785
v -6.08000 0.82237 2.66676
v -7.20000 0.82237 2.66676
v -7.20000 0.82237 2.66676
v -6.08000 0.82237 2.66676
v -6.08000 0.40000 2.70000
v -7.20000 0.40000 2.70000
v -6.08000 0.40000 -2.63000
v -6.00000 0.40000 -2.63000
v -6.00000 0.81142 -2.59762
v -6.08000 0.81142 -2.59762
v -6.08000 0.81142 -2.59762
v -6.00000 0.81142 -2.59762
v -6.00000 1.21271 -2.50128
v -6.08000 1.21271 -2.50128
v -6.08000 1.21271 -2.50128
v -6.00000 1.21271 -2.50128
v -6.00000 1.59400 -2.34335
v -6.08000 1.59400 -2.34335
v -6.08000 1.59400 -2.34335
v -6.00000 1.59400 -2.34335
v -6.00000 1.94588 -2.12771
v -6.08000 1.94588 -2.12771
v -6.08000 1.94588 -2.12771
v -6.00000 1.94588 -2.12771
v -6.00000 2.25969 -1.85969
v -6.08000 2.25969 -1.85969
v -6.08000 2.25969 -1.85969
v -6.00000 2.25969 -1.85969
v -6.00000 2.52771 -1.54588
v -6.08000 2.52771 -1.54588
v -6.08000 2.52771 -1.54588
v -6.00000 2.52771 -1.54588
v -6.00000 2.74335 -1.19400
v -6.08000 2.74335 -1.19400
v -6.08000 2.74335 -1.19400
v -6.00000 2.74335 -1.19400
v -6.00000 2.90128 -0.81271
v -6.08000 2.90128 -0.81271
v -6.08000 2.90128 -0.81271
v -6.00000 2.90128 -0.81271
v -6.00000 2.99762 -0.41142
v -6.08000 2.99762 -0.41142
v -6.08000 2.99762 -0.41142
v -6.00000 2.99762 -0.41142
v -6.00000 3.03000 -0.00000
v -6.08000 3.03000 -0.00000
v -6.08000 3.03000 -0.00000
v -6.00000 3.03000 -0.00000
v -6.00000 2.99762 0.41142
v -6.08000 2.99762 0.41142
v -6.08000 2.99762 0.41142
v -6.00000 2.99762 0.41142
v -6.00000 2.90128 0.81271
v -6.08000 2.90128 0.81271
v -6.08000 2.90128 0.81271
v -6.00000 2.90128 0.81271
v -6.00000 2.74335 1.19400
v -6.08000 2.74335 1.19400
v -6.08000 2.74335 1.19400
v -6.00000 2.74335 1.19400
v -6.00000 2.52771 1.54588
v -6.08000 2.52771 1.54588
v -6.08000 2.52771 1.54588
v -6.00000 2.52771 1.54588
v -6.00000 2.25969 1.85969
v -6.08000 2.25969 1.85969
v -6.08000 2.25969 1.85969
v -6.00000 2.25969 1.85969
v -6.00000 1.94588 2.12771
v -6.08000 1.94588 2.12771
v -6.08000 1.94588 2.12771
v -6.00000 1.94588 2.12771
v -6.00000 1.59400 2.34335
v -6.08000 1.59400 2.34335
v -6.08000 1.59400 2.34335
v -6.00000 1.59400 2.34335
v -6.00000 1.21271 2.50128
v -6.08000 1.21271 2.50128
v -6.08000 1.21271 2.50128
v -6.00000 1.21271 2.50128
v -6.00000 0.81142 2.59762
v -6.08000 0.81142 2.59762
v -6.08000 0.81142 2.59762
v -6.00000 0.81142 2.59762
v -6.00000 0.40000 2.63000
v -6.08000 0.40000 2.63000
v -7.20000 -1.45000 -2.69000
v -6.00000 -1.45000 -2.69000
v -6.00000 0.40000 -2.69000
v -7.20000 0.40000 -2.69000
v -6.00000 -1.45000 2.69000
v -7.20000 -1.45000 2.69000
v -7.20000 0.40000 2.69000
v -6.00000 0.40000 2.69000
v -6.00000 0.40000 -2.70000
v -4.88000 0.40000 -2.70000
v -4.88000 0.82237 -2.66676
v -6.00000 0.82237 -2.66676
v -6.00000 0.82237 -2.66676
v -4.88000 0.82237 -2.66676
v -4.88000 1.23435 -2.56785
v -6.00000 1.23435 -2.56785
v -6.00000 1.23435 -2.56785
v -4.88000 1.23435 -2.56785
v -4.88000 1.62577 -2.40572
v -6.00000 1.62577 -2.40572
v -6.00000 1.62577 -2.40572
v -4.88000 1.62577 -2.40572
v -4.88000 1.98702 -2.18435
v -6.00000 1.98702 -2.18435
v -6.00000 1.98702 -2.18435
v -4.88000 1.98702 -2.18435
v -4.88000 2.30919 -1.90919
v -6.00000 2.30919 -1.90919
v -6.00000 2.30919 -1.90919
v -4.88000 2.30919 -1.90919
v -4.88000 2.58435 -1.58702
v -6.00000 2.58435 -1.58702
v -6.00000 2.58435 -1.58702
v -4.88000 2.58435 -1.58702
v -4.88000 2.80572 -1.22577
v -6.00000 2.80572 -1.22577
v -6.00000 2.80572 -1.22577
v -4.88000 2.80572 -1.22577
v -4.88000 2.96785 -0.83435
v -6.00000 2.96785 -0.83435
v -6.00000 2.96785 -0.83435
v -4.88000 2.96785 -0.83435
v -4.88000 3.06676 -0.42237
v -6.00000 3.06676 -0.42237
v -6.00000 3.06676 -0.42237
v -4.88000 3.06676 -0.42237
v -4.88000 3.10000 -0.00000
v -6.00000 3.10000 -0.00000
v -6.00000 3.10000 -0.00000
v -4.88000 3.10000 -0.00000
v -4.88000 3.06676 0.42237
v -6.00000 3.06676 0.42237
v -6.00000 3.06676 0.42237
v -4.88000 3.06676 0.42237
v -4.88000 2.96785 0.83435
v -6.00000 2.96785 0.83435
v -6.00000 2.96785 0.83435
v -4.88000 2.96785 0.83435
v -4.88000 2.80572 1.22577
v -6.00000 2.80572 1.22577
v -6.00000 2.80572 1.22577
v -4.88000 2.80572 1.22577
v -4.88000 2.58435 1.58702
v -6.00000 2.58435 1.58702
v -6.00000 2.58435 1.58702
v -4.88000 2.58435 1.58702
v -4.88000 2.30919 1.90919
v -6.00000 2.30919 1.90919
v -6.00000 2.30919 1.90919
v -4.88000 2.30919 1.90919
v -4.88000 1.98702 2.18435
v -6.00000 1.98702 2.18435
v -6.00000 1.98702 2.18435
v -4.88000 1.98702 2.18435
v -4.88000 1.62577 2.40572
v -6.00000 1.62577 2.40572
v -6.00000 1.62577 2.40572
v -4.88000 1.62577 2.40572
v -4.88000 1.23435 2.56785
v -6.00000 1.23435 2.56785
v -6.00000 1.23435 2.56785
v -4.88000 1.23435 2.56785
v -4.88000 0.82237 2.66676
v -6.00000 0.82237 2.66676
v -6.00000 0.82237 2.66676
v -4.88000 0.82237 2.66676
v -4.88000 0.40000 2.70000
v -6.00000 0.40000 2.70000
v -4.88000 0.40000 -2.63000
v -4.80000 0.40000 -2.63000
v -4.80000 0.81142 -2.59762
v -4.88000 0.81142 -2.59762
v -4.88000 0.81142 -2.59762
v -4.80000 0.81142 -2.59762
v -4.80000 1.21271 -2.50128
v -4.88000 1.21271 -2.50128
v -4.88000 1.21271 -2.50128
v -4.80000 1.21271 -2.50128
v -4.80000 1.59400 -2.34335
v -4.88000 1.59400 -2.34335
v -4.88000 1.59400 -2.34335
v -4.80000 1.59400 -2.34335
v -4.80000 1.94588 -2.12771
v -4.88000 1.94588 -2.12771
v -4.88000 1.94588 -2.12771
v -4.80000 1.94588 -2.12771
v -4.80000 2.25969 -1.85969
v -4.88000 2.25969 -1.85969
v -4.88000 2.25969 -1.85969
v -4.80000 2.25969 -1.85969
v -4.80000 2.52771 -1.54588
v -4.88000 2.52771 -1.54588
v -4.88000 2.52771 -1.54588
v -4.80000 2.52771 -1.54588
v -4.80000 2.74335 -1.19400
v -4.88000 2.74335 -1.19400
v -4.88000 2.74335 -1.19400
v -4.80000 2.74335 -1.19400
v -4.80000 2.90128 -0.81271
v -4.88000 2.90128 -0.81271
v -4.88000 2.90128 -0.81271
v -4.80000 2.90128 -0.81271
v -4.80000 2.99762 -0.41142
v -4.88000 2.99762 -0.41142
v -4.88000 2.99762 -0.41142
v -4.80000 2.99762 -0.41142
v -4.80000 3.03000 -0.00000
v -4.88000 3.03000 -0.00000
v -4.88000 3.03000 -0.00000
v -4.80000 3.03000 -0.00000
v -4.80000 2.99762 0.41142
v -4.88000 2.99762 0.41142
v -4.88000 2.99762 0.41142
v -4.80000 2.99762 0.41142
v -4.80000 2.90128 0.81271
v -4.88000 2.90128 0.81271
v -4.88000 2.90128 0.81271
v -4.80000 2.90128 0.81271
v -4.80000 2.74335 1.19400
v -4.88000 2.74335 1.19400
v -4.88000 2.74335 1.19400
v -4.80000 2.74335 1.19400
v -4.80000 2.52771 1.54588
v -4.88000 2.52771 1.54588
v -4.88000 2.52771 1.54588
v -4.80000 2.52771 1.54588
v -4.80000 2.25969 1.85969
v -4.88000 2.25969 1.85969
v -4.88000 2.25969 1.85969
v -4.80000 2.25969 1.85969
v -4.80000 1.94588 2.12771
v -4.88000 1.94588 2.12771
v -4.88000 1.94588 2.12771
v -4.80000 1.94588 2.12771
v -4.80000 1.59400 2.34335
v -4.88000 1.59400 2.34335
v -4.88000 1.59400 2.34335
v -4.80000 1.59400 2.34335
v -4.80000 1.21271 2.50128
v -4.88000 1.21271 2.50128
v -4.88000 1.21271 2.50128
v -4.80000 1.21271 2.50128
v -4.80000 0.81142 2.59762
v -4.88000 0.81142 2.59762
v -4.88000 0.81142 2.59762
v -4.80000 0.81142 2.59762
v -4.80000 0.40000 2.63000
v -4.88000 0.40000 2.63000
v -6.00000 -1.45000 -2.69000
v -4.80000 -1.45000 -2.69000
v -4.80000 0.40000 -2.69000
v -6.00000 0.40000 -2.69000
v -4.80000 -1.45000 2.69000
v -6.00000 -1.45000 2.69000
v -6.00000 0.40000 2.69000
v -4.80000 0.40000 2.69000
v -4.80000 0.40000 -2.70000
v -3.68000 0.40000 -2.70000
v -3.68000 0.82237 -2.66676
v -4.80000 0.82237 -2.66676
v -4.80000 0.82237 -2.66676
v -3.68000 0.82237 -2.66676
v -3.68000 1.23435 -2.56785
v -4.80000 1.23435 -2.56785
v -4.80000 1.23435 -2.56785
v -3.68000 1.23435 -2.56785
v -3.68000 1.62577 -2.40572
v -4.80000 1.62577 -2.40572
v -4.80000 1.62577 -2.40572
v -3.68000 1.62577 -2.40572
v -3.68000 1.98702 -2.18435
v -4.80000 1.98702 -2.18435
v -4.80000 1.98702 -2.18435
v -3.68000 1.98702 -2.18435
v -3.68000 2.30919 -1.90919
v -4.80000 2.30919 -1.90919
v -4.80000 2.30919 -1.90919
v -3.68000 2.30919 -1.90919
v -3.68000 2.58435 -1.58702
v -4.80000 2.58435 -1.58702
v -4.80000 2.58435 -1.58702
v -3.68000 2.58435 -1.58702
v -3.68000 2.80572 -1.22577
v -4.80000 2.80572 -1.22577
v -4.80000 2.80572 -1.22577
v -3.68000 2.80572 -1.22577
v -3.68000 2.96785 -0.83435
v -4.80000 2.96785 -0.83435
v -4.80000 2.96785 -0.83435
v -3.68000 2.96785 -0.83435
v -3.68000 3.06676 -0.42237
v -4.80000 3.06676 -0.42237
v -4.80000 3.06676 -0.42237
v -3.68000 3.06676 -0.42237
v -3.68000 3.10000 -0.00000
v -4.80000 3.10000 -0.00000
v -4.80000 3.10000 -0.00000
v -3.68000 3.10000 -0.00000
v -3.68000 3.06676 0.42237
v -4.80000 3.06676 0.42237
v -4.80000 3.06676 0.42237
v -3.68000 3.06676 0.42237
v -3.68000 2.96785 0.83435
v -4.80000 2.96785 0.83435
v -4.80000 2.96785 0.83435
v -3.68000 2.96785 0.83435
v -3.68000 2.80572 1.22577
v -4.80000 2.80572 1.22577
v -4.80000 2.80572 1.22577
v -3.68000 2.80572 1.22577
v -3.68000 2.58435 1.58702
v -4.80000 2.58435 1.58702
v -4.80000 2.58435 1.58702
v -3.68000 2.58435 1.58702
v -3.68000 2.30919 1.90919
v -4.80000 2.30919 1.90919
v -4.80000 2.30919 1.90919
v -3.68000 2.30919 1.90919
v -3.68000 1.98702 2.18435
v -4.80000 1.98702 2.18435
v -4.80000 1.98702 2.18435
v -3.68000 1.98702 2.18435
v -3.68000 1.62577 2.40572
v -4.80000 1.62577 2.40572
v -4.80000 1.62577 2.40572
v -3.68000 1.62577 2.40572
v -3.68000 1.23435 2.56785
v -4.80000 1.23435 2.56785
v -4.80000 1.23435 2.56785
v -3.68000 1.23435 2.56785
v -3.68000 0.82237 2.66676
v -4.80000 0.82237 2.66676
v -4.80000 0.82237 2.66676
v -3.68000 0.82237 2.66676
v -3.68000 0.40000 2.70000
v -4.80000 0.40000 2.70000
v -3.68000 0.40000 -2.63000
v -3.60000 0.40000 -2.63000
v -3.60000 0.81142 -2.59762
v -3.68000 0.81142 -2.59762
v -3.68000 0.81142 -2.59762
v -3.60000 0.81142 -2.59762
v -3.60000 1.21271 -2.50128
v -3.68000 1.21271 -2.50128
v -3.68000 1.21271 -2.50128
v -3.60000 1.21271 -2.50128
v -3.60000 1.59400 -2.34335
v -3.68000 1.59400 -2.34335
v -3.68000 1.59400 -2.34335
v -3.60000 1.59400 -2.34335
v -3.60000 1.94588 -2.12771
v -3.68000 1.94588 -2.12771
v -3.68000 1.94588 -2.12771
v -3.60000 1.94588 -2.12771
v -3.60000 2.25969 -1.85969
v -3.68000 2.25969 -1.85969
v -3.68000 2.25969 -1.85969
v -3.60000 2.25969 -1.85969
v -3.60000 2.52771 -1.54588
v -3.68000 2.52771 -1.54588
v -3.68000 2.52771 -1.54588
v -3.60000 2.52771 -1.54588
v -3.60000 2.74335 -1.19400
v -3.68000 2.74335 -1.19400
v -3.68000 2.74335 -1.19400
v -3.60000 2.74335 -1.19400
v -3.60000 2.90128 -0.81271
v -3.68000 2.90128 -0.81271
v -3.68000 2.90128 -0.81271
v -3.60000 2.90128 -0.81271
v -3.60000 2.99762 -0.41142
v -3.68000 2.99762 -0.41142
v -3.68000 2.99762 -0.41142
v -3.60000 2.99762 -0.41142
v -3.60000 3.03000 -0.00000
v -3.68000 3.03000 -0.00000
v -3.68000 3.03000 -0.00000
v -3.60000 3.03000 -0.00000
v -3.60000 2.99762 0.41142
v -3.68000 2.99762 0.41142
v -3.68000 2.99762 0.41142
v -3.60000 2.99762 0.41142
v -3.60000 2.90128 0.81271
v -3.68000 2.90128 0.81271
v -3.68000 2.90128 0.81271
v -3.60000 2.90128 0.81271
v -3.60000 2.74335 1.19400
v -3.68000 2.74335 1.19400
v -3.68000 2.74335 1.19400
v -3.60000 2.74335 1.19400
v -3.60000 2.52771 1.54588
v -3.68000 2.52771 1.54588
v -3.68000 2.52771 1.54588
v -3.60000 2.52771 1.54588
v -3.60000 2.25969 1.85969
v -3.68000 2.25969 1.85969
v -3.68000 2.25969 1.85969
v -3.60000 2.25969 1.85969
v -3.60000 1.94588 2.12771
v -3.68000 1.94588 2.12771
v -3.68000 1.94588 2.12771
v -3.60000 1.94588 2.12771
v -3.60000 1.59400 2.34335
v -3.68000 1.59400 2.34335
v -3.68000 1.59400 2.34335
v -3.60000 1.59400 2.34335
v -3.60000 1.21271 2.50128
v -3.68000 1.21271 2.50128
v -3.68000 1.21271 2.50128
v -3.60000 1.21271 2.50128
v -3.60000 0.81142 2.59762
v -3.68000 0.81142 2.59762
v -3.68000 0.81142 2.59762
v -3.60000 0.81142 2.59762
v -3.60000 0.40000 2.63000
v -3.68000 0.40000 2.63000
v -4.80000 -1.45000 -2.69000
v -3.60000 -1.45000 -2.69000
v -3.60000 0.40000 -2.69000
v -4.80000 0.40000 -2.69000
v -3.60000 -1.45000 2.69000
v -4.80000 -1.45000 2.69000
v -4.80000 0.40000 2.69000
v -3.60000 0.40000 2.69000
v -3.60000 0.40000 -2.70000
v -2.48000 0.40000 -2.70000
v -2.48000 0.82237 -2.66676
v -3.60000 0.82237 -2.66676
v -3.60000 0.82237 -2.66676
v -2.48000 0.82237 -2.66676
v -2.48000 1.23435 -2.56785
v -3.60000 1.23435 -2.56785
v -3.60000 1.23435 -2.56785
v -2.48000 1.23435 -2.56785
v -2.48000 1.62577 -2.40572
v -3.60000 1.62577 -2.40572
v -3.60000 1.62577 -2.40572
v -2.48000 1.62577 -2.40572
v -2.48000 1.98702 -2.18435
v -3.60000 1.98702 -2.18435
v -3.60000 1.98702 -2.18435
v -2.48000 1.98702 -2.18435
v -2.48000 2.30919 -1.90919
v -3.60000 2.30919 -1.90919
v -3.60000 2.30919 -1.90919
v -2.48000 2.30919 -1.90919
v -2.48000 2.58435 -1.58702
v -3.60000 2.58435 -1.58702
v -3.60000 2.58435 -1.58702
v -2.48000 2.58435 -1.58702
v -2.48000 2.80572 -1.22577
v -3.60000 2.80572 -1.22577
v -3.60000 2.80572 -1.22577
v -2.48000 2.80572 -1.22577
v -2.48000 2.96785 -0.83435
v -3.60000 2.96785 -0.83435
v -3.60000 2.96785 -0.83435
v -2.48000 2.96785 -0.83435
v -2.48000 3.06676 -0.42237
v -3.60000 3.06676 -0.42237
v -3.60000 3.06676 -0.42237
v -2.48000 3.06676 -0.42237
v -2.48000 3.10000 -0.00000
v -3.60000 3.10000 -0.00000
v -3.60000 3.10000 -0.00000
v -2.48000 3.10000 -0.00000
v -2.48000 3.06676 0.42237
v -3.60000 3.06676 0.42237
v -3.60000 3.06676 0.42237
v -2.48000 3.06676 0.42237
v -2.48000 2.96785 0.83435
v -3.60000 2.96785 0.83435
v -3.60000 2.96785 0.83435
v -2.48000 2.96785 0.83435
v -2.48000 2.80572 1.22577
v -3.60000 2.80572 1.22577
v -3.60000 2.80572 1.22577
v -2.48000 2.80572 1.22577
v -2.48000 2.58435 1.58702
v -3.60000 2.58435 1.58702
v -3.60000 2.58435 1.58702
v -2.48000 2.58435 1.58702
v -2.48000 2.30919 1.90919
v -3.60000 2.30919 1.90919
v -3.60000 2.30919 1.90919
v -2.48000 2.30919 1.90919
v -2.48000 1.98702 2.18435
v -3.60000 1.98702 2.18435
v -3.60000 1.98702 2.18435
v -2.48000 1.98702 2.18435
v -2.48000 1.62577 2.40572
v -3.60000 1.62577 2.40572
v -3.60000 1.62577 2.40572
v -2.48000 1.62577 2.40572
v -2.48000 1.23435 2.56785
v -3.60000 1.23435 2.56785
v -3.60000 1.23435 2.56785
v -2.48000 1.23435 2.56785
v -2.48000 0.82237 2.66676
v -3.60000 0.82237 2.66676
v -3.60000 0.82237 2.66676
v -2.48000 0.82237 2.66676
v -2.48000 0.40000 2.70000
v -3.60000 0.40000 2.70000
v -2.48000 0.40000 -2.63000
v -2.40000 0.40000 -2.63000
v -2.40000 0.81142 -2.59762
v -2.48000 0.81142 -2.59762
v -2.48000 0.81142 -2.59762
v -2.40000 0.81142 -2.59762
v -2.40000 1.21271 -2.50128
v -2.48000 1.21271 -2.50128
v -2.48000 1.21271 -2.50128
v -2.40000 1.21271 -2.50128
v -2.40000 1.59400 -2.34335
v -2.48000 1.59400 -2.34335
v -2.48000 1.59400 -2.34335
v -2.40000 1.59400 -2.34335
v -2.40000 1.94588 -2.12771
v -2.48000 1.94588 -2.12771
v -2.48000 1.94588 -2.12771
v -2.40000 1.94588 -2.12771
v -2.40000 2.25969 -1.85969
v -2.48000 2.25969 -1.85969
v -2.48000 2.25969 -1.85969
v -2.40000 2.25969 -1.85969
v -2.40000 2.52771 -1.54588
v -2.48000 2.52771 -1.54588
v -2.48000 2.52771 -1.54588
v -2.40000 2.52771 -1.54588
v -2.40000 2.74335 -1.19400
v -2.48000 2.74335 -1.19400
v -2.48000 2.74335 -1.19400
v -2.40000 2.74335 -1.19400
v -2.40000 2.90128 -0.81271
v -2.48000 2.90128 -0.81271
v -2.48000 2.90128 -0.81271
v -2.40000 2.90128 -0.81271
v -2.40000 2.99762 -0.41142
v -2.48000 2.99762 -0.41142
v -2.48000 2.99762 -0.41142
v -2.40000 2.99762 -0.41142
v -2.40000 3.03000 -0.00000
v -2.48000 3.03000 -0.00000
v -2.48000 3.03000 -0.00000
v -2.40000 3.03000 -0.00000
v -2.40000 2.99762 0.41142
v -2.48000 2.99762 0.41142
v -2.48000 2.99762 0.41142
v -2.40000 2.99762 0.41142
v -2.40000 2.90128 0.81271
v -2.48000 2.90128 0.81271
v -2.48000 2.90128 0.81271
v -2.40000 2.90128 0.81271
v -2.40000 2.74335 1.19400
v -2.48000 2.74335 1.19400
v -2.48000 2.74335 1.19400
v -2.40000 2.74335 1.19400
v -2.40000 2.52771 1.54588
v -2.48000 2.52771 1.54588
v -2.48000 2.52771 1.54588
v -2.40000 2.52771 1.54588
v -2.40000 2.25969 1.85969
v -2.48000 2.25969 1.85969
v -2.48000 2.25969 1.85969
v -2.40000 2.25969 1.85969
v -2.40000 1.94588 2.12771
v -2.48000 1.94588 2.12771
v -2.48000 1.94588 2.12771
v -2.40000 1.94588 2.12771
v -2.40000 1.59400 2.34335
v -2.48000 1.59400 2.34335
v -2.48000 1.59400 2.34335
v -2.40000 1.59400 2.34335
v -2.40000 1.21271 2.50128
v -2.48000 1.21271 2.50128
v -2.48000 1.21271 2.50128
v -2.40000 1.21271 2.50128
v -2.40000 0.81142 2.59762
v -2.48000 0.81142 2.59762
v -2.48000 0.81142 2.59762
v -2.40000 0.81142 2.59762
v -2.40000 0.40000 2.63000
v -2.48000 0.40000 2.63000
v -3.60000 -1.45000 -2.69000
v -2.40000 -1.45000 -2.69000
v -2.40000 0.40000 -2.69000
v -3.60000 0.40000 -2.69000
v -2.40000 -1.45000 2.69000
v -3.60000 -1.45000 2.69000
v -3.60000 0.40000 2.69000
v -2.40000 0.40000 2.69000
v -2.40000 0.40000 -2.70000
v -1.28000 0.40000 -2.70000
v -1.28000 0.82237 -2.66676
v -2.40000 0.82237 -2.66676
v -2.40000 0.82237 -2.66676
v -1.28000 0.82237 -2.66676
v -1.28000 1.23435 -2.56785
v -2.40000 1.23435 -2.56785
v -2.40000 1.23435 -2.56785
v -1.28000 1.23435 -2.56785
v -1.28000 1.62577 -2.40572
v -2.40000 1.62577 -2.40572
v -2.40000 1.62577 -2.40572
v -1.28000 1.62577 -2.40572
v -1.28000 1.98702 -2.18435
v -2.40000 1.98702 -2.18435
v -2.40000 1.98702 -2.18435
v -1.28000 1.98702 -2.18435
v -1.28000 2.30919 -1.90919
v -2.40000 2.30919 -1.90919
v -2.40000 2.30919 -1.90919
v -1.28000 2.30919 -1.90919
v -1.28000 2.58435 -1.58702
v -2.40000 2.58435 -1.58702
v -2.40000 2.58435 -1.58702
v -1.28000 2.58435 -1.58702
v -1.28000 2.80572 -1.22577
v -2.40000 2.80572 -1.22577
v -2.40000 2.80572 -1.22577
v -1.28000 2.80572 -1.22577
v -1.28000 2.96785 -0.83435
v -2.40000 2.96785 -0.83435
v -2.40000 2.96785 -0.83435
v -1.28000 2.96785 -0.83435
v -1.28000 3.06676 -0.42237
v -2.40000 3.06676 -0.42237
v -2.40000 3.06676 -0.42237
v -1.28000 3.06676 -0.42237
v -1.28000 3.10000 -0.00000
v -2.40000 3.10000 -0.00000
v -2.40000 3.10000 -0.00000
v -1.28000 3.10000 -0.00000
v -1.28000 3.06676 0.42237
v -2.40000 3.06676 0.42237
v -2.40000 3.06676 0.42237
v -1.28000 3.06676 0.42237
v -1.28000 2.96785 0.83435
v -2.40000 2.96785 0.83435
v -2.40000 2.96785 0.83435
v -1.28000 2.96785 0.83435
v -1.28000 2.80572 1.22577
v -2.40000 2.80572 1.22577
v -2.40000 2.80572 1.22577
v -1.28000 2.80572 1.22577
v -1.28000 2.58435 1.58702
v -2.40000 2.58435 1.58702
v -2.40000 2.58435 1.58702
v -1.28000 2.58435 1.58702
v -1.28000 2.30919 1.90919
v -2.40000 2.30919 1.90919
v -2.40000 2.30919 1.90919
v -1.28000 2.30919 1.90919
v -1.28000 1.98702 2.18435
v -2.40000 1.98702 2.18435
v -2.40000 1.98702 2.18435
v -1.28000 1.98702 2.18435
v -1.28000 1.62577 2.40572
v -2.40000 1.62577 2.40572
v -2.40000 1.62577 2.40572
v -1.28000 1.62577 2.40572
v -1.28000 1.23435 2.56785
v -2.40000 1.23435 2.56785
v -2.40000 1.23435 2.56785
v -1.28000 1.23435 2.56785
v -1.28000 0.82237 2.66676
v -2.40000 0.82237 2.66676
v -2.40000 0.82237 2.66676
v -1.28000 0.82237 2.66676
v -1.28000 0.40000 2.70000
v -2.40000 0.40000 2.70000
v -1.28000 0.40000 -2.63000
v -1.20000 0.40000 -2.63000
v -1.20000 0.81142 -2.59762
v -1.28000 0.81142 -2.59762
v -1.28000 0.81142 -2.59762
v -1.20000 0.81142 -2.59762
v -1.20000 1.21271 -2.50128
v -1.28000 1.21271 -2.50128
v -1.28000 1.21271 -2.50128
v -1.20000 1.21271 -2.50128
v -1.20000 1.59400 -2.34335
v -1.28000 1.59400 -2.34335
v -1.28000 1.59400 -2.34335
v -1.20000 1.59400 -2.34335
v -1.20000 1.94588 -2.12771
v -1.28000 1.94588 -2.12771
v -1.28000 1.94588 -2.12771
v -1.20000 1.94588 -2.12771
v -1.20000 2.25969 -1.85969
v -1.28000 2.25969 -1.85969
v -1.28000 2.25969 -1.85969
v -1.20000 2.25969 -1.85969
v -1.20000 2.52771 -1.54588
v -1.28000 2.52771 -1.54588
v -1.28000 2.52771 -1.54588
v -1.20000 2.52771 -1.54588
v -1.20000 2.74335 -1.19400
v -1.28000 2.74335 -1.19400
v -1.28000 2.74335 -1.19400
v -1.20000 2.74335 -1.19400
v -1.20000 2.90128 -0.81271
v -1.28000 2.90128 -0.81271
v -1.28000 2.90128 -0.81271
v -1.20000 2.90128 -0.81271
v -1.20000 2.99762 -0.41142
v -1.28000 2.99762 -0.41142
v -1.28000 2.99762 -0.41142
v -1.20000 2.99762 -0.41142
v -1.20000 3.03000 -0.00000
v -1.28000 3.03000 -0.00000
v -1.28000 3.03000 -0.00000
v -1.20000 3.03000 -0.00000
v -1.20000 2.99762 0.41142
v -1.28000 2.99762 0.41142
v -1.28000 2.99762 0.41142
v -1.20000 2.99762 0.41142
v -1.20000 2.90128 0.81271
v -1.28000 2.90128 0.81271
v -1.28000 2.90128 0.81271
v -1.20000 2.90128 0.81271
v -1.20000 2.74335 1.19400
v -1.28000 2.74335 1.19400
v -1.28000 2.74335 1.19400
v -1.20000 2.74335 1.19400
v -1.20000 2.52771 1.54588
v -1.28000 2.52771 1.54588
v -1.28000 2.52771 1.54588
v -1.20000 2.52771 1.54588
v -1.20000 2.25969 1.85969
v -1.28000 2.25969 1.85969
v -1.28000 2.25969 1.85969
v -1.20000 2.25969 1.85969
v -1.20000 1.94588 2.12771
v -1.28000 1.94588 2.12771
v -1.28000 1.94588 2.12771
v -1.20000 1.94588 2.12771
v -1.20000 1.59400 2.34335
v -1.28000 1.59400 2.34335
v -1.28000 1.59400 2.34335
v -1.20000 1.59400 2.34335
v -1.20000 1.21271 2.50128
v -1.28000 1.21271 2.50128
v -1.28000 1.21271 2.50128
v -1.20000 1.21271 2.50128
v -1.20000 0.81142 2.59762
v -1.28000 0.81142 2.59762
v -1.28000 0.81142 2.59762
v -1.20000 0.81142 2.59762
v -1.20000 0.40000 2.63000
v -1.28000 0.40000 2.63000
v -2.40000 -1.45000 -2.69000
v -1.20000 -1.45000 -2.69000
v -1.20000 0.40000 -2.69000
v -2.40000 0.40000 -2.69000
v -1.20000 -1.45000 2.69000
v -2.40000 -1.45000 2.69000
v -2.40000 0.40000 2.69000
v -1.20000 0.40000 2.69000
v -1.20000 0.40000 -2.70000
v -0.08000 0.40000 -2.70000
v -0.08000 0.82237 -2.66676
v -1.20000 0.82237 -2.66676
v -1.20000 0.82237 -2.66676
v -0.08000 0.82237 -2.66676
v -0.08000 1.23435 -2.56785
v -1.20000 1.23435 -2.56785
v -1.20000 1.23435 -2.56785
v -0.08000 1.23435 -2.56785
v -0.08000 1.62577 -2.40572
v -1.20000 1.62577 -2.40572
v -1.20000 1.62577 -2.40572
v -0.08000 1.62577 -2.40572
v -0.08000 1.98702 -2.18435
v -1.20000 1.98702 -2.18435
v -1.20000 1.98702 -2.18435
v -0.08000 1.98702 -2.18435
v -0.08000 2.30919 -1.90919
v -1.20000 2.30919 -1.90919
v -1.20000 2.30919 -1.90919
v -0.08000 2.30919 -1.90919
v -0.08000 2.58435 -1.58702
v -1.20000 2.58435 -1.58702
v -1.20000 2.58435 -1.58702
v -0.08000 2.58435 -1.58702
v -0.08000 2.80572 -1.22577
v -1.20000 2.80572 -1.22577
v -1.20000 2.80572 -1.22577
v -0.08000 2.80572 -1.22577
v -0.08000 2.96785 -0.83435
v -1.20000 2.96785 -0.83435
v -1.20000 2.96785 -0.83435
v -0.08000 2.96785 -0.83435
v -0.08000 3.06676 -0.42237
v -1.20000 3.06676 -0.42237
v -1.20000 3.06676 -0.42237
v -0.08000 3.06676 -0.42237
v -0.08000 3.10000 -0.00000
v -1.20000 3.10000 -0.00000
v -1.20000 3.10000 -0.00000
v -0.08000 3.10000 -0.00000
v -0.08000 3.06676 0.42237
v -1.20000 3.06676 0.42237
v -1.20000 3.06676 0.42237
v -0.08000 3.06676 0.42237
v -0.08000 2.96785 0.83435
v -1.20000 2.96785 0.83435
v -1.20000 2.96785 0.83435
v -0.08000 2.96785 0.83435
v -0.08000 2.80572 1.22577
v -1.20000 2.80572 1.22577
v -1.20000 2.80572 1.22577
v -0.08000 2.80572 1.22577
v -0.08000 2.58435 1.58702
v -1.20000 2.58435 1.58702
v -1.20000 2.58435 1.58702
v -0.08000 2.58435 1.58702
v -0.08000 2.30919 1.90919
v -1.20000 2.30919 1.90919
v -1.20000 2.30919 1.90919
v -0.08000 2.30919 1.90919
v -0.08000 1.98702 2.18435
v -1.20000 1.98702 2.18435
v -1.20000 1.98702 2.18435
v -0.08000 1.98702 2.18435
v -0.08000 1.62577 2.40572
v -1.20000 1.62577 2.40572
v -1.20000 1.62577 2.40572
v -0.08000 1.62577 2.40572
v -0.08000 1.23435 2.56785
v -1.20000 1.23435 2.56785
v -1.20000 1.23435 2.56785
v -0.08000 1.23435 2.56785
v -0.08000 0.82237 2.66676
v -1.20000 0.82237 2.66676
v -1.20000 0.82237 2.66676
v -0.08000 0.82237 2.66676
v -0.08000 0.40000 2.70000
v -1.20000 0.40000 2.70000
v -0.08000 0.40000 -2.63000
v -0.00000 0.40000 -2.63000
v -0.00000 0.81142 -2.59762
v -0.08000 0.81142 -2.59762
v -0.08000 0.81142 -2.59762
v -0.00000 0.81142 -2.59762
v -0.00000 1.21271 -2.50128
v -0.08000 1.21271 -2.50128
v -0.08000 1.21271 -2.50128
v -0.00000 1.21271 -2.50128
v -0.00000 1.59400 -2.34335
v -0.08000 1.59400 -2.34335
v -0.08000 1.59400 -2.34335
v -0.00000 1.59400 -2.34335
v -0.00000 1.94588 -2.12771
v -0.08000 1.94588 -2.12771
v -0.08000 1.94588 -2.12771
v -0.00000 1.94588 -2.12771
v -0.00000 2.25969 -1.85969
v -0.08000 2.25969 -1.85969
v -0.08000 2.25969 -1.85969
v -0.00000 2.25969 -1.85969
v -0.00000 2.52771 -1.54588
v -0.08000 2.52771 -1.54588
v -0.08000 2.52771 -1.54588
v -0.00000 2.52771 -1.54588
v -0.00000 2.74335 -1.19400
v -0.08000 2.74335 -1.19400
v -0.08000 2.74335 -1.19400
v -0.00000 2.74335 -1.19400
v -0.00000 2.90128 -0.81271
v -0.08000 2.90128 -0.81271
v -0.08000 2.90128 -0.81271
v -0.00000 2.90128 -0.81271
v -0.00000 2.99762 -0.41142
v -0.08000 2.99762 -0.41142
v -0.08000 2.99762 -0.41142
v -0.00000 2.99762 -0.41142
v -0.00000 3.03000 -0.00000
v -0.08000 3.03000 -0.00000
v -0.08000 3.03000 -0.00000
v -0.00000 3.03000 -0.00000
v -0.00000 2.99762 0.41142
v -0.08000 2.99762 0.41142
v -0.08000 2.99762 0.41142
v -0.00000 2.99762 0.41142
v -0.00000 2.90128 0.81271
v -0.08000 2.90128 0.81271
v -0.08000 2.90128 0.81271
v -0.00000 2.90128 0.81271
v -0.00000 2.74335 1.19400
v -0.08000 2.74335 1.19400
v -0.08000 2.74335 1.19400
v -0.00000 2.74335 1.19400
v -0.00000 2.52771 1.54588
v -0.08000 2.52771 1.54588
v -0.08000 2.52771 1.54588
v -0.00000 2.52771 1.54588
v -0.00000 2.25969 1.85969
v -0.08000 2.25969 1.85969
v -0.08000 2.25969 1.85969
v -0.00000 2.25969 1.85969
v -0.00000 1.94588 2.12771
v -0.08000 1.94588 2.12771
v -0.08000 1.94588 2.12771
v -0.00000 1.94588 2.12771
v -0.00000 1.59400 2.34335
v -0.08000 1.59400 2.34335
v -0.08000 1.59400 2.34335
v -0.00000 1.59400 2.34335
v -0.00000 1.21271 2.50128
v -0.08000 1.21271 2.50128
v -0.08000 1.21271 2.50128
v -0.00000 1.21271 2.50128
v -0.00000 0.81142 2.59762
v -0.08000 0.81142 2.59762
v -0.08000 0.81142 2.59762
v -0.00000 0.81142 2.59762
v -0.00000 0.40000 2.63000
v -0.08000 0.40000 2.63000
v -1.20000 -1.45000 -2.69000
v -0.00000 -1.45000 -2.69000
v -0.00000 0.40000 -2.69000
v -1.20000 0.40000 -2.69000
v -0.00000 -1.45000 2.69000
v -1.20000 -1.45000 2.69000
v -1.20000 0.40000 2.69000
v -0.00000 0.40000 2.69000
v -0.00000 0.40000 -2.70000
v 1.12000 0.40000 -2.70000
v 1.12000 0.82237 -2.66676
v -0.00000 0.82237 -2.66676
v -0.00000 0.82237 -2.66676
v 1.12000 0.82237 -2.66676
v 1.12000 1.23435 -2.56785
v -0.00000 1.23435 -2.56785
v -0.00000 1.23435 -2.56785
v 1.12000 1.23435 -2.56785
v 1.12000 1.62577 -2.40572
v -0.00000 1.62577 -2.40572
v -0.00000 1.62577 -2.40572
v 1.12000 1.62577 -2.40572
v 1.12000 1.98702 -2.18435
v -0.00000 1.98702 -2.18435
v -0.00000 1.98702 -2.18435
v 1.12000 1.98702 -2.18435
v 1.12000 2.30919 -1.90919
v -0.00000 2.30919 -1.90919
v -0.00000 2.30919 -1.90919
v 1.12000 2.30919 -1.90919
v 1.12000 2.58435 -1.58702
v -0.00000 2.58435 -1.58702
v -0.00000 2.58435 -1.58702
v 1.12000 2.58435 -1.58702
v 1.12000 2.80572 -1.22577
v -0.00000 2.80572 -1.22577
v -0.00000 2.80572 -1.22577
v 1.12000 2.80572 -1.22577
v 1.12000 2.96785 -0.83435
v -0.00000 2.96785 -0.83435
v -0.00000 2.96785 -0.83435
v 1.12000 2.96785 -0.83435
v 1.12000 3.06676 -0.42237
v -0.00000 3.06676 -0.42237
v -0.00000 3.06676 -0.42237
v 1.12000 3.06676 -0.42237
v 1.12000 3.10000 -0.00000
v -0.00000 3.10000 -0.00000
v -0.00000 3.10000 -0.00000
v 1.12000 3.10000 -0.00000
v 1.12000 3.06676 0.42237
v -0.00000 3.06676 0.42237
v -0.00000 3.06676 0.42237
v 1.12000 3.06676 0.42237
v 1.12000 2.96785 0.83435
v -0.00000 2.96785 0.83435
v -0.00000 2.96785 0.83435
v 1.12000 2.96785 0.83435
v 1.12000 2.80572 1.22577
v -0.00000 2.80572 1.22577
v -0.00000 2.80572 1.22577
v 1.12000 2.80572 1.22577
v 1.12000 2.58435 1.58702
v -0.00000 2.58435 1.58702
v -0.00000 2.58435 1.58702
v 1.12000 2.58435 1.58702
v 1.12000 2.30919 1.90919
v -0.00000 2.30919 1.90919
v -0.00000 2.30919 1.90919
v 1.12000 2.30919 1.90919
v 1.12000 1.98702 2.18435
v -0.00000 1.98702 2.18435
v -0.00000 1.98702 2.18435
v 1.12000 1.98702 2.18435
v 1.12000 1.62577 2.40572
v -0.00000 1.62577 2.40572
v -0.00000 1.62577 2.40572
v 1.12000 1.62577 2.40572
v 1.12000 1.23435 2.56785
v -0.00000 1.23435 2.56785
v -0.00000 1.23435 2.56785
v 1.12000 1.23435 2.56785
v 1.12000 0.82237 2.66676
v -0.00000 0.82237 2.66676
v -0.00000 0.82237 2.66676
v 1.12000 0.82237 2.66676
v 1.12000 0.40000 2.70000
v -0.00000 0.40000 2.70000
v 1.12000 0.40000 -2.63000
v 1.20000 0.40000 -2.63000
v 1.20000 0.81142 -2.59762
v 1.12000 0.81142 -2.59762
v 1.12000 0.81142 -2.59762
v 1.20000 0.81142 -2.59762
v 1.20000 1.21271 -2.50128
v 1.12000 1.21271 -2.50128
v 1.12000 1.21271 -2.50128
v 1.20000 1.21271 -2.50128
v 1.20000 1.59400 -2.34335
v 1.12000 1.59400 -2.34335
v 1.12000 1.59400 -2.34335
v 1.20000 1.59400 -2.34335
v 1.20000 1.94588 -2.12771
v 1.12000 1.94588 -2.12771
v 1.12000 1.94588 -2.12771
v 1.20000 1.94588 -2.12771
v 1.20000 2.25969 -1.85969
v 1.12000 2.25969 -1.85969
v 1.12000 2.25969 -1.85969
v 1.20000 2.25969 -1.85969
v 1.20000 2.52771 -1.54588
v 1.12000 2.52771 -1.54588
v 1.12000 2.52771 -1.54588
v 1.20000 2.52771 -1.54588
v 1.20000 2.74335 -1.19400
v 1.12000 2.74335 -1.19400
v 1.12000 2.74335 -1.19400
v 1.20000 2.74335 -1.19400
v 1.20000 2.90128 -0.81271
v 1.12000 2.90128 -0.81271
v 1.12000 2.90128 -0.81271
v 1.20000 2.90128 -0.81271
v 1.20000 2.99762 -0.41142
v 1.12000 2.99762 -0.41142
v 1.12000 2.99762 -0.41142
v 1.20000 2.99762 -0.41142
v 1.20000 3.03000 -0.00000
v 1.12000 3.03000 -0.00000
v 1.12000 3.03000 -0.00000
v 1.20000 3.03000 -0.00000
v 1.20000 2.99762 0.41142
v 1.12000 2.99762 0.41142
v 1.12000 2.99762 0.41142
v 1.20000 2.99762 0.41142
v 1.20000 2.90128 0.81271
v 1.12000 2.90128 0.81271
v 1.12000 2.90128 0.81271
v 1.20000 2.90128 0.81271
v 1.20000 2.74335 1.19400
v 1.12000 2.74335 1.19400
v 1.12000 2.74335 1.19400
v 1.20000 2.74335 1.19400
v 1.20000 2.52771 1.54588
v 1.12000 2.52771 1.54588
v 1.12000 2.52771 1.54588
v 1.20000 2.52771 1.54588
v 1.20000 2.25969 1.85969
v 1.12000 2.25969 1.85969
v 1.12000 2.25969 1.85969
v 1.20000 2.25969 1.85969
v 1.20000 1.94588 2.12771
v 1.12000 1.94588 2.12771
v 1.12000 1.94588 2.12771
v 1.20000 1.94588 2.12771
v 1.20000 1.59400 2.34335
v 1.12000 1.59400 2.34335
v 1.12000 1.59400 2.34335
v 1.20000 1.59400 2.34335
v 1.20000 1.21271 2.50128
v 1.12000 1.21271 2.50128
v 1.12000 1.21271 2.50128
v 1.20000 1.21271 2.50128
v 1.20000 0.81142 2.59762
v 1.12000 0.81142 2.59762
v 1.12000 0.81142 2.59762
v 1.20000 0.81142 2.59762
v 1.20000 0.40000 2.63000
v 1.12000 0.40000 2.63000
v -0.00000 -1.45000 -2.69000
v 1.20000 -1.45000 -2.69000
v 1.20000 0.40000 -2.69000
v -0.00000 0.40000 -2.69000
v 1.20000 -1.45000 2.69000
v -0.00000 -1.45000 2.69000
v -0.00000 0.40000 2.69000
v 1.20000 0.40000 2.69000
v 1.20000 0.40000 -2.70000
v 2.32000 0.40000 -2.70000
v 2.32000 0.82237 -2.66676
v 1.20000 0.82237 -2.66676
v 1.20000 0.82237 -2.66676
v 2.32000 0.82237 -2.66676
v 2.32000 1.23435 -2.56785
v 1.20000 1.23435 -2.56785
v 1.20000 1.23435 -2.56785
v 2.32000 1.23435 -2.56785
v 2.32000 1.62577 -2.40572
v 1.20000 1.62577 -2.40572
v 1.20000 1.62577 -2.40572
v 2.32000 1.62577 -2.40572
v 2.32000 1.98702 -2.18435
v 1.20000 1.98702 -2.18435
v 1.20000 1.98702 -2.18435
v 2.32000 1.98702 -2.18435
v 2.32000 2.30919 -1.90919
v 1.20000 2.30919 -1.90919
v 1.20000 2.30919 -1.90919
v 2.32000 2.30919 -1.90919
v 2.32000 2.58435 -1.58702
v 1.20000 2.58435 -1.58702
v 1.20000 2.58435 -1.58702
v 2.32000 2.58435 -1.58702
v 2.32000 2.80572 -1.22577
v 1.20000 2.80572 -1.22577
v 1.20000 2.80572 -1.22577
v 2.32000 2.80572 -1.22577
v 2.32000 2.96785 -0.83435
v 1.20000 2.96785 -0.83435
v 1.20000 2.96785 -0.83435
v 2.32000 2.96785 -0.83435
v 2.32000 3.06676 -0.42237
v 1.20000 3.06676 -0.42237
v 1.20000 3.06676 -0.42237
v 2.32000 3.06676 -0.42237
v 2.32000 3.10000 -0.00000
v 1.20000 3.10000 -0.00000
v 1.20000 3.10000 -0.00000
v 2.32000 3.10000 -0.00000
v 2.32000 3.06676 0.42237
v 1.20000 3.06676 0.42237
v 1.20000 3.06676 0.42237
v 2.32000 3.06676 0.42237
v 2.32000 2.96785 0.83435
v 1.20000 2.96785 0.83435
v 1.20000 2.96785 0.83435
v 2.32000 2.96785 0.83435
v 2.32000 2.80572 1.22577
v 1.20000 2.80572 1.22577
v 1.20000 2.80572 1.22577
v 2.32000 2.80572 1.22577
v 2.32000 2.58435 1.58702
v 1.20000 2.58435 1.58702
v 1.20000 2.58435 1.58702
v 2.32000 2.58435 1.58702
v 2.32000 2.30919 1.90919
v 1.20000 2.30919 1.90919
v 1.20000 2.30919 1.90919
v 2.32000 2.30919 1.90919
v 2.32000 1.98702 2.18435
v 1.20000 1.98702 2.18435
v 1.20000 1.98702 2.18435
v 2.32000 1.98702 2.18435
v 2.32000 1.62577 2.40572
v 1.20000 1.62577 2.40572
v 1.20000 1.62577 2.40572
v 2.32000 1.62577 2.40572
v 2.32000 1.23435 2.56785
v 1.20000 1.23435 2.56785
v 1.20000 1.23435 2.56785
v 2.32000 1.23435 2.56785
v 2.32000 0.82237 2.66676
v 1.20000 0.82237 2.66676
v 1.20000 0.82237 2.66676
v 2.32000 0.82237 2.66676
v 2.32000 0.40000 2.70000
v 1.20000 0.40000 2.70000
v 2.32000 0.40000 -2.63000
v 2.40000 0.40000 -2.63000
v 2.40000 0.81142 -2.59762
v 2.32000 0.81142 -2.59762
v 2.32000 0.81142 -2.59762
v 2.40000 0.81142 -2.59762
v 2.40000 1.21271 -2.50128
v 2.32000 1.21271 -2.50128
v 2.32000 1.21271 -2.50128
v 2.40000 1.21271 -2.50128
v 2.40000 1.59400 -2.34335
v 2.32000 1.59400 -2.34335
v 2.32000 1.59400 -2.34335
v 2.40000 1.59400 -2.34335
v 2.40000 1.94588 -2.12771
v 2.32000 1.94588 -2.12771
v 2.32000 1.94588 -2.12771
v 2.40000 1.94588 -2.12771
v 2.40000 2.25969 -1.85969
v 2.32000 2.25969 -1.85969
v 2.32000 2.25969 -1.85969
v 2.40000 2.25969 -1.85969
v 2.40000 2.52771 -1.54588
v 2.32000 2.52771 -1.54588
v 2.32000 2.52771 -1.54588
v 2.40000 2.52771 -1.54588
v 2.40000 2.74335 -1.19400
v 2.32000 2.74335 -1.19400
v 2.32000 2.74335 -1.19400
v 2.40000 2.74335 -1.19400
v 2.40000 2.90128 -0.81271
v 2.32000 2.90128 -0.81271
v 2.32000 2.90128 -0.81271
v 2.40000 2.90128 -0.81271
v 2.40000 2.99762 -0.41142
v 2.32000 2.99762 -0.41142
v 2.32000 2.99762 -0.41142
v 2.40000 2.99762 -0.41142
v 2.40000 3.03000 -0.00000
v 2.32000 3.03000 -0.00000
v 2.32000 3.03000 -0.00000
v 2.40000 3.03000 -0.00000
v 2.40000 2.99762 0.41142
v 2.32000 2.99762 0.41142
v 2.32000 2.99762 0.41142
v 2.40000 2.99762 0.41142
v 2.40000 2.90128 0.81271
v 2.32000 2.90128 0.81271
v 2.32000 2.90128 0.81271
v 2.40000 2.90128 0.81271
v 2.40000 2.74335 1.19400
v 2.32000 2.74335 1.19400
v 2.32000 2.74335 1.19400
v 2.40000 2.74335 1.19400
v 2.40000 2.52771 1.54588
v 2.32000 2.52771 1.54588
v 2.32000 2.52771 1.54588
v 2.40000 2.52771 1.54588
v 2.40000 2.25969 1.85969
v 2.32000 2.25969 1.85969
v 2.32000 2.25969 1.85969
v 2.40000 2.25969 1.85969
v 2.40000 1.94588 2.12771
v 2.32000 1.94588 2.12771
v 2.32000 1.94588 2.12771
v 2.40000 1.94588 2.12771
v 2.40000 1.59400 2.34335
v 2.32000 1.59400 2.34335
v 2.32000 1.59400 2.34335
v 2.40000 1.59400 2.34335
v 2.40000 1.21271 2.50128
v 2.32000 1.21271 2.50128
v 2.32000 1.21271 2.50128
v 2.40000 1.21271 2.50128
v 2.40000 0.81142 2.59762
v 2.32000 0.81142 2.59762
v 2.32000 0.81142 2.59762
v 2.40000 0.81142 2.59762
v 2.40000 0.40000 2.63000
v 2.32000 0.40000 2.63000
v 1.20000 -1.45000 -2.69000
v 2.40000 -1.45000 -2.69000
v 2.40000 0.40000 -2.69000
v 1.20000 0.40000 -2.69000
v 2.40000 -1.45000 2.69000
v 1.20000 -1.45000 2.69000
v 1.20000 0.40000 2.69000
v 2.40000 0.40000 2.69000
v 2.40000 0.40000 -2.70000
v 3.52000 0.40000 -2.70000
v 3.52000 0.82237 -2.66676
v 2.40000 0.82237 -2.66676
v 2.40000 0.82237 -2.66676
v 3.52000 0.82237 -2.66676
v 3.52000 1.23435 -2.56785
v 2.40000 1.23435 -2.56785
v 2.40000 1.23435 -2.56785
v 3.52000 1.23435 -2.56785
v 3.52000 1.62577 -2.40572
v 2.40000 1.62577 -2.40572
v 2.40000 1.62577 -2.40572
v 3.52000 1.62577 -2.40572
v 3.52000 1.98702 -2.18435
v 2.40000 1.98702 -2.18435
v 2.40000 1.98702 -2.18435
v 3.52000 1.98702 -2.18435
v 3.52000 2.30919 -1.90919
v 2.40000 2.30919 -1.90919
v 2.40000 2.30919 -1.90919
v 3.52000 2.30919 -1.90919
v 3.52000 2.58435 -1.58702
v 2.40000 2.58435 -1.58702
v 2.40000 2.58435 -1.58702
v 3.52000 2.58435 -1.58702
v 3.52000 2.80572 -1.22577
v 2.40000 2.80572 -1.22577
v 2.40000 2.80572 -1.22577
v 3.52000 2.80572 -1.22577
v 3.52000 2.96785 -0.83435
v 2.40000 2.96785 -0.83435
v 2.40000 2.96785 -0.83435
v 3.52000 2.96785 -0.83435
v 3.52000 3.06676 -0.42237
v 2.40000 3.06676 -0.42237
v 2.40000 3.06676 -0.42237
v 3.52000 3.06676 -0.42237
v 3.52000 3.10000 -0.00000
v 2.40000 3.10000 -0.00000
v 2.40000 3.10000 -0.00000
v 3.52000 3.10000 -0.00000
v 3.52000 3.06676 0.42237
v 2.40000 3.06676 0.42237
v 2.40000 3.06676 0.42237
v 3.52000 3.06676 0.42237
v 3.52000 2.96785 0.83435
v 2.40000 2.96785 0.83435
v 2.40000 2.96785 0.83435
v 3.52000 2.96785 0.83435
v 3.52000 2.80572 1.22577
v 2.40000 2.80572 1.22577
v 2.40000 2.80572 1.22577
v 3.52000 2.80572 1.22577
v 3.52000 2.58435 1.58702
v 2.40000 2.58435 1.58702
v 2.40000 2.58435 1.58702
v 3.52000 2.58435 1.58702
v 3.52000 2.30919 1.90919
v 2.40000 2.30919 1.90919
v 2.40000 2.30919 1.90919
v 3.52000 2.30919 1.90919
v 3.52000 1.98702 2.18435
v 2.40000 1.98702 2.18435
v 2.40000 1.98702 2.18435
v 3.52000 1.98702 2.18435
v 3.52000 1.62577 2.40572
v 2.40000 1.62577 2.40572
v 2.40000 1.62577 2.40572
v 3.52000 1.62577 2.40572
v 3.52000 1.23435 2.56785
v 2.40000 1.23435 2.56785
v 2.40000 1.23435 2.56785
v 3.52000 1.23435 2.56785
v 3.52000 0.82237 2.66676
v 2.40000 0.82237 2.66676
v 2.40000 0.82237 2.66676
v 3.52000 0.82237 2.66676
v 3.52000 0.40000 2.70000
v 2.40000 0.40000 2.70000
v 3.52000 0.40000 -2.63000
v 3.60000 0.40000 -2.63000
v 3.60000 0.81142 -2.59762
v 3.52000 0.81142 -2.59762
v 3.52000 0.81142 -2.59762
v 3.60000 0.81142 -2.59762
v 3.60000 1.21271 -2.50128
v 3.52000 1.21271 -2.50128
v 3.52000 1.21271 -2.50128
v 3.60000 1.21271 -2.50128
v 3.60000 1.59400 -2.34335
v 3.52000 1.59400 -2.34335
v 3.52000 1.59400 -2.34335
v 3.60000 1.59400 -2.34335
v 3.60000 1.94588 -2.12771
v 3.52000 1.94588 -2.12771
v 3.52000 1.94588 -2.12771
v 3.60000 1.94588 -2.12771
v 3.60000 2.25969 -1.85969
v 3.52000 2.25969 -1.85969
v 3.52000 2.25969 -1.85969
v 3.60000 2.25969 -1.85969
v 3.60000 2.52771 -1.54588
v 3.52000 2.52771 -1.54588
v 3.52000 2.52771 -1.54588
v 3.60000 2.52771 -1.54588
v 3.60000 2.74335 -1.19400
v 3.52000 2.74335 -1.19400
v 3.52000 2.74335 -1.19400
v 3.60000 2.74335 -1.19400
v 3.60000 2.90128 -0.81271
v 3.52000 2.90128 -0.81271
v 3.52000 2.90128 -0.81271
v 3.60000 2.90128 -0.81271
v 3.60000 2.99762 -0.41142
v 3.52000 2.99762 -0.41142
v 3.52000 2.99762 -0.41142
v 3.60000 2.99762 -0.41142
v 3.60000 3.03000 -0.00000
v 3.52000 3.03000 -0.00000
v 3.52000 3.03000 -0.00000
v 3.60000 3.03000 -0.00000
v 3.60000 2.99762 0.41142
v 3.52000 2.99762 0.41142
v 3.52000 2.99762 0.41142
v 3.60000 2.99762 0.41142
v 3.60000 2.90128 0.81271
v 3.52000 2.90128 0.81271
v 3.52000 2.90128 0.81271
v 3.60000 2.90128 0.81271
v 3.60000 2.74335 1.19400
v 3.52000 2.74335 1.19400
v 3.52000 2.74335 1.19400
v 3.60000 2.74335 1.19400
v 3.60000 2.52771 1.54588
v 3.52000 2.52771 1.54588
v 3.52000 2.52771 1.54588
v 3.60000 2.52771 1.54588
v 3.60000 2.25969 1.85969
v 3.52000 2.25969 1.85969
v 3.52000 2.25969 1.85969
v 3.60000 2.25969 1.85969
v 3.60000 1.94588 2.12771
v 3.52000 1.94588 2.12771
v 3.52000 1.94588 2.12771
v 3.60000 1.94588 2.12771
v 3.60000 1.59400 2.34335
v 3.52000 1.59400 2.34335
v 3.52000 1.59400 2.34335
v 3.60000 1.59400 2.34335
v 3.60000 1.21271 2.50128
v 3.52000 1.21271 2.50128
v 3.52000 1.21271 2.50128
v 3.60000 1.21271 2.50128
v 3.60000 0.81142 2.59762
v 3.52000 0.81142 2.59762
v 3.52000 0.81142 2.59762
v 3.60000 0.81142 2.59762
v 3.60000 0.40000 2.63000
v 3.52000 0.40000 2.63000
v 2.40000 -1.45000 -2.69000
v 3.60000 -1.45000 -2.69000
v 3.60000 0.40000 -2.69000
v 2.40000 0.40000 -2.69000
v 3.60000 -1.45000 2.69000
v 2.40000 -1.45000 2.69000
v 2.40000 0.40000 2.69000
v 3.60000 0.40000 2.69000
v 3.60000 0.40000 -2.70000
v 4.72000 0.40000 -2.70000
v 4.72000 0.82237 -2.66676
v 3.60000 0.82237 -2.66676
v 3.60000 0.82237 -2.66676
v 4.72000 0.82237 -2.66676
v 4.72000 1.23435 -2.56785
v 3.60000 1.23435 -2.56785
v 3.60000 1.23435 -2.56785
v 4.72000 1.23435 -2.56785
v 4.72000 1.62577 -2.40572
v 3.60000 1.62577 -2.40572
v 3.60000 1.62577 -2.40572
v 4.72000 1.62577 -2.40572
v 4.72000 1.98702 -2.18435
v 3.60000 1.98702 -2.18435
v 3.60000 1.98702 -2.18435
v 4.72000 1.98702 -2.18435
v 4.72000 2.30919 -1.90919
v 3.60000 2.30919 -1.90919
v 3.60000 2.30919 -1.90919
v 4.72000 2.30919 -1.90919
v 4.72000 2.58435 -1.58702
v 3.60000 2.58435 -1.58702
v 3.60000 2.58435 -1.58702
v 4.72000 2.58435 -1.58702
v 4.72000 2.80572 -1.22577
v 3.60000 2.80572 -1.22577
v 3.60000 2.80572 -1.22577
v 4.72000 2.80572 -1.22577
v 4.72000 2.96785 -0.83435
v 3.60000 2.96785 -0.83435
v 3.60000 2.96785 -0.83435
v 4.72000 2.96785 -0.83435
v 4.72000 3.06676 -0.42237
v 3.60000 3.06676 -0.42237
v 3.60000 3.06676 -0.42237
v 4.72000 3.06676 -0.42237
v 4.72000 3.10000 -0.00000
v 3.60000 3.10000 -0.00000
v 3.60000 3.10000 -0.00000
v 4.72000 3.10000 -0.00000
v 4.72000 3.06676 0.42237
v 3.60000 3.06676 0.42237
v 3.60000 3.06676 0.42237
v 4.72000 3.06676 0.42237
v 4.72000 2.96785 0.83435
v 3.60000 2.96785 0.83435
v 3.60000 2.96785 0.83435
v 4.72000 2.96785 0.83435
v 4.72000 2.80572 1.22577
v 3.60000 2.80572 1.22577
v 3.60000 2.80572 1.22577
v 4.72000 2.80572 1.22577
v 4.72000 2.58435 1.58702
v 3.60000 2.58435 1.58702
v 3.60000 2.58435 1.58702
v 4.72000 2.58435 1.58702
v 4.72000 2.30919 1.90919
v 3.60000 2.30919 1.90919
v 3.60000 2.30919 1.90919
v 4.72000 2.30919 1.90919
v 4.72000 1.98702 2.18435
v 3.60000 1.98702 2.18435
v 3.60000 1.98702 2.18435
v 4.72000 1.98702 2.18435
v 4.72000 1.62577 2.40572
v 3.60000 1.62577 2.40572
v 3.60000 1.62577 2.40572
v 4.72000 1.62577 2.40572
v 4.72000 1.23435 2.56785
v 3.60000 1.23435 2.56785
v 3.60000 1.23435 2.56785
v 4.72000 1.23435 2.56785
v 4.72000 0.82237 2.66676
v 3.60000 0.82237 2.66676
v 3.60000 0.82237 2.66676
v 4.72000 0.82237 2.66676
v 4.72000 0.40000 2.70000
v 3.60000 0.40000 2.70000
v 4.72000 0.40000 -2.63000
v 4.80000 0.40000 -2.63000
v 4.80000 0.81142 -2.59762
v 4.72000 0.81142 -2.59762
v 4.72000 0.81142 -2.59762
v 4.80000 0.81142 -2.59762
v 4.80000 1.21271 -2.50128
v 4.72000 1.21271 -2.50128
v 4.72000 1.21271 -2.50128
v 4.80000 1.21271 -2.50128
v 4.80000 1.59400 -2.34335
v 4.72000 1.59400 -2.34335
v 4.72000 1.59400 -2.34335
v 4.80000 1.59400 -2.34335
v 4.80000 1.94588 -2.12771
v 4.72000 1.94588 -2.12771
v 4.72000 1.94588 -2.12771
v 4.80000 1.94588 -2.12771
v 4.80000 2.25969 -1.85969
v 4.72000 2.25969 -1.85969
v 4.72000 2.25969 -1.85969
v 4.80000 2.25969 -1.85969
v 4.80000 2.52771 -1.54588
v 4.72000 2.52771 -1.54588
v 4.72000 2.52771 -1.54588
v 4.80000 2.52771 -1.54588
v 4.80000 2.74335 -1.19400
v 4.72000 2.74335 -1.19400
v 4.72000 2.74335 -1.19400
v 4.80000 2.74335 -1.19400
v 4.80000 2.90128 -0.81271
v 4.72000 2.90128 -0.81271
v 4.72000 2.90128 -0.81271
v 4.80000 2.90128 -0.81271
v 4.80000 2.99762 -0.41142
v 4.72000 2.99762 -0.41142
v 4.72000 2.99762 -0.41142
v 4.80000 2.99762 -0.41142
v 4.80000 3.03000 -0.00000
v 4.72000 3.03000 -0.00000
v 4.72000 3.03000 -0.00000
v 4.80000 3.03000 -0.00000
v 4.80000 2.99762 0.41142
v 4.72000 2.99762 0.41142
v 4.72000 2.99762 0.41142
v 4.80000 2.99762 0.41142
v 4.80000 2.90128 0.81271
v 4.72000 2.90128 0.81271
v 4.72000 2.90128 0.81271
v 4.80000 2.90128 0.81271
v 4.80000 2.74335 1.19400
v 4.72000 2.74335 1.19400
v 4.72000 2.74335 1.19400
v 4.80000 2.74335 1.19400
v 4.80000 2.52771 1.54588
v 4.72000 2.52771 1.54588
v 4.72000 2.52771 1.54588
v 4.80000 2.52771 1.54588
v 4.80000 2.25969 1.85969
v 4.72000 2.25969 1.85969
v 4.72000 2.25969 1.85969
v 4.80000 2.25969 1.85969
v 4.80000 1.94588 2.12771
v 4.72000 1.94588 2.12771
v 4.72000 1.94588 2.12771
v 4.80000 1.94588 2.12771
v 4.80000 1.59400 2.34335
v 4.72000 1.59400 2.34335
v 4.72000 1.59400 2.34335
v 4.80000 1.59400 2.34335
v 4.80000 1.21271 2.50128
v 4.72000 1.21271 2.50128
v 4.72000 1.21271 2.50128
v 4.80000 1.21271 2.50128
v 4.80000 0.81142 2.59762
v 4.72000 0.81142 2.59762
v 4.72000 0.81142 2.59762
v 4.80000 0.81142 2.59762
v 4.80000 0.40000 2.63000
v 4.72000 0.40000 2.63000
v 3.60000 -1.45000 -2.69000
v 4.80000 -1.45000 -2.69000
v 4.80000 0.40000 -2.69000
v 3.60000 0.40000 -2.69000
v 4.80000 -1.45000 2.69000
v 3.60000 -1.45000 2.69000
v 3.60000 0.40000 2.69000
v 4.80000 0.40000 2.69000
v 4.80000 0.40000 -2.70000
v 5.92000 0.40000 -2.70000
v 5.92000 0.82237 -2.66676
v 4.80000 0.82237 -2.66676
v 4.80000 0.82237 -2.66676
v 5.92000 0.82237 -2.66676
v 5.92000 1.23435 -2.56785
v 4.80000 1.23435 -2.56785
v 4.80000 1.23435 -2.56785
v 5.92000 1.23435 -2.56785
v 5.92000 1.62577 -2.40572
v 4.80000 1.62577 -2.40572
v 4.80000 1.62577 -2.40572
v 5.92000 1.62577 -2.40572
v 5.92000 1.98702 -2.18435
v 4.80000 1.98702 -2.18435
v 4.80000 1.98702 -2.18435
v 5.92000 1.98702 -2.18435
v 5.92000 2.30919 -1.90919
v 4.80000 2.30919 -1.90919
v 4.80000 2.30919 -1.90919
v 5.92000 2.30919 -1.90919
v 5.92000 2.58435 -1.58702
v 4.80000 2.58435 -1.58702
v 4.80000 2.58435 -1.58702
v 5.92000 2.58435 -1.58702
v 5.92000 2.80572 -1.22577
v 4.80000 2.80572 -1.22577
v 4.80000 2.80572 -1.22577
v 5.92000 2.80572 -1.22577
v 5.92000 2.96785 -0.83435
v 4.80000 2.96785 -0.83435
v 4.80000 2.96785 -0.83435
v 5.92000 2.96785 -0.83435
v 5.92000 3.06676 -0.42237
v 4.80000 3.06676 -0.42237
v 4.80000 3.06676 -0.42237
v 5.92000 3.06676 -0.42237
v 5.92000 3.10000 -0.00000
v 4.80000 3.10000 -0.00000
v 4.80000 3.10000 -0.00000
v 5.92000 3.10000 -0.00000
v 5.92000 3.06676 0.42237
v 4.80000 3.06676 0.42237
v 4.80000 3.06676 0.42237
v 5.92000 3.06676 0.42237
v 5.92000 2.96785 0.83435
v 4.80000 2.96785 0.83435
v 4.80000 2.96785 0.83435
v 5.92000 2.96785 0.83435
v 5.92000 2.80572 1.22577
v 4.80000 2.80572 1.22577
v 4.80000 2.80572 1.22577
v 5.92000 2.80572 1.22577
v 5.92000 2.58435 1.58702
v 4.80000 2.58435 1.58702
v 4.80000 2.58435 1.58702
v 5.92000 2.58435 1.58702
v 5.92000 2.30919 1.90919
v 4.80000 2.30919 1.90919
v 4.80000 2.30919 1.90919
v 5.92000 2.30919 1.90919
v 5.92000 1.98702 2.18435
v 4.80000 1.98702 2.18435
v 4.80000 1.98702 2.18435
v 5.92000 1.98702 2.18435
v 5.92000 1.62577 2.40572
v 4.80000 1.62577 2.40572
v 4.80000 1.62577 2.40572
v 5.92000 1.62577 2.40572
v 5.92000 1.23435 2.56785
v 4.80000 1.23435 2.56785
v 4.80000 1.23435 2.56785
v 5.92000 1.23435 2.56785
v 5.92000 0.82237 2.66676
v 4.80000 0.82237 2.66676
v 4.80000 0.82237 2.66676
v 5.92000 0.82237 2.66676
v 5.92000 0.40000 2.70000
v 4.80000 0.40000 2.70000
v 5.92000 0.40000 -2.63000
v 6.00000 0.40000 -2.63000
v 6.00000 0.81142 -2.59762
v 5.92000 0.81142 -2.59762
v 5.92000 0.81142 -2.59762
v 6.00000 0.81142 -2.59762
v 6.00000 1.21271 -2.50128
v 5.92000 1.21271 -2.50128
v 5.92000 1.21271 -2.50128
v 6.00000 1.21271 -2.50128
v 6.00000 1.59400 -2.34335
v 5.92000 1.59400 -2.34335
v 5.92000 1.59400 -2.34335
v 6.00000 1.59400 -2.34335
v 6.00000 1.94588 -2.12771
v 5.92000 1.94588 -2.12771
v 5.92000 1.94588 -2.12771
v 6.00000 1.94588 -2.12771
v 6.00000 2.25969 -1.85969
v 5.92000 2.25969 -1.85969
v 5.92000 2.25969 -1.85969
v 6.00000 2.25969 -1.85969
v 6.00000 2.52771 -1.54588
v 5.92000 2.52771 -1.54588
v 5.92000 2.52771 -1.54588
v 6.00000 2.52771 -1.54588
v 6.00000 2.74335 -1.19400
v 5.92000 2.74335 -1.19400
v 5.92000 2.74335 -1.19400
v 6.00000 2.74335 -1.19400
v 6.00000 2.90128 -0.81271
v 5.92000 2.90128 -0.81271
v 5.92000 2.90128 -0.81271
v 6.00000 2.90128 -0.81271
v 6.00000 2.99762 -0.41142
v 5.92000 2.99762 -0.41142
v 5.92000 2.99762 -0.41142
v 6.00000 2.99762 -0.41142
v 6.00000 3.03000 -0.00000
v 5.92000 3.03000 -0.00000
v 5.92000 3.03000 -0.00000
v 6.00000 3.03000 -0.00000
v 6.00000 2.99762 0.41142
v 5.92000 2.99762 0.41142
v 5.92000 2.99762 0.41142
v 6.00000 2.99762 0.41142
v 6.00000 2.90128 0.81271
v 5.92000 2.90128 0.81271
v 5.92000 2.90128 0.81271
v 6.00000 2.90128 0.81271
v 6.00000 2.74335 1.19400
v 5.92000 2.74335 1.19400
v 5.92000 2.74335 1.19400
v 6.00000 2.74335 1.19400
v 6.00000 2.52771 1.54588
v 5.92000 2.52771 1.54588
v 5.92000 2.52771 1.54588
v 6.00000 2.52771 1.54588
v 6.00000 2.25969 1.85969
v 5.92000 2.25969 1.85969
v 5.92000 2.25969 1.85969
v 6.00000 2.25969 1.85969
v 6.00000 1.94588 2.12771
v 5.92000 1.94588 2.12771
v 5.92000 1.94588 2.12771
v 6.00000 1.94588 2.12771
v 6.00000 1.59400 2.34335
v 5.92000 1.59400 2.34335
v 5.92000 1.59400 2.34335
v 6.00000 1.59400 2.34335
v 6.00000 1.21271 2.50128
v 5.92000 1.21271 2.50128
v 5.92000 1.21271 2.50128
v 6.00000 1.21271 2.50128
v 6.00000 0.81142 2.59762
v 5.92000 0.81142 2.59762
v 5.92000 0.81142 2.59762
v 6.00000 0.81142 2.59762
v 6.00000 0.40000 2.63000
v 5.92000 0.40000 2.63000
v 4.80000 -1.45000 -2.69000
v 6.00000 -1.45000 -2.69000
v 6.00000 0.40000 -2.69000
v 4.80000 0.40000 -2.69000
v 6.00000 -1.45000 2.69000
v 4.80000 -1.45000 2.69000
v 4.80000 0.40000 2.69000
v 6.00000 0.40000 2.69000
v 6.00000 0.40000 -2.70000
v 7.12000 0.40000 -2.70000
v 7.12000 0.82237 -2.66676
v 6.00000 0.82237 -2.66676
v 6.00000 0.82237 -2.66676
v 7.12000 0.82237 -2.66676
v 7.12000 1.23435 -2.56785
v 6.00000 1.23435 -2.56785
v 6.00000 1.23435 -2.56785
v 7.12000 1.23435 -2.56785
v 7.12000 1.62577 -2.40572
v 6.00000 1.62577 -2.40572
v 6.00000 1.62577 -2.40572
v 7.12000 1.62577 -2.40572
v 7.12000 1.98702 -2.18435
v 6.00000 1.98702 -2.18435
v 6.00000 1.98702 -2.18435
v 7.12000 1.98702 -2.18435
v 7.12000 2.30919 -1.90919
v 6.00000 2.30919 -1.90919
v 6.00000 2.30919 -1.90919
v 7.12000 2.30919 -1.90919
v 7.12000 2.58435 -1.58702
v 6.00000 2.58435 -1.58702
v 6.00000 2.58435 -1.58702
v 7.12000 2.58435 -1.58702
v 7.12000 2.80572 -1.22577
v 6.00000 2.80572 -1.22577
v 6.00000 2.80572 -1.22577
v 7.12000 2.80572 -1.22577
v 7.12000 2.96785 -0.83435
v 6.00000 2.96785 -0.83435
v 6.00000 2.96785 -0.83435
v 7.12000 2.96785 -0.83435
v 7.12000 3.06676 -0.42237
v 6.00000 3.06676 -0.42237
v 6.00000 3.06676 -0.42237
v 7.12000 3.06676 -0.42237
v 7.12000 3.10000 -0.00000
v 6.00000 3.10000 -0.00000
v 6.00000 3.10000 -0.00000
v 7.12000 3.10000 -0.00000
v 7.12000 3.06676 0.42237
v 6.00000 3.06676 0.42237
v 6.00000 3.06676 0.42237
v 7.12000 3.06676 0.42237
v 7.12000 2.96785 0.83435
v 6.00000 2.96785 0.83435
v 6.00000 2.96785 0.83435
v 7.12000 2.96785 0.83435
v 7.12000 2.80572 1.22577
v 6.00000 2.80572 1.22577
v 6.00000 2.80572 1.22577
v 7.12000 2.80572 1.22577
v 7.12000 2.58435 1.58702
v 6.00000 2.58435 1.58702
v 6.00000 2.58435 1.58702
v 7.12000 2.58435 1.58702
v 7.12000 2.30919 1.90919
v 6.00000 2.30919 1.90919
v 6.00000 2.30919 1.90919
v 7.12000 2.30919 1.90919
v 7.12000 1.98702 2.18435
v 6.00000 1.98702 2.18435
v 6.00000 1.98702 2.18435
v 7.12000 1.98702 2.18435
v 7.12000 1.62577 2.40572
v 6.00000 1.62577 2.40572
v 6.00000 1.62577 2.40572
v 7.12000 1.62577 2.40572
v 7.12000 1.23435 2.56785
v 6.00000 1.23435 2.56785
v 6.00000 1.23435 2.56785
v 7.12000 1.23435 2.56785
v 7.12000 0.82237 2.66676
v 6.00000 0.82237 2.66676
v 6.00000 0.82237 2.66676
v 7.12000 0.82237 2.66676
v 7.12000 0.40000 2.70000
v 6.00000 0.40000 2.70000
v 7.12000 0.40000 -2.63000
v 7.20000 0.40000 -2.63000
v 7.20000 0.81142 -2.59762
v 7.12000 0.81142 -2.59762
v 7.12000 0.81142 -2.59762
v 7.20000 0.81142 -2.59762
v 7.20000 1.21271 -2.50128
v 7.12000 1.21271 -2.50128
v 7.12000 1.21271 -2.50128
v 7.20000 1.21271 -2.50128
v 7.20000 1.59400 -2.34335
v 7.12000 1.59400 -2.34335
v 7.12000 1.59400 -2.34335
v 7.20000 1.59400 -2.34335
v 7.20000 1.94588 -2.12771
v 7.12000 1.94588 -2.12771
v 7.12000 1.94588 -2.12771
v 7.20000 1.94588 -2.12771
v 7.20000 2.25969 -1.85969
v 7.12000 2.25969 -1.85969
v 7.12000 2.25969 -1.85969
v 7.20000 2.25969 -1.85969
v 7.20000 2.52771 -1.54588
v 7.12000 2.52771 -1.54588
v 7.12000 2.52771 -1.54588
v 7.20000 2.52771 -1.54588
v 7.20000 2.74335 -1.19400
v 7.12000 2.74335 -1.19400
v 7.12000 2.74335 -1.19400
v 7.20000 2.74335 -1.19400
v 7.20000 2.90128 -0.81271
v 7.12000 2.90128 -0.81271
v 7.12000 2.90128 -0.81271
v 7.20000 2.90128 -0.81271
v 7.20000 2.99762 -0.41142
v 7.12000 2.99762 -0.41142
v 7.12000 2.99762 -0.41142
v 7.20000 2.99762 -0.41142
v 7.20000 3.03000 -0.00000
v 7.12000 3.03000 -0.00000
v 7.12000 3.03000 -0.00000
v 7.20000 3.03000 -0.00000
v 7.20000 2.99762 0.41142
v 7.12000 2.99762 0.41142
v 7.12000 2.99762 0.41142
v 7.20000 2.99762 0.41142
v 7.20000 2.90128 0.81271
v 7.12000 2.90128 0.81271
v 7.12000 2.90128 0.81271
v 7.20000 2.90128 0.81271
v 7.20000 2.74335 1.19400
v 7.12000 2.74335 1.19400
v 7.12000 2.74335 1.19400
v 7.20000 2.74335 1.19400
v 7.20000 2.52771 1.54588
v 7.12000 2.52771 1.54588
v 7.12000 2.52771 1.54588
v 7.20000 2.52771 1.54588
v 7.20000 2.25969 1.85969
v 7.12000 2.25969 1.85969
v 7.12000 2.25969 1.85969
v 7.20000 2.25969 1.85969
v 7.20000 1.94588 2.12771
v 7.12000 1.94588 2.12771
v 7.12000 1.94588 2.12771
v 7.20000 1.94588 2.12771
v 7.20000 1.59400 2.34335
v 7.12000 1.59400 2.34335
v 7.12000 1.59400 2.34335
v 7.20000 1.59400 2.34335
v 7.20000 1.21271 2.50128
v 7.12000 1.21271 2.50128
v 7.12000 1.21271 2.50128
v 7.20000 1.21271 2.50128
v 7.20000 0.81142 2.59762
v 7.12000 0.81142 2.59762
v 7.12000 0.81142 2.59762
v 7.20000 0.81142 2.59762
v 7.20000 0.40000 2.63000
v 7.12000 0.40000 2.63000
v 6.00000 -1.45000 -2.69000
v 7.20000 -1.45000 -2.69000
v 7.20000 0.40000 -2.69000
v 6.00000 0.40000 -2.69000
v 7.20000 -1.45000 2.69000
v 6.00000 -1.45000 2.69000
v 6.00000 0.40000 2.69000
v 7.20000 0.40000 2.69000
v 7.20000 0.40000 -2.70000
v 8.32000 0.40000 -2.70000
v 8.32000 0.82237 -2.66676
v 7.20000 0.82237 -2.66676
v 7.20000 0.82237 -2.66676
v 8.32000 0.82237 -2.66676
v 8.32000 1.23435 -2.56785
v 7.20000 1.23435 -2.56785
v 7.20000 1.23435 -2.56785
v 8.32000 1.23435 -2.56785
v 8.32000 1.62577 -2.40572
v 7.20000 1.62577 -2.40572
v 7.20000 1.62577 -2.40572
v 8.32000 1.62577 -2.40572
v 8.32000 1.98702 -2.18435
v 7.20000 1.98702 -2.18435
v 7.20000 1.98702 -2.18435
v 8.32000 1.98702 -2.18435
v 8.32000 2.30919 -1.90919
v 7.20000 2.30919 -1.90919
v 7.20000 2.30919 -1.90919
v 8.32000 2.30919 -1.90919
v 8.32000 2.58435 -1.58702
v 7.20000 2.58435 -1.58702
v 7.20000 2.58435 -1.58702
v 8.32000 2.58435 -1.58702
v 8.32000 2.80572 -1.22577
v 7.20000 2.80572 -1.22577
v 7.20000 2.80572 -1.22577
v 8.32000 2.80572 -1.22577
v 8.32000 2.96785 -0.83435
v 7.20000 2.96785 -0.83435
v 7.20000 2.96785 -0.83435
v 8.32000 2.96785 -0.83435
v 8.32000 3.06676 -0.42237
v 7.20000 3.06676 -0.42237
v 7.20000 3.06676 -0.42237
v 8.32000 3.06676 -0.42237
v 8.32000 3.10000 -0.00000
v 7.20000 3.10000 -0.00000
v 7.20000 3.10000 -0.00000
v 8.32000 3.10000 -0.00000
v 8.32000 3.06676 0.42237
v 7.20000 3.06676 0.42237
v 7.20000 3.06676 0.42237
v 8.32000 3.06676 0.42237
v 8.32000 2.96785 0.83435
v 7.20000 2.96785 0.83435
v 7.20000 2.96785 0.83435
v 8.32000 2.96785 0.83435
v 8.32000 2.80572 1.22577
v 7.20000 2.80572 1.22577
v 7.20000 2.80572 1.22577
v 8.32000 2.80572 1.22577
v 8.32000 2.58435 1.58702
v 7.20000 2.58435 1.58702
v 7.20000 2.58435 1.58702
v 8.32000 2.58435 1.58702
v 8.32000 2.30919 1.90919
v 7.20000 2.30919 1.90919
v 7.20000 2.30919 1.90919
v 8.32000 2.30919 1.90919
v 8.32000 1.98702 2.18435
v 7.20000 1.98702 2.18435
v 7.20000 1.98702 2.18435
v 8.32000 1.98702 2.18435
v 8.32000 1.62577 2.40572
v 7.20000 1.62577 2.40572
v 7.20000 1.62577 2.40572
v 8.32000 1.62577 2.40572
v 8.32000 1.23435 2.56785
v 7.20000 1.23435 2.56785
v 7.20000 1.23435 2.56785
v 8.32000 1.23435 2.56785
v 8.32000 0.82237 2.66676
v 7.20000 0.82237 2.66676
v 7.20000 0.82237 2.66676
v 8.32000 0.82237 2.66676
v 8.32000 0.40000 2.70000
v 7.20000 0.40000 2.70000
v 8.32000 0.40000 -2.63000
v 8.40000 0.40000 -2.63000
v 8.40000 0.81142 -2.59762
v 8.32000 0.81142 -2.59762
v 8.32000 0.81142 -2.59762
v 8.40000 0.81142 -2.59762
v 8.40000 1.21271 -2.50128
v 8.32000 1.21271 -2.50128
v 8.32000 1.21271 -2.50128
v 8.40000 1.21271 -2.50128
v 8.40000 1.59400 -2.34335
v 8.32000 1.59400 -2.34335
v 8.32000 1.59400 -2.34335
v 8.40000 1.59400 -2.34335
v 8.40000 1.94588 -2.12771
v 8.32000 1.94588 -2.12771
v 8.32000 1.94588 -2.12771
v 8.40000 1.94588 -2.12771
v 8.40000 2.25969 -1.85969
v 8.32000 2.25969 -1.85969
v 8.32000 2.25969 -1.85969
v 8.40000 2.25969 -1.85969
v 8.40000 2.52771 -1.54588
v 8.32000 2.52771 -1.54588
v 8.32000 2.52771 -1.54588
v 8.40000 2.52771 -1.54588
v 8.40000 2.74335 -1.19400
v 8.32000 2.74335 -1.19400
v 8.32000 2.74335 -1.19400
v 8.40000 2.74335 -1.19400
v 8.40000 2.90128 -0.81271
v 8.32000 2.90128 -0.81271
v 8.32000 2.90128 -0.81271
v 8.40000 2.90128 -0.81271
v 8.40000 2.99762 -0.41142
v 8.32000 2.99762 -0.41142
v 8.32000 2.99762 -0.41142
v 8.40000 2.99762 -0.41142
v 8.40000 3.03000 -0.00000
v 8.32000 3.03000 -0.00000
v 8.32000 3.03000 -0.00000
v 8.40000 3.03000 -0.00000
v 8.40000 2.99762 0.41142
v 8.32000 2.99762 0.41142
v 8.32000 2.99762 0.41142
v 8.40000 2.99762 0.41142
v 8.40000 2.90128 0.81271
v 8.32000 2.90128 0.81271
v 8.32000 2.90128 0.81271
v 8.40000 2.90128 0.81271
v 8.40000 2.74335 1.19400
v 8.32000 2.74335 1.19400
v 8.32000 2.74335 1.19400
v 8.40000 2.74335 1.19400
v 8.40000 2.52771 1.54588
v 8.32000 2.52771 1.54588
v 8.32000 2.52771 1.54588
v 8.40000 2.52771 1.54588
v 8.40000 2.25969 1.85969
v 8.32000 2.25969 1.85969
v 8.32000 2.25969 1.85969
v 8.40000 2.25969 1.85969
v 8.40000 1.94588 2.12771
v 8.32000 1.94588 2.12771
v 8.32000 1.94588 2.12771
v 8.40000 1.94588 2.12771
v 8.40000 1.59400 2.34335
v 8.32000 1.59400 2.34335
v 8.32000 1.59400 2.34335
v 8.40000 1.59400 2.34335
v 8.40000 1.21271 2.50128
v 8.32000 1.21271 2.50128
v 8.32000 1.21271 2.50128
v 8.40000 1.21271 2.50128
v 8.40000 0.81142 2.59762
v 8.32000 0.81142 2.59762
v 8.32000 0.81142 2.59762
v 8.40000 0.81142 2.59762
v 8.40000 0.40000 2.63000
v 8.32000 0.40000 2.63000
v 7.20000 -1.45000 -2.69000
v 8.40000 -1.45000 -2.69000
v 8.40000 0.40000 -2.69000
v 7.20000 0.40000 -2.69000
v 8.40000 -1.45000 2.69000
v 7.20000 -1.45000 2.69000
v 7.20000 0.40000 2.69000
v 8.40000 0.40000 2.69000
v 8.40000 0.40000 -2.70000
v 9.52000 0.40000 -2.70000
v 9.52000 0.82237 -2.66676
v 8.40000 0.82237 -2.66676
v 8.40000 0.82237 -2.66676
v 9.52000 0.82237 -2.66676
v 9.52000 1.23435 -2.56785
v 8.40000 1.23435 -2.56785
v 8.40000 1.23435 -2.56785
v 9.52000 1.23435 -2.56785
v 9.52000 1.62577 -2.40572
v 8.40000 1.62577 -2.40572
v 8.40000 1.62577 -2.40572
v 9.52000 1.62577 -2.40572
v 9.52000 1.98702 -2.18435
v 8.40000 1.98702 -2.18435
v 8.40000 1.98702 -2.18435
v 9.52000 1.98702 -2.18435
v 9.52000 2.30919 -1.90919
v 8.40000 2.30919 -1.90919
v 8.40000 2.30919 -1.90919
v 9.52000 2.30919 -1.90919
v 9.52000 2.58435 -1.58702
v 8.40000 2.58435 -1.58702
v 8.40000 2.58435 -1.58702
v 9.52000 2.58435 -1.58702
v 9.52000 2.80572 -1.22577
v 8.40000 2.80572 -1.22577
v 8.40000 2.80572 -1.22577
v 9.52000 2.80572 -1.22577
v 9.52000 2.96785 -0.83435
v 8.40000 2.96785 -0.83435
v 8.40000 2.96785 -0.83435
v 9.52000 2.96785 -0.83435
v 9.52000 3.06676 -0.42237
v 8.40000 3.06676 -0.42237
v 8.40000 3.06676 -0.42237
v 9.52000 3.06676 -0.42237
v 9.52000 3.10000 -0.00000
v 8.40000 3.10000 -0.00000
v 8.40000 3.10000 -0.00000
v 9.52000 3.10000 -0.00000
v 9.52000 3.06676 0.42237
v 8.40000 3.06676 0.42237
v 8.40000 3.06676 0.42237
v 9.52000 3.06676 0.42237
v 9.52000 2.96785 0.83435
v 8.40000 2.96785 0.83435
v 8.40000 2.96785 0.83435
v 9.52000 2.96785 0.83435
v 9.52000 2.80572 1.22577
v 8.40000 2.80572 1.22577
v 8.40000 2.80572 1.22577
v 9.52000 2.80572 1.22577
v 9.52000 2.58435 1.58702
v 8.40000 2.58435 1.58702
v 8.40000 2.58435 1.58702
v 9.52000 2.58435 1.58702
v 9.52000 2.30919 1.90919
v 8.40000 2.30919 1.90919
v 8.40000 2.30919 1.90919
v 9.52000 2.30919 1.90919
v 9.52000 1.98702 2.18435
v 8.40000 1.98702 2.18435
v 8.40000 1.98702 2.18435
v 9.52000 1.98702 2.18435
v 9.52000 1.62577 2.40572
v 8.40000 1.62577 2.40572
v 8.40000 1.62577 2.40572
v 9.52000 1.62577 2.40572
v 9.52000 1.23435 2.56785
v 8.40000 1.23435 2.56785
v 8.40000 1.23435 2.56785
v 9.52000 1.23435 2.56785
v 9.52000 0.82237 2.66676
v 8.40000 0.82237 2.66676
v 8.40000 0.82237 2.66676
v 9.52000 0.82237 2.66676
v 9.52000 0.40000 2.70000
v 8.40000 0.40000 2.70000
v 9.52000 0.40000 -2.63000
v 9.60000 0.40000 -2.63000
v 9.60000 0.81142 -2.59762
v 9.52000 0.81142 -2.59762
v 9.52000 0.81142 -2.59762
v 9.60000 0.81142 -2.59762
v 9.60000 1.21271 -2.50128
v 9.52000 1.21271 -2.50128
v 9.52000 1.21271 -2.50128
v 9.60000 1.21271 -2.50128
v 9.60000 1.59400 -2.34335
v 9.52000 1.59400 -2.34335
v 9.52000 1.59400 -2.34335
v 9.60000 1.59400 -2.34335
v 9.60000 1.94588 -2.12771
v 9.52000 1.94588 -2.12771
v 9.52000 1.94588 -2.12771
v 9.60000 1.94588 -2.12771
v 9.60000 2.25969 -1.85969
v 9.52000 2.25969 -1.85969
v 9.52000 2.25969 -1.85969
v 9.60000 2.25969 -1.85969
v 9.60000 2.52771 -1.54588
v 9.52000 2.52771 -1.54588
v 9.52000 2.52771 -1.54588
v 9.60000 2.52771 -1.54588
v 9.60000 2.74335 -1.19400
v 9.52000 2.74335 -1.19400
v 9.52000 2.74335 -1.19400
v 9.60000 2.74335 -1.19400
v 9.60000 2.90128 -0.81271
v 9.52000 2.90128 -0.81271
v 9.52000 2.90128 -0.81271
v 9.60000 2.90128 -0.81271
v 9.60000 2.99762 -0.41142
v 9.52000 2.99762 -0.41142
v 9.52000 2.99762 -0.41142
v 9.60000 2.99762 -0.41142
v 9.60000 3.03000 -0.00000
v 9.52000 3.03000 -0.00000
v 9.52000 3.03000 -0.00000
v 9.60000 3.03000 -0.00000
v 9.60000 2.99762 0.41142
v 9.52000 2.99762 0.41142
v 9.52000 2.99762 0.41142
v 9.60000 2.99762 0.41142
v 9.60000 2.90128 0.81271
v 9.52000 2.90128 0.81271
v 9.52000 2.90128 0.81271
v 9.60000 2.90128 0.81271
v 9.60000 2.74335 1.19400
v 9.52000 2.74335 1.19400
v 9.52000 2.74335 1.19400
v 9.60000 2.74335 1.19400
v 9.60000 2.52771 1.54588
v 9.52000 2.52771 1.54588
v 9.52000 2.52771 1.54588
v 9.60000 2.52771 1.54588
v 9.60000 2.25969 1.85969
v 9.52000 2.25969 1.85969
v 9.52000 2.25969 1.85969
v 9.60000 2.25969 1.85969
v 9.60000 1.94588 2.12771
v 9.52000 1.94588 2.12771
v 9.52000 1.94588 2.12771
v 9.60000 1.94588 2.12771
v 9.60000 1.59400 2.34335
v 9.52000 1.59400 2.34335
v 9.52000 1.59400 2.34335
v 9.60000 1.59400 2.34335
v 9.60000 1.21271 2.50128
v 9.52000 1.21271 2.50128
v 9.52000 1.21271 2.50128
v 9.60000 1.21271 2.50128
v 9.60000 0.81142 2.59762
v 9.52000 0.81142 2.59762
v 9.52000 0.81142 2.59762
v 9.60000 0.81142 2.59762
v 9.60000 0.40000 2.63000
v 9.52000 0.40000 2.63000
v 8.40000 -1.45000 -2.69000
v 9.60000 -1.45000 -2.69000
v 9.60000 0.40000 -2.69000
v 8.40000 0.40000 -2.69000
v 9.60000 -1.45000 2.69000
v 8.40000 -1.45000 2.69000
v 8.40000 0.40000 2.69000
v 9.60000 0.40000 2.69000
v 9.60000 0.40000 -2.70000
v 10.72000 0.40000 -2.70000
v 10.72000 0.82237 -2.66676
v 9.60000 0.82237 -2.66676
v 9.60000 0.82237 -2.66676
v 10.72000 0.82237 -2.66676
v 10.72000 1.23435 -2.56785
v 9.60000 1.23435 -2.56785
v 9.60000 1.23435 -2.56785
v 10.72000 1.23435 -2.56785
v 10.72000 1.62577 -2.40572
v 9.60000 1.62577 -2.40572
v 9.60000 1.62577 -2.40572
v 10.72000 1.62577 -2.40572
v 10.72000 1.98702 -2.18435
v 9.60000 1.98702 -2.18435
v 9.60000 1.98702 -2.18435
v 10.72000 1.98702 -2.18435
v 10.72000 2.30919 -1.90919
v 9.60000 2.30919 -1.90919
v 9.60000 2.30919 -1.90919
v 10.72000 2.30919 -1.90919
v 10.72000 2.58435 -1.58702
v 9.60000 2.58435 -1.58702
v 9.60000 2.58435 -1.58702
v 10.72000 2.58435 -1.58702
v 10.72000 2.80572 -1.22577
v 9.60000 2.80572 -1.22577
v 9.60000 2.80572 -1.22577
v 10.72000 2.80572 -1.22577
v 10.72000 2.96785 -0.83435
v 9.60000 2.96785 -0.83435
v 9.60000 2.96785 -0.83435
v 10.72000 2.96785 -0.83435
v 10.72000 3.06676 -0.42237
v 9.60000 3.06676 -0.42237
v 9.60000 3.06676 -0.42237
v 10.72000 3.06676 -0.42237
v 10.72000 3.10000 -0.00000
v 9.60000 3.10000 -0.00000
v 9.60000 3.10000 -0.00000
v 10.72000 3.10000 -0.00000
v 10.72000 3.06676 0.42237
v 9.60000 3.06676 0.42237
v 9.60000 3.06676 0.42237
v 10.72000 3.06676 0.42237
v 10.72000 2.96785 0.83435
v 9.60000 2.96785 0.83435
v 9.60000 2.96785 0.83435
v 10.72000 2.96785 0.83435
v 10.72000 2.80572 1.22577
v 9.60000 2.80572 1.22577
v 9.60000 2.80572 1.22577
v 10.72000 2.80572 1.22577
v 10.72000 2.58435 1.58702
v 9.60000 2.58435 1.58702
v 9.60000 2.58435 1.58702
v 10.72000 2.58435 1.58702
v 10.72000 2.30919 1.90919
v 9.60000 2.30919 1.90919
v 9.60000 2.30919 1.90919
v 10.72000 2.30919 1.90919
v 10.72000 1.98702 2.18435
v 9.60000 1.98702 2.18435
v 9.60000 1.98702 2.18435
v 10.72000 1.98702 2.18435
v 10.72000 1.62577 2.40572
v 9.60000 1.62577 2.40572
v 9.60000 1.62577 2.40572
v 10.72000 1.62577 2.40572
v 10.72000 1.23435 2.56785
v 9.60000 1.23435 2.56785
v 9.60000 1.23435 2.56785
v 10.72000 1.23435 2.56785
v 10.72000 0.82237 2.66676
v 9.60000 0.82237 2.66676
v 9.60000 0.82237 2.66676
v 10.72000 0.82237 2.66676
v 10.72000 0.40000 2.70000
v 9.60000 0.40000 2.70000
v 10.72000 0.40000 -2.63000
v 10.80000 0.40000 -2.63000
v 10.80000 0.81142 -2.59762
v 10.72000 0.81142 -2.59762
v 10.72000 0.81142 -2.59762
v 10.80000 0.81142 -2.59762
v 10.80000 1.21271 -2.50128
v 10.72000 1.21271 -2.50128
v 10.72000 1.21271 -2.50128
v 10.80000 1.21271 -2.50128
v 10.80000 1.59400 -2.34335
v 10.72000 1.59400 -2.34335
v 10.72000 1.59400 -2.34335
v 10.80000 1.59400 -2.34335
v 10.80000 1.94588 -2.12771
v 10.72000 1.94588 -2.12771
v 10.72000 1.94588 -2.12771
v 10.80000 1.94588 -2.12771
v 10.80000 2.25969 -1.85969
v 10.72000 2.25969 -1.85969
v 10.72000 2.25969 -1.85969
v 10.80000 2.25969 -1.85969
v 10.80000 2.52771 -1.54588
v 10.72000 2.52771 -1.54588
v 10.72000 2.52771 -1.54588
v 10.80000 2.52771 -1.54588
v 10.80000 2.74335 -1.19400
v 10.72000 2.74335 -1.19400
v 10.72000 2.74335 -1.19400
v 10.80000 2.74335 -1.19400
v 10.80000 2.90128 -0.81271
v 10.72000 2.90128 -0.81271
v 10.72000 2.90128 -0.81271
v 10.80000 2.90128 -0.81271
v 10.80000 2.99762 -0.41142
v 10.72000 2.99762 -0.41142
v 10.72000 2.99762 -0.41142
v 10.80000 2.99762 -0.41142
v 10.80000 3.03000 -0.00000
v 10.72000 3.03000 -0.00000
v 10.72000 3.03000 -0.00000
v 10.80000 3.03000 -0.00000
v 10.80000 2.99762 0.41142
v 10.72000 2.99762 0.41142
v 10.72000 2.99762 0.41142
v 10.80000 2.99762 0.41142
v 10.80000 2.90128 0.81271
v 10.72000 2.90128 0.81271
v 10.72000 2.90128 0.81271
v 10.80000 2.90128 0.81271
v 10.80000 2.74335 1.19400
v 10.72000 2.74335 1.19400
v 10.72000 2.74335 1.19400
v 10.80000 2.74335 1.19400
v 10.80000 2.52771 1.54588
v 10.72000 2.52771 1.54588
v 10.72000 2.52771 1.54588
v 10.80000 2.52771 1.54588
v 10.80000 2.25969 1.85969
v 10.72000 2.25969 1.85969
v 10.72000 2.25969 1.85969
v 10.80000 2.25969 1.85969
v 10.80000 1.94588 2.12771
v 10.72000 1.94588 2.12771
v 10.72000 1.94588 2.12771
v 10.80000 1.94588 2.12771
v 10.80000 1.59400 2.34335
v 10.72000 1.59400 2.34335
v 10.72000 1.59400 2.34335
v 10.80000 1.59400 2.34335
v 10.80000 1.21271 2.50128
v 10.72000 1.21271 2.50128
v 10.72000 1.21271 2.50128
v 10.80000 1.21271 2.50128
v 10.80000 0.81142 2.59762
v 10.72000 0.81142 2.59762
v 10.72000 0.81142 2.59762
v 10.80000 0.81142 2.59762
v 10.80000 0.40000 2.63000
v 10.72000 0.40000 2.63000
v 9.60000 -1.45000 -2.69000
v 10.80000 -1.45000 -2.69000
v 10.80000 0.40000 -2.69000
v 9.60000 0.40000 -2.69000
v 10.80000 -1.45000 2.69000
v 9.60000 -1.45000 2.69000
v 9.60000 0.40000 2.69000
v 10.80000 0.40000 2.69000
v 10.80000 0.40000 -2.70000
v 11.92000 0.40000 -2.70000
v 11.92000 0.82237 -2.66676
v 10.80000 0.82237 -2.66676
v 10.80000 0.82237 -2.66676
v 11.92000 0.82237 -2.66676
v 11.92000 1.23435 -2.56785
v 10.80000 1.23435 -2.56785
v 10.80000 1.23435 -2.56785
v 11.92000 1.23435 -2.56785
v 11.92000 1.62577 -2.40572
v 10.80000 1.62577 -2.40572
v 10.80000 1.62577 -2.40572
v 11.92000 1.62577 -2.40572
v 11.92000 1.98702 -2.18435
v 10.80000 1.98702 -2.18435
v 10.80000 1.98702 -2.18435
v 11.92000 1.98702 -2.18435
v 11.92000 2.30919 -1.90919
v 10.80000 2.30919 -1.90919
v 10.80000 2.30919 -1.90919
v 11.92000 2.30919 -1.90919
v 11.92000 2.58435 -1.58702
v 10.80000 2.58435 -1.58702
v 10.80000 2.58435 -1.58702
v 11.92000 2.58435 -1.58702
v 11.92000 2.80572 -1.22577
v 10.80000 2.80572 -1.22577
v 10.80000 2.80572 -1.22577
v 11.92000 2.80572 -1.22577
v 11.92000 2.96785 -0.83435
v 10.80000 2.96785 -0.83435
v 10.80000 2.96785 -0.83435
v 11.92000 2.96785 -0.83435
v 11.92000 3.06676 -0.42237
v 10.80000 3.06676 -0.42237
v 10.80000 3.06676 -0.42237
v 11.92000 3.06676 -0.42237
v 11.92000 3.10000 -0.00000
v 10.80000 3.10000 -0.00000
v 10.80000 3.10000 -0.00000
v 11.92000 3.10000 -0.00000
v 11.92000 3.06676 0.42237
v 10.80000 3.06676 0.42237
v 10.80000 3.06676 0.42237
v 11.92000 3.06676 0.42237
v 11.92000 2.96785 0.83435
v 10.80000 2.96785 0.83435
v 10.80000 2.96785 0.83435
v 11.92000 2.96785 0.83435
v 11.92000 2.80572 1.22577
v 10.80000 2.80572 1.22577
v 10.80000 2.80572 1.22577
v 11.92000 2.80572 1.22577
v 11.92000 2.58435 1.58702
v 10.80000 2.58435 1.58702
v 10.80000 2.58435 1.58702
v 11.92000 2.58435 1.58702
v 11.92000 2.30919 1.90919
v 10.80000 2.30919 1.90919
v 10.80000 2.30919 1.90919
v 11.92000 2.30919 1.90919
v 11.92000 1.98702 2.18435
v 10.80000 1.98702 2.18435
v 10.80000 1.98702 2.18435
v 11.92000 1.98702 2.18435
v 11.92000 1.62577 2.40572
v 10.80000 1.62577 2.40572
v 10.80000 1.62577 2.40572
v 11.92000 1.62577 2.40572
v 11.92000 1.23435 2.56785
v 10.80000 1.23435 2.56785
v 10.80000 1.23435 2.56785
v 11.92000 1.23435 2.56785
v 11.92000 0.82237 2.66676
v 10.80000 0.82237 2.66676
v 10.80000 0.82237 2.66676
v 11.92000 0.82237 2.66676
v 11.92000 0.40000 2.70000
v 10.80000 0.40000 2.70000
v 11.92000 0.40000 -2.63000
v 12.00000 0.40000 -2.63000
v 12.00000 0.81142 -2.59762
v 11.92000 0.81142 -2.59762
v 11.92000 0.81142 -2.59762
v 12.00000 0.81142 -2.59762
v 12.00000 1.21271 -2.50128
v 11.92000 1.21271 -2.50128
v 11.92000 1.21271 -2.50128
v 12.00000 1.21271 -2.50128
v 12.00000 1.59400 -2.34335
v 11.92000 1.59400 -2.34335
v 11.92000 1.59400 -2.34335
v 12.00000 1.59400 -2.34335
v 12.00000 1.94588 -2.12771
v 11.92000 1.94588 -2.12771
v 11.92000 1.94588 -2.12771
v 12.00000 1.94588 -2.12771
v 12.00000 2.25969 -1.85969
v 11.92000 2.25969 -1.85969
v 11.92000 2.25969 -1.85969
v 12.00000 2.25969 -1.85969
v 12.00000 2.52771 -1.54588
v 11.92000 2.52771 -1.54588
v 11.92000 2.52771 -1.54588
v 12.00000 2.52771 -1.54588
v 12.00000 2.74335 -1.19400
v 11.92000 2.74335 -1.19400
v 11.92000 2.74335 -1.19400
v 12.00000 2.74335 -1.19400
v 12.00000 2.90128 -0.81271
v 11.92000 2.90128 -0.81271
v 11.92000 2.90128 -0.81271
v 12.00000 2.90128 -0.81271
v 12.00000 2.99762 -0.41142
v 11.92000 2.99762 -0.41142
v 11.92000 2.99762 -0.41142
v 12.00000 2.99762 -0.41142
v 12.00000 3.03000 -0.00000
v 11.92000 3.03000 -0.00000
v 11.92000 3.03000 -0.00000
v 12.00000 3.03000 -0.00000
v 12.00000 2.99762 0.41142
v 11.92000 2.99762 0.41142
v 11.92000 2.99762 0.41142
v 12.00000 2.99762 0.41142
v 12.00000 2.90128 0.81271
v 11.92000 2.90128 0.81271
v 11.92000 2.90128 0.81271
v 12.00000 2.90128 0.81271
v 12.00000 2.74335 1.19400
v 11.92000 2.74335 1.19400
v 11.92000 2.74335 1.19400
v 12.00000 2.74335 1.19400
v 12.00000 2.52771 1.54588
v 11.92000 2.52771 1.54588
v 11.92000 2.52771 1.54588
v 12.00000 2.52771 1.54588
v 12.00000 2.25969 1.85969
v 11.92000 2.25969 1.85969
v 11.92000 2.25969 1.85969
v 12.00000 2.25969 1.85969
v 12.00000 1.94588 2.12771
v 11.92000 1.94588 2.12771
v 11.92000 1.94588 2.12771
v 12.00000 1.94588 2.12771
v 12.00000 1.59400 2.34335
v 11.92000 1.59400 2.34335
v 11.92000 1.59400 2.34335
v 12.00000 1.59400 2.34335
v 12.00000 1.21271 2.50128
v 11.92000 1.21271 2.50128
v 11.92000 1.21271 2.50128
v 12.00000 1.21271 2.50128
v 12.00000 0.81142 2.59762
v 11.92000 0.81142 2.59762
v 11.92000 0.81142 2.59762
v 12.00000 0.81142 2.59762
v 12.00000 0.40000 2.63000
v 11.92000 0.40000 2.63000
v 10.80000 -1.45000 -2.69000
v 12.00000 -1.45000 -2.69000
v 12.00000 0.40000 -2.69000
v 10.80000 0.40000 -2.69000
v 12.00000 -1.45000 2.69000
v 10.80000 -1.45000 2.69000
v 10.80000 0.40000 2.69000
v 12.00000 0.40000 2.69000
v -12.00000 -1.38000 2.59200
v 12.00000 -1.38000 2.59200
v 12.00000 -1.38000 -2.59200
v -12.00000 -1.38000 -2.59200
v 12.00000 -1.42500 -2.25000
v 12.00000 -1.42500 -2.85000
v 12.00000 -0.87500 -2.85000
v 12.00000 -0.87500 -2.25000
v -12.00000 -1.42500 -2.85000
v -12.00000 -1.42500 -2.25000
v -12.00000 -0.87500 -2.25000
v -12.00000 -0.87500 -2.85000
v -12.00000 -0.87500 -2.25000
v 12.00000 -0.87500 -2.25000
v 12.00000 -0.87500 -2.85000
v -12.00000 -0.87500 -2.85000
v -12.00000 -1.42500 -2.85000
v 12.00000 -1.42500 -2.85000
v 12.00000 -1.42500 -2.25000
v -12.00000 -1.42500 -2.25000
v -12.00000 -1.42500 -2.25000
v 12.00000 -1.42500 -2.25000
v 12.00000 -0.87500 -2.25000
v -12.00000 -0.87500 -2.25000
v 12.00000 -1.42500 -2.85000
v -12.00000 -1.42500 -2.85000
v -12.00000 -0.87500 -2.85000
v 12.00000 -0.87500 -2.85000
v 12.00000 1.00000 2.22000
v 12.00000 1.00000 1.88000
v 12.00000 1.10000 1.88000
v 12.00000 1.10000 2.22000
v -12.00000 1.00000 1.88000
v -12.00000 1.00000 2.22000
v -12.00000 1.10000 2.22000
v -12.00000 1.10000 1.88000
v -12.00000 1.10000 2.22000
v 12.00000 1.10000 2.22000
v 12.00000 1.10000 1.88000
v -12.00000 1.10000 1.88000
v -12.00000 1.00000 1.88000
v 12.00000 1.00000 1.88000
v 12.00000 1.00000 2.22000
v -12.00000 1.00000 2.22000
v -12.00000 1.00000 2.22000
v 12.00000 1.00000 2.22000
v 12.00000 1.10000 2.22000
v -12.00000 1.10000 2.22000
v 12.00000 1.00000 1.88000
v -12.00000 1.00000 1.88000
v -12.00000 1.10000 1.88000
v 12.00000 1.10000 1.88000
v -11.37000 0.76000 2.08000
v -11.37000 0.76000 2.02000
v -11.37000 1.02000 2.02000
v -11.37000 1.02000 2.08000
v -11.43000 0.76000 2.02000
v -11.43000 0.76000 2.08000
v -11.43000 1.02000 2.08000
v -11.43000 1.02000 2.02000
v -11.43000 1.02000 2.08000
v -11.37000 1.02000 2.08000
v -11.37000 1.02000 2.02000
v -11.43000 1.02000 2.02000
v -11.43000 0.76000 2.02000
v -11.37000 0.76000 2.02000
v -11.37000 0.76000 2.08000
v -11.43000 0.76000 2.08000
v -11.43000 0.76000 2.08000
v -11.37000 0.76000 2.08000
v -11.37000 1.02000 2.08000
v -11.43000 1.02000 2.08000
v -11.37000 0.76000 2.02000
v -11.43000 0.76000 2.02000
v -11.43000 1.02000 2.02000
v -11.37000 1.02000 2.02000
v -8.97000 0.76000 2.08000
v -8.97000 0.76000 2.02000
v -8.97000 1.02000 2.02000
v -8.97000 1.02000 2.08000
v -9.03000 0.76000 2.02000
v -9.03000 0.76000 2.08000
v -9.03000 1.02000 2.08000
v -9.03000 1.02000 2.02000
v -9.03000 1.02000 2.08000
v -8.97000 1.02000 2.08000
v -8.97000 1.02000 2.02000
v -9.03000 1.02000 2.02000
v -9.03000 0.76000 2.02000
v -8.97000 0.76000 2.02000
v -8.97000 0.76000 2.08000
v -9.03000 0.76000 2.08000
v -9.03000 0.76000 2.08000
v -8.97000 0.76000 2.08000
v -8.97000 1.02000 2.08000
v -9.03000 1.02000 2.08000
v -8.97000 0.76000 2.02000
v -9.03000 0.76000 2.02000
v -9.03000 1.02000 2.02000
v -8.97000 1.02000 2.02000
v -6.57000 0.76000 2.08000
v -6.57000 0.76000 2.02000
v -6.57000 1.02000 2.02000
v -6.57000 1.02000 2.08000
v -6.63000 0.76000 2.02000
v -6.63000 0.76000 2.08000
v -6.63000 1.02000 2.08000
v -6.63000 1.02000 2.02000
v -6.63000 1.02000 2.08000
v -6.57000 1.02000 2.08000
v -6.57000 1.02000 2.02000
v -6.63000 1.02000 2.02000
v -6.63000 0.76000 2.02000
v -6.57000 0.76000 2.02000
v -6.57000 0.76000 2.08000
v -6.63000 0.76000 2.08000
v -6.63000 0.76000 2.08000
v -6.57000 0.76000 2.08000
v -6.57000 1.02000 2.08000
v -6.63000 1.02000 2.08000
v -6.57000 0.76000 2.02000
v -6.63000 0.76000 2.02000
v -6.63000 1.02000 2.02000
v -6.57000 1.02000 2.02000
v -4.17000 0.76000 2.08000
v -4.17000 0.76000 2.02000
v -4.17000 1.02000 2.02000
v -4.17000 1.02000 2.08000
v -4.23000 0.76000 2.02000
v -4.23000 0.76000 2.08000
v -4.23000 1.02000 2.08000
v -4.23000 1.02000 2.02000
v -4.23000 1.02000 2.08000
v -4.17000 1.02000 2.08000
v -4.17000 1.02000 2.02000
v -4.23000 1.02000 2.02000
v -4.23000 0.76000 2.02000
v -4.17000 0.76000 2.02000
v -4.17000 0.76000 2.08000
v -4.23000 0.76000 2.08000
v -4.23000 0.76000 2.08000
v -4.17000 0.76000 2.08000
v -4.17000 1.02000 2.08000
v -4.23000 1.02000 2.08000
v -4.17000 0.76000 2.02000
v -4.23000 0.76000 2.02000
v -4.23000 1.02000 2.02000
v -4.17000 1.02000 2.02000
v -1.77000 0.76000 2.08000
v -1.77000 0.76000 2.02000
v -1.77000 1.02000 2.02000
v -1.77000 1.02000 2.08000
v -1.83000 0.76000 2.02000
v -1.83000 0.76000 2.08000
v -1.83000 1.02000 2.08000
v -1.83000 1.02000 2.02000
v -1.83000 1.02000 2.08000
v -1.77000 1.02000 2.08000
v -1.77000 1.02000 2.02000
v -1.83000 1.02000 2.02000
v -1.83000 0.76000 2.02000
v -1.77000 0.76000 2.02000
v -1.77000 0.76000 2.08000
v -1.83000 0.76000 2.08000
v -1.83000 0.76000 2.08000
v -1.77000 0.76000 2.08000
v -1.77000 1.02000 2.08000
v -1.83000 1.02000 2.08000
v -1.77000 0.76000 2.02000
v -1.83000 0.76000 2.02000
v -1.83000 1.02000 2.02000
v -1.77000 1.02000 2.02000
v 0.63000 0.76000 2.08000
v 0.63000 0.76000 2.02000
v 0.63000 1.02000 2.02000
v 0.63000 1.02000 2.08000
v 0.57000 0.76000 2.02000
v 0.57000 0.76000 2.08000
v 0.57000 1.02000 2.08000
v 0.57000 1.02000 2.02000
v 0.57000 1.02000 2.08000
v 0.63000 1.02000 2.08000
v 0.63000 1.02000 2.02000
v 0.57000 1.02000 2.02000
v 0.57000 0.76000 2.02000
v 0.63000 0.76000 2.02000
v 0.63000 0.76000 2.08000
v 0.57000 0.76000 2.08000
v 0.57000 0.76000 2.08000
v 0.63000 0.76000 2.08000
v 0.63000 1.02000 2.08000
v 0.57000 1.02000 2.08000
v 0.63000 0.76000 2.02000
v 0.57000 0.76000 2.02000
v 0.57000 1.02000 2.02000
v 0.63000 1.02000 2.02000
v 3.03000 0.76000 2.08000
v 3.03000 0.76000 2.02000
v 3.03000 1.02000 2.02000
v 3.03000 1.02000 2.08000
v 2.97000 0.76000 2.02000
v 2.97000 0.76000 2.08000
v 2.97000 1.02000 2.08000
v 2.97000 1.02000 2.02000
v 2.97000 1.02000 2.08000
v 3.03000 1.02000 2.08000
v 3.03000 1.02000 2.02000
v 2.97000 1.02000 2.02000
v 2.97000 0.76000 2.02000
v 3.03000 0.76000 2.02000
v 3.03000 0.76000 2.08000
v 2.97000 0.76000 2.08000
v 2.97000 0.76000 2.08000
v 3.03000 0.76000 2.08000
v 3.03000 1.02000 2.08000
v 2.97000 1.02000 2.08000
v 3.03000 0.76000 2.02000
v 2.97000 0.76000 2.02000
v 2.97000 1.02000 2.02000
v 3.03000 1.02000 2.02000
v 5.43000 0.76000 2.08000
v 5.43000 0.76000 2.02000
v 5.43000 1.02000 2.02000
v 5.43000 1.02000 2.08000
v 5.37000 0.76000 2.02000
v 5.37000 0.76000 2.08000
v 5.37000 1.02000 2.08000
v 5.37000 1.02000 2.02000
v 5.37000 1.02000 2.08000
v 5.43000 1.02000 2.08000
v 5.43000 1.02000 2.02000
v 5.37000 1.02000 2.02000
v 5.37000 0.76000 2.02000
v 5.43000 0.76000 2.02000
v 5.43000 0.76000 2.08000
v 5.37000 0.76000 2.08000
v 5.37000 0.76000 2.08000
v 5.43000 0.76000 2.08000
v 5.43000 1.02000 2.08000
v 5.37000 1.02000 2.08000
v 5.43000 0.76000 2.02000
v 5.37000 0.76000 2.02000
v 5.37000 1.02000 2.02000
v 5.43000 1.02000 2.02000
v 7.83000 0.76000 2.08000
v 7.83000 0.76000 2.02000
v 7.83000 1.02000 2.02000
v 7.83000 1.02000 2.08000
v 7.77000 0.76000 2.02000
v 7.77000 0.76000 2.08000
v 7.77000 1.02000 2.08000
v 7.77000 1.02000 2.02000
v 7.77000 1.02000 2.08000
v 7.83000 1.02000 2.08000
v 7.83000 1.02000 2.02000
v 7.77000 1.02000 2.02000
v 7.77000 0.76000 2.02000
v 7.83000 0.76000 2.02000
v 7.83000 0.76000 2.08000
v 7.77000 0.76000 2.08000
v 7.77000 0.76000 2.08000
v 7.83000 0.76000 2.08000
v 7.83000 1.02000 2.08000
v 7.77000 1.02000 2.08000
v 7.83000 0.76000 2.02000
v 7.77000 0.76000 2.02000
v 7.77000 1.02000 2.02000
v 7.83000 1.02000 2.02000
v 10.23000 0.76000 2.08000
v 10.23000 0.76000 2.02000
v 10.23000 1.02000 2.02000
v 10.23000 1.02000 2.08000
v 10.17000 0.76000 2.02000
v 10.17000 0.76000 2.08000
v 10.17000 1.02000 2.08000
v 10.17000 1.02000 2.02000
v 10.17000 1.02000 2.08000
v 10.23000 1.02000 2.08000
v 10.23000 1.02000 2.02000
v 10.17000 1.02000 2.02000
v 10.17000 0.76000 2.02000
v 10.23000 0.76000 2.02000
v 10.23000 0.76000 2.08000
v 10.17000 0.76000 2.08000
v 10.17000 0.76000 2.08000
v 10.23000 0.76000 2.08000
v 10.23000 1.02000 2.08000
v 10.17000 1.02000 2.08000
v 10.23000 0.76000 2.02000
v 10.17000 0.76000 2.02000
v 10.17000 1.02000 2.02000
v 10.23000 1.02000 2.02000
v 12.00000 1.40000 2.42000
v 12.00000 1.40000 2.08000
v 12.00000 1.50000 2.08000
v 12.00000 1.50000 2.42000
v -12.00000 1.40000 2.08000
v -12.00000 1.40000 2.42000
v -12.00000 1.50000 2.42000
v -12.00000 1.50000 2.08000
v -12.00000 1.50000 2.42000
v 12.00000 1.50000 2.42000
v 12.00000 1.50000 2.08000
v -12.00000 1.50000 2.08000
v -12.00000 1.40000 2.08000
v 12.00000 1.40000 2.08000
v 12.00000 1.40000 2.42000
v -12.00000 1.40000 2.42000
v -12.00000 1.40000 2.42000
v 12.00000 1.40000 2.42000
v 12.00000 1.50000 2.42000
v -12.00000 1.50000 2.42000
v 12.00000 1.40000 2.08000
v -12.00000 1.40000 2.08000
v -12.00000 1.50000 2.08000
v 12.00000 1.50000 2.08000
v -11.37000 1.16000 2.28000
v -11.37000 1.16000 2.22000
v -11.37000 1.42000 2.22000
v -11.37000 1.42000 2.28000
v -11.43000 1.16000 2.22000
v -11.43000 1.16000 2.28000
v -11.43000 1.42000 2.28000
v -11.43000 1.42000 2.22000
v -11.43000 1.42000 2.28000
v -11.37000 1.42000 2.28000
v -11.37000 1.42000 2.22000
v -11.43000 1.42000 2.22000
v -11.43000 1.16000 2.22000
v -11.37000 1.16000 2.22000
v -11.37000 1.16000 2.28000
v -11.43000 1.16000 2.28000
v -11.43000 1.16000 2.28000
v -11.37000 1.16000 2.28000
v -11.37000 1.42000 2.28000
v -11.43000 1.42000 2.28000
v -11.37000 1.16000 2.22000
v -11.43000 1.16000 2.22000
v -11.43000 1.42000 2.22000
v -11.37000 1.42000 2.22000
v -8.97000 1.16000 2.28000
v -8.97000 1.16000 2.22000
v -8.97000 1.42000 2.22000
v -8.97000 1.42000 2.28000
v -9.03000 1.16000 2.22000
v -9.03000 1.16000 2.28000
v -9.03000 1.42000 2.28000
v -9.03000 1.42000 2.22000
v -9.03000 1.42000 2.28000
v -8.97000 1.42000 2.28000
v -8.97000 1.42000 2.22000
v -9.03000 1.42000 2.22000
v -9.03000 1.16000 2.22000
v -8.97000 1.16000 2.22000
v -8.97000 1.16000 2.28000
v -9.03000 1.16000 2.28000
v -9.03000 1.16000 2.28000
v -8.97000 1.16000 2.28000
v -8.97000 1.42000 2.28000
v -9.03000 1.42000 2.28000
v -8.97000 1.16000 2.22000
v -9.03000 1.16000 2.22000
v -9.03000 1.42000 2.22000
v -8.97000 1.42000 2.22000
v -6.57000 1.16000 2.28000
v -6.57000 1.16000 2.22000
v -6.57000 1.42000 2.22000
v -6.57000 1.42000 2.28000
v -6.63000 1.16000 2.22000
v -6.63000 1.16000 2.28000
v -6.63000 1.42000 2.28000
v -6.63000 1.42000 2.22000
v -6.63000 1.42000 2.28000
v -6.57000 1.42000 2.28000
v -6.57000 1.42000 2.22000
v -6.63000 1.42000 2.22000
v -6.63000 1.16000 2.22000
v -6.57000 1.16000 2.22000
v -6.57000 1.16000 2.28000
v -6.63000 1.16000 2.28000
v -6.63000 1.16000 2.28000
v -6.57000 1.16000 2.28000
v -6.57000 1.42000 2.28000
v -6.63000 1.42000 2.28000
v -6.57000 1.16000 2.22000
v -6.63000 1.16000 2.22000
v -6.63000 1.42000 2.22000
v -6.57000 1.42000 2.22000
v -4.17000 1.16000 2.28000
v -4.17000 1.16000 2.22000
v -4.17000 1.42000 2.22000
v -4.17000 1.42000 2.28000
v -4.23000 1.16000 2.22000
v -4.23000 1.16000 2.28000
v -4.23000 1.42000 2.28000
v -4.23000 1.42000 2.22000
v -4.23000 1.42000 2.28000
v -4.17000 1.42000 2.28000
v -4.17000 1.42000 2.22000
v -4.23000 1.42000 2.22000
v -4.23000 1.16000 2.22000
v -4.17000 1.16000 2.22000
v -4.17000 1.16000 2.28000
v -4.23000 1.16000 2.28000
v -4.23000 1.16000 2.28000
v -4.17000 1.16000 2.28000
v -4.17000 1.42000 2.28000
v -4.23000 1.42000 2.28000
v -4.17000 1.16000 2.22000
v -4.23000 1.16000 2.22000
v -4.23000 1.42000 2.22000
v -4.17000 1.42000 2.22000
v -1.77000 1.16000 2.28000
v -1.77000 1.16000 2.22000
v -1.77000 1.42000 2.22000
v -1.77000 1.42000 2.28000
v -1.83000 1.16000 2.22000
v -1.83000 1.16000 2.28000
v -1.83000 1.42000 2.28000
v -1.83000 1.42000 2.22000
v -1.83000 1.42000 2.28000
v -1.77000 1.42000 2.28000
v -1.77000 1.42000 2.22000
v -1.83000 1.42000 2.22000
v -1.83000 1.16000 2.22000
v -1.77000 1.16000 2.22000
v -1.77000 1.16000 2.28000
v -1.83000 1.16000 2.28000
v -1.83000 1.16000 2.28000
v -1.77000 1.16000 2.28000
v -1.77000 1.42000 2.28000
v -1.83000 1.42000 2.28000
v -1.77000 1.16000 2.22000
v -1.83000 1.16000 2.22000
v -1.83000 1.42000 2.22000
v -1.77000 1.42000 2.22000
v 0.63000 1.16000 2.28000
v 0.63000 1.16000 2.22000
v 0.63000 1.42000 2.22000
v 0.63000 1.42000 2.28000
v 0.57000 1.16000 2.22000
v 0.57000 1.16000 2.28000
v 0.57000 1.42000 2.28000
v 0.57000 1.42000 2.22000
v 0.57000 1.42000 2.28000
v 0.63000 1.42000 2.28000
v 0.63000 1.42000 2.22000
v 0.57000 1.42000 2.22000
v 0.57000 1.16000 2.22000
v 0.63000 1.16000 2.22000
v 0.63000 1.16000 2.28000
v 0.57000 1.16000 2.28000
v 0.57000 1.16000 2.28000
v 0.63000 1.16000 2.28000
v 0.63000 1.42000 2.28000
v 0.57000 1.42000 2.28000
v 0.63000 1.16000 2.22000
v 0.57000 1.16000 2.22000
v 0.57000 1.42000 2.22000
v 0.63000 1.42000 2.22000
v 3.03000 1.16000 2.28000
v 3.03000 1.16000 2.22000
v 3.03000 1.42000 2.22000
v 3.03000 1.42000 2.28000
v 2.97000 1.16000 2.22000
v 2.97000 1.16000 2.28000
v 2.97000 1.42000 2.28000
v 2.97000 1.42000 2.22000
v 2.97000 1.42000 2.28000
v 3.03000 1.42000 2.28000
v 3.03000 1.42000 2.22000
v 2.97000 1.42000 2.22000
v 2.97000 1.16000 2.22000
v 3.03000 1.16000 2.22000
v 3.03000 1.16000 2.28000
v 2.97000 1.16000 2.28000
v 2.97000 1.16000 2.28000
v 3.03000 1.16000 2.28000
v 3.03000 1.42000 2.28000
v 2.97000 1.42000 2.28000
v 3.03000 1.16000 2.22000
v 2.97000 1.16000 2.22000
v 2.97000 1.42000 2.22000
v 3.03000 1.42000 2.22000
v 5.43000 1.16000 2.28000
v 5.43000 1.16000 2.22000
v 5.43000 1.42000 2.22000
v 5.43000 1.42000 2.28000
v 5.37000 1.16000 2.22000
v 5.37000 1.16000 2.28000
v 5.37000 1.42000 2.28000
v 5.37000 1.42000 2.22000
v 5.37000 1.42000 2.28000
v 5.43000 1.42000 2.28000
v 5.43000 1.42000 2.22000
v 5.37000 1.42000 2.22000
v 5.37000 1.16000 2.22000
v 5.43000 1.16000 2.22000
v 5.43000 1.16000 2.28000
v 5.37000 1.16000 2.28000
v 5.37000 1.16000 2.28000
v 5.43000 1.16000 2.28000
v 5.43000 1.42000 2.28000
v 5.37000 1.42000 2.28000
v 5.43000 1.16000 2.22000
v 5.37000 1.16000 2.22000
v 5.37000 1.42000 2.22000
v 5.43000 1.42000 2.22000
v 7.83000 1.16000 2.28000
v 7.83000 1.16000 2.22000
v 7.83000 1.42000 2.22000
v 7.83000 1.42000 2.28000
v 7.77000 1.16000 2.22000
v 7.77000 1.16000 2.28000
v 7.77000 1.42000 2.28000
v 7.77000 1.42000 2.22000
v 7.77000 1.42000 2.28000
v 7.83000 1.42000 2.28000
v 7.83000 1.42000 2.22000
v 7.77000 1.42000 2.22000
v 7.77000 1.16000 2.22000
v 7.83000 1.16000 2.22000
v 7.83000 1.16000 2.28000
v 7.77000 1.16000 2.28000
v 7.77000 1.16000 2.28000
v 7.83000 1.16000 2.28000
v 7.83000 1.42000 2.28000
v 7.77000 1.42000 2.28000
v 7.83000 1.16000 2.22000
v 7.77000 1.16000 2.22000
v 7.77000 1.42000 2.22000
v 7.83000 1.42000 2.22000
v 10.23000 1.16000 2.28000
v 10.23000 1.16000 2.22000
v 10.23000 1.42000 2.22000
v 10.23000 1.42000 2.28000
v 10.17000 1.16000 2.22000
v 10.17000 1.16000 2.28000
v 10.17000 1.42000 2.28000
v 10.17000 1.42000 2.22000
v 10.17000 1.42000 2.28000
v 10.23000 1.42000 2.28000
v 10.23000 1.42000 2.22000
v 10.17000 1.42000 2.22000
v 10.17000 1.16000 2.22000
v 10.23000 1.16000 2.22000
v 10.23000 1.16000 2.28000
v 10.17000 1.16000 2.28000
v 10.17000 1.16000 2.28000
v 10.23000 1.16000 2.28000
v 10.23000 1.42000 2.28000
v 10.17000 1.42000 2.28000
v 10.23000 1.16000 2.22000
v 10.17000 1.16000 2.22000
v 10.17000 1.42000 2.22000
v 10.23000 1.42000 2.22000
v 12.00000 1.20000 -2.13000
v 12.00000 1.20000 -2.47000
v 12.00000 1.30000 -2.47000
v 12.00000 1.30000 -2.13000
v -12.00000 1.20000 -2.47000
v -12.00000 1.20000 -2.13000
v -12.00000 1.30000 -2.13000
v -12.00000 1.30000 -2.47000
v -12.00000 1.30000 -2.13000
v 12.00000 1.30000 -2.13000
v 12.00000 1.30000 -2.47000
v -12.00000 1.30000 -2.47000
v -12.00000 1.20000 -2.47000
v 12.00000 1.20000 -2.47000
v 12.00000 1.20000 -2.13000
v -12.00000 1.20000 -2.13000
v -12.00000 1.20000 -2.13000
v 12.00000 1.20000 -2.13000
v 12.00000 1.30000 -2.13000
v -12.00000 1.30000 -2.13000
v 12.00000 1.20000 -2.47000
v -12.00000 1.20000 -2.47000
v -12.00000 1.30000 -2.47000
v 12.00000 1.30000 -2.47000
v -11.37000 0.96000 -2.27000
v -11.37000 0.96000 -2.33000
v -11.37000 1.22000 -2.33000
v -11.37000 1.22000 -2.27000
v -11.43000 0.96000 -2.33000
v -11.43000 0.96000 -2.27000
v -11.43000 1.22000 -2.27000
v -11.43000 1.22000 -2.33000
v -11.43000 1.22000 -2.27000
v -11.37000 1.22000 -2.27000
v -11.37000 1.22000 -2.33000
v -11.43000 1.22000 -2.33000
v -11.43000 0.96000 -2.33000
v -11.37000 0.96000 -2.33000
v -11.37000 0.96000 -2.27000
v -11.43000 0.96000 -2.27000
v -11.43000 0.96000 -2.27000
v -11.37000 0.96000 -2.27000
v -11.37000 1.22000 -2.27000
v -11.43000 1.22000 -2.27000
v -11.37000 0.96000 -2.33000
v -11.43000 0.96000 -2.33000
v -11.43000 1.22000 -2.33000
v -11.37000 1.22000 -2.33000
v -8.97000 0.96000 -2.27000
v -8.97000 0.96000 -2.33000
v -8.97000 1.22000 -2.33000
v -8.97000 1.22000 -2.27000
v -9.03000 0.96000 -2.33000
v -9.03000 0.96000 -2.27000
v -9.03000 1.22000 -2.27000
v -9.03000 1.22000 -2.33000
v -9.03000 1.22000 -2.27000
v -8.97000 1.22000 -2.27000
v -8.97000 1.22000 -2.33000
v -9.03000 1.22000 -2.33000
v -9.03000 0.96000 -2.33000
v -8.97000 0.96000 -2.33000
v -8.97000 0.96000 -2.27000
v -9.03000 0.96000 -2.27000
v -9.03000 0.96000 -2.27000
v -8.97000 0.96000 -2.27000
v -8.97000 1.22000 -2.27000
v -9.03000 1.22000 -2.27000
v -8.97000 0.96000 -2.33000
v -9.03000 0.96000 -2.33000
v -9.03000 1.22000 -2.33000
v -8.97000 1.22000 -2.33000
v -6.57000 0.96000 -2.27000
v -6.57000 0.96000 -2.33000
v -6.57000 1.22000 -2.33000
v -6.57000 1.22000 -2.27000
v -6.63000 0.96000 -2.33000
v -6.63000 0.96000 -2.27000
v -6.63000 1.22000 -2.27000
v -6.63000 1.22000 -2.33000
v -6.63000 1.22000 -2.27000
v -6.57000 1.22000 -2.27000
v -6.57000 1.22000 -2.33000
v -6.63000 1.22000 -2.33000
v -6.63000 0.96000 -2.33000
v -6.57000 0.96000 -2.33000
v -6.57000 0.96000 -2.27000
v -6.63000 0.96000 -2.27000
v -6.63000 0.96000 -2.27000
v -6.57000 0.96000 -2.27000
v -6.57000 1.22000 -2.27000
v -6.63000 1.22000 -2.27000
v -6.57000 0.96000 -2.33000
v -6.63000 0.96000 -2.33000
v -6.63000 1.22000 -2.33000
v -6.57000 1.22000 -2.33000
v -4.17000 0.96000 -2.27000
v -4.17000 0.96000 -2.33000
v -4.17000 1.22000 -2.33000
v -4.17000 1.22000 -2.27000
v -4.23000 0.96000 -2.33000
v -4.23000 0.96000 -2.27000
v -4.23000 1.22000 -2.27000
v -4.23000 1.22000 -2.33000
v -4.23000 1.22000 -2.27000
v -4.17000 1.22000 -2.27000
v -4.17000 1.22000 -2.33000
v -4.23000 1.22000 -2.33000
v -4.23000 0.96000 -2.33000
v -4.17000 0.96000 -2.33000
v -4.17000 0.96000 -2.27000
v -4.23000 0.96000 -2.27000
v -4.23000 0.96000 -2.27000
v -4.17000 0.96000 -2.27000
v -4.17000 1.22000 -2.27000
v -4.23000 1.22000 -2.27000
v -4.17000 0.96000 -2.33000
v -4.23000 0.96000 -2.33000
v -4.23000 1.22000 -2.33000
v -4.17000 1.22000 -2.33000
v -1.77000 0.96000 -2.27000
v -1.77000 0.96000 -2.33000
v -1.77000 1.22000 -2.33000
v -1.77000 1.22000 -2.27000
v -1.83000 0.96000 -2.33000
v -1.83000 0.96000 -2.27000
v -1.83000 1.22000 -2.27000
v -1.83000 1.22000 -2.33000
v -1.83000 1.22000 -2.27000
v -1.77000 1.22000 -2.27000
v -1.77000 1.22000 -2.33000
v -1.83000 1.22000 -2.33000
v -1.83000 0.96000 -2.33000
v -1.77000 0.96000 -2.33000
v -1.77000 0.96000 -2.27000
v -1.83000 0.96000 -2.27000
v -1.83000 0.96000 -2.27000
v -1.77000 0.96000 -2.27000
v -1.77000 1.22000 -2.27000
v -1.83000 1.22000 -2.27000
v -1.77000 0.96000 -2.33000
v -1.83000 0.96000 -2.33000
v -1.83000 1.22000 -2.33000
v -1.77000 1.22000 -2.33000
v 0.63000 0.96000 -2.27000
v 0.63000 0.96000 -2.33000
v 0.63000 1.22000 -2.33000
v 0.63000 1.22000 -2.27000
v 0.57000 0.96000 -2.33000
v 0.57000 0.96000 -2.27000
v 0.57000 1.22000 -2.27000
v 0.57000 1.22000 -2.33000
v 0.57000 1.22000 -2.27000
v 0.63000 1.22000 -2.27000
v 0.63000 1.22000 -2.33000
v 0.57000 1.22000 -2.33000
v 0.57000 0.96000 -2.33000
v 0.63000 0.96000 -2.33000
v 0.63000 0.96000 -2.27000
v 0.57000 0.96000 -2.27000
v 0.57000 0.96000 -2.27000
v 0.63000 0.96000 -2.27000
v 0.63000 1.22000 -2.27000
v 0.57000 1.22000 -2.27000
v 0.63000 0.96000 -2.33000
v 0.57000 0.96000 -2.33000
v 0.57000 1.22000 -2.33000
v 0.63000 1.22000 -2.33000
v 3.03000 0.96000 -2.27000
v 3.03000 0.96000 -2.33000
v 3.03000 1.22000 -2.33000
v 3.03000 1.22000 -2.27000
v 2.97000 0.96000 -2.33000
v 2.97000 0.96000 -2.27000
v 2.97000 1.22000 -2.27000
v 2.97000 1.22000 -2.33000
v 2.97000 1.22000 -2.27000
v 3.03000 1.22000 -2.27000
v 3.03000 1.22000 -2.33000
v 2.97000 1.22000 -2.33000
v 2.97000 0.96000 -2.33000
v 3.03000 0.96000 -2.33000
v 3.03000 0.96000 -2.27000
v 2.97000 0.96000 -2.27000
v 2.97000 0.96000 -2.27000
v 3.03000 0.96000 -2.27000
v 3.03000 1.22000 -2.27000
v 2.97000 1.22000 -2.27000
v 3.03000 0.96000 -2.33000
v 2.97000 0.96000 -2.33000
v 2.97000 1.22000 -2.33000
v 3.03000 1.22000 -2.33000
v 5.43000 0.96000 -2.27000
v 5.43000 0.96000 -2.33000
v 5.43000 1.22000 -2.33000
v 5.43000 1.22000 -2.27000
v 5.37000 0.96000 -2.33000
v 5.37000 0.96000 -2.27000
v 5.37000 1.22000 -2.27000
v 5.37000 1.22000 -2.33000
v 5.37000 1.22000 -2.27000
v 5.43000 1.22000 -2.27000
v 5.43000 1.22000 -2.33000
v 5.37000 1.22000 -2.33000
v 5.37000 0.96000 -2.33000
v 5.43000 0.96000 -2.33000
v 5.43000 0.96000 -2.27000
v 5.37000 0.96000 -2.27000
v 5.37000 0.96000 -2.27000
v 5.43000 0.96000 -2.27000
v 5.43000 1.22000 -2.27000
v 5.37000 1.22000 -2.27000
v 5.43000 0.96000 -2.33000
v 5.37000 0.96000 -2.33000
v 5.37000 1.22000 -2.33000
v 5.43000 1.22000 -2.33000
v 7.83000 0.96000 -2.27000
v 7.83000 0.96000 -2.33000
v 7.83000 1.22000 -2.33000
v 7.83000 1.22000 -2.27000
v 7.77000 0.96000 -2.33000
v 7.77000 0.96000 -2.27000
v 7.77000 1.22000 -2.27000
v 7.77000 1.22000 -2.33000
v 7.77000 1.22000 -2.27000
v 7.83000 1.22000 -2.27000
v 7.83000 1.22000 -2.33000
v 7.77000 1.22000 -2.33000
v 7.77000 0.96000 -2.33000
v 7.83000 0.96000 -2.33000
v 7.83000 0.96000 -2.27000
v 7.77000 0.96000 -2.27000
v 7.77000 0.96000 -2.27000
v 7.83000 0.96000 -2.27000
v 7.83000 1.22000 -2.27000
v 7.77000 1.22000 -2.27000
v 7.83000 0.96000 -2.33000
v 7.77000 0.96000 -2.33000
v 7.77000 1.22000 -2.33000
v 7.83000 1.22000 -2.33000
v 10.23000 0.96000 -2.27000
v 10.23000 0.96000 -2.33000
v 10.23000 1.22000 -2.33000
v 10.23000 1.22000 -2.27000
v 10.17000 0.96000 -2.33000
v 10.17000 0.96000 -2.27000
v 10.17000 1.22000 -2.27000
v 10.17000 1.22000 -2.33000
v 10.17000 1.22000 -2.27000
v 10.23000 1.22000 -2.27000
v 10.23000 1.22000 -2.33000
v 10.17000 1.22000 -2.33000
v 10.17000 0.96000 -2.33000
v 10.23000 0.96000 -2.33000
v 10.23000 0.96000 -2.27000
v 10.17000 0.96000 -2.27000
v 10.17000 0.96000 -2.27000
v 10.23000 0.96000 -2.27000
v 10.23000 1.22000 -2.27000
v 10.17000 1.22000 -2.27000
v 10.23000 0.96000 -2.33000
v 10.17000 0.96000 -2.33000
v 10.17000 1.22000 -2.33000
v 10.23000 1.22000 -2.33000
vt -7.50000 0.00000
vt -6.80000 0.00000
vt -6.80000 0.26507
vt -7.50000 0.26507
vt -7.50000 0.26507
vt -6.80000 0.26507
vt -6.80000 0.53014
vt -7.50000 0.53014
vt -7.50000 0.53014
vt -6.80000 0.53014
vt -6.80000 0.79522
vt -7.50000 0.79522
vt -7.50000 0.79522
vt -6.80000 0.79522
vt -6.80000 1.06029
vt -7.50000 1.06029
vt -7.50000 1.06029
vt -6.80000 1.06029
vt -6.80000 1.32536
vt -7.50000 1.32536
vt -7.50000 1.32536
vt -6.80000 1.32536
vt -6.80000 1.59043
vt -7.50000 1.59043
vt -7.50000 1.59043
vt -6.80000 1.59043
vt -6.80000 1.85550
vt -7.50000 1.85550
vt -7.50000 1.85550
vt -6.80000 1.85550
vt -6.80000 2.12058
vt -7.50000 2.12058
vt -7.50000 2.12058
vt -6.80000 2.12058
vt -6.80000 2.38565
vt -7.50000 2.38565
vt -7.50000 2.38565
vt -6.80000 2.38565
vt -6.80000 2.65072
vt -7.50000 2.65072
vt -7.50000 2.65072
vt -6.80000 2.65072
vt -6.80000 2.91579
vt -7.50000 2.91579
vt -7.50000 2.91579
vt -6.80000 2.91579
vt -6.80000 3.18086
vt -7.50000 3.18086
vt -7.50000 3.18086
vt -6.80000 3.18086
vt -6.80000 3.44593
vt -7.50000 3.44593
vt -7.50000 3.44593
vt -6.80000 3.44593
vt -6.80000 3.71101
vt -7.50000 3.71101
vt -7.50000 3.71101
vt -6.80000 3.71101
vt -6.80000 3.97608
vt -7.50000 3.97608
vt -7.50000 3.97608
vt -6.80000 3.97608
vt -6.80000 4.24115
vt -7.50000 4.24115
vt -7.50000 4.24115
vt -6.80000 4.24115
vt -6.80000 4.50622
vt -7.50000 4.50622
vt -7.50000 4.50622
vt -6.80000 4.50622
vt -6.80000 4.77129
vt -7.50000 4.77129
vt -7.50000 4.77129
vt -6.80000 4.77129
vt -6.80000 5.03637
vt -7.50000 5.03637
vt -7.50000 5.03637
vt -6.80000 5.03637
vt -6.80000 5.30144
vt -7.50000 5.30144
vt -6.80000 0.00000
vt -6.75000 0.00000
vt -6.75000 0.25820
vt -6.80000 0.25820
vt -6.80000 0.25820
vt -6.75000 0.25820
vt -6.75000 0.51640
vt -6.80000 0.51640
vt -6.80000 0.51640
vt -6.75000 0.51640
vt -6.75000 0.77460
vt -6.80000 0.77460
vt -6.80000 0.77460
vt -6.75000 0.77460
vt -6.75000 1.03280
vt -6.80000 1.03280
vt -6.80000 1.03280
vt -6.75000 1.03280
vt -6.75000 1.29100
vt -6.80000 1.29100
vt -6.80000 1.29100
vt -6.75000 1.29100
vt -6.75000 1.54920
vt -6.80000 1.54920
vt -6.80000 1.54920
vt -6.75000 1.54920
vt -6.75000 1.80740
vt -6.80000 1.80740
vt -6.80000 1.80740
vt -6.75000 1.80740
vt -6.75000 2.06560
vt -6.80000 2.06560
vt -6.80000 2.06560
vt -6.75000 2.06560
vt -6.75000 2.32380
vt -6.80000 2.32380
vt -6.80000 2.32380
vt -6.75000 2.32380
vt -6.75000 2.58200
vt -6.80000 2.58200
vt -6.80000 2.58200
vt -6.75000 2.58200
vt -6.75000 2.84020
vt -6.80000 2.84020
vt -6.80000 2.84020
vt -6.75000 2.84020
vt -6.75000 3.09840
vt -6.80000 3.09840
vt -6.80000 3.09840
vt -6.75000 3.09840
vt -6.75000 3.35660
vt -6.80000 3.35660
vt -6.80000 3.35660
vt -6.75000 3.35660
vt -6.75000 3.61480
vt -6.80000 3.61480
vt -6.80000 3.61480
vt -6.75000 3.61480
vt -6.75000 3.87299
vt -6.80000 3.87299
vt -6.80000 3.87299
vt -6.75000 3.87299
vt -6.75000 4.13119
vt -6.80000 4.13119
vt -6.80000 4.13119
vt -6.75000 4.13119
vt -6.75000 4.38939
vt -6.80000 4.38939
vt -6.80000 4.38939
vt -6.75000 4.38939
vt -6.75000 4.64759
vt -6.80000 4.64759
vt -6.80000 4.64759
vt -6.75000 4.64759
vt -6.75000 4.90579
vt -6.80000 4.90579
vt -6.80000 4.90579
vt -6.75000 4.90579
vt -6.75000 5.16399
vt -6.80000 5.16399
vt -7.50000 -0.90625
vt -6.75000 -0.90625
vt -6.75000 0.25000
vt -7.50000 0.25000
vt 6.75000 -0.90625
vt 7.50000 -0.90625
vt 7.50000 0.25000
vt 6.75000 0.25000
vt -6.75000 0.00000
vt -6.05000 0.00000
vt -6.05000 0.26507
vt -6.75000 0.26507
vt -6.75000 0.26507
vt -6.05000 0.26507
vt -6.05000 0.53014
vt -6.75000 0.53014
vt -6.75000 0.53014
vt -6.05000 0.53014
vt -6.05000 0.79522
vt -6.75000 0.79522
vt -6.75000 0.79522
vt -6.05000 0.79522
vt -6.05000 1.06029
vt -6.75000 1.06029
vt -6.75000 1.06029
vt -6.05000 1.06029
vt -6.05000 1.32536
vt -6.75000 1.32536
vt -6.75000 1.32536
vt -6.05000 1.32536
vt -6.05000 1.59043
vt -6.75000 1.59043
vt -6.75000 1.59043
vt -6.05000 1.59043
vt -6.05000 1.85550
vt -6.75000 1.85550
vt -6.75000 1.85550
vt -6.05000 1.85550
vt -6.05000 2.12058
vt -6.75000 2.12058
vt -6.75000 2.12058
vt -6.05000 2.12058
vt -6.05000 2.38565
vt -6.75000 2.38565
vt -6.75000 2.38565
vt -6.05000 2.38565
vt -6.05000 2.65072
vt -6.75000 2.65072
vt -6.75000 2.65072
vt -6.05000 2.65072
vt -6.05000 2.91579
vt -6.75000 2.91579
vt -6.75000 2.91579
vt -6.05000 2.91579
vt -6.05000 3.18086
vt -6.75000 3.18086
vt -6.75000 3.18086
vt -6.05000 3.18086
vt -6.05000 3.44593
vt -6.75000 3.44593
vt -6.75000 3.44593
vt -6.05000 3.44593
vt -6.05000 3.71101
vt -6.75000 3.71101
vt -6.75000 3.71101
vt -6.05000 3.71101
vt -6.05000 3.97608
vt -6.75000 3.97608
vt -6.75000 3.97608
vt -6.05000 3.97608
vt -6.05000 4.24115
vt -6.75000 4.24115
vt -6.75000 4.24115
vt -6.05000 4.24115
vt -6.05000 4.50622
vt -6.75000 4.50622
vt -6.75000 4.50622
vt -6.05000 4.50622
vt -6.05000 4.77129
vt -6.75000 4.77129
vt -6.75000 4.77129
vt -6.05000 4.77129
vt -6.05000 5.03637
vt -6.75000 5.03637
vt -6.75000 5.03637
vt -6.05000 5.03637
vt -6.05000 5.30144
vt -6.75000 5.30144
vt -6.05000 0.00000
vt -6.00000 0.00000
vt -6.00000 0.25820
vt -6.05000 0.25820
vt -6.05000 0.25820
vt -6.00000 0.25820
vt -6.00000 0.51640
vt -6.05000 0.51640
vt -6.05000 0.51640
vt -6.00000 0.51640
vt -6.00000 0.77460
vt -6.05000 0.77460
vt -6.05000 0.77460
vt -6.00000 0.77460
vt -6.00000 1.03280
vt -6.05000 1.03280
vt -6.05000 1.03280
vt -6.00000 1.03280
vt -6.00000 1.29100
vt -6.05000 1.29100
vt -6.05000 1.29100
vt -6.00000 1.29100
vt -6.00000 1.54920
vt -6.05000 1.54920
vt -6.05000 1.54920
vt -6.00000 1.54920
vt -6.00000 1.80740
vt -6.05000 1.80740
vt -6.05000 1.80740
vt -6.00000 1.80740
vt -6.00000 2.06560
vt -6.05000 2.06560
vt -6.05000 2.06560
vt -6.00000 2.06560
vt -6.00000 2.32380
vt -6.05000 2.32380
vt -6.05000 2.32380
vt -6.00000 2.32380
vt -6.00000 2.58200
vt -6.05000 2.58200
vt -6.05000 2.58200
vt -6.00000 2.58200
vt -6.00000 2.84020
vt -6.05000 2.84020
vt -6.05000 2.84020
vt -6.00000 2.84020
vt -6.00000 3.09840
vt -6.05000 3.09840
vt -6.05000 3.09840
vt -6.00000 3.09840
vt -6.00000 3.35660
vt -6.05000 3.35660
vt -6.05000 3.35660
vt -6.00000 3.35660
vt -6.00000 3.61480
vt -6.05000 3.61480
vt -6.05000 3.61480
vt -6.00000 3.61480
vt -6.00000 3.87299
vt -6.05000 3.87299
vt -6.05000 3.87299
vt -6.00000 3.87299
vt -6.00000 4.13119
vt -6.05000 4.13119
vt -6.05000 4.13119
vt -6.00000 4.13119
vt -6.00000 4.38939
vt -6.05000 4.38939
vt -6.05000 4.38939
vt -6.00000 4.38939
vt -6.00000 4.64759
vt -6.05000 4.64759
vt -6.05000 4.64759
vt -6.00000 4.64759
vt -6.00000 4.90579
vt -6.05000 4.90579
vt -6.05000 4.90579
vt -6.00000 4.90579
vt -6.00000 5.16399
vt -6.05000 5.16399
vt -6.75000 -0.90625
vt -6.00000 -0.90625
vt -6.00000 0.25000
vt -6.75000 0.25000
vt 6.00000 -0.90625
vt 6.75000 -0.90625
vt 6.75000 0.25000
vt 6.00000 0.25000
vt -6.00000 0.00000
vt -5.30000 0.00000
vt -5.30000 0.26507
vt -6.00000 0.26507
vt -6.00000 0.26507
vt -5.30000 0.26507
vt -5.30000 0.53014
vt -6.00000 0.53014
vt -6.00000 0.53014
vt -5.30000 0.53014
vt -5.30000 0.79522
vt -6.00000 0.79522
vt -6.00000 0.79522
vt -5.30000 0.79522
vt -5.30000 1.06029
vt -6.00000 1.06029
vt -6.00000 1.06029
vt -5.30000 1.06029
vt -5.30000 1.32536
vt -6.00000 1.32536
vt -6.00000 1.32536
vt -5.30000 1.32536
vt -5.30000 1.59043
vt -6.00000 1.59043
vt -6.00000 1.59043
vt -5.30000 1.59043
vt -5.30000 1.85550
vt -6.00000 1.85550
vt -6.00000 1.85550
vt -5.30000 1.85550
vt -5.30000 2.12058
vt -6.00000 2.12058
vt -6.00000 2.12058
vt -5.30000 2.12058
vt -5.30000 2.38565
vt -6.00000 2.38565
vt -6.00000 2.38565
vt -5.30000 2.38565
vt -5.30000 2.65072
vt -6.00000 2.65072
vt -6.00000 2.65072
vt -5.30000 2.65072
vt -5.30000 2.91579
vt -6.00000 2.91579
vt -6.00000 2.91579
vt -5.30000 2.91579
vt -5.30000 3.18086
vt -6.00000 3.18086
vt -6.00000 3.18086
vt -5.30000 3.18086
vt -5.30000 3.44593
vt -6.00000 3.44593
vt -6.00000 3.44593
vt -5.30000 3.44593
vt -5.30000 3.71101
vt -6.00000 3.71101
vt -6.00000 3.71101
vt -5.30000 3.71101
vt -5.30000 3.97608
vt -6.00000 3.97608
vt -6.00000 3.97608
vt -5.30000 3.97608
vt -5.30000 4.24115
vt -6.00000 4.24115
vt -6.00000 4.24115
vt -5.30000 4.24115
vt -5.30000 4.50622
vt -6.00000 4.50622
vt -6.00000 4.50622
vt -5.30000 4.50622
vt -5.30000 4.77129
vt -6.00000 4.77129
vt -6.00000 4.77129
vt -5.30000 4.77129
vt -5.30000 5.03637
vt -6.00000 5.03637
vt -6.00000 5.03637
vt -5.30000 5.03637
vt -5.30000 5.30144
vt -6.00000 5.30144
vt -5.30000 0.00000
vt -5.25000 0.00000
vt -5.25000 0.25820
vt -5.30000 0.25820
vt -5.30000 0.25820
vt -5.25000 0.25820
vt -5.25000 0.51640
vt -5.30000 0.51640
vt -5.30000 0.51640
vt -5.25000 0.51640
vt -5.25000 0.77460
vt -5.30000 0.77460
vt -5.30000 0.77460
vt -5.25000 0.77460
vt -5.25000 1.03280
vt -5.30000 1.03280
vt -5.30000 1.03280
vt -5.25000 1.03280
vt -5.25000 1.29100
vt -5.30000 1.29100
vt -5.30000 1.29100
vt -5.25000 1.29100
vt -5.25000 1.54920
vt -5.30000 1.54920
vt -5.30000 1.54920
vt -5.25000 1.54920
vt -5.25000 1.80740
vt -5.30000 1.80740
vt -5.30000 1.80740
vt -5.25000 1.80740
vt -5.25000 2.06560
vt -5.30000 2.06560
vt -5.30000 2.06560
vt -5.25000 2.06560
vt -5.25000 2.32380
vt -5.30000 2.32380
vt -5.30000 2.32380
vt -5.25000 2.32380
vt -5.25000 2.58200
vt -5.30000 2.58200
vt -5.30000 2.58200
vt -5.25000 2.58200
vt -5.25000 2.84020
vt -5.30000 2.84020
vt -5.30000 2.84020
vt -5.25000 2.84020
vt -5.25000 3.09840
vt -5.30000 3.09840
vt -5.30000 3.09840
vt -5.25000 3.09840
vt -5.25000 3.35660
vt -5.30000 3.35660
vt -5.30000 3.35660
vt -5.25000 3.35660
vt -5.25000 3.61480
vt -5.30000 3.61480
vt -5.30000 3.61480
vt -5.25000 3.61480
vt -5.25000 3.87299
vt -5.30000 3.87299
vt -5.30000 3.87299
vt -5.25000 3.87299
vt -5.25000 4.13119
vt -5.30000 4.13119
vt -5.30000 4.13119
vt -5.25000 4.13119
vt -5.25000 4.38939
vt -5.30000 4.38939
vt -5.30000 4.38939
vt -5.25000 4.38939
vt -5.25000 4.64759
vt -5.30000 4.64759
vt -5.30000 4.64759
vt -5.25000 4.64759
vt -5.25000 4.90579
vt -5.30000 4.90579
vt -5.30000 4.90579
vt -5.25000 4.90579
vt -5.25000 5.16399
vt -5.30000 5.16399
vt -6.00000 -0.90625
vt -5.25000 -0.90625
vt -5.25000 0.25000
vt -6.00000 0.25000
vt 5.25000 -0.90625
vt 6.00000 -0.90625
vt 6.00000 0.25000
vt 5.25000 0.25000
vt -5.25000 0.00000
vt -4.55000 0.00000
vt -4.55000 0.26507
vt -5.25000 0.26507
vt -5.25000 0.26507
vt -4.55000 0.26507
vt -4.55000 0.53014
vt -5.25000 0.53014
vt -5.25000 0.53014
vt -4.55000 0.53014
vt -4.55000 0.79522
vt -5.25000 0.79522
vt -5.25000 0.79522
vt -4.55000 0.79522
vt -4.55000 1.06029
vt -5.25000 1.06029
vt -5.25000 1.06029
vt -4.55000 1.06029
vt -4.55000 1.32536
vt -5.25000 1.32536
vt -5.25000 1.32536
vt -4.55000 1.32536
vt -4.55000 1.59043
vt -5.25000 1.59043
vt -5.25000 1.59043
vt -4.55000 1.59043
vt -4.55000 1.85550
vt -5.25000 1.85550
vt -5.25000 1.85550
vt -4.55000 1.85550
vt -4.55000 2.12058
vt -5.25000 2.12058
vt -5.25000 2.12058
vt -4.55000 2.12058
vt -4.55000 2.38565
vt -5.25000 2.38565
vt -5.25000 2.38565
vt -4.55000 2.38565
vt -4.55000 2.65072
vt -5.25000 2.65072
vt -5.25000 2.65072
vt -4.55000 2.65072
vt -4.55000 2.91579
vt -5.25000 2.91579
vt -5.25000 2.91579
vt -4.55000 2.91579
vt -4.55000 3.18086
vt -5.25000 3.18086
vt -5.25000 3.18086
vt -4.55000 3.18086
vt -4.55000 3.44593
vt -5.25000 3.44593
vt -5.25000 3.44593
vt -4.55000 3.44593
vt -4.55000 3.71101
vt -5.25000 3.71101
vt -5.25000 3.71101
vt -4.55000 3.71101
vt -4.55000 3.97608
vt -5.25000 3.97608
vt -5.25000 3.97608
vt -4.55000 3.97608
vt -4.55000 4.24115
vt -5.25000 4.24115
vt -5.25000 4.24115
vt -4.55000 4.24115
vt -4.55000 4.50622
vt -5.25000 4.50622
vt -5.25000 4.50622
vt -4.55000 4.50622
vt -4.55000 4.77129
vt -5.25000 4.77129
vt -5.25000 4.77129
vt -4.55000 4.77129
vt -4.55000 5.03637
vt -5.25000 5.03637
vt -5.25000 5.03637
vt -4.55000 5.03637
vt -4.55000 5.30144
vt -5.25000 5.30144
vt -4.55000 0.00000
vt -4.50000 0.00000
vt -4.50000 0.25820
vt -4.55000 0.25820
vt -4.55000 0.25820
vt -4.50000 0.25820
vt -4.50000 0.51640
vt -4.55000 0.51640
vt -4.55000 0.51640
vt -4.50000 0.51640
vt -4.50000 0.77460
vt -4.55000 0.77460
vt -4.55000 0.77460
vt -4.50000 0.77460
vt -4.50000 1.03280
vt -4.55000 1.03280
vt -4.55000 1.03280
vt -4.50000 1.03280
vt -4.50000 1.29100
vt -4.55000 1.29100
vt -4.55000 1.29100
vt -4.50000 1.29100
vt -4.50000 1.54920
vt -4.55000 1.54920
vt -4.55000 1.54920
vt -4.50000 1.54920
vt -4.50000 1.80740
vt -4.55000 1.80740
vt -4.55000 1.80740
vt -4.50000 1.80740
vt -4.50000 2.06560
vt -4.55000 2.06560
vt -4.55000 2.06560
vt -4.50000 2.06560
vt -4.50000 2.32380
vt -4.55000 2.32380
vt -4.55000 2.32380
vt -4.50000 2.32380
vt -4.50000 2.58200
vt -4.55000 2.58200
vt -4.55000 2.58200
vt -4.50000 2.58200
vt -4.50000 2.84020
vt -4.55000 2.84020
vt -4.55000 2.84020
vt -4.50000 2.84020
vt -4.50000 3.09840
vt -4.55000 3.09840
vt -4.55000 3.09840
vt -4.50000 3.09840
vt -4.50000 3.35660
vt -4.55000 3.35660
vt -4.55000 3.35660
vt -4.50000 3.35660
vt -4.50000 3.61480
vt -4.55000 3.61480
vt -4.55000 3.61480
vt -4.50000 3.61480
vt -4.50000 3.87299
vt -4.55000 3.87299
vt -4.55000 3.87299
vt -4.50000 3.87299
vt -4.50000 4.13119
vt -4.55000 4.13119
vt -4.55000 4.13119
vt -4.50000 4.13119
vt -4.50000 4.38939
vt -4.55000 4.38939
vt -4.55000 4.38939
vt -4.50000 4.38939
vt -4.50000 4.64759
vt -4.55000 4.64759
vt -4.55000 4.64759
vt -4.50000 4.64759
vt -4.50000 4.90579
vt -4.55000 4.90579
vt -4.55000 4.90579
vt -4.50000 4.90579
vt -4.50000 5.16399
vt -4.55000 5.16399
vt -5.25000 -0.90625
vt -4.50000 -0.90625
vt -4.50000 0.25000
vt -5.25000 0.25000
vt 4.50000 -0.90625
vt 5.25000 -0.90625
vt 5.25000 0.25000
vt 4.50000 0.25000
vt -4.50000 0.00000
vt -3.80000 0.00000
vt -3.80000 0.26507
vt -4.50000 0.26507
vt -4.50000 0.26507
vt -3.80000 0.26507
vt -3.80000 0.53014
vt -4.50000 0.53014
vt -4.50000 0.53014
vt -3.80000 0.53014
vt -3.80000 0.79522
vt -4.50000 0.79522
vt -4.50000 0.79522
vt -3.80000 0.79522
vt -3.80000 1.06029
vt -4.50000 1.06029
vt -4.50000 1.06029
vt -3.80000 1.06029
vt -3.80000 1.32536
vt -4.50000 1.32536
vt -4.50000 1.32536
vt -3.80000 1.32536
vt -3.80000 1.59043
vt -4.50000 1.59043
vt -4.50000 1.59043
vt -3.80000 1.59043
vt -3.80000 1.85550
vt -4.50000 1.85550
vt -4.50000 1.85550
vt -3.80000 1.85550
vt -3.80000 2.12058
vt -4.50000 2.12058
vt -4.50000 2.12058
vt -3.80000 2.12058
vt -3.80000 2.38565
vt -4.50000 2.38565
vt -4.50000 2.38565
vt -3.80000 2.38565
vt -3.80000 2.65072
vt -4.50000 2.65072
vt -4.50000 2.65072
vt -3.80000 2.65072
vt -3.80000 2.91579
vt -4.50000 2.91579
vt -4.50000 2.91579
vt -3.80000 2.91579
vt -3.80000 3.18086
vt -4.50000 3.18086
vt -4.50000 3.18086
vt -3.80000 3.18086
vt -3.80000 3.44593
vt -4.50000 3.44593
vt -4.50000 3.44593
vt -3.80000 3.44593
vt -3.80000 3.71101
vt -4.50000 3.71101
vt -4.50000 3.71101
vt -3.80000 3.71101
vt -3.80000 3.97608
vt -4.50000 3.97608
vt -4.50000 3.97608
vt -3.80000 3.97608
vt -3.80000 4.24115
vt -4.50000 4.24115
vt -4.50000 4.24115
vt -3.80000 4.24115
vt -3.80000 4.50622
vt -4.50000 4.50622
vt -4.50000 4.50622
vt -3.80000 4.50622
vt -3.80000 4.77129
vt -4.50000 4.77129
vt -4.50000 4.77129
vt -3.80000 4.77129
vt -3.80000 5.03637
vt -4.50000 5.03637
vt -4.50000 5.03637
vt -3.80000 5.03637
vt -3.80000 5.30144
vt -4.50000 5.30144
vt -3.80000 0.00000
vt -3.75000 0.00000
vt -3.75000 0.25820
vt -3.80000 0.25820
vt -3.80000 0.25820
vt -3.75000 0.25820
vt -3.75000 0.51640
vt -3.80000 0.51640
vt -3.80000 0.51640
vt -3.75000 0.51640
vt -3.75000 0.77460
vt -3.80000 0.77460
vt -3.80000 0.77460
vt -3.75000 0.77460
vt -3.75000 1.03280
vt -3.80000 1.03280
vt -3.80000 1.03280
vt -3.75000 1.03280
vt -3.75000 1.29100
vt -3.80000 1.29100
vt -3.80000 1.29100
vt -3.75000 1.29100
vt -3.75000 1.54920
vt -3.80000 1.54920
vt -3.80000 1.54920
vt -3.75000 1.54920
vt -3.75000 1.80740
vt -3.80000 1.80740
vt -3.80000 1.80740
vt -3.75000 1.80740
vt -3.75000 2.06560
vt -3.80000 2.06560
vt -3.80000 2.06560
vt -3.75000 2.06560
vt -3.75000 2.32380
vt -3.80000 2.32380
vt -3.80000 2.32380
vt -3.75000 2.32380
vt -3.75000 2.58200
vt -3.80000 2.58200
vt -3.80000 2.58200
vt -3.75000 2.58200
vt -3.75000 2.84020
vt -3.80000 2.84020
vt -3.80000 2.84020
vt -3.75000 2.84020
vt -3.75000 3.09840
vt -3.80000 3.09840
vt -3.80000 3.09840
vt -3.75000 3.09840
vt -3.75000 3.35660
vt -3.80000 3.35660
vt -3.80000 3.35660
vt -3.75000 3.35660
vt -3.75000 3.61480
vt -3.80000 3.61480
vt -3.80000 3.61480
vt -3.75000 3.61480
vt -3.75000 3.87299
vt -3.80000 3.87299
vt -3.80000 3.87299
vt -3.75000 3.87299
vt -3.75000 4.13119
vt -3.80000 4.13119
vt -3.80000 4.13119
vt -3.75000 4.13119
vt -3.75000 4.38939
vt -3.80000 4.38939
vt -3.80000 4.38939
vt -3.75000 4.38939
vt -3.75000 4.64759
vt -3.80000 4.64759
vt -3.80000 4.64759
vt -3.75000 4.64759
vt -3.75000 4.90579
vt -3.80000 4.90579
vt -3.80000 4.90579
vt -3.75000 4.90579
vt -3.75000 5.16399
vt -3.80000 5.16399
vt -4.50000 -0.90625
vt -3.75000 -0.90625
vt -3.75000 0.25000
vt -4.50000 0.25000
vt 3.75000 -0.90625
vt 4.50000 -0.90625
vt 4.50000 0.25000
vt 3.75000 0.25000
vt -3.75000 0.00000
vt -3.05000 0.00000
vt -3.05000 0.26507
vt -3.75000 0.26507
vt -3.75000 0.26507
vt -3.05000 0.26507
vt -3.05000 0.53014
vt -3.75000 0.53014
vt -3.75000 0.53014
vt -3.05000 0.53014
vt -3.05000 0.79522
vt -3.75000 0.79522
vt -3.75000 0.79522
vt -3.05000 0.79522
vt -3.05000 1.06029
vt -3.75000 1.06029
vt -3.75000 1.06029
vt -3.05000 1.06029
vt -3.05000 1.32536
vt -3.75000 1.32536
vt -3.75000 1.32536
vt -3.05000 1.32536
vt -3.05000 1.59043
vt -3.75000 1.59043
vt -3.75000 1.59043
vt -3.05000 1.59043
vt -3.05000 1.85550
vt -3.75000 1.85550
vt -3.75000 1.85550
vt -3.05000 1.85550
vt -3.05000 2.12058
vt -3.75000 2.12058
vt -3.75000 2.12058
vt -3.05000 2.12058
vt -3.05000 2.38565
vt -3.75000 2.38565
vt -3.75000 2.38565
vt -3.05000 2.38565
vt -3.05000 2.65072
vt -3.75000 2.65072
vt -3.75000 2.65072
vt -3.05000 2.65072
vt -3.05000 2.91579
vt -3.75000 2.91579
vt -3.75000 2.91579
vt -3.05000 2.91579
vt -3.05000 3.18086
vt -3.75000 3.18086
vt -3.75000 3.18086
vt -3.05000 3.18086
vt -3.05000 3.44593
vt -3.75000 3.44593
vt -3.75000 3.44593
vt -3.05000 3.44593
vt -3.05000 3.71101
vt -3.75000 3.71101
vt -3.75000 3.71101
vt -3.05000 3.71101
vt -3.05000 3.97608
vt -3.75000 3.97608
vt -3.75000 3.97608
vt -3.05000 3.97608
vt -3.05000 4.24115
vt -3.75000 4.24115
vt -3.75000 4.24115
vt -3.05000 4.24115
vt -3.05000 4.50622
vt -3.75000 4.50622
vt -3.75000 4.50622
vt -3.05000 4.50622
vt -3.05000 4.77129
vt -3.75000 4.77129
vt -3.75000 4.77129
vt -3.05000 4.77129
vt -3.05000 5.03637
vt -3.75000 5.03637
vt -3.75000 5.03637
vt -3.05000 5.03637
vt -3.05000 5.30144
vt -3.75000 5.30144
vt -3.05000 0.00000
vt -3.00000 0.00000
vt -3.00000 0.25820
vt -3.05000 0.25820
vt -3.05000 0.25820
vt -3.00000 0.25820
vt -3.00000 0.51640
vt -3.05000 0.51640
vt -3.05000 0.51640
vt -3.00000 0.51640
vt -3.00000 0.77460
vt -3.05000 0.77460
vt -3.05000 0.77460
vt -3.00000 0.77460
vt -3.00000 1.03280
vt -3.05000 1.03280
vt -3.05000 1.03280
vt -3.00000 1.03280
vt -3.00000 1.29100
vt -3.05000 1.29100
vt -3.05000 1.29100
vt -3.00000 1.29100
vt -3.00000 1.54920
vt -3.05000 1.54920
vt -3.05000 1.54920
vt -3.00000 1.54920
vt -3.00000 1.80740
vt -3.05000 1.80740
vt -3.05000 1.80740
vt -3.00000 1.80740
vt -3.00000 2.06560
vt -3.05000 2.06560
vt -3.05000 2.06560
vt -3.00000 2.06560
vt -3.00000 2.32380
vt -3.05000 2.32380
vt -3.05000 2.32380
vt -3.00000 2.32380
vt -3.00000 2.58200
vt -3.05000 2.58200
vt -3.05000 2.58200
vt -3.00000 2.58200
vt -3.00000 2.84020
vt -3.05000 2.84020
vt -3.05000 2.84020
vt -3.00000 2.84020
vt -3.00000 3.09840
vt -3.05000 3.09840
vt -3.05000 3.09840
vt -3.00000 3.09840
vt -3.00000 3.35660
vt -3.05000 3.35660
vt -3.05000 3.35660
vt -3.00000 3.35660
vt -3.00000 3.61480
vt -3.05000 3.61480
vt -3.05000 3.61480
vt -3.00000 3.61480
vt -3.00000 3.87299
vt -3.05000 3.87299
vt -3.05000 3.87299
vt -3.00000 3.87299
vt -3.00000 4.13119
vt -3.05000 4.13119
vt -3.05000 4.13119
vt -3.00000 4.13119
vt -3.00000 4.38939
vt -3.05000 4.38939
vt -3.05000 4.38939
vt -3.00000 4.38939
vt -3.00000 4.64759
vt -3.05000 4.64759
vt -3.05000 4.64759
vt -3.00000 4.64759
vt -3.00000 4.90579
vt -3.05000 4.90579
vt -3.05000 4.90579
vt -3.00000 4.90579
vt -3.00000 5.16399
vt -3.05000 5.16399
vt -3.75000 -0.90625
vt -3.00000 -0.90625
vt -3.00000 0.25000
vt -3.75000 0.25000
vt 3.00000 -0.90625
vt 3.75000 -0.90625
vt 3.75000 0.25000
vt 3.00000 0.25000
vt -3.00000 0.00000
vt -2.30000 0.00000
vt -2.30000 0.26507
vt -3.00000 0.26507
vt -3.00000 0.26507
vt -2.30000 0.26507
vt -2.30000 0.53014
vt -3.00000 0.53014
vt -3.00000 0.53014
vt -2.30000 0.53014
vt -2.30000 0.79522
vt -3.00000 0.79522
vt -3.00000 0.79522
vt -2.30000 0.79522
vt -2.30000 1.06029
vt -3.00000 1.06029
vt -3.00000 1.06029
vt -2.30000 1.06029
vt -2.30000 1.32536
vt -3.00000 1.32536
vt -3.00000 1.32536
vt -2.30000 1.32536
vt -2.30000 1.59043
vt -3.00000 1.59043
vt -3.00000 1.59043
vt -2.30000 1.59043
vt -2.30000 1.85550
vt -3.00000 1.85550
vt -3.00000 1.85550
vt -2.30000 1.85550
vt -2.30000 2.12058
vt -3.00000 2.12058
vt -3.00000 2.12058
vt -2.30000 2.12058
vt -2.30000 2.38565
vt -3.00000 2.38565
vt -3.00000 2.38565
vt -2.30000 2.38565
vt -2.30000 2.65072
vt -3.00000 2.65072
vt -3.00000 2.65072
vt -2.30000 2.65072
vt -2.30000 2.91579
vt -3.00000 2.91579
vt -3.00000 2.91579
vt -2.30000 2.91579
vt -2.30000 3.18086
vt -3.00000 3.18086
vt -3.00000 3.18086
vt -2.30000 3.18086
vt -2.30000 3.44593
vt -3.00000 3.44593
vt -3.00000 3.44593
vt -2.30000 3.44593
vt -2.30000 3.71101
vt -3.00000 3.71101
vt -3.00000 3.71101
vt -2.30000 3.71101
vt -2.30000 3.97608
vt -3.00000 3.97608
vt -3.00000 3.97608
vt -2.30000 3.97608
vt -2.30000 4.24115
vt -3.00000 4.24115
vt -3.00000 4.24115
vt -2.30000 4.24115
vt -2.30000 4.50622
vt -3.00000 4.50622
vt -3.00000 4.50622
vt -2.30000 4.50622
vt -2.30000 4.77129
vt -3.00000 4.77129
vt -3.00000 4.77129
vt -2.30000 4.77129
vt -2.30000 5.03637
vt -3.00000 5.03637
vt -3.00000 5.03637
vt -2.30000 5.03637
vt -2.30000 5.30144
vt -3.00000 5.30144
vt -2.30000 0.00000
vt -2.25000 0.00000
vt -2.25000 0.25820
vt -2.30000 0.25820
vt -2.30000 0.25820
vt -2.25000 0.25820
vt -2.25000 0.51640
vt -2.30000 0.51640
vt -2.30000 0.51640
vt -2.25000 0.51640
vt -2.25000 0.77460
vt -2.30000 0.77460
vt -2.30000 0.77460
vt -2.25000 0.77460
vt -2.25000 1.03280
vt -2.30000 1.03280
vt -2.30000 1.03280
vt -2.25000 1.03280
vt -2.25000 1.29100
vt -2.30000 1.29100
vt -2.30000 1.29100
vt -2.25000 1.29100
vt -2.25000 1.54920
vt -2.30000 1.54920
vt -2.30000 1.54920
vt -2.25000 1.54920
vt -2.25000 1.80740
vt -2.30000 1.80740
vt -2.30000 1.80740
vt -2.25000 1.80740
vt -2.25000 2.06560
vt -2.30000 2.06560
vt -2.30000 2.06560
vt -2.25000 2.06560
vt -2.25000 2.32380
vt -2.30000 2.32380
vt -2.30000 2.32380
vt -2.25000 2.32380
vt -2.25000 2.58200
vt -2.30000 2.58200
vt -2.30000 2.58200
vt -2.25000 2.58200
vt -2.25000 2.84020
vt -2.30000 2.84020
vt -2.30000 2.84020
vt -2.25000 2.84020
vt -2.25000 3.09840
vt -2.30000 3.09840
vt -2.30000 3.09840
vt -2.25000 3.09840
vt -2.25000 3.35660
vt -2.30000 3.35660
vt -2.30000 3.35660
vt -2.25000 3.35660
vt -2.25000 3.61480
vt -2.30000 3.61480
vt -2.30000 3.61480
vt -2.25000 3.61480
vt -2.25000 3.87299
vt -2.30000 3.87299
vt -2.30000 3.87299
vt -2.25000 3.87299
vt -2.25000 4.13119
vt -2.30000 4.13119
vt -2.30000 4.13119
vt -2.25000 4.13119
vt -2.25000 4.38939
vt -2.30000 4.38939
vt -2.30000 4.38939
vt -2.25000 4.38939
vt -2.25000 4.64759
vt -2.30000 4.64759
vt -2.30000 4.64759
vt -2.25000 4.64759
vt -2.25000 4.90579
vt -2.30000 4.90579
vt -2.30000 4.90579
vt -2.25000 4.90579
vt -2.25000 5.16399
vt -2.30000 5.16399
vt -3.00000 -0.90625
vt -2.25000 -0.90625
vt -2.25000 0.25000
vt -3.00000 0.25000
vt 2.25000 -0.90625
vt 3.00000 -0.90625
vt 3.00000 0.25000
vt 2.25000 0.25000
vt -2.25000 0.00000
vt -1.55000 0.00000
vt -1.55000 0.26507
vt -2.25000 0.26507
vt -2.25000 0.26507
vt -1.55000 0.26507
vt -1.55000 0.53014
vt -2.25000 0.53014
vt -2.25000 0.53014
vt -1.55000 0.53014
vt -1.55000 0.79522
vt -2.25000 0.79522
vt -2.25000 0.79522
vt -1.55000 0.79522
vt -1.55000 1.06029
vt -2.25000 1.06029
vt -2.25000 1.06029
vt -1.55000 1.06029
vt -1.55000 1.32536
vt -2.25000 1.32536
vt -2.25000 1.32536
vt -1.55000 1.32536
vt -1.55000 1.59043
vt -2.25000 1.59043
vt -2.25000 1.59043
vt -1.55000 1.59043
vt -1.55000 1.85550
vt -2.25000 1.85550
vt -2.25000 1.85550
vt -1.55000 1.85550
vt -1.55000 2.12058
vt -2.25000 2.12058
vt -2.25000 2.12058
vt -1.55000 2.12058
vt -1.55000 2.38565
vt -2.25000 2.38565
vt -2.25000 2.38565
vt -1.55000 2.38565
vt -1.55000 2.65072
vt -2.25000 2.65072
vt -2.25000 2.65072
vt -1.55000 2.65072
vt -1.55000 2.91579
vt -2.25000 2.91579
vt -2.25000 2.91579
vt -1.55000 2.91579
vt -1.55000 3.18086
vt -2.25000 3.18086
vt -2.25000 3.18086
vt -1.55000 3.18086
vt -1.55000 3.44593
vt -2.25000 3.44593
vt -2.25000 3.44593
vt -1.55000 3.44593
vt -1.55000 3.71101
vt -2.25000 3.71101
vt -2.25000 3.71101
vt -1.55000 3.71101
vt -1.55000 3.97608
vt -2.25000 3.97608
vt -2.25000 3.97608
vt -1.55000 3.97608
vt -1.55000 4.24115
vt -2.25000 4.24115
vt -2.25000 4.24115
vt -1.55000 4.24115
vt -1.55000 4.50622
vt -2.25000 4.50622
vt -2.25000 4.50622
vt -1.55000 4.50622
vt -1.55000 4.77129
vt -2.25000 4.77129
vt -2.25000 4.77129
vt -1.55000 4.77129
vt -1.55000 5.03637
vt -2.25000 5.03637
vt -2.25000 5.03637
vt -1.55000 5.03637
vt -1.55000 5.30144
vt -2.25000 5.30144
vt -1.55000 0.00000
vt -1.50000 0.00000
vt -1.50000 0.25820
vt -1.55000 0.25820
vt -1.55000 0.25820
vt -1.50000 0.25820
vt -1.50000 0.51640
vt -1.55000 0.51640
vt -1.55000 0.51640
vt -1.50000 0.51640
vt -1.50000 0.77460
vt -1.55000 0.77460
vt -1.55000 0.77460
vt -1.50000 0.77460
vt -1.50000 1.03280
vt -1.55000 1.03280
vt -1.55000 1.03280
vt -1.50000 1.03280
vt -1.50000 1.29100
vt -1.55000 1.29100
vt -1.55000 1.29100
vt -1.50000 1.29100
vt -1.50000 1.54920
vt -1.55000 1.54920
vt -1.55000 1.54920
vt -1.50000 1.54920
vt -1.50000 1.80740
vt -1.55000 1.80740
vt -1.55000 1.80740
vt -1.50000 1.80740
vt -1.50000 2.06560
vt -1.55000 2.06560
vt -1.55000 2.06560
vt -1.50000 2.06560
vt -1.50000 2.32380
vt -1.55000 2.32380
vt -1.55000 2.32380
vt -1.50000 2.32380
vt -1.50000 2.58200
vt -1.55000 2.58200
vt -1.55000 2.58200
vt -1.50000 2.58200
vt -1.50000 2.84020
vt -1.55000 2.84020
vt -1.55000 2.84020
vt -1.50000 2.84020
vt -1.50000 3.09840
vt -1.55000 3.09840
vt -1.55000 3.09840
vt -1.50000 3.09840
vt -1.50000 3.35660
vt -1.55000 3.35660
vt -1.55000 3.35660
vt -1.50000 3.35660
vt -1.50000 3.61480
vt -1.55000 3.61480
vt -1.55000 3.61480
vt -1.50000 3.61480
vt -1.50000 3.87299
vt -1.55000 3.87299
vt -1.55000 3.87299
vt -1.50000 3.87299
vt -1.50000 4.13119
vt -1.55000 4.13119
vt -1.55000 4.13119
vt -1.50000 4.13119
vt -1.50000 4.38939
vt -1.55000 4.38939
vt -1.55000 4.38939
vt -1.50000 4.38939
vt -1.50000 4.64759
vt -1.55000 4.64759
vt -1.55000 4.64759
vt -1.50000 4.64759
vt -1.50000 4.90579
vt -1.55000 4.90579
vt -1.55000 4.90579
vt -1.50000 4.90579
vt -1.50000 5.16399
vt -1.55000 5.16399
vt -2.25000 -0.90625
vt -1.50000 -0.90625
vt -1.50000 0.25000
vt -2.25000 0.25000
vt 1.50000 -0.90625
vt 2.25000 -0.90625
vt 2.25000 0.25000
vt 1.50000 0.25000
vt -1.50000 0.00000
vt -0.80000 0.00000
vt -0.80000 0.26507
vt -1.50000 0.26507
vt -1.50000 0.26507
vt -0.80000 0.26507
vt -0.80000 0.53014
vt -1.50000 0.53014
vt -1.50000 0.53014
vt -0.80000 0.53014
vt -0.80000 0.79522
vt -1.50000 0.79522
vt -1.50000 0.79522
vt -0.80000 0.79522
vt -0.80000 1.06029
vt -1.50000 1.06029
vt -1.50000 1.06029
vt -0.80000 1.06029
vt -0.80000 1.32536
vt -1.50000 1.32536
vt -1.50000 1.32536
vt -0.80000 1.32536
vt -0.80000 1.59043
vt -1.50000 1.59043
vt -1.50000 1.59043
vt -0.80000 1.59043
vt -0.80000 1.85550
vt -1.50000 1.85550
vt -1.50000 1.85550
vt -0.80000 1.85550
vt -0.80000 2.12058
vt -1.50000 2.12058
vt -1.50000 2.12058
vt -0.80000 2.12058
vt -0.80000 2.38565
vt -1.50000 2.38565
vt -1.50000 2.38565
vt -0.80000 2.38565
vt -0.80000 2.65072
vt -1.50000 2.65072
vt -1.50000 2.65072
vt -0.80000 2.65072
vt -0.80000 2.91579
vt -1.50000 2.91579
vt -1.50000 2.91579
vt -0.80000 2.91579
vt -0.80000 3.18086
vt -1.50000 3.18086
vt -1.50000 3.18086
vt -0.80000 3.18086
vt -0.80000 3.44593
vt -1.50000 3.44593
vt -1.50000 3.44593
vt -0.80000 3.44593
vt -0.80000 3.71101
vt -1.50000 3.71101
vt -1.50000 3.71101
vt -0.80000 3.71101
vt -0.80000 3.97608
vt -1.50000 3.97608
vt -1.50000 3.97608
vt -0.80000 3.97608
vt -0.80000 4.24115
vt -1.50000 4.24115
vt -1.50000 4.24115
vt -0.80000 4.24115
vt -0.80000 4.50622
vt -1.50000 4.50622
vt -1.50000 4.50622
vt -0.80000 4.50622
vt -0.80000 4.77129
vt -1.50000 4.77129
vt -1.50000 4.77129
vt -0.80000 4.77129
vt -0.80000 5.03637
vt -1.50000 5.03637
vt -1.50000 5.03637
vt -0.80000 5.03637
vt -0.80000 5.30144
vt -1.50000 5.30144
vt -0.80000 0.00000
vt -0.75000 0.00000
vt -0.75000 0.25820
vt -0.80000 0.25820
vt -0.80000 0.25820
vt -0.75000 0.25820
vt -0.75000 0.51640
vt -0.80000 0.51640
vt -0.80000 0.51640
vt -0.75000 0.51640
vt -0.75000 0.77460
vt -0.80000 0.77460
vt -0.80000 0.77460
vt -0.75000 0.77460
vt -0.75000 1.03280
vt -0.80000 1.03280
vt -0.80000 1.03280
vt -0.75000 1.03280
vt -0.75000 1.29100
vt -0.80000 1.29100
vt -0.80000 1.29100
vt -0.75000 1.29100
vt -0.75000 1.54920
vt -0.80000 1.54920
vt -0.80000 1.54920
vt -0.75000 1.54920
vt -0.75000 1.80740
vt -0.80000 1.80740
vt -0.80000 1.80740
vt -0.75000 1.80740
vt -0.75000 2.06560
vt -0.80000 2.06560
vt -0.80000 2.06560
vt -0.75000 2.06560
vt -0.75000 2.32380
vt -0.80000 2.32380
vt -0.80000 2.32380
vt -0.75000 2.32380
vt -0.75000 2.58200
vt -0.80000 2.58200
vt -0.80000 2.58200
vt -0.75000 2.58200
vt -0.75000 2.84020
vt -0.80000 2.84020
vt -0.80000 2.84020
vt -0.75000 2.84020
vt -0.75000 3.09840
vt -0.80000 3.09840
vt -0.80000 3.09840
vt -0.75000 3.09840
vt -0.75000 3.35660
vt -0.80000 3.35660
vt -0.80000 3.35660
vt -0.75000 3.35660
vt -0.75000 3.61480
vt -0.80000 3.61480
vt -0.80000 3.61480
vt -0.75000 3.61480
vt -0.75000 3.87299
vt -0.80000 3.87299
vt -0.80000 3.87299
vt -0.75000 3.87299
vt -0.75000 4.13119
vt -0.80000 4.13119
vt -0.80000 4.13119
vt -0.75000 4.13119
vt -0.75000 4.38939
vt -0.80000 4.38939
vt -0.80000 4.38939
vt -0.75000 4.38939
vt -0.75000 4.64759
vt -0.80000 4.64759
vt -0.80000 4.64759
vt -0.75000 4.64759
vt -0.75000 4.90579
vt -0.80000 4.90579
vt -0.80000 4.90579
vt -0.75000 4.90579
vt -0.75000 5.16399
vt -0.80000 5.16399
vt -1.50000 -0.90625
vt -0.75000 -0.90625
vt -0.75000 0.25000
vt -1.50000 0.25000
vt 0.75000 -0.90625
vt 1.50000 -0.90625
vt 1.50000 0.25000
vt 0.75000 0.25000
vt -0.75000 0.00000
vt -0.05000 0.00000
vt -0.05000 0.26507
vt -0.75000 0.26507
vt -0.75000 0.26507
vt -0.05000 0.26507
vt -0.05000 0.53014
vt -0.75000 0.53014
vt -0.75000 0.53014
vt -0.05000 0.53014
vt -0.05000 0.79522
vt -0.75000 0.79522
vt -0.75000 0.79522
vt -0.05000 0.79522
vt -0.05000 1.06029
vt -0.75000 1.06029
vt -0.75000 1.06029
vt -0.05000 1.06029
vt -0.05000 1.32536
vt -0.75000 1.32536
vt -0.75000 1.32536
vt -0.05000 1.32536
vt -0.05000 1.59043
vt -0.75000 1.59043
vt -0.75000 1.59043
vt -0.05000 1.59043
vt -0.05000 1.85550
vt -0.75000 1.85550
vt -0.75000 1.85550
vt -0.05000 1.85550
vt -0.05000 2.12058
vt -0.75000 2.12058
vt -0.75000 2.12058
vt -0.05000 2.12058
vt -0.05000 2.38565
vt -0.75000 2.38565
vt -0.75000 2.38565
vt -0.05000 2.38565
vt -0.05000 2.65072
vt -0.75000 2.65072
vt -0.75000 2.65072
vt -0.05000 2.65072
vt -0.05000 2.91579
vt -0.75000 2.91579
vt -0.75000 2.91579
vt -0.05000 2.91579
vt -0.05000 3.18086
vt -0.75000 3.18086
vt -0.75000 3.18086
vt -0.05000 3.18086
vt -0.05000 3.44593
vt -0.75000 3.44593
vt -0.75000 3.44593
vt -0.05000 3.44593
vt -0.05000 3.71101
vt -0.75000 3.71101
vt -0.75000 3.71101
vt -0.05000 3.71101
vt -0.05000 3.97608
vt -0.75000 3.97608
vt -0.75000 3.97608
vt -0.05000 3.97608
vt -0.05000 4.24115
vt -0.75000 4.24115
vt -0.75000 4.24115
vt -0.05000 4.24115
vt -0.05000 4.50622
vt -0.75000 4.50622
vt -0.75000 4.50622
vt -0.05000 4.50622
vt -0.05000 4.77129
vt -0.75000 4.77129
vt -0.75000 4.77129
vt -0.05000 4.77129
vt -0.05000 5.03637
vt -0.75000 5.03637
vt -0.75000 5.03637
vt -0.05000 5.03637
vt -0.05000 5.30144
vt -0.75000 5.30144
vt -0.05000 0.00000
vt -0.00000 0.00000
vt -0.00000 0.25820
vt -0.05000 0.25820
vt -0.05000 0.25820
vt -0.00000 0.25820
vt -0.00000 0.51640
vt -0.05000 0.51640
vt -0.05000 0.51640
vt -0.00000 0.51640
vt -0.00000 0.77460
vt -0.05000 0.77460
vt -0.05000 0.77460
vt -0.00000 0.77460
vt -0.00000 1.03280
vt -0.05000 1.03280
vt -0.05000 1.03280
vt -0.00000 1.03280
vt -0.00000 1.29100
vt -0.05000 1.29100
vt -0.05000 1.29100
vt -0.00000 1.29100
vt -0.00000 1.54920
vt -0.05000 1.54920
vt -0.05000 1.54920
vt -0.00000 1.54920
vt -0.00000 1.80740
vt -0.05000 1.80740
vt -0.05000 1.80740
vt -0.00000 1.80740
vt -0.00000 2.06560
vt -0.05000 2.06560
vt -0.05000 2.06560
vt -0.00000 2.06560
vt -0.00000 2.32380
vt -0.05000 2.32380
vt -0.05000 2.32380
vt -0.00000 2.32380
vt -0.00000 2.58200
vt -0.05000 2.58200
vt -0.05000 2.58200
vt -0.00000 2.58200
vt -0.00000 2.84020
vt -0.05000 2.84020
vt -0.05000 2.84020
vt -0.00000 2.84020
vt -0.00000 3.09840
vt -0.05000 3.09840
vt -0.05000 3.09840
vt -0.00000 3.09840
vt -0.00000 3.35660
vt -0.05000 3.35660
vt -0.05000 3.35660
vt -0.00000 3.35660
vt -0.00000 3.61480
vt -0.05000 3.61480
vt -0.05000 3.61480
vt -0.00000 3.61480
vt -0.00000 3.87299
vt -0.05000 3.87299
vt -0.05000 3.87299
vt -0.00000 3.87299
vt -0.00000 4.13119
vt -0.05000 4.13119
vt -0.05000 4.13119
vt -0.00000 4.13119
vt -0.00000 4.38939
vt -0.05000 4.38939
vt -0.05000 4.38939
vt -0.00000 4.38939
vt -0.00000 4.64759
vt -0.05000 4.64759
vt -0.05000 4.64759
vt -0.00000 4.64759
vt -0.00000 4.90579
vt -0.05000 4.90579
vt -0.05000 4.90579
vt -0.00000 4.90579
vt -0.00000 5.16399
vt -0.05000 5.16399
vt -0.75000 -0.90625
vt -0.00000 -0.90625
vt -0.00000 0.25000
vt -0.75000 0.25000
vt 0.00000 -0.90625
vt 0.75000 -0.90625
vt 0.75000 0.25000
vt 0.00000 0.25000
vt -0.00000 0.00000
vt 0.70000 0.00000
vt 0.70000 0.26507
vt -0.00000 0.26507
vt -0.00000 0.26507
vt 0.70000 0.26507
vt 0.70000 0.53014
vt -0.00000 0.53014
vt -0.00000 0.53014
vt 0.70000 0.53014
vt 0.70000 0.79522
vt -0.00000 0.79522
vt -0.00000 0.79522
vt 0.70000 0.79522
vt 0.70000 1.06029
vt -0.00000 1.06029
vt -0.00000 1.06029
vt 0.70000 1.06029
vt 0.70000 1.32536
vt -0.00000 1.32536
vt -0.00000 1.32536
vt 0.70000 1.32536
vt 0.70000 1.59043
vt -0.00000 1.59043
vt -0.00000 1.59043
vt 0.70000 1.59043
vt 0.70000 1.85550
vt -0.00000 1.85550
vt -0.00000 1.85550
vt 0.70000 1.85550
vt 0.70000 2.12058
vt -0.00000 2.12058
vt -0.00000 2.12058
vt 0.70000 2.12058
vt 0.70000 2.38565
vt -0.00000 2.38565
vt -0.00000 2.38565
vt 0.70000 2.38565
vt 0.70000 2.65072
vt -0.00000 2.65072
vt -0.00000 2.65072
vt 0.70000 2.65072
vt 0.70000 2.91579
vt -0.00000 2.91579
vt -0.00000 2.91579
vt 0.70000 2.91579
vt 0.70000 3.18086
vt -0.00000 3.18086
vt -0.00000 3.18086
vt 0.70000 3.18086
vt 0.70000 3.44593
vt -0.00000 3.44593
vt -0.00000 3.44593
vt 0.70000 3.44593
vt 0.70000 3.71101
vt -0.00000 3.71101
vt -0.00000 3.71101
vt 0.70000 3.71101
vt 0.70000 3.97608
vt -0.00000 3.97608
vt -0.00000 3.97608
vt 0.70000 3.97608
vt 0.70000 4.24115
vt -0.00000 4.24115
vt -0.00000 4.24115
vt 0.70000 4.24115
vt 0.70000 4.50622
vt -0.00000 4.50622
vt -0.00000 4.50622
vt 0.70000 4.50622
vt 0.70000 4.77129
vt -0.00000 4.77129
vt -0.00000 4.77129
vt 0.70000 4.77129
vt 0.70000 5.03637
vt -0.00000 5.03637
vt -0.00000 5.03637
vt 0.70000 5.03637
vt 0.70000 5.30144
vt -0.00000 5.30144
vt 0.70000 0.00000
vt 0.75000 0.00000
vt 0.75000 0.25820
vt 0.70000 0.25820
vt 0.70000 0.25820
vt 0.75000 0.25820
vt 0.75000 0.51640
vt 0.70000 0.51640
vt 0.70000 0.51640
vt 0.75000 0.51640
vt 0.75000 0.77460
vt 0.70000 0.77460
vt 0.70000 0.77460
vt 0.75000 0.77460
vt 0.75000 1.03280
vt 0.70000 1.03280
vt 0.70000 1.03280
vt 0.75000 1.03280
vt 0.75000 1.29100
vt 0.70000 1.29100
vt 0.70000 1.29100
vt 0.75000 1.29100
vt 0.75000 1.54920
vt 0.70000 1.54920
vt 0.70000 1.54920
vt 0.75000 1.54920
vt 0.75000 1.80740
vt 0.70000 1.80740
vt 0.70000 1.80740
vt 0.75000 1.80740
vt 0.75000 2.06560
vt 0.70000 2.06560
vt 0.70000 2.06560
vt 0.75000 2.06560
vt 0.75000 2.32380
vt 0.70000 2.32380
vt 0.70000 2.32380
vt 0.75000 2.32380
vt 0.75000 2.58200
vt 0.70000 2.58200
vt 0.70000 2.58200
vt 0.75000 2.58200
vt 0.75000 2.84020
vt 0.70000 2.84020
vt 0.70000 2.84020
vt 0.75000 2.84020
vt 0.75000 3.09840
vt 0.70000 3.09840
vt 0.70000 3.09840
vt 0.75000 3.09840
vt 0.75000 3.35660
vt 0.70000 3.35660
vt 0.70000 3.35660
vt 0.75000 3.35660
vt 0.75000 3.61480
vt 0.70000 3.61480
vt 0.70000 3.61480
vt 0.75000 3.61480
vt 0.75000 3.87299
vt 0.70000 3.87299
vt 0.70000 3.87299
vt 0.75000 3.87299
vt 0.75000 4.13119
vt 0.70000 4.13119
vt 0.70000 4.13119
vt 0.75000 4.13119
vt 0.75000 4.38939
vt 0.70000 4.38939
vt 0.70000 4.38939
vt 0.75000 4.38939
vt 0.75000 4.64759
vt 0.70000 4.64759
vt 0.70000 4.64759
vt 0.75000 4.64759
vt 0.75000 4.90579
vt 0.70000 4.90579
vt 0.70000 4.90579
vt 0.75000 4.90579
vt 0.75000 5.16399
vt 0.70000 5.16399
vt -0.00000 -0.90625
vt 0.75000 -0.90625
vt 0.75000 0.25000
vt -0.00000 0.25000
vt -0.75000 -0.90625
vt 0.00000 -0.90625
vt 0.00000 0.25000
vt -0.75000 0.25000
vt 0.75000 0.00000
vt 1.45000 0.00000
vt 1.45000 0.26507
vt 0.75000 0.26507
vt 0.75000 0.26507
vt 1.45000 0.26507
vt 1.45000 0.53014
vt 0.75000 0.53014
vt 0.75000 0.53014
vt 1.45000 0.53014
vt 1.45000 0.79522
vt 0.75000 0.79522
vt 0.75000 0.79522
vt 1.45000 0.79522
vt 1.45000 1.06029
vt 0.75000 1.06029
vt 0.75000 1.06029
vt 1.45000 1.06029
vt 1.45000 1.32536
vt 0.75000 1.32536
vt 0.75000 1.32536
vt 1.45000 1.32536
vt 1.45000 1.59043
vt 0.75000 1.59043
vt 0.75000 1.59043
vt 1.45000 1.59043
vt 1.45000 1.85550
vt 0.75000 1.85550
vt 0.75000 1.85550
vt 1.45000 1.85550
vt 1.45000 2.12058
vt 0.75000 2.12058
vt 0.75000 2.12058
vt 1.45000 2.12058
vt 1.45000 2.38565
vt 0.75000 2.38565
vt 0.75000 2.38565
vt 1.45000 2.38565
vt 1.45000 2.65072
vt 0.75000 2.65072
vt 0.75000 2.65072
vt 1.45000 2.65072
vt 1.45000 2.91579
vt 0.75000 2.91579
vt 0.75000 2.91579
vt 1.45000 2.91579
vt 1.45000 3.18086
vt 0.75000 3.18086
vt 0.75000 3.18086
vt 1.45000 3.18086
vt 1.45000 3.44593
vt 0.75000 3.44593
vt 0.75000 3.44593
vt 1.45000 3.44593
vt 1.45000 3.71101
vt 0.75000 3.71101
vt 0.75000 3.71101
vt 1.45000 3.71101
vt 1.45000 3.97608
vt 0.75000 3.97608
vt 0.75000 3.97608
vt 1.45000 3.97608
vt 1.45000 4.24115
vt 0.75000 4.24115
vt 0.75000 4.24115
vt 1.45000 4.24115
vt 1.45000 4.50622
vt 0.75000 4.50622
vt 0.75000 4.50622
vt 1.45000 4.50622
vt 1.45000 4.77129
vt 0.75000 4.77129
vt 0.75000 4.77129
vt 1.45000 4.77129
vt 1.45000 5.03637
vt 0.75000 5.03637
vt 0.75000 5.03637
vt 1.45000 5.03637
vt 1.45000 5.30144
vt 0.75000 5.30144
vt 1.45000 0.00000
vt 1.50000 0.00000
vt 1.50000 0.25820
vt 1.45000 0.25820
vt 1.45000 0.25820
vt 1.50000 0.25820
vt 1.50000 0.51640
vt 1.45000 0.51640
vt 1.45000 0.51640
vt 1.50000 0.51640
vt 1.50000 0.77460
vt 1.45000 0.77460
vt 1.45000 0.77460
vt 1.50000 0.77460
vt 1.50000 1.03280
vt 1.45000 1.03280
vt 1.45000 1.03280
vt 1.50000 1.03280
vt 1.50000 1.29100
vt 1.45000 1.29100
vt 1.45000 1.29100
vt 1.50000 1.29100
vt 1.50000 1.54920
vt 1.45000 1.54920
vt 1.45000 1.54920
vt 1.50000 1.54920
vt 1.50000 1.80740
vt 1.45000 1.80740
vt 1.45000 1.80740
vt 1.50000 1.80740
vt 1.50000 2.06560
vt 1.45000 2.06560
vt 1.45000 2.06560
vt 1.50000 2.06560
vt 1.50000 2.32380
vt 1.45000 2.32380
vt 1.45000 2.32380
vt 1.50000 2.32380
vt 1.50000 2.58200
vt 1.45000 2.58200
vt 1.45000 2.58200
vt 1.50000 2.58200
vt 1.50000 2.84020
vt 1.45000 2.84020
vt 1.45000 2.84020
vt 1.50000 2.84020
vt 1.50000 3.09840
vt 1.45000 3.09840
vt 1.45000 3.09840
vt 1.50000 3.09840
vt 1.50000 3.35660
vt 1.45000 3.35660
vt 1.45000 3.35660
vt 1.50000 3.35660
vt 1.50000 3.61480
vt 1.45000 3.61480
vt 1.45000 3.61480
vt 1.50000 3.61480
vt 1.50000 3.87299
vt 1.45000 3.87299
vt 1.45000 3.87299
vt 1.50000 3.87299
vt 1.50000 4.13119
vt 1.45000 4.13119
vt 1.45000 4.13119
vt 1.50000 4.13119
vt 1.50000 4.38939
vt 1.45000 4.38939
vt 1.45000 4.38939
vt 1.50000 4.38939
vt 1.50000 4.64759
vt 1.45000 4.64759
vt 1.45000 4.64759
vt 1.50000 4.64759
vt 1.50000 4.90579
vt 1.45000 4.90579
vt 1.45000 4.90579
vt 1.50000 4.90579
vt 1.50000 5.16399
vt 1.45000 5.16399
vt 0.75000 -0.90625
vt 1.50000 -0.90625
vt 1.50000 0.25000
vt 0.75000 0.25000
vt -1.50000 -0.90625
vt -0.75000 -0.90625
vt -0.75000 0.25000
vt -1.50000 0.25000
vt 1.50000 0.00000
vt 2.20000 0.00000
vt 2.20000 0.26507
vt 1.50000 0.26507
vt 1.50000 0.26507
vt 2.20000 0.26507
vt 2.20000 0.53014
vt 1.50000 0.53014
vt 1.50000 0.53014
vt 2.20000 0.53014
vt 2.20000 0.79522
vt 1.50000 0.79522
vt 1.50000 0.79522
vt 2.20000 0.79522
vt 2.20000 1.06029
vt 1.50000 1.06029
vt 1.50000 1.06029
vt 2.20000 1.06029
vt 2.20000 1.32536
vt 1.50000 1.32536
vt 1.50000 1.32536
vt 2.20000 1.32536
vt 2.20000 1.59043
vt 1.50000 1.59043
vt 1.50000 1.59043
vt 2.20000 1.59043
vt 2.20000 1.85550
vt 1.50000 1.85550
vt 1.50000 1.85550
vt 2.20000 1.85550
vt 2.20000 2.12058
vt 1.50000 2.12058
vt 1.50000 2.12058
vt 2.20000 2.12058
vt 2.20000 2.38565
vt 1.50000 2.38565
vt 1.50000 2.38565
vt 2.20000 2.38565
vt 2.20000 2.65072
vt 1.50000 2.65072
vt 1.50000 2.65072
vt 2.20000 2.65072
vt 2.20000 2.91579
vt 1.50000 2.91579
vt 1.50000 2.91579
vt 2.20000 2.91579
vt 2.20000 3.18086
vt 1.50000 3.18086
vt 1.50000 3.18086
vt 2.20000 3.18086
vt 2.20000 3.44593
vt 1.50000 3.44593
vt 1.50000 3.44593
vt 2.20000 3.44593
vt 2.20000 3.71101
vt 1.50000 3.71101
vt 1.50000 3.71101
vt 2.20000 3.71101
vt 2.20000 3.97608
vt 1.50000 3.97608
vt 1.50000 3.97608
vt 2.20000 3.97608
vt 2.20000 4.24115
vt 1.50000 4.24115
vt 1.50000 4.24115
vt 2.20000 4.24115
vt 2.20000 4.50622
vt 1.50000 4.50622
vt 1.50000 4.50622
vt 2.20000 4.50622
vt 2.20000 4.77129
vt 1.50000 4.77129
vt 1.50000 4.77129
vt 2.20000 4.77129
vt 2.20000 5.03637
vt 1.50000 5.03637
vt 1.50000 5.03637
vt 2.20000 5.03637
vt 2.20000 5.30144
vt 1.50000 5.30144
vt 2.20000 0.00000
vt 2.25000 0.00000
vt 2.25000 0.25820
vt 2.20000 0.25820
vt 2.20000 0.25820
vt 2.25000 0.25820
vt 2.25000 0.51640
vt 2.20000 0.51640
vt 2.20000 0.51640
vt 2.25000 0.51640
vt 2.25000 0.77460
vt 2.20000 0.77460
vt 2.20000 0.77460
vt 2.25000 0.77460
vt 2.25000 1.03280
vt 2.20000 1.03280
vt 2.20000 1.03280
vt 2.25000 1.03280
vt 2.25000 1.29100
vt 2.20000 1.29100
vt 2.20000 1.29100
vt 2.25000 1.29100
vt 2.25000 1.54920
vt 2.20000 1.54920
vt 2.20000 1.54920
vt 2.25000 1.54920
vt 2.25000 1.80740
vt 2.20000 1.80740
vt 2.20000 1.80740
vt 2.25000 1.80740
vt 2.25000 2.06560
vt 2.20000 2.06560
vt 2.20000 2.06560
vt 2.25000 2.06560
vt 2.25000 2.32380
vt 2.20000 2.32380
vt 2.20000 2.32380
vt 2.25000 2.32380
vt 2.25000 2.58200
vt 2.20000 2.58200
vt 2.20000 2.58200
vt 2.25000 2.58200
vt 2.25000 2.84020
vt 2.20000 2.84020
vt 2.20000 2.84020
vt 2.25000 2.84020
vt 2.25000 3.09840
vt 2.20000 3.09840
vt 2.20000 3.09840
vt 2.25000 3.09840
vt 2.25000 3.35660
vt 2.20000 3.35660
vt 2.20000 3.35660
vt 2.25000 3.35660
vt 2.25000 3.61480
vt 2.20000 3.61480
vt 2.20000 3.61480
vt 2.25000 3.61480
vt 2.25000 3.87299
vt 2.20000 3.87299
vt 2.20000 3.87299
vt 2.25000 3.87299
vt 2.25000 4.13119
vt 2.20000 4.13119
vt 2.20000 4.13119
vt 2.25000 4.13119
vt 2.25000 4.38939
vt 2.20000 4.38939
vt 2.20000 4.38939
vt 2.25000 4.38939
vt 2.25000 4.64759
vt 2.20000 4.64759
vt 2.20000 4.64759
vt 2.25000 4.64759
vt 2.25000 4.90579
vt 2.20000 4.90579
vt 2.20000 4.90579
vt 2.25000 4.90579
vt 2.25000 5.16399
vt 2.20000 5.16399
vt 1.50000 -0.90625
vt 2.25000 -0.90625
vt 2.25000 0.25000
vt 1.50000 0.25000
vt -2.25000 -0.90625
vt -1.50000 -0.90625
vt -1.50000 0.25000
vt -2.25000 0.25000
vt 2.25000 0.00000
vt 2.95000 0.00000
vt 2.95000 0.26507
vt 2.25000 0.26507
vt 2.25000 0.26507
vt 2.95000 0.26507
vt 2.95000 0.53014
vt 2.25000 0.53014
vt 2.25000 0.53014
vt 2.95000 0.53014
vt 2.95000 0.79522
vt 2.25000 0.79522
vt 2.25000 0.79522
vt 2.95000 0.79522
vt 2.95000 1.06029
vt 2.25000 1.06029
vt 2.25000 1.06029
vt 2.95000 1.06029
vt 2.95000 1.32536
vt 2.25000 1.32536
vt 2.25000 1.32536
vt 2.95000 1.32536
vt 2.95000 1.59043
vt 2.25000 1.59043
vt 2.25000 1.59043
vt 2.95000 1.59043
vt 2.95000 1.85550
vt 2.25000 1.85550
vt 2.25000 1.85550
vt 2.95000 1.85550
vt 2.95000 2.12058
vt 2.25000 2.12058
vt 2.25000 2.12058
vt 2.95000 2.12058
vt 2.95000 2.38565
vt 2.25000 2.38565
vt 2.25000 2.38565
vt 2.95000 2.38565
vt 2.95000 2.65072
vt 2.25000 2.65072
vt 2.25000 2.65072
vt 2.95000 2.65072
vt 2.95000 2.91579
vt 2.25000 2.91579
vt 2.25000 2.91579
vt 2.95000 2.91579
vt 2.95000 3.18086
vt 2.25000 3.18086
vt 2.25000 3.18086
vt 2.95000 3.18086
vt 2.95000 3.44593
vt 2.25000 3.44593
vt 2.25000 3.44593
vt 2.95000 3.44593
vt 2.95000 3.71101
vt 2.25000 3.71101
vt 2.25000 3.71101
vt 2.95000 3.71101
vt 2.95000 3.97608
vt 2.25000 3.97608
vt 2.25000 3.97608
vt 2.95000 3.97608
vt 2.95000 4.24115
vt 2.25000 4.24115
vt 2.25000 4.24115
vt 2.95000 4.24115
vt 2.95000 4.50622
vt 2.25000 4.50622
vt 2.25000 4.50622
vt 2.95000 4.50622
vt 2.95000 4.77129
vt 2.25000 4.77129
vt 2.25000 4.77129
vt 2.95000 4.77129
vt 2.95000 5.03637
vt 2.25000 5.03637
vt 2.25000 5.03637
vt 2.95000 5.03637
vt 2.95000 5.30144
vt 2.25000 5.30144
vt 2.95000 0.00000
vt 3.00000 0.00000
vt 3.00000 0.25820
vt 2.95000 0.25820
vt 2.95000 0.25820
vt 3.00000 0.25820
vt 3.00000 0.51640
vt 2.95000 0.51640
vt 2.95000 0.51640
vt 3.00000 0.51640
vt 3.00000 0.77460
vt 2.95000 0.77460
vt 2.95000 0.77460
vt 3.00000 0.77460
vt 3.00000 1.03280
vt 2.95000 1.03280
vt 2.95000 1.03280
vt 3.00000 1.03280
vt 3.00000 1.29100
vt 2.95000 1.29100
vt 2.95000 1.29100
vt 3.00000 1.29100
vt 3.00000 1.54920
vt 2.95000 1.54920
vt 2.95000 1.54920
vt 3.00000 1.54920
vt 3.00000 1.80740
vt 2.95000 1.80740
vt 2.95000 1.80740
vt 3.00000 1.80740
vt 3.00000 2.06560
vt 2.95000 2.06560
vt 2.95000 2.06560
vt 3.00000 2.06560
vt 3.00000 2.32380
vt 2.95000 2.32380
vt 2.95000 2.32380
vt 3.00000 2.32380
vt 3.00000 2.58200
vt 2.95000 2.58200
vt 2.95000 2.58200
vt 3.00000 2.58200
vt 3.00000 2.84020
vt 2.95000 2.84020
vt 2.95000 2.84020
vt 3.00000 2.84020
vt 3.00000 3.09840
vt 2.95000 3.09840
vt 2.95000 3.09840
vt 3.00000 3.09840
vt 3.00000 3.35660
vt 2.95000 3.35660
vt 2.95000 3.35660
vt 3.00000 3.35660
vt 3.00000 3.61480
vt 2.95000 3.61480
vt 2.95000 3.61480
vt 3.00000 3.61480
vt 3.00000 3.87299
vt 2.95000 3.87299
vt 2.95000 3.87299
vt 3.00000 3.87299
vt 3.00000 4.13119
vt 2.95000 4.13119
vt 2.95000 4.13119
vt 3.00000 4.13119
vt 3.00000 4.38939
vt 2.95000 4.38939
vt 2.95000 4.38939
vt 3.00000 4.38939
vt 3.00000 4.64759
vt 2.95000 4.64759
vt 2.95000 4.64759
vt 3.00000 4.64759
vt 3.00000 4.90579
vt 2.95000 4.90579
vt 2.95000 4.90579
vt 3.00000 4.90579
vt 3.00000 5.16399
vt 2.95000 5.16399
vt 2.25000 -0.90625
vt 3.00000 -0.90625
vt 3.00000 0.25000
vt 2.25000 0.25000
vt -3.00000 -0.90625
vt -2.25000 -0.90625
vt -2.25000 0.25000
vt -3.00000 0.25000
vt 3.00000 0.00000
vt 3.70000 0.00000
vt 3.70000 0.26507
vt 3.00000 0.26507
vt 3.00000 0.26507
vt 3.70000 0.26507
vt 3.70000 0.53014
vt 3.00000 0.53014
vt 3.00000 0.53014
vt 3.70000 0.53014
vt 3.70000 0.79522
vt 3.00000 0.79522
vt 3.00000 0.79522
vt 3.70000 0.79522
vt 3.70000 1.06029
vt 3.00000 1.06029
vt 3.00000 1.06029
vt 3.70000 1.06029
vt 3.70000 1.32536
vt 3.00000 1.32536
vt 3.00000 1.32536
vt 3.70000 1.32536
vt 3.70000 1.59043
vt 3.00000 1.59043
vt 3.00000 1.59043
vt 3.70000 1.59043
vt 3.70000 1.85550
vt 3.00000 1.85550
vt 3.00000 1.85550
vt 3.70000 1.85550
vt 3.70000 2.12058
vt 3.00000 2.12058
vt 3.00000 2.12058
vt 3.70000 2.12058
vt 3.70000 2.38565
vt 3.00000 2.38565
vt 3.00000 2.38565
vt 3.70000 2.38565
vt 3.70000 2.65072
vt 3.00000 2.65072
vt 3.00000 2.65072
vt 3.70000 2.65072
vt 3.70000 2.91579
vt 3.00000 2.91579
vt 3.00000 2.91579
vt 3.70000 2.91579
vt 3.70000 3.18086
vt 3.00000 3.18086
vt 3.00000 3.18086
vt 3.70000 3.18086
vt 3.70000 3.44593
vt 3.00000 3.44593
vt 3.00000 3.44593
vt 3.70000 3.44593
vt 3.70000 3.71101
vt 3.00000 3.71101
vt 3.00000 3.71101
vt 3.70000 3.71101
vt 3.70000 3.97608
vt 3.00000 3.97608
vt 3.00000 3.97608
vt 3.70000 3.97608
vt 3.70000 4.24115
vt 3.00000 4.24115
vt 3.00000 4.24115
vt 3.70000 4.24115
vt 3.70000 4.50622
vt 3.00000 4.50622
vt 3.00000 4.50622
vt 3.70000 4.50622
vt 3.70000 4.77129
vt 3.00000 4.77129
vt 3.00000 4.77129
vt 3.70000 4.77129
vt 3.70000 5.03637
vt 3.00000 5.03637
vt 3.00000 5.03637
vt 3.70000 5.03637
vt 3.70000 5.30144
vt 3.00000 5.30144
vt 3.70000 0.00000
vt 3.75000 0.00000
vt 3.75000 0.25820
vt 3.70000 0.25820
vt 3.70000 0.25820
vt 3.75000 0.25820
vt 3.75000 0.51640
vt 3.70000 0.51640
vt 3.70000 0.51640
vt 3.75000 0.51640
vt 3.75000 0.77460
vt 3.70000 0.77460
vt 3.70000 0.77460
vt 3.75000 0.77460
vt 3.75000 1.03280
vt 3.70000 1.03280
vt 3.70000 1.03280
vt 3.75000 1.03280
vt 3.75000 1.29100
vt 3.70000 1.29100
vt 3.70000 1.29100
vt 3.75000 1.29100
vt 3.75000 1.54920
vt 3.70000 1.54920
vt 3.70000 1.54920
vt 3.75000 1.54920
vt 3.75000 1.80740
vt 3.70000 1.80740
vt 3.70000 1.80740
vt 3.75000 1.80740
vt 3.75000 2.06560
vt 3.70000 2.06560
vt 3.70000 2.06560
vt 3.75000 2.06560
vt 3.75000 2.32380
vt 3.70000 2.32380
vt 3.70000 2.32380
vt 3.75000 2.32380
vt 3.75000 2.58200
vt 3.70000 2.58200
vt 3.70000 2.58200
vt 3.75000 2.58200
vt 3.75000 2.84020
vt 3.70000 2.84020
vt 3.70000 2.84020
vt 3.75000 2.84020
vt 3.75000 3.09840
vt 3.70000 3.09840
vt 3.70000 3.09840
vt 3.75000 3.09840
vt 3.75000 3.35660
vt 3.70000 3.35660
vt 3.70000 3.35660
vt 3.75000 3.35660
vt 3.75000 3.61480
vt 3.70000 3.61480
vt 3.70000 3.61480
vt 3.75000 3.61480
vt 3.75000 3.87299
vt 3.70000 3.87299
vt 3.70000 3.87299
vt 3.75000 3.87299
vt 3.75000 4.13119
vt 3.70000 4.13119
vt 3.70000 4.13119
vt 3.75000 4.13119
vt 3.75000 4.38939
vt 3.70000 4.38939
vt 3.70000 4.38939
vt 3.75000 4.38939
vt 3.75000 4.64759
vt 3.70000 4.64759
vt 3.70000 4.64759
vt 3.75000 4.64759
vt 3.75000 4.90579
vt 3.70000 4.90579
vt 3.70000 4.90579
vt 3.75000 4.90579
vt 3.75000 5.16399
vt 3.70000 5.16399
vt 3.00000 -0.90625
vt 3.75000 -0.90625
vt 3.75000 0.25000
vt 3.00000 0.25000
vt -3.75000 -0.90625
vt -3.00000 -0.90625
vt -3.00000 0.25000
vt -3.75000 0.25000
vt 3.75000 0.00000
vt 4.45000 0.00000
vt 4.45000 0.26507
vt 3.75000 0.26507
vt 3.75000 0.26507
vt 4.45000 0.26507
vt 4.45000 0.53014
vt 3.75000 0.53014
vt 3.75000 0.53014
vt 4.45000 0.53014
vt 4.45000 0.79522
vt 3.75000 0.79522
vt 3.75000 0.79522
vt 4.45000 0.79522
vt 4.45000 1.06029
vt 3.75000 1.06029
vt 3.75000 1.06029
vt 4.45000 1.06029
vt 4.45000 1.32536
vt 3.75000 1.32536
vt 3.75000 1.32536
vt 4.45000 1.32536
vt 4.45000 1.59043
vt 3.75000 1.59043
vt 3.75000 1.59043
vt 4.45000 1.59043
vt 4.45000 1.85550
vt 3.75000 1.85550
vt 3.75000 1.85550
vt 4.45000 1.85550
vt 4.45000 2.12058
vt 3.75000 2.12058
vt 3.75000 2.12058
vt 4.45000 2.12058
vt 4.45000 2.38565
vt 3.75000 2.38565
vt 3.75000 2.38565
vt 4.45000 2.38565
vt 4.45000 2.65072
vt 3.75000 2.65072
vt 3.75000 2.65072
vt 4.45000 2.65072
vt 4.45000 2.91579
vt 3.75000 2.91579
vt 3.75000 2.91579
vt 4.45000 2.91579
vt 4.45000 3.18086
vt 3.75000 3.18086
vt 3.75000 3.18086
vt 4.45000 3.18086
vt 4.45000 3.44593
vt 3.75000 3.44593
vt 3.75000 3.44593
vt 4.45000 3.44593
vt 4.45000 3.71101
vt 3.75000 3.71101
vt 3.75000 3.71101
vt 4.45000 3.71101
vt 4.45000 3.97608
vt 3.75000 3.97608
vt 3.75000 3.97608
vt 4.45000 3.97608
vt 4.45000 4.24115
vt 3.75000 4.24115
vt 3.75000 4.24115
vt 4.45000 4.24115
vt 4.45000 4.50622
vt 3.75000 4.50622
vt 3.75000 4.50622
vt 4.45000 4.50622
vt 4.45000 4.77129
vt 3.75000 4.77129
vt 3.75000 4.77129
vt 4.45000 4.77129
vt 4.45000 5.03637
vt 3.75000 5.03637
vt 3.75000 5.03637
vt 4.45000 5.03637
vt 4.45000 5.30144
vt 3.75000 5.30144
vt 4.45000 0.00000
vt 4.50000 0.00000
vt 4.50000 0.25820
vt 4.45000 0.25820
vt 4.45000 0.25820
vt 4.50000 0.25820
vt 4.50000 0.51640
vt 4.45000 0.51640
vt 4.45000 0.51640
vt 4.50000 0.51640
vt 4.50000 0.77460
vt 4.45000 0.77460
vt 4.45000 0.77460
vt 4.50000 0.77460
vt 4.50000 1.03280
vt 4.45000 1.03280
vt 4.45000 1.03280
vt 4.50000 1.03280
vt 4.50000 1.29100
vt 4.45000 1.29100
vt 4.45000 1.29100
vt 4.50000 1.29100
vt 4.50000 1.54920
vt 4.45000 1.54920
vt 4.45000 1.54920
vt 4.50000 1.54920
vt 4.50000 1.80740
vt 4.45000 1.80740
vt 4.45000 1.80740
vt 4.50000 1.80740
vt 4.50000 2.06560
vt 4.45000 2.06560
vt 4.45000 2.06560
vt 4.50000 2.06560
vt 4.50000 2.32380
vt 4.45000 2.32380
vt 4.45000 2.32380
vt 4.50000 2.32380
vt 4.50000 2.58200
vt 4.45000 2.58200
vt 4.45000 2.58200
vt 4.50000 2.58200
vt 4.50000 2.84020
vt 4.45000 2.84020
vt 4.45000 2.84020
vt 4.50000 2.84020
vt 4.50000 3.09840
vt 4.45000 3.09840
vt 4.45000 3.09840
vt 4.50000 3.09840
vt 4.50000 3.35660
vt 4.45000 3.35660
vt 4.45000 3.35660
vt 4.50000 3.35660
vt 4.50000 3.61480
vt 4.45000 3.61480
vt 4.45000 3.61480
vt 4.50000 3.61480
vt 4.50000 3.87299
vt 4.45000 3.87299
vt 4.45000 3.87299
vt 4.50000 3.87299
vt 4.50000 4.13119
vt 4.45000 4.13119
vt 4.45000 4.13119
vt 4.50000 4.13119
vt 4.50000 4.38939
vt 4.45000 4.38939
vt 4.45000 4.38939
vt 4.50000 4.38939
vt 4.50000 4.64759
vt 4.45000 4.64759
vt 4.45000 4.64759
vt 4.50000 4.64759
vt 4.50000 4.90579
vt 4.45000 4.90579
vt 4.45000 4.90579
vt 4.50000 4.90579
vt 4.50000 5.16399
vt 4.45000 5.16399
vt 3.75000 -0.90625
vt 4.50000 -0.90625
vt 4.50000 0.25000
vt 3.75000 0.25000
vt -4.50000 -0.90625
vt -3.75000 -0.90625
vt -3.75000 0.25000
vt -4.50000 0.25000
vt 4.50000 0.00000
vt 5.20000 0.00000
vt 5.20000 0.26507
vt 4.50000 0.26507
vt 4.50000 0.26507
vt 5.20000 0.26507
vt 5.20000 0.53014
vt 4.50000 0.53014
vt 4.50000 0.53014
vt 5.20000 0.53014
vt 5.20000 0.79522
vt 4.50000 0.79522
vt 4.50000 0.79522
vt 5.20000 0.79522
vt 5.20000 1.06029
vt 4.50000 1.06029
vt 4.50000 1.06029
vt 5.20000 1.06029
vt 5.20000 1.32536
vt 4.50000 1.32536
vt 4.50000 1.32536
vt 5.20000 1.32536
vt 5.20000 1.59043
vt 4.50000 1.59043
vt 4.50000 1.59043
vt 5.20000 1.59043
vt 5.20000 1.85550
vt 4.50000 1.85550
vt 4.50000 1.85550
vt 5.20000 1.85550
vt 5.20000 2.12058
vt 4.50000 2.12058
vt 4.50000 2.12058
vt 5.20000 2.12058
vt 5.20000 2.38565
vt 4.50000 2.38565
vt 4.50000 2.38565
vt 5.20000 2.38565
vt 5.20000 2.65072
vt 4.50000 2.65072
vt 4.50000 2.65072
vt 5.20000 2.65072
vt 5.20000 2.91579
vt 4.50000 2.91579
vt 4.50000 2.91579
vt 5.20000 2.91579
vt 5.20000 3.18086
vt 4.50000 3.18086
vt 4.50000 3.18086
vt 5.20000 3.18086
vt 5.20000 3.44593
vt 4.50000 3.44593
vt 4.50000 3.44593
vt 5.20000 3.44593
vt 5.20000 3.71101
vt 4.50000 3.71101
vt 4.50000 3.71101
vt 5.20000 3.71101
vt 5.20000 3.97608
vt 4.50000 3.97608
vt 4.50000 3.97608
vt 5.20000 3.97608
vt 5.20000 4.24115
vt 4.50000 4.24115
vt 4.50000 4.24115
vt 5.20000 4.24115
vt 5.20000 4.50622
vt 4.50000 4.50622
vt 4.50000 4.50622
vt 5.20000 4.50622
vt 5.20000 4.77129
vt 4.50000 4.77129
vt 4.50000 4.77129
vt 5.20000 4.77129
vt 5.20000 5.03637
vt 4.50000 5.03637
vt 4.50000 5.03637
vt 5.20000 5.03637
vt 5.20000 5.30144
vt 4.50000 5.30144
vt 5.20000 0.00000
vt 5.25000 0.00000
vt 5.25000 0.25820
vt 5.20000 0.25820
vt 5.20000 0.25820
vt 5.25000 0.25820
vt 5.25000 0.51640
vt 5.20000 0.51640
vt 5.20000 0.51640
vt 5.25000 0.51640
vt 5.25000 0.77460
vt 5.20000 0.77460
vt 5.20000 0.77460
vt 5.25000 0.77460
vt 5.25000 1.03280
vt 5.20000 1.03280
vt 5.20000 1.03280
vt 5.25000 1.03280
vt 5.25000 1.29100
vt 5.20000 1.29100
vt 5.20000 1.29100
vt 5.25000 1.29100
vt 5.25000 1.54920
vt 5.20000 1.54920
vt 5.20000 1.54920
vt 5.25000 1.54920
vt 5.25000 1.80740
vt 5.20000 1.80740
vt 5.20000 1.80740
vt 5.25000 1.80740
vt 5.25000 2.06560
vt 5.20000 2.06560
vt 5.20000 2.06560
vt 5.25000 2.06560
vt 5.25000 2.32380
vt 5.20000 2.32380
vt 5.20000 2.32380
vt 5.25000 2.32380
vt 5.25000 2.58200
vt 5.20000 2.58200
vt 5.20000 2.58200
vt 5.25000 2.58200
vt 5.25000 2.84020
vt 5.20000 2.84020
vt 5.20000 2.84020
vt 5.25000 2.84020
vt 5.25000 3.09840
vt 5.20000 3.09840
vt 5.20000 3.09840
vt 5.25000 3.09840
vt 5.25000 3.35660
vt 5.20000 3.35660
vt 5.20000 3.35660
vt 5.25000 3.35660
vt 5.25000 3.61480
vt 5.20000 3.61480
vt 5.20000 3.61480
vt 5.25000 3.61480
vt 5.25000 3.87299
vt 5.20000 3.87299
vt 5.20000 3.87299
vt 5.25000 3.87299
vt 5.25000 4.13119
vt 5.20000 4.13119
vt 5.20000 4.13119
vt 5.25000 4.13119
vt 5.25000 4.38939
vt 5.20000 4.38939
vt 5.20000 4.38939
vt 5.25000 4.38939
vt 5.25000 4.64759
vt 5.20000 4.64759
vt 5.20000 4.64759
vt 5.25000 4.64759
vt 5.25000 4.90579
vt 5.20000 4.90579
vt 5.20000 4.90579
vt 5.25000 4.90579
vt 5.25000 5.16399
vt 5.20000 5.16399
vt 4.50000 -0.90625
vt 5.25000 -0.90625
vt 5.25000 0.25000
vt 4.50000 0.25000
vt -5.25000 -0.90625
vt -4.50000 -0.90625
vt -4.50000 0.25000
vt -5.25000 0.25000
vt 5.25000 0.00000
vt 5.95000 0.00000
vt 5.95000 0.26507
vt 5.25000 0.26507
vt 5.25000 0.26507
vt 5.95000 0.26507
vt 5.95000 0.53014
vt 5.25000 0.53014
vt 5.25000 0.53014
vt 5.95000 0.53014
vt 5.95000 0.79522
vt 5.25000 0.79522
vt 5.25000 0.79522
vt 5.95000 0.79522
vt 5.95000 1.06029
vt 5.25000 1.06029
vt 5.25000 1.06029
vt 5.95000 1.06029
vt 5.95000 1.32536
vt 5.25000 1.32536
vt 5.25000 1.32536
vt 5.95000 1.32536
vt 5.95000 1.59043
vt 5.25000 1.59043
vt 5.25000 1.59043
vt 5.95000 1.59043
vt 5.95000 1.85550
vt 5.25000 1.85550
vt 5.25000 1.85550
vt 5.95000 1.85550
vt 5.95000 2.12058
vt 5.25000 2.12058
vt 5.25000 2.12058
vt 5.95000 2.12058
vt 5.95000 2.38565
vt 5.25000 2.38565
vt 5.25000 2.38565
vt 5.95000 2.38565
vt 5.95000 2.65072
vt 5.25000 2.65072
vt 5.25000 2.65072
vt 5.95000 2.65072
vt 5.95000 2.91579
vt 5.25000 2.91579
vt 5.25000 2.91579
vt 5.95000 2.91579
vt 5.95000 3.18086
vt 5.25000 3.18086
vt 5.25000 3.18086
vt 5.95000 3.18086
vt 5.95000 3.44593
vt 5.25000 3.44593
vt 5.25000 3.44593
vt 5.95000 3.44593
vt 5.95000 3.71101
vt 5.25000 3.71101
vt 5.25000 3.71101
vt 5.95000 3.71101
vt 5.95000 3.97608
vt 5.25000 3.97608
vt 5.25000 3.97608
vt 5.95000 3.97608
vt 5.95000 4.24115
vt 5.25000 4.24115
vt 5.25000 4.24115
vt 5.95000 4.24115
vt 5.95000 4.50622
vt 5.25000 4.50622
vt 5.25000 4.50622
vt 5.95000 4.50622
vt 5.95000 4.77129
vt 5.25000 4.77129
vt 5.25000 4.77129
vt 5.95000 4.77129
vt 5.95000 5.03637
vt 5.25000 5.03637
vt 5.25000 5.03637
vt 5.95000 5.03637
vt 5.95000 5.30144
vt 5.25000 5.30144
vt 5.95000 0.00000
vt 6.00000 0.00000
vt 6.00000 0.25820
vt 5.95000 0.25820
vt 5.95000 0.25820
vt 6.00000 0.25820
vt 6.00000 0.51640
vt 5.95000 0.51640
vt 5.95000 0.51640
vt 6.00000 0.51640
vt 6.00000 0.77460
vt 5.95000 0.77460
vt 5.95000 0.77460
vt 6.00000 0.77460
vt 6.00000 1.03280
vt 5.95000 1.03280
vt 5.95000 1.03280
vt 6.00000 1.03280
vt 6.00000 1.29100
vt 5.95000 1.29100
vt 5.95000 1.29100
vt 6.00000 1.29100
vt 6.00000 1.54920
vt 5.95000 1.54920
vt 5.95000 1.54920
vt 6.00000 1.54920
vt 6.00000 1.80740
vt 5.95000 1.80740
vt 5.95000 1.80740
vt 6.00000 1.80740
vt 6.00000 2.06560
vt 5.95000 2.06560
vt 5.95000 2.06560
vt 6.00000 2.06560
vt 6.00000 2.32380
vt 5.95000 2.32380
vt 5.95000 2.32380
vt 6.00000 2.32380
vt 6.00000 2.58200
vt 5.95000 2.58200
vt 5.95000 2.58200
vt 6.00000 2.58200
vt 6.00000 2.84020
vt 5.95000 2.84020
vt 5.95000 2.84020
vt 6.00000 2.84020
vt 6.00000 3.09840
vt 5.95000 3.09840
vt 5.95000 3.09840
vt 6.00000 3.09840
vt 6.00000 3.35660
vt 5.95000 3.35660
vt 5.95000 3.35660
vt 6.00000 3.35660
vt 6.00000 3.61480
vt 5.95000 3.61480
vt 5.95000 3.61480
vt 6.00000 3.61480
vt 6.00000 3.87299
vt 5.95000 3.87299
vt 5.95000 3.87299
vt 6.00000 3.87299
vt 6.00000 4.13119
vt 5.95000 4.13119
vt 5.95000 4.13119
vt 6.00000 4.13119
vt 6.00000 4.38939
vt 5.95000 4.38939
vt 5.95000 4.38939
vt 6.00000 4.38939
vt 6.00000 4.64759
vt 5.95000 4.64759
vt 5.95000 4.64759
vt 6.00000 4.64759
vt 6.00000 4.90579
vt 5.95000 4.90579
vt 5.95000 4.90579
vt 6.00000 4.90579
vt 6.00000 5.16399
vt 5.95000 5.16399
vt 5.25000 -0.90625
vt 6.00000 -0.90625
vt 6.00000 0.25000
vt 5.25000 0.25000
vt -6.00000 -0.90625
vt -5.25000 -0.90625
vt -5.25000 0.25000
vt -6.00000 0.25000
vt 6.00000 0.00000
vt 6.70000 0.00000
vt 6.70000 0.26507
vt 6.00000 0.26507
vt 6.00000 0.26507
vt 6.70000 0.26507
vt 6.70000 0.53014
vt 6.00000 0.53014
vt 6.00000 0.53014
vt 6.70000 0.53014
vt 6.70000 0.79522
vt 6.00000 0.79522
vt 6.00000 0.79522
vt 6.70000 0.79522
vt 6.70000 1.06029
vt 6.00000 1.06029
vt 6.00000 1.06029
vt 6.70000 1.06029
vt 6.70000 1.32536
vt 6.00000 1.32536
vt 6.00000 1.32536
vt 6.70000 1.32536
vt 6.70000 1.59043
vt 6.00000 1.59043
vt 6.00000 1.59043
vt 6.70000 1.59043
vt 6.70000 1.85550
vt 6.00000 1.85550
vt 6.00000 1.85550
vt 6.70000 1.85550
vt 6.70000 2.12058
vt 6.00000 2.12058
vt 6.00000 2.12058
vt 6.70000 2.12058
vt 6.70000 2.38565
vt 6.00000 2.38565
vt 6.00000 2.38565
vt 6.70000 2.38565
vt 6.70000 2.65072
vt 6.00000 2.65072
vt 6.00000 2.65072
vt 6.70000 2.65072
vt 6.70000 2.91579
vt 6.00000 2.91579
vt 6.00000 2.91579
vt 6.70000 2.91579
vt 6.70000 3.18086
vt 6.00000 3.18086
vt 6.00000 3.18086
vt 6.70000 3.18086
vt 6.70000 3.44593
vt 6.00000 3.44593
vt 6.00000 3.44593
vt 6.70000 3.44593
vt 6.70000 3.71101
vt 6.00000 3.71101
vt 6.00000 3.71101
vt 6.70000 3.71101
vt 6.70000 3.97608
vt 6.00000 3.97608
vt 6.00000 3.97608
vt 6.70000 3.97608
vt 6.70000 4.24115
vt 6.00000 4.24115
vt 6.00000 4.24115
vt 6.70000 4.24115
vt 6.70000 4.50622
vt 6.00000 4.50622
vt 6.00000 4.50622
vt 6.70000 4.50622
vt 6.70000 4.77129
vt 6.00000 4.77129
vt 6.00000 4.77129
vt 6.70000 4.77129
vt 6.70000 5.03637
vt 6.00000 5.03637
vt 6.00000 5.03637
vt 6.70000 5.03637
vt 6.70000 5.30144
vt 6.00000 5.30144
vt 6.70000 0.00000
vt 6.75000 0.00000
vt 6.75000 0.25820
vt 6.70000 0.25820
vt 6.70000 0.25820
vt 6.75000 0.25820
vt 6.75000 0.51640
vt 6.70000 0.51640
vt 6.70000 0.51640
vt 6.75000 0.51640
vt 6.75000 0.77460
vt 6.70000 0.77460
vt 6.70000 0.77460
vt 6.75000 0.77460
vt 6.75000 1.03280
vt 6.70000 1.03280
vt 6.70000 1.03280
vt 6.75000 1.03280
vt 6.75000 1.29100
vt 6.70000 1.29100
vt 6.70000 1.29100
vt 6.75000 1.29100
vt 6.75000 1.54920
vt 6.70000 1.54920
vt 6.70000 1.54920
vt 6.75000 1.54920
vt 6.75000 1.80740
vt 6.70000 1.80740
vt 6.70000 1.80740
vt 6.75000 1.80740
vt 6.75000 2.06560
vt 6.70000 2.06560
vt 6.70000 2.06560
vt 6.75000 2.06560
vt 6.75000 2.32380
vt 6.70000 2.32380
vt 6.70000 2.32380
vt 6.75000 2.32380
vt 6.75000 2.58200
vt 6.70000 2.58200
vt 6.70000 2.58200
vt 6.75000 2.58200
vt 6.75000 2.84020
vt 6.70000 2.84020
vt 6.70000 2.84020
vt 6.75000 2.84020
vt 6.75000 3.09840
vt 6.70000 3.09840
vt 6.70000 3.09840
vt 6.75000 3.09840
vt 6.75000 3.35660
vt 6.70000 3.35660
vt 6.70000 3.35660
vt 6.75000 3.35660
vt 6.75000 3.61480
vt 6.70000 3.61480
vt 6.70000 3.61480
vt 6.75000 3.61480
vt 6.75000 3.87299
vt 6.70000 3.87299
vt 6.70000 3.87299
vt 6.75000 3.87299
vt 6.75000 4.13119
vt 6.70000 4.13119
vt 6.70000 4.13119
vt 6.75000 4.13119
vt 6.75000 4.38939
vt 6.70000 4.38939
vt 6.70000 4.38939
vt 6.75000 4.38939
vt 6.75000 4.64759
vt 6.70000 4.64759
vt 6.70000 4.64759
vt 6.75000 4.64759
vt 6.75000 4.90579
vt 6.70000 4.90579
vt 6.70000 4.90579
vt 6.75000 4.90579
vt 6.75000 5.16399
vt 6.70000 5.16399
vt 6.00000 -0.90625
vt 6.75000 -0.90625
vt 6.75000 0.25000
vt 6.00000 0.25000
vt -6.75000 -0.90625
vt -6.00000 -0.90625
vt -6.00000 0.25000
vt -6.75000 0.25000
vt 6.75000 0.00000
vt 7.45000 0.00000
vt 7.45000 0.26507
vt 6.75000 0.26507
vt 6.75000 0.26507
vt 7.45000 0.26507
vt 7.45000 0.53014
vt 6.75000 0.53014
vt 6.75000 0.53014
vt 7.45000 0.53014
vt 7.45000 0.79522
vt 6.75000 0.79522
vt 6.75000 0.79522
vt 7.45000 0.79522
vt 7.45000 1.06029
vt 6.75000 1.06029
vt 6.75000 1.06029
vt 7.45000 1.06029
vt 7.45000 1.32536
vt 6.75000 1.32536
vt 6.75000 1.32536
vt 7.45000 1.32536
vt 7.45000 1.59043
vt 6.75000 1.59043
vt 6.75000 1.59043
vt 7.45000 1.59043
vt 7.45000 1.85550
vt 6.75000 1.85550
vt 6.75000 1.85550
vt 7.45000 1.85550
vt 7.45000 2.12058
vt 6.75000 2.12058
vt 6.75000 2.12058
vt 7.45000 2.12058
vt 7.45000 2.38565
vt 6.75000 2.38565
vt 6.75000 2.38565
vt 7.45000 2.38565
vt 7.45000 2.65072
vt 6.75000 2.65072
vt 6.75000 2.65072
vt 7.45000 2.65072
vt 7.45000 2.91579
vt 6.75000 2.91579
vt 6.75000 2.91579
vt 7.45000 2.91579
vt 7.45000 3.18086
vt 6.75000 3.18086
vt 6.75000 3.18086
vt 7.45000 3.18086
vt 7.45000 3.44593
vt 6.75000 3.44593
vt 6.75000 3.44593
vt 7.45000 3.44593
vt 7.45000 3.71101
vt 6.75000 3.71101
vt 6.75000 3.71101
vt 7.45000 3.71101
vt 7.45000 3.97608
vt 6.75000 3.97608
vt 6.75000 3.97608
vt 7.45000 3.97608
vt 7.45000 4.24115
vt 6.75000 4.24115
vt 6.75000 4.24115
vt 7.45000 4.24115
vt 7.45000 4.50622
vt 6.75000 4.50622
vt 6.75000 4.50622
vt 7.45000 4.50622
vt 7.45000 4.77129
vt 6.75000 4.77129
vt 6.75000 4.77129
vt 7.45000 4.77129
vt 7.45000 5.03637
vt 6.75000 5.03637
vt 6.75000 5.03637
vt 7.45000 5.03637
vt 7.45000 5.30144
vt 6.75000 5.30144
vt 7.45000 0.00000
vt 7.50000 0.00000
vt 7.50000 0.25820
vt 7.45000 0.25820
vt 7.45000 0.25820
vt 7.50000 0.25820
vt 7.50000 0.51640
vt 7.45000 0.51640
vt 7.45000 0.51640
vt 7.50000 0.51640
vt 7.50000 0.77460
vt 7.45000 0.77460
vt 7.45000 0.77460
vt 7.50000 0.77460
vt 7.50000 1.03280
vt 7.45000 1.03280
vt 7.45000 1.03280
vt 7.50000 1.03280
vt 7.50000 1.29100
vt 7.45000 1.29100
vt 7.45000 1.29100
vt 7.50000 1.29100
vt 7.50000 1.54920
vt 7.45000 1.54920
vt 7.45000 1.54920
vt 7.50000 1.54920
vt 7.50000 1.80740
vt 7.45000 1.80740
vt 7.45000 1.80740
vt 7.50000 1.80740
vt 7.50000 2.06560
vt 7.45000 2.06560
vt 7.45000 2.06560
vt 7.50000 2.06560
vt 7.50000 2.32380
vt 7.45000 2.32380
vt 7.45000 2.32380
vt 7.50000 2.32380
vt 7.50000 2.58200
vt 7.45000 2.58200
vt 7.45000 2.58200
vt 7.50000 2.58200
vt 7.50000 2.84020
vt 7.45000 2.84020
vt 7.45000 2.84020
vt 7.50000 2.84020
vt 7.50000 3.09840
vt 7.45000 3.09840
vt 7.45000 3.09840
vt 7.50000 3.09840
vt 7.50000 3.35660
vt 7.45000 3.35660
vt 7.45000 3.35660
vt 7.50000 3.35660
vt 7.50000 3.61480
vt 7.45000 3.61480
vt 7.45000 3.61480
vt 7.50000 3.61480
vt 7.50000 3.87299
vt 7.45000 3.87299
vt 7.45000 3.87299
vt 7.50000 3.87299
vt 7.50000 4.13119
vt 7.45000 4.13119
vt 7.45000 4.13119
vt 7.50000 4.13119
vt 7.50000 4.38939
vt 7.45000 4.38939
vt 7.45000 4.38939
vt 7.50000 4.38939
vt 7.50000 4.64759
vt 7.45000 4.64759
vt 7.45000 4.64759
vt 7.50000 4.64759
vt 7.50000 4.90579
vt 7.45000 4.90579
vt 7.45000 4.90579
vt 7.50000 4.90579
vt 7.50000 5.16399
vt 7.45000 5.16399
vt 6.75000 -0.90625
vt 7.50000 -0.90625
vt 7.50000 0.25000
vt 6.75000 0.25000
vt -7.50000 -0.90625
vt -6.75000 -0.90625
vt -6.75000 0.25000
vt -7.50000 0.25000
vt -8.00000 -1.72800
vt 8.00000 -1.72800
vt 8.00000 1.72800
vt -8.00000 1.72800
vt 2.81250 -1.78125
vt 3.56250 -1.78125
vt 3.56250 -1.09375
vt 2.81250 -1.09375
vt -3.56250 -1.78125
vt -2.81250 -1.78125
vt -2.81250 -1.09375
vt -3.56250 -1.09375
vt -15.00000 2.81250
vt 15.00000 2.81250
vt 15.00000 3.56250
vt -15.00000 3.56250
vt -15.00000 -3.56250
vt 15.00000 -3.56250
vt 15.00000 -2.81250
vt -15.00000 -2.81250
vt -15.00000 -1.78125
vt 15.00000 -1.78125
vt 15.00000 -1.09375
vt -15.00000 -1.09375
vt -15.00000 -1.78125
vt 15.00000 -1.78125
vt 15.00000 -1.09375
vt -15.00000 -1.09375
vt -4.44000 2.00000
vt -3.76000 2.00000
vt -3.76000 2.20000
vt -4.44000 2.20000
vt 3.76000 2.00000
vt 4.44000 2.00000
vt 4.44000 2.20000
vt 3.76000 2.20000
vt -24.00000 -4.44000
vt 24.00000 -4.44000
vt 24.00000 -3.76000
vt -24.00000 -3.76000
vt -24.00000 3.76000
vt 24.00000 3.76000
vt 24.00000 4.44000
vt -24.00000 4.44000
vt -24.00000 2.00000
vt 24.00000 2.00000
vt 24.00000 2.20000
vt -24.00000 2.20000
vt -24.00000 2.00000
vt 24.00000 2.00000
vt 24.00000 2.20000
vt -24.00000 2.20000
vt -10.40000 3.80000
vt -10.10000 3.80000
vt -10.10000 5.10000
vt -10.40000 5.10000
vt 10.10000 3.80000
vt 10.40000 3.80000
vt 10.40000 5.10000
vt 10.10000 5.10000
vt -57.15000 -10.40000
vt -56.85000 -10.40000
vt -56.85000 -10.10000
vt -57.15000 -10.10000
vt -57.15000 10.10000
vt -56.85000 10.10000
vt -56.85000 10.40000
vt -57.15000 10.40000
vt -57.15000 3.80000
vt -56.85000 3.80000
vt -56.85000 5.10000
vt -57.15000 5.10000
vt 56.85000 3.80000
vt 57.15000 3.80000
vt 57.15000 5.10000
vt 56.85000 5.10000
vt -10.40000 3.80000
vt -10.10000 3.80000
vt -10.10000 5.10000
vt -10.40000 5.10000
vt 10.10000 3.80000
vt 10.40000 3.80000
vt 10.40000 5.10000
vt 10.10000 5.10000
vt -45.15000 -10.40000
vt -44.85000 -10.40000
vt -44.85000 -10.10000
vt -45.15000 -10.10000
vt -45.15000 10.10000
vt -44.85000 10.10000
vt -44.85000 10.40000
vt -45.15000 10.40000
vt -45.15000 3.80000
vt -44.85000 3.80000
vt -44.85000 5.10000
vt -45.15000 5.10000
vt 44.85000 3.80000
vt 45.15000 3.80000
vt 45.15000 5.10000
vt 44.85000 5.10000
vt -10.40000 3.80000
vt -10.10000 3.80000
vt -10.10000 5.10000
vt -10.40000 5.10000
vt 10.10000 3.80000
vt 10.40000 3.80000
vt 10.40000 5.10000
vt 10.10000 5.10000
vt -33.15000 -10.40000
vt -32.85000 -10.40000
vt -32.85000 -10.10000
vt -33.15000 -10.10000
vt -33.15000 10.10000
vt -32.85000 10.10000
vt -32.85000 10.40000
vt -33.15000 10.40000
vt -33.15000 3.80000
vt -32.85000 3.80000
vt -32.85000 5.10000
vt -33.15000 5.10000
vt 32.85000 3.80000
vt 33.15000 3.80000
vt 33.15000 5.10000
vt 32.85000 5.10000
vt -10.40000 3.80000
vt -10.10000 3.80000
vt -10.10000 5.10000
vt -10.40000 5.10000
vt 10.10000 3.80000
vt 10.40000 3.80000
vt 10.40000 5.10000
vt 10.10000 5.10000
vt -21.15000 -10.40000
vt -20.85000 -10.40000
vt -20.85000 -10.10000
vt -21.15000 -10.10000
vt -21.15000 10.10000
vt -20.85000 10.10000
vt -20.85000 10.40000
vt -21.15000 10.40000
vt -21.15000 3.80000
vt -20.85000 3.80000
vt -20.85000 5.10000
vt -21.15000 5.10000
vt 20.85000 3.80000
vt 21.15000 3.80000
vt 21.15000 5.10000
vt 20.85000 5.10000
vt -10.40000 3.80000
vt -10.10000 3.80000
vt -10.10000 5.10000
vt -10.40000 5.10000
vt 10.10000 3.80000
vt 10.40000 3.80000
vt 10.40000 5.10000
vt 10.10000 5.10000
vt -9.15000 -10.40000
vt -8.85000 -10.40000
vt -8.85000 -10.10000
vt -9.15000 -10.10000
vt -9.15000 10.10000
vt -8.85000 10.10000
vt -8.85000 10.40000
vt -9.15000 10.40000
vt -9.15000 3.80000
vt -8.85000 3.80000
vt -8.85000 5.10000
vt -9.15000 5.10000
vt 8.85000 3.80000
vt 9.15000 3.80000
vt 9.15000 5.10000
vt 8.85000 5.10000
vt -10.40000 3.80000
vt -10.10000 3.80000
vt -10.10000 5.10000
vt -10.40000 5.10000
vt 10.10000 3.80000
vt 10.40000 3.80000
vt 10.40000 5.10000
vt 10.10000 5.10000
vt 2.85000 -10.40000
vt 3.15000 -10.40000
vt 3.15000 -10.10000
vt 2.85000 -10.10000
vt 2.85000 10.10000
vt 3.15000 10.10000
vt 3.15000 10.40000
vt 2.85000 10.40000
vt 2.85000 3.80000
vt 3.15000 3.80000
vt 3.15000 5.10000
vt 2.85000 5.10000
vt -3.15000 3.80000
vt -2.85000 3.80000
vt -2.85000 5.10000
vt -3.15000 5.10000
vt -10.40000 3.80000
vt -10.10000 3.80000
vt -10.10000 5.10000
vt -10.40000 5.10000
vt 10.10000 3.80000
vt 10.40000 3.80000
vt 10.40000 5.10000
vt 10.10000 5.10000
vt 14.85000 -10.40000
vt 15.15000 -10.40000
vt 15.15000 -10.10000
vt 14.85000 -10.10000
vt 14.85000 10.10000
vt 15.15000 10.10000
vt 15.15000 10.40000
vt 14.85000 10.40000
vt 14.85000 3.80000
vt 15.15000 3.80000
vt 15.15000 5.10000
vt 14.85000 5.10000
vt -15.15000 3.80000
vt -14.85000 3.80000
vt -14.85000 5.10000
vt -15.15000 5.10000
vt -10.40000 3.80000
vt -10.10000 3.80000
vt -10.10000 5.10000
vt -10.40000 5.10000
vt 10.10000 3.80000
vt 10.40000 3.80000
vt 10.40000 5.10000
vt 10.10000 5.10000
vt 26.85000 -10.40000
vt 27.15000 -10.40000
vt 27.15000 -10.10000
vt 26.85000 -10.10000
vt 26.85000 10.10000
vt 27.15000 10.10000
vt 27.15000 10.40000
vt 26.85000 10.40000
vt 26.85000 3.80000
vt 27.15000 3.80000
vt 27.15000 5.10000
vt 26.85000 5.10000
vt -27.15000 3.80000
vt -26.85000 3.80000
vt -26.85000 5.10000
vt -27.15000 5.10000
vt -10.40000 3.80000
vt -10.10000 3.80000
vt -10.10000 5.10000
vt -10.40000 5.10000
vt 10.10000 3.80000
vt 10.40000 3.80000
vt 10.40000 5.10000
vt 10.10000 5.10000
vt 38.85000 -10.40000
vt 39.15000 -10.40000
vt 39.15000 -10.10000
vt 38.85000 -10.10000
vt 38.85000 10.10000
vt 39.15000 10.10000
vt 39.15000 10.40000
vt 38.85000 10.40000
vt 38.85000 3.80000
vt 39.15000 3.80000
vt 39.15000 5.10000
vt 38.85000 5.10000
vt -39.15000 3.80000
vt -38.85000 3.80000
vt -38.85000 5.10000
vt -39.15000 5.10000
vt -10.40000 3.80000
vt -10.10000 3.80000
vt -10.10000 5.10000
vt -10.40000 5.10000
vt 10.10000 3.80000
vt 10.40000 3.80000
vt 10.40000 5.10000
vt 10.10000 5.10000
vt 50.85000 -10.40000
vt 51.15000 -10.40000
vt 51.15000 -10.10000
vt 50.85000 -10.10000
vt 50.85000 10.10000
vt 51.15000 10.10000
vt 51.15000 10.40000
vt 50.85000 10.40000
vt 50.85000 3.80000
vt 51.15000 3.80000
vt 51.15000 5.10000
vt 50.85000 5.10000
vt -51.15000 3.80000
vt -50.85000 3.80000
vt -50.85000 5.10000
vt -51.15000 5.10000
vt -4.84000 2.80000
vt -4.16000 2.80000
vt -4.16000 3.00000
vt -4.84000 3.00000
vt 4.16000 2.80000
vt 4.84000 2.80000
vt 4.84000 3.00000
vt 4.16000 3.00000
vt -24.00000 -4.84000
vt 24.00000 -4.84000
vt 24.00000 -4.16000
vt -24.00000 -4.16000
vt -24.00000 4.16000
vt 24.00000 4.16000
vt 24.00000 4.84000
vt -24.00000 4.84000
vt -24.00000 2.80000
vt 24.00000 2.80000
vt 24.00000 3.00000
vt -24.00000 3.00000
vt -24.00000 2.80000
vt 24.00000 2.80000
vt 24.00000 3.00000
vt -24.00000 3.00000
vt -11.40000 5.80000
vt -11.10000 5.80000
vt -11.10000 7.10000
vt -11.40000 7.10000
vt 11.10000 5.80000
vt 11.40000 5.80000
vt 11.40000 7.10000
vt 11.10000 7.10000
vt -57.15000 -11.40000
vt -56.85000 -11.40000
vt -56.85000 -11.10000
vt -57.15000 -11.10000
vt -57.15000 11.10000
vt -56.85000 11.10000
vt -56.85000 11.40000
vt -57.15000 11.40000
vt -57.15000 5.80000
vt -56.85000 5.80000
vt -56.85000 7.10000
vt -57.15000 7.10000
vt 56.85000 5.80000
vt 57.15000 5.80000
vt 57.15000 7.10000
vt 56.85000 7.10000
vt -11.40000 5.80000
vt -11.10000 5.80000
vt -11.10000 7.10000
vt -11.40000 7.10000
vt 11.10000 5.80000
vt 11.40000 5.80000
vt 11.40000 7.10000
vt 11.10000 7.10000
vt -45.15000 -11.40000
vt -44.85000 -11.40000
vt -44.85000 -11.10000
vt -45.15000 -11.10000
vt -45.15000 11.10000
vt -44.85000 11.10000
vt -44.85000 11.40000
vt -45.15000 11.40000
vt -45.15000 5.80000
vt -44.85000 5.80000
vt -44.85000 7.10000
vt -45.15000 7.10000
vt 44.85000 5.80000
vt 45.15000 5.80000
vt 45.15000 7.10000
vt 44.85000 7.10000
vt -11.40000 5.80000
vt -11.10000 5.80000
vt -11.10000 7.10000
vt -11.40000 7.10000
vt 11.10000 5.80000
vt 11.40000 5.80000
vt 11.40000 7.10000
vt 11.10000 7.10000
vt -33.15000 -11.40000
vt -32.85000 -11.40000
vt -32.85000 -11.10000
vt -33.15000 -11.10000
vt -33.15000 11.10000
vt -32.85000 11.10000
vt -32.85000 11.40000
vt -33.15000 11.40000
vt -33.15000 5.80000
vt -32.85000 5.80000
vt -32.85000 7.10000
vt -33.15000 7.10000
vt 32.85000 5.80000
vt 33.15000 5.80000
vt 33.15000 7.10000
vt 32.85000 7.10000
vt -11.40000 5.80000
vt -11.10000 5.80000
vt -11.10000 7.10000
vt -11.40000 7.10000
vt 11.10000 5.80000
vt 11.40000 5.80000
vt 11.40000 7.10000
vt 11.10000 7.10000
vt -21.15000 -11.40000
vt -20.85000 -11.40000
vt -20.85000 -11.10000
vt -21.15000 -11.10000
vt -21.15000 11.10000
vt -20.85000 11.10000
vt -20.85000 11.40000
vt -21.15000 11.40000
vt -21.15000 5.80000
vt -20.85000 5.80000
vt -20.85000 7.10000
vt -21.15000 7.10000
vt 20.85000 5.80000
vt 21.15000 5.80000
vt 21.15000 7.10000
vt 20.85000 7.10000
vt -11.40000 5.80000
vt -11.10000 5.80000
vt -11.10000 7.10000
vt -11.40000 7.10000
vt 11.10000 5.80000
vt 11.40000 5.80000
vt 11.40000 7.10000
vt 11.10000 7.10000
vt -9.15000 -11.40000
vt -8.85000 -11.40000
vt -8.85000 -11.10000
vt -9.15000 -11.10000
vt -9.15000 11.10000
vt -8.85000 11.10000
vt -8.85000 11.40000
vt -9.15000 11.40000
vt -9.15000 5.80000
vt -8.85000 5.80000
vt -8.85000 7.10000
vt -9.15000 7.10000
vt 8.85000 5.80000
vt 9.15000 5.80000
vt 9.15000 7.10000
vt 8.85000 7.10000
vt -11.40000 5.80000
vt -11.10000 5.80000
vt -11.10000 7.10000
vt -11.40000 7.10000
vt 11.10000 5.80000
vt 11.40000 5.80000
vt 11.40000 7.10000
vt 11.10000 7.10000
vt 2.85000 -11.40000
vt 3.15000 -11.40000
vt 3.15000 -11.10000
vt 2.85000 -11.10000
vt 2.85000 11.10000
vt 3.15000 11.10000
vt 3.15000 11.40000
vt 2.85000 11.40000
vt 2.85000 5.80000
vt 3.15000 5.80000
vt 3.15000 7.10000
vt 2.85000 7.10000
vt -3.15000 5.80000
vt -2.85000 5.80000
vt -2.85000 7.10000
vt -3.15000 7.10000
vt -11.40000 5.80000
vt -11.10000 5.80000
vt -11.10000 7.10000
vt -11.40000 7.10000
vt 11.10000 5.80000
vt 11.40000 5.80000
vt 11.40000 7.10000
vt 11.10000 7.10000
vt 14.85000 -11.40000
vt 15.15000 -11.40000
vt 15.15000 -11.10000
vt 14.85000 -11.10000
vt 14.85000 11.10000
vt 15.15000 11.10000
vt 15.15000 11.40000
vt 14.85000 11.40000
vt 14.85000 5.80000
vt 15.15000 5.80000
vt 15.15000 7.10000
vt 14.85000 7.10000
vt -15.15000 5.80000
vt -14.85000 5.80000
vt -14.85000 7.10000
vt -15.15000 7.10000
vt -11.40000 5.80000
vt -11.10000 5.80000
vt -11.10000 7.10000
vt -11.40000 7.10000
vt 11.10000 5.80000
vt 11.40000 5.80000
vt 11.40000 7.10000
vt 11.10000 7.10000
vt 26.85000 -11.40000
vt 27.15000 -11.40000
vt 27.15000 -11.10000
vt 26.85000 -11.10000
vt 26.85000 11.10000
vt 27.15000 11.10000
vt 27.15000 11.40000
vt 26.85000 11.40000
vt 26.85000 5.80000
vt 27.15000 5.80000
vt 27.15000 7.10000
vt 26.85000 7.10000
vt -27.15000 5.80000
vt -26.85000 5.80000
vt -26.85000 7.10000
vt -27.15000 7.10000
vt -11.40000 5.80000
vt -11.10000 5.80000
vt -11.10000 7.10000
vt -11.40000 7.10000
vt 11.10000 5.80000
vt 11.40000 5.80000
vt 11.40000 7.10000
vt 11.10000 7.10000
vt 38.85000 -11.40000
vt 39.15000 -11.40000
vt 39.15000 -11.10000
vt 38.85000 -11.10000
vt 38.85000 11.10000
vt 39.15000 11.10000
vt 39.15000 11.40000
vt 38.85000 11.40000
vt 38.85000 5.80000
vt 39.15000 5.80000
vt 39.15000 7.10000
vt 38.85000 7.10000
vt -39.15000 5.80000
vt -38.85000 5.80000
vt -38.85000 7.10000
vt -39.15000 7.10000
vt -11.40000 5.80000
vt -11.10000 5.80000
vt -11.10000 7.10000
vt -11.40000 7.10000
vt 11.10000 5.80000
vt 11.40000 5.80000
vt 11.40000 7.10000
vt 11.10000 7.10000
vt 50.85000 -11.40000
vt 51.15000 -11.40000
vt 51.15000 -11.10000
vt 50.85000 -11.10000
vt 50.85000 11.10000
vt 51.15000 11.10000
vt 51.15000 11.40000
vt 50.85000 11.40000
vt 50.85000 5.80000
vt 51.15000 5.80000
vt 51.15000 7.10000
vt 50.85000 7.10000
vt -51.15000 5.80000
vt -50.85000 5.80000
vt -50.85000 7.10000
vt -51.15000 7.10000
vt 4.26000 2.40000
vt 4.94000 2.40000
vt 4.94000 2.60000
vt 4.26000 2.60000
vt -4.94000 2.40000
vt -4.26000 2.40000
vt -4.26000 2.60000
vt -4.94000 2.60000
vt -24.00000 4.26000
vt 24.00000 4.26000
vt 24.00000 4.94000
vt -24.00000 4.94000
vt -24.00000 -4.94000
vt 24.00000 -4.94000
vt 24.00000 -4.26000
vt -24.00000 -4.26000
vt -24.00000 2.40000
vt 24.00000 2.40000
vt 24.00000 2.60000
vt -24.00000 2.60000
vt -24.00000 2.40000
vt 24.00000 2.40000
vt 24.00000 2.60000
vt -24.00000 2.60000
vt 11.35000 4.80000
vt 11.65000 4.80000
vt 11.65000 6.10000
vt 11.35000 6.10000
vt -11.65000 4.80000
vt -11.35000 4.80000
vt -11.35000 6.10000
vt -11.65000 6.10000
vt -57.15000 11.35000
vt -56.85000 11.35000
vt -56.85000 11.65000
vt -57.15000 11.65000
vt -57.15000 -11.65000
vt -56.85000 -11.65000
vt -56.85000 -11.35000
vt -57.15000 -11.35000
vt -57.15000 4.80000
vt -56.85000 4.80000
vt -56.85000 6.10000
vt -57.15000 6.10000
vt 56.85000 4.80000
vt 57.15000 4.80000
vt 57.15000 6.10000
vt 56.85000 6.10000
vt 11.35000 4.80000
vt 11.65000 4.80000
vt 11.65000 6.10000
vt 11.35000 6.10000
vt -11.65000 4.80000
vt -11.35000 4.80000
vt -11.35000 6.10000
vt -11.65000 6.10000
vt -45.15000 11.35000
vt -44.85000 11.35000
vt -44.85000 11.65000
vt -45.15000 11.65000
vt -45.15000 -11.65000
vt -44.85000 -11.65000
vt -44.85000 -11.35000
vt -45.15000 -11.35000
vt -45.15000 4.80000
vt -44.85000 4.80000
vt -44.85000 6.10000
vt -45.15000 6.10000
vt 44.85000 4.80000
vt 45.15000 4.80000
vt 45.15000 6.10000
vt 44.85000 6.10000
vt 11.35000 4.80000
vt 11.65000 4.80000
vt 11.65000 6.10000
vt 11.35000 6.10000
vt -11.65000 4.80000
vt -11.35000 4.80000
vt -11.35000 6.10000
vt -11.65000 6.10000
vt -33.15000 11.35000
vt -32.85000 11.35000
vt -32.85000 11.65000
vt -33.15000 11.65000
vt -33.15000 -11.65000
vt -32.85000 -11.65000
vt -32.85000 -11.35000
vt -33.15000 -11.35000
vt -33.15000 4.80000
vt -32.85000 4.80000
vt -32.85000 6.10000
vt -33.15000 6.10000
vt 32.85000 4.80000
vt 33.15000 4.80000
vt 33.15000 6.10000
vt 32.85000 6.10000
vt 11.35000 4.80000
vt 11.65000 4.80000
vt 11.65000 6.10000
vt 11.35000 6.10000
vt -11.65000 4.80000
vt -11.35000 4.80000
vt -11.35000 6.10000
vt -11.65000 6.10000
vt -21.15000 11.35000
vt -20.85000 11.35000
vt -20.85000 11.65000
vt -21.15000 11.65000
vt -21.15000 -11.65000
vt -20.85000 -11.65000
vt -20.85000 -11.35000
vt -21.15000 -11.35000
vt -21.15000 4.80000
vt -20.85000 4.80000
vt -20.85000 6.10000
vt -21.15000 6.10000
vt 20.85000 4.80000
vt 21.15000 4.80000
vt 21.15000 6.10000
vt 20.85000 6.10000
vt 11.35000 4.80000
vt 11.65000 4.80000
vt 11.65000 6.10000
vt 11.35000 6.10000
vt -11.65000 4.80000
vt -11.35000 4.80000
vt -11.35000 6.10000
vt -11.65000 6.10000
vt -9.15000 11.35000
vt -8.85000 11.35000
vt -8.85000 11.65000
vt -9.15000 11.65000
vt -9.15000 -11.65000
vt -8.85000 -11.65000
vt -8.85000 -11.35000
vt -9.15000 -11.35000
vt -9.15000 4.80000
vt -8.85000 4.80000
vt -8.85000 6.10000
vt -9.15000 6.10000
vt 8.85000 4.80000
vt 9.15000 4.80000
vt 9.15000 6.10000
vt 8.85000 6.10000
vt 11.35000 4.80000
vt 11.65000 4.80000
vt 11.65000 6.10000
vt 11.35000 6.10000
vt -11.65000 4.80000
vt -11.35000 4.80000
vt -11.35000 6.10000
vt -11.65000 6.10000
vt 2.85000 11.35000
vt 3.15000 11.35000
vt 3.15000 11.65000
vt 2.85000 11.65000
vt 2.85000 -11.65000
vt 3.15000 -11.65000
vt 3.15000 -11.35000
vt 2.85000 -11.35000
vt 2.85000 4.80000
vt 3.15000 4.80000
vt 3.15000 6.10000
vt 2.85000 6.10000
vt -3.15000 4.80000
vt -2.85000 4.80000
vt -2.85000 6.10000
vt -3.15000 6.10000
vt 11.35000 4.80000
vt 11.65000 4.80000
vt 11.65000 6.10000
vt 11.35000 6.10000
vt -11.65000 4.80000
vt -11.35000 4.80000
vt -11.35000 6.10000
vt -11.65000 6.10000
vt 14.85000 11.35000
vt 15.15000 11.35000
vt 15.15000 11.65000
vt 14.85000 11.65000
vt 14.85000 -11.65000
vt 15.15000 -11.65000
vt 15.15000 -11.35000
vt 14.85000 -11.35000
vt 14.85000 4.80000
vt 15.15000 4.80000
vt 15.15000 6.10000
vt 14.85000 6.10000
vt -15.15000 4.80000
vt -14.85000 4.80000
vt -14.85000 6.10000
vt -15.15000 6.10000
vt 11.35000 4.80000
vt 11.65000 4.80000
vt 11.65000 6.10000
vt 11.35000 6.10000
vt -11.65000 4.80000
vt -11.35000 4.80000
vt -11.35000 6.10000
vt -11.65000 6.10000
vt 26.85000 11.35000
vt 27.15000 11.35000
vt 27.15000 11.65000
vt 26.85000 11.65000
vt 26.85000 -11.65000
vt 27.15000 -11.65000
vt 27.15000 -11.35000
vt 26.85000 -11.35000
vt 26.85000 4.80000
vt 27.15000 4.80000
vt 27.15000 6.10000
vt 26.85000 6.10000
vt -27.15000 4.80000
vt -26.85000 4.80000
vt -26.85000 6.10000
vt -27.15000 6.10000
vt 11.35000 4.80000
vt 11.65000 4.80000
vt 11.65000 6.10000
vt 11.35000 6.10000
vt -11.65000 4.80000
vt -11.35000 4.80000
vt -11.35000 6.10000
vt -11.65000 6.10000
vt 38.85000 11.35000
vt 39.15000 11.35000
vt 39.15000 11.65000
vt 38.85000 11.65000
vt 38.85000 -11.65000
vt 39.15000 -11.65000
vt 39.15000 -11.35000
vt 38.85000 -11.35000
vt 38.85000 4.80000
vt 39.15000 4.80000
vt 39.15000 6.10000
vt 38.85000 6.10000
vt -39.15000 4.80000
vt -38.85000 4.80000
vt -38.85000 6.10000
vt -39.15000 6.10000
vt 11.35000 4.80000
vt 11.65000 4.80000
vt 11.65000 6.10000
vt 11.35000 6.10000
vt -11.65000 4.80000
vt -11.35000 4.80000
vt -11.35000 6.10000
vt -11.65000 6.10000
vt 50.85000 11.35000
vt 51.15000 11.35000
vt 51.15000 11.65000
vt 50.85000 11.65000
vt 50.85000 -11.65000
vt 51.15000 -11.65000
vt 51.15000 -11.35000
vt 50.85000 -11.35000
vt 50.85000 4.80000
vt 51.15000 4.80000
vt 51.15000 6.10000
vt 50.85000 6.10000
vt -51.15000 4.80000
vt -50.85000 4.80000
vt -50.85000 6.10000
vt -51.15000 6.10000
vn 0.00000 -0.00000 1.00000
vn 0.00000 -0.00000 1.00000
vn 0.00000 -0.15643 0.98769
vn 0.00000 -0.15643 0.98769
vn 0.00000 -0.15643 0.98769
vn 0.00000 -0.15643 0.98769
vn 0.00000 -0.30902 0.95106
vn 0.00000 -0.30902 0.95106
vn 0.00000 -0.30902 0.95106
vn 0.00000 -0.30902 0.95106
vn 0.00000 -0.45399 0.89101
vn 0.00000 -0.45399 0.89101
vn 0.00000 -0.45399 0.89101
vn 0.00000 -0.45399 0.89101
vn 0.00000 -0.58779 0.80902
vn 0.00000 -0.58779 0.80902
vn 0.00000 -0.58779 0.80902
vn 0.00000 -0.58779 0.80902
vn 0.00000 -0.70711 0.70711
vn 0.00000 -0.70711 0.70711
vn 0.00000 -0.70711 0.70711
vn 0.00000 -0.70711 0.70711
vn 0.00000 -0.80902 0.58779
vn 0.00000 -0.80902 0.58779
vn 0.00000 -0.80902 0.58779
vn 0.00000 -0.80902 0.58779
vn 0.00000 -0.89101 0.45399
vn 0.00000 -0.89101 0.45399
vn 0.00000 -0.89101 0.45399
vn 0.00000 -0.89101 0.45399
vn 0.00000 -0.95106 0.30902
vn 0.00000 -0.95106 0.30902
vn 0.00000 -0.95106 0.30902
vn 0.00000 -0.95106 0.30902
vn 0.00000 -0.98769 0.15643
vn 0.00000 -0.98769 0.15643
vn 0.00000 -0.98769 0.15643
vn 0.00000 -0.98769 0.15643
vn 0.00000 -1.00000 0.00000
vn 0.00000 -1.00000 0.00000
vn 0.00000 -1.00000 0.00000
vn 0.00000 -1.00000 0.00000
vn 0.00000 -0.98769 -0.15643
vn 0.00000 -0.98769 -0.15643
vn 0.00000 -0.98769 -0.15643
vn 0.00000 -0.98769 -0.15643
vn 0.00000 -0.95106 -0.30902
vn 0.00000 -0.95106 -0.30902
vn 0.00000 -0.95106 -0.30902
vn 0.00000 -0.95106 -0.30902
vn 0.00000 -0.89101 -0.45399
vn 0.00000 -0.89101 -0.45399
vn 0.00000 -0.89101 -0.45399
vn 0.00000 -0.89101 -0.45399
vn 0.00000 -0.80902 -0.58779
vn 0.00000 -0.80902 -0.58779
vn 0.00000 -0.80902 -0.58779
vn 0.00000 -0.80902 -0.58779
vn 0.00000 -0.70711 -0.70711
vn 0.00000 -0.70711 -0.70711
vn 0.00000 -0.70711 -0.70711
vn 0.00000 -0.70711 -0.70711
vn 0.00000 -0.58779 -0.80902
vn 0.00000 -0.58779 -0.80902
vn 0.00000 -0.58779 -0.80902
vn 0.00000 -0.58779 -0.80902
vn 0.00000 -0.45399 -0.89101
vn 0.00000 -0.45399 -0.89101
vn 0.00000 -0.45399 -0.89101
vn 0.00000 -0.45399 -0.89101
vn 0.00000 -0.30902 -0.95106
vn 0.00000 -0.30902 -0.95106
vn 0.00000 -0.30902 -0.95106
vn 0.00000 -0.30902 -0.95106
vn 0.00000 -0.15643 -0.98769
vn 0.00000 -0.15643 -0.98769
vn 0.00000 -0.15643 -0.98769
vn 0.00000 -0.15643 -0.98769
vn 0.00000 -0.00000 -1.00000
vn 0.00000 -0.00000 -1.00000
vn 0.00000 -0.00000 1.00000
vn 0.00000 -0.00000 1.00000
vn 0.00000 -0.15643 0.98769
vn 0.00000 -0.15643 0.98769
vn 0.00000 -0.15643 0.98769
vn 0.00000 -0.15643 0.98769
vn 0.00000 -0.30902 0.95106
vn 0.00000 -0.30902 0.95106
vn 0.00000 -0.30902 0.95106
vn 0.00000 -0.30902 0.95106
vn 0.00000 -0.45399 0.89101
vn 0.00000 -0.45399 0.89101
vn 0.00000 -0.45399 0.89101
vn 0.00000 -0.45399 0.89101
vn 0.00000 -0.58779 0.80902
vn 0.00000 -0.58779 0.80902
vn 0.00000 -0.58779 0.80902
vn 0.00000 -0.58779 0.80902
vn 0.00000 -0.70711 0.70711
vn 0.00000 -0.70711 0.70711
vn 0.00000 -0.70711 0.70711
vn 0.00000 -0.70711 0.70711
vn 0.00000 -0.80902 0.58779
vn 0.00000 -0.80902 0.58779
vn 0.00000 -0.80902 0.58779
vn 0.00000 -0.80902 0.58779
vn 0.00000 -0.89101 0.45399
vn 0.00000 -0.89101 0.45399
vn 0.00000 -0.89101 0.45399
vn 0.00000 -0.89101 0.45399
vn 0.00000 -0.95106 0.30902
vn 0.00000 -0.95106 0.30902
vn 0.00000 -0.95106 0.30902
vn 0.00000 -0.95106 0.30902
vn 0.00000 -0.98769 0.15643
vn 0.00000 -0.98769 0.15643
vn 0.00000 -0.98769 0.15643
vn 0.00000 -0.98769 0.15643
vn 0.00000 -1.00000 0.00000
vn 0.00000 -1.00000 0.00000
vn 0.00000 -1.00000 0.00000
vn 0.00000 -1.00000 0.00000
vn 0.00000 -0.98769 -0.15643
vn 0.00000 -0.98769 -0.15643
vn 0.00000 -0.98769 -0.15643
vn 0.00000 -0.98769 -0.15643
vn 0.00000 -0.95106 -0.30902
vn 0.00000 -0.95106 -0.30902
vn 0.00000 -0.95106 -0.30902
vn 0.00000 -0.95106 -0.30902
vn 0.00000 -0.89101 -0.45399
vn 0.00000 -0.89101 -0.45399
vn 0.00000 -0.89101 -0.45399
vn 0.00000 -0.89101 -0.45399
vn 0.00000 -0.80902 -0.58779
vn 0.00000 -0.80902 -0.58779
vn 0.00000 -0.80902 -0.58779
vn 0.00000 -0.80902 -0.58779
vn 0.00000 -0.70711 -0.70711
vn 0.00000 -0.70711 -0.70711
vn 0.00000 -0.70711 -0.70711
vn 0.00000 -0.70711 -0.70711
vn 0.00000 -0.58779 -0.80902
vn 0.00000 -0.58779 -0.80902
vn 0.00000 -0.58779 -0.80902
vn 0.00000 -0.58779 -0.80902
vn 0.00000 -0.45399 -0.89101
vn 0.00000 -0.45399 -0.89101
vn 0.00000 -0.45399 -0.89101
vn 0.00000 -0.45399 -0.89101
vn 0.00000 -0.30902 -0.95106
vn 0.00000 -0.30902 -0.95106
vn 0.00000 -0.30902 -0.95106
vn 0.00000 -0.30902 -0.95106
vn 0.00000 -0.15643 -0.98769
vn 0.00000 -0.15643 -0.98769
vn 0.00000 -0.15643 -0.98769
vn 0.00000 -0.15643 -0.98769
vn 0.00000 -0.00000 -1.00000
vn 0.00000 -0.00000 -1.00000
vn 0.00000 0.00000 1.00000
vn 0.00000 0.00000 -1.00000
vn 0.00000 -0.00000 1.00000
vn 0.00000 -0.00000 1.00000
vn 0.00000 -0.15643 0.98769
vn 0.00000 -0.15643 0.98769
vn 0.00000 -0.15643 0.98769
vn 0.00000 -0.15643 0.98769
vn 0.00000 -0.30902 0.95106
vn 0.00000 -0.30902 0.95106
vn 0.00000 -0.30902 0.95106
vn 0.00000 -0.30902 0.95106
vn 0.00000 -0.45399 0.89101
vn 0.00000 -0.45399 0.89101
vn 0.00000 -0.45399 0.89101
vn 0.00000 -0.45399 0.89101
vn 0.00000 -0.58779 0.80902
vn 0.00000 -0.58779 0.80902
vn 0.00000 -0.58779 0.80902
vn 0.00000 -0.58779 0.80902
vn 0.00000 -0.70711 0.70711
vn 0.00000 -0.70711 0.70711
vn 0.00000 -0.70711 0.70711
vn 0.00000 -0.70711 0.70711
vn 0.00000 -0.80902 0.58779
vn 0.00000 -0.80902 0.58779
vn 0.00000 -0.80902 0.58779
vn 0.00000 -0.80902 0.58779
vn 0.00000 -0.89101 0.45399
vn 0.00000 -0.89101 0.45399
vn 0.00000 -0.89101 0.45399
vn 0.00000 -0.89101 0.45399
vn 0.00000 -0.95106 0.30902
vn 0.00000 -0.95106 0.30902
vn 0.00000 -0.95106 0.30902
vn 0.00000 -0.95106 0.30902
vn 0.00000 -0.98769 0.15643
vn 0.00000 -0.98769 0.15643
vn 0.00000 -0.98769 0.15643
vn 0.00000 -0.98769 0.15643
vn 0.00000 -1.00000 0.00000
vn 0.00000 -1.00000 0.00000
vn 0.00000 -1.00000 0.00000
vn 0.00000 -1.00000 0.00000
vn 0.00000 -0.98769 -0.15643
vn 0.00000 -0.98769 -0.15643
vn 0.00000 -0.98769 -0.15643
vn 0.00000 -0.98769 -0.15643
vn 0.00000 -0.95106 -0.30902
vn 0.00000 -0.95106 -0.30902
vn 0.00000 -0.95106 -0.30902
vn 0.00000 -0.95106 -0.30902
vn 0.00000 -0.89101 -0.45399
vn 0.00000 -0.89101 -0.45399
vn 0.00000 -0.89101 -0.45399
vn 0.00000 -0.89101 -0.45399
vn 0.00000 -0.80902 -0.58779
vn 0.00000 -0.80902 -0.58779
vn 0.00000 -0.80902 -0.58779
vn 0.00000 -0.80902 -0.58779
vn 0.00000 -0.70711 -0.70711
vn 0.00000 -0.70711 -0.70711
vn 0.00000 -0.70711 -0.70711
vn 0.00000 -0.70711 -0.70711
vn 0.00000 -0.58779 -0.80902
vn 0.00000 -0.58779 -0.80902
vn 0.00000 -0.58779 -0.80902
vn 0.00000 -0.58779 -0.80902
vn 0.00000 -0.45399 -0.89101
vn 0.00000 -0.45399 -0.89101
vn 0.00000 -0.45399 -0.89101
vn 0.00000 -0.45399 -0.89101
vn 0.00000 -0.30902 -0.95106
vn 0.00000 -0.30902 -0.95106
vn 0.00000 -0.30902 -0.95106
vn 0.00000 -0.30902 -0.95106
vn 0.00000 -0.15643 -0.98769
vn 0.00000 -0.15643 -0.98769
vn 0.00000 -0.15643 -0.98769
vn 0.00000 -0.15643 -0.98769
vn 0.00000 -0.00000 -1.00000
vn 0.00000 -0.00000 -1.00000
vn 0.00000 -0.00000 1.00000
vn 0.00000 -0.00000 1.00000
vn 0.00000 -0.15643 0.98769
vn 0.00000 -0.15643 0.98769
vn 0.00000 -0.15643 0.98769
vn 0.00000 -0.15643 0.98769
vn 0.00000 -0.30902 0.95106
vn 0.00000 -0.30902 0.95106
vn 0.00000 -0.30902 0.95106
vn 0.00000 -0.30902 0.95106
vn 0.00000 -0.45399 0.89101
vn 0.00000 -0.45399 0.89101
vn 0.00000 -0.45399 0.89101
vn 0.00000 -0.45399 0.89101
vn 0.00000 -0.58779 0.80902
vn 0.00000 -0.58779 0.80902
vn 0.00000 -0.58779 0.80902
vn 0.00000 -0.58779 0.80902
vn 0.00000 -0.70711 0.70711
vn 0.00000 -0.70711 0.70711
vn 0.00000 -0.70711 0.70711
vn 0.00000 -0.70711 0.70711
vn 0.00000 -0.80902 0.58779
vn 0.00000 -0.80902 0.58779
vn 0.00000 -0.80902 0.58779
vn 0.00000 -0.80902 0.58779
vn 0.00000 -0.89101 0.45399
vn 0.00000 -0.89101 0.45399
vn 0.00000 -0.89101 0.45399
vn 0.00000 -0.89101 0.45399
vn 0.00000 -0.95106 0.30902
vn 0.00000 -0.95106 0.30902
vn 0.00000 -0.95106 0.30902
vn 0.00000 -0.95106 0.30902
vn 0.00000 -0.98769 0.15643
vn 0.00000 -0.98769 0.15643
vn 0.00000 -0.98769 0.15643
vn 0.00000 -0.98769 0.15643
vn 0.00000 -1.00000 0.00000
vn 0.00000 -1.00000 0.00000
vn 0.00000 -1.00000 0.00000
vn 0.00000 -1.00000 0.00000
vn 0.00000 -0.98769 -0.15643
vn 0.00000 -0.98769 -0.15643
vn 0.00000 -0.98769 -0.15643
vn 0.00000 -0.98769 -0.15643
vn 0.00000 -0.95106 -0.30902
vn 0.00000 -0.95106 -0.30902
vn 0.00000 -0.95106 -0.30902
vn 0.00000 -0.95106 -0.30902
vn 0.00000 -0.89101 -0.45399
vn 0.00000 -0.89101 -0.45399
vn 0.00000 -0.89101 -0.45399
vn 0.00000 -0.89101 -0.45399
vn 0.00000 -0.80902 -0.58779
vn 0.00000 -0.80902 -0.58779
vn 0.00000 -0.80902 -0.58779
vn 0.00000 -0.80902 -0.58779
vn 0.00000 -0.70711 -0.70711
vn 0.00000 -0.70711 -0.70711
vn 0.00000 -0.70711 -0.70711
vn 0.00000 -0.70711 -0.70711
vn 0.00000 -0.58779 -0.80902
vn 0.00000 -0.58779 -0.80902
vn 0.00000 -0.58779 -0.80902
vn 0.00000 -0.58779 -0.80902
vn 0.00000 -0.45399 -0.89101
vn 0.00000 -0.45399 -0.89101
vn 0.00000 -0.45399 -0.89101
vn 0.00000 -0.45399 -0.89101
vn 0.00000 -0.30902 -0.95106
vn 0.00000 -0.30902 -0.95106
vn 0.00000 -0.30902 -0.95106
vn 0.00000 -0.30902 -0.95106
vn 0.00000 -0.15643 -0.98769
vn 0.00000 -0.15643 -0.98769
vn 0.00000 -0.15643 -0.98769
vn 0.00000 -0.15643 -0.98769
vn 0.00000 -0.00000 -1.00000
vn 0.00000 -0.00000 -1.00000
vn 0.00000 0.00000 1.00000
vn 0.00000 0.00000 -1.00000
vn 0.00000 -0.00000 1.00000
vn 0.00000 -0.00000 1.00000
vn 0.00000 -0.15643 0.98769
vn 0.00000 -0.15643 0.98769
vn 0.00000 -0.15643 0.98769
vn 0.00000 -0.15643 0.98769
vn 0.00000 -0.30902 0.95106
vn 0.00000 -0.30902 0.95106
vn 0.00000 -0.30902 0.95106
vn 0.00000 -0.30902 0.95106
vn 0.00000 -0.45399 0.89101
vn 0.00000 -0.45399 0.89101
vn 0.00000 -0.45399 0.89101
vn 0.00000 -0.45399 0.89101
vn 0.00000 -0.58779 0.80902
vn 0.00000 -0.58779 0.80902
vn 0.00000 -0.58779 0.80902
vn 0.00000 -0.58779 0.80902
vn 0.00000 -0.70711 0.70711
vn 0.00000 -0.70711 0.70711
vn 0.00000 -0.70711 0.70711
vn 0.00000 -0.70711 0.70711
vn 0.00000 -0.80902 0.58779
vn 0.00000 -0.80902 0.58779
vn 0.00000 -0.80902 0.58779
vn 0.00000 -0.80902 0.58779
vn 0.00000 -0.89101 0.45399
vn 0.00000 -0.89101 0.45399
vn 0.00000 -0.89101 0.45399
vn 0.00000 -0.89101 0.45399
vn 0.00000 -0.95106 0.30902
vn 0.00000 -0.95106 0.30902
vn 0.00000 -0.95106 0.30902
vn 0.00000 -0.95106 0.30902
vn 0.00000 -0.98769 0.15643
vn 0.00000 -0.98769 0.15643
vn 0.00000 -0.98769 0.15643
vn 0.00000 -0.98769 0.15643
vn 0.00000 -1.00000 0.00000
vn 0.00000 -1.00000 0.00000
vn 0.00000 -1.00000 0.00000
vn 0.00000 -1.00000 0.00000
vn 0.00000 -0.98769 -0.15643
vn 0.00000 -0.98769 -0.15643
vn 0.00000 -0.98769 -0.15643
vn 0.00000 -0.98769 -0.15643
vn 0.00000 -0.95106 -0.30902
vn 0.00000 -0.95106 -0.30902
vn 0.00000 -0.95106 -0.30902
vn 0.00000 -0.95106 -0.30902
vn 0.00000 -0.89101 -0.45399
vn 0.00000 -0.89101 -0.45399
vn 0.00000 -0.89101 -0.45399
vn 0.00000 -0.89101 -0.45399
vn 0.00000 -0.80902 -0.58779
vn 0.00000 -0.80902 -0.58779
vn 0.00000 -0.80902 -0.58779
vn 0.00000 -0.80902 -0.58779
vn 0.00000 -0.70711 -0.70711
vn 0.00000 -0.70711 -0.70711
vn 0.00000 -0.70711 -0.70711
vn 0.00000 -0.70711 -0.70711
vn 0.00000 -0.58779 -0.80902
vn 0.00000 -0.58779 -0.80902
vn 0.00000 -0.58779 -0.80902
vn 0.00000 -0.58779 -0.80902
vn 0.00000 -0.45399 -0.89101
vn 0.00000 -0.45399 -0.89101
vn 0.00000 -0.45399 -0.89101
vn 0.00000 -0.45399 -0.89101
vn 0.00000 -0.30902 -0.95106
vn 0.00000 -0.30902 -0.95106
vn 0.00000 -0.30902 -0.95106
vn 0.00000 -0.30902 -0.95106
vn 0.00000 -0.15643 -0.98769
vn 0.00000 -0.15643 -0.98769
vn 0.00000 -0.15643 -0.98769
vn 0.00000 -0.15643 -0.98769
vn 0.00000 -0.00000 -1.00000
vn 0.00000 -0.00000 -1.00000
vn 0.00000 -0.00000 1.00000
vn 0.00000 -0.00000 1.00000
vn 0.00000 -0.15643 0.98769
vn 0.00000 -0.15643 0.98769
vn 0.00000 -0.15643 0.98769
vn 0.00000 -0.15643 0.98769
vn 0.00000 -0.30902 0.95106
vn 0.00000 -0.30902 0.95106
vn 0.00000 -0.30902 0.95106
vn 0.00000 -0.30902 0.95106
vn 0.00000 -0.45399 0.89101
vn 0.00000 -0.45399 0.89101
vn 0.00000 -0.45399 0.89101
vn 0.00000 -0.45399 0.89101
vn 0.00000 -0.58779 0.80902
vn 0.00000 -0.58779 0.80902
vn 0.00000 -0.58779 0.80902
vn 0.00000 -0.58779 0.80902
vn 0.00000 -0.70711 0.70711
vn 0.00000 -0.70711 0.70711
vn 0.00000 -0.70711 0.70711
vn 0.00000 -0.70711 0.70711
vn 0.00000 -0.80902 0.58779
vn 0.00000 -0.80902 0.58779
vn 0.00000 -0.80902 0.58779
vn 0.00000 -0.80902 0.58779
vn 0.00000 -0.89101 0.45399
vn 0.00000 -0.89101 0.45399
vn 0.00000 -0.89101 0.45399
vn 0.00000 -0.89101 0.45399
vn 0.00000 -0.95106 0.30902
vn 0.00000 -0.95106 0.30902
vn 0.00000 -0.95106 0.30902
vn 0.00000 -0.95106 0.30902
vn 0.00000 -0.98769 0.15643
vn 0.00000 -0.98769 0.15643
vn 0.00000 -0.98769 0.15643
vn 0.00000 -0.98769 0.15643
vn 0.00000 -1.00000 0.00000
vn 0.00000 -1.00000 0.00000
vn 0.00000 -1.00000 0.00000
vn 0.00000 -1.00000 0.00000
vn 0.00000 -0.98769 -0.15643
vn 0.00000 -0.98769 -0.15643
vn 0.00000 -0.98769 -0.15643
vn 0.00000 -0.98769 -0.15643
vn 0.00000 -0.95106 -0.30902
vn 0.00000 -0.95106 -0.30902
vn 0.00000 -0.95106 -0.30902
vn 0.00000 -0.95106 -0.30902
vn 0.00000 -0.89101 -0.45399
vn 0.00000 -0.89101 -0.45399
vn 0.00000 -0.89101 -0.45399
vn 0.00000 -0.89101 -0.45399
vn 0.00000 -0.80902 -0.58779
vn 0.00000 -0.80902 -0.58779
vn 0.00000 -0.80902 -0.58779
vn 0.00000 -0.80902 -0.58779
vn 0.00000 -0.70711 -0.70711
vn 0.00000 -0.70711 -0.70711
vn 0.00000 -0.70711 -0.70711
vn 0.00000 -0.70711 -0.70711
vn 0.00000 -0.58779 -0.80902
vn 0.00000 -0.58779 -0.80902
vn 0.00000 -0.58779 -0.80902
vn 0.00000 -0.58779 -0.80902
vn 0.00000 -0.45399 -0.89101
vn 0.00000 -0.45399 -0.89101
vn 0.00000 -0.45399 -0.89101
vn 0.00000 -0.45399 -0.89101
vn 0.00000 -0.30902 -0.95106
vn 0.00000 -0.30902 -0.95106
vn 0.00000 -0.30902 -0.95106
vn 0.00000 -0.30902 -0.95106
vn 0.00000 -0.15643 -0.98769
vn 0.00000 -0.15643 -0.98769
vn 0.00000 -0.15643 -0.98769
vn 0.00000 -0.15643 -0.98769
vn 0.00000 -0.00000 -1.00000
vn 0.00000 -0.00000 -1.00000
vn 0.00000 0.00000 1.00000
vn 0.00000 0.00000 -1.00000
vn 0.00000 -0.00000 1.00000
vn 0.00000 -0.00000 1.00000
vn 0.00000 -0.15643 0.98769
vn 0.00000 -0.15643 0.98769
vn 0.00000 -0.15643 0.98769
vn 0.00000 -0.15643 0.98769
vn 0.00000 -0.30902 0.95106
vn 0.00000 -0.30902 0.95106
vn 0.00000 -0.30902 0.95106
vn 0.00000 -0.30902 0.95106
vn 0.00000 -0.45399 0.89101
vn 0.00000 -0.45399 0.89101
vn 0.00000 -0.45399 0.89101
vn 0.00000 -0.45399 0.89101
vn 0.00000 -0.58779 0.80902
vn 0.00000 -0.58779 0.80902
vn 0.00000 -0.58779 0.80902
vn 0.00000 -0.58779 0.80902
vn 0.00000 -0.70711 0.70711
vn 0.00000 -0.70711 0.70711
vn 0.00000 -0.70711 0.70711
vn 0.00000 -0.70711 0.70711
vn 0.00000 -0.80902 0.58779
vn 0.00000 -0.80902 0.58779
vn 0.00000 -0.80902 0.58779
vn 0.00000 -0.80902 0.58779
vn 0.00000 -0.89101 0.45399
vn 0.00000 -0.89101 0.45399
vn 0.00000 -0.89101 0.45399
vn 0.00000 -0.89101 0.45399
vn 0.00000 -0.95106 0.30902
vn 0.00000 -0.95106 0.30902
vn 0.00000 -0.95106 0.30902
vn 0.00000 -0.95106 0.30902
vn 0.00000 -0.98769 0.15643
vn 0.00000 -0.98769 0.15643
vn 0.00000 -0.98769 0.15643
vn 0.00000 -0.98769 0.15643
vn 0.00000 -1.00000 0.00000
vn 0.00000 -1.00000 0.00000
vn 0.00000 -1.00000 0.00000
vn 0.00000 -1.00000 0.00000
vn 0.00000 -0.98769 -0.15643
vn 0.00000 -0.98769 -0.15643
vn 0.00000 -0.98769 -0.15643
vn 0.00000 -0.98769 -0.15643
vn 0.00000 -0.95106 -0.30902
vn 0.00000 -0.95106 -0.30902
vn 0.00000 -0.95106 -0.30902
vn 0.00000 -0.95106 -0.30902
vn 0.00000 -0.89101 -0.45399
vn 0.00000 -0.89101 -0.45399
vn 0.00000 -0.89101 -0.45399
vn 0.00000 -0.89101 -0.45399
vn 0.00000 -0.80902 -0.58779
vn 0.00000 -0.80902 -0.58779
vn 0.00000 -0.80902 -0.58779
vn 0.00000 -0.80902 -0.58779
vn 0.00000 -0.70711 -0.70711
vn 0.00000 -0.70711 -0.70711
vn 0.00000 -0.70711 -0.70711
vn 0.00000 -0.70711 -0.70711
vn 0.00000 -0.58779 -0.80902
vn 0.00000 -0.58779 -0.80902
vn 0.00000 -0.58779 -0.80902
vn 0.00000 -0.58779 -0.80902
vn 0.00000 -0.45399 -0.89101
vn 0.00000 -0.45399 -0.89101
vn 0.00000 -0.45399 -0.89101
vn 0.00000 -0.45399 -0.89101
vn 0.00000 -0.30902 -0.95106
vn 0.00000 -0.30902 -0.95106
vn 0.00000 -0.30902 -0.95106
vn 0.00000 -0.30902 -0.95106
vn 0.00000 -0.15643 -0.98769
vn 0.00000 -0.15643 -0.98769
vn 0.00000 -0.15643 -0.98769
vn 0.00000 -0.15643 -0.98769
vn 0.00000 -0.00000 -1.00000
vn 0.00000 -0.00000 -1.00000
vn 0.00000 -0.00000 1.00000
vn 0.00000 -0.00000 1.00000
vn 0.00000 -0.15643 0.98769
vn 0.00000 -0.15643 0.98769
vn 0.00000 -0.15643 0.98769
vn 0.00000 -0.15643 0.98769
vn 0.00000 -0.30902 0.95106
vn 0.00000 -0.30902 0.95106
vn 0.00000 -0.30902 0.95106
vn 0.00000 -0.30902 0.95106
vn 0.00000 -0.45399 0.89101
vn 0.00000 -0.45399 0.89101
vn 0.00000 -0.45399 0.89101
vn 0.00000 -0.45399 0.89101
vn 0.00000 -0.58779 0.80902
vn 0.00000 -0.58779 0.80902
vn 0.00000 -0.58779 0.80902
vn 0.00000 -0.58779 0.80902
vn 0.00000 -0.70711 0.70711
vn 0.00000 -0.70711 0.70711
vn 0.00000 -0.70711 0.70711
vn 0.00000 -0.70711 0.70711
vn 0.00000 -0.80902 0.58779
vn 0.00000 -0.80902 0.58779
vn 0.00000 -0.80902 0.58779
vn 0.00000 -0.80902 0.58779
vn 0.00000 -0.89101 0.45399
vn 0.00000 -0.89101 0.45399
vn 0.00000 -0.89101 0.45399
vn 0.00000 -0.89101 0.45399
vn 0.00000 -0.95106 0.30902
vn 0.00000 -0.95106 0.30902
vn 0.00000 -0.95106 0.30902
vn 0.00000 -0.95106 0.30902
vn 0.00000 -0.98769 0.15643
vn 0.00000 -0.98769 0.15643
vn 0.00000 -0.98769 0.15643
vn 0.00000 -0.98769 0.15643
vn 0.00000 -1.00000 0.00000
vn 0.00000 -1.00000 0.00000
vn 0.00000 -1.00000 0.00000
vn 0.00000 -1.00000 0.00000
vn 0.00000 -0.98769 -0.15643
vn 0.00000 -0.98769 -0.15643
vn 0.00000 -0.98769 -0.15643
vn 0.00000 -0.98769 -0.15643
vn 0.00000 -0.95106 -0.30902
vn 0.00000 -0.95106 -0.30902
vn 0.00000 -0.95106 -0.30902
vn 0.00000 -0.95106 -0.30902
vn 0.00000 -0.89101 -0.45399
vn 0.00000 -0.89101 -0.45399
vn 0.00000 -0.89101 -0.45399
vn 0.00000 -0.89101 -0.45399
vn 0.00000 -0.80902 -0.58779
vn 0.00000 -0.80902 -0.58779
vn 0.00000 -0.80902 -0.58779
vn 0.00000 -0.80902 -0.58779
vn 0.00000 -0.70711 -0.70711
vn 0.00000 -0.70711 -0.70711
vn 0.00000 -0.70711 -0.70711
vn 0.00000 -0.70711 -0.70711
vn 0.00000 -0.58779 -0.80902
vn 0.00000 -0.58779 -0.80902
vn 0.00000 -0.58779 -0.80902
vn 0.00000 -0.58779 -0.80902
vn 0.00000 -0.45399 -0.89101
vn 0.00000 -0.45399 -0.89101
vn 0.00000 -0.45399 -0.89101
vn 0.00000 -0.45399 -0.89101
vn 0.00000 -0.30902 -0.95106
vn 0.00000 -0.30902 -0.95106
vn 0.00000 -0.30902 -0.95106
vn 0.00000 -0.30902 -0.95106
vn 0.00000 -0.15643 -0.98769
vn 0.00000 -0.15643 -0.98769
vn 0.00000 -0.15643 -0.98769
vn 0.00000 -0.15643 -0.98769
vn 0.00000 -0.00000 -1.00000
vn 0.00000 -0.00000 -1.00000
vn 0.00000 0.00000 1.00000
vn 0.00000 0.00000 -1.00000
vn 0.00000 -0.00000 1.00000
vn 0.00000 -0.00000 1.00000
vn 0.00000 -0.15643 0.98769
vn 0.00000 -0.15643 0.98769
vn 0.00000 -0.15643 0.98769
vn 0.00000 -0.15643 0.98769
vn 0.00000 -0.30902 0.95106
vn 0.00000 -0.30902 0.95106
vn 0.00000 -0.30902 0.95106
vn 0.00000 -0.30902 0.95106
vn 0.00000 -0.45399 0.89101
vn 0.00000 -0.45399 0.89101
vn 0.00000 -0.45399 0.89101
vn 0.00000 -0.45399 0.89101
vn 0.00000 -0.58779 0.80902
vn 0.00000 -0.58779 0.80902
vn 0.00000 -0.58779 0.80902
vn 0.00000 -0.58779 0.80902
vn 0.00000 -0.70711 0.70711
vn 0.00000 -0.70711 0.70711
vn 0.00000 -0.70711 0.70711
vn 0.00000 -0.70711 0.70711
vn 0.00000 -0.80902 0.58779
vn 0.00000 -0.80902 0.58779
vn 0.00000 -0.80902 0.58779
vn 0.00000 -0.80902 0.58779
vn 0.00000 -0.89101 0.45399
vn 0.00000 -0.89101 0.45399
vn 0.00000 -0.89101 0.45399
vn 0.00000 -0.89101 0.45399
vn 0.00000 -0.95106 0.30902
vn 0.00000 -0.95106 0.30902
vn 0.00000 -0.95106 0.30902
vn 0.00000 -0.95106 0.30902
vn 0.00000 -0.98769 0.15643
vn 0.00000 -0.98769 0.15643
vn 0.00000 -0.98769 0.15643
vn 0.00000 -0.98769 0.15643
vn 0.00000 -1.00000 0.00000
vn 0.00000 -1.00000 0.00000
vn 0.00000 -1.00000 0.00000
vn 0.00000 -1.00000 0.00000
vn 0.00000 -0.98769 -0.15643
vn 0.00000 -0.98769 -0.15643
vn 0.00000 -0.98769 -0.15643
vn 0.00000 -0.98769 -0.15643
vn 0.00000 -0.95106 -0.30902
vn 0.00000 -0.95106 -0.30902
vn 0.00000 -0.95106 -0.30902
vn 0.00000 -0.95106 -0.30902
vn 0.00000 -0.89101 -0.45399
vn 0.00000 -0.89101 -0.45399
vn 0.00000 -0.89101 -0.45399
vn 0.00000 -0.89101 -0.45399
vn 0.00000 -0.80902 -0.58779
vn 0.00000 -0.80902 -0.58779
vn 0.00000 -0.80902 -0.58779
vn 0.00000 -0.80902 -0.58779
vn 0.00000 -0.70711 -0.70711
vn 0.00000 -0.70711 -0.70711
vn 0.00000 -0.70711 -0.70711
vn 0.00000 -0.70711 -0.70711
vn 0.00000 -0.58779 -0.80902
vn 0.00000 -0.58779 -0.80902
vn 0.00000 -0.58779 -0.80902
vn 0.00000 -0.58779 -0.80902
vn 0.00000 -0.45399 -0.89101
vn 0.00000 -0.45399 -0.89101
vn 0.00000 -0.45399 -0.89101
vn 0.00000 -0.45399 -0.89101
vn 0.00000 -0.30902 -0.95106
vn 0.00000 -0.30902 -0.95106
vn 0.00000 -0.30902 -0.95106
vn 0.00000 -0.30902 -0.95106
vn 0.00000 -0.15643 -0.98769
vn 0.00000 -0.15643 -0.98769
vn 0.00000 -0.15643 -0.98769
vn 0.00000 -0.15643 -0.98769
vn 0.00000 -0.00000 -1.00000
vn 0.00000 -0.00000 -1.00000
vn 0.00000 -0.00000 1.00000
vn 0.00000 -0.00000 1.00000
vn 0.00000 -0.15643 0.98769
vn 0.00000 -0.15643 0.98769
vn 0.00000 -0.15643 0.98769
vn 0.00000 -0.15643 0.98769
vn 0.00000 -0.30902 0.95106
vn 0.00000 -0.30902 0.95106
vn 0.00000 -0.30902 0.95106
vn 0.00000 -0.30902 0.95106
vn 0.00000 -0.45399 0.89101
vn 0.00000 -0.45399 0.89101
vn 0.00000 -0.45399 0.89101
vn 0.00000 -0.45399 0.89101
vn 0.00000 -0.58779 0.80902
vn 0.00000 -0.58779 0.80902
vn 0.00000 -0.58779 0.80902
vn 0.00000 -0.58779 0.80902
vn 0.00000 -0.70711 0.70711
vn 0.00000 -0.70711 0.70711
vn 0.00000 -0.70711 0.70711
vn 0.00000 -0.70711 0.70711
vn 0.00000 -0.80902 0.58779
vn 0.00000 -0.80902 0.58779
vn 0.00000 -0.80902 0.58779
vn 0.00000 -0.80902 0.58779
vn 0.00000 -0.89101 0.45399
vn 0.00000 -0.89101 0.45399
vn 0.00000 -0.89101 0.45399
vn 0.00000 -0.89101 0.45399
vn 0.00000 -0.95106 0.30902
vn 0.00000 -0.95106 0.30902
vn 0.00000 -0.95106 0.30902
vn 0.00000 -0.95106 0.30902
vn 0.00000 -0.98769 0.15643
vn 0.00000 -0.98769 0.15643
vn 0.00000 -0.98769 0.15643
vn 0.00000 -0.98769 0.15643
vn 0.00000 -1.00000 0.00000
vn 0.00000 -1.00000 0.00000
vn 0.00000 -1.00000 0.00000
vn 0.00000 -1.00000 0.00000
vn 0.00000 -0.98769 -0.15643
vn 0.00000 -0.98769 -0.15643
vn 0.00000 -0.98769 -0.15643
vn 0.00000 -0.98769 -0.15643
vn 0.00000 -0.95106 -0.30902
vn 0.00000 -0.95106 -0.30902
vn 0.00000 -0.95106 -0.30902
vn 0.00000 -0.95106 -0.30902
vn 0.00000 -0.89101 -0.45399
vn 0.00000 -0.89101 -0.45399
vn 0.00000 -0.89101 -0.45399
vn 0.00000 -0.89101 -0.45399
vn 0.00000 -0.80902 -0.58779
vn 0.00000 -0.80902 -0.58779
vn 0.00000 -0.80902 -0.58779
vn 0.00000 -0.80902 -0.58779
vn 0.00000 -0.70711 -0.70711
vn 0.00000 -0.70711 -0.70711
vn 0.00000 -0.70711 -0.70711
vn 0.00000 -0.70711 -0.70711
vn 0.00000 -0.58779 -0.80902
vn 0.00000 -0.58779 -0.80902
vn 0.00000 -0.58779 -0.80902
vn 0.00000 -0.58779 -0.80902
vn 0.00000 -0.45399 -0.89101
vn 0.00000 -0.45399 -0.89101
vn 0.00000 -0.45399 -0.89101
vn 0.00000 -0.45399 -0.89101
vn 0.00000 -0.30902 -0.95106
vn 0.00000 -0.30902 -0.95106
vn 0.00000 -0.30902 -0.95106
vn 0.00000 -0.30902 -0.95106
vn 0.00000 -0.15643 -0.98769
vn 0.00000 -0.15643 -0.98769
vn 0.00000 -0.15643 -0.98769
vn 0.00000 -0.15643 -0.98769
vn 0.00000 -0.00000 -1.00000
vn 0.00000 -0.00000 -1.00000
vn 0.00000 0.00000 1.00000
vn 0.00000 0.00000 -1.00000
vn 0.00000 -0.00000 1.00000
vn 0.00000 -0.00000 1.00000
vn 0.00000 -0.15643 0.98769
vn 0.00000 -0.15643 0.98769
vn 0.00000 -0.15643 0.98769
vn 0.00000 -0.15643 0.98769
vn 0.00000 -0.30902 0.95106
vn 0.00000 -0.30902 0.95106
vn 0.00000 -0.30902 0.95106
vn 0.00000 -0.30902 0.95106
vn 0.00000 -0.45399 0.89101
vn 0.00000 -0.45399 0.89101
vn 0.00000 -0.45399 0.89101
vn 0.00000 -0.45399 0.89101
vn 0.00000 -0.58779 0.80902
vn 0.00000 -0.58779 0.80902
vn 0.00000 -0.58779 0.80902
vn 0.00000 -0.58779 0.80902
vn 0.00000 -0.70711 0.70711
vn 0.00000 -0.70711 0.70711
vn 0.00000 -0.70711 0.70711
vn 0.00000 -0.70711 0.70711
vn 0.00000 -0.80902 0.58779
vn 0.00000 -0.80902 0.58779
vn 0.00000 -0.80902 0.58779
vn 0.00000 -0.80902 0.58779
vn 0.00000 -0.89101 0.45399
vn 0.00000 -0.89101 0.45399
vn 0.00000 -0.89101 0.45399
vn 0.00000 -0.89101 0.45399
vn 0.00000 -0.95106 0.30902
vn 0.00000 -0.95106 0.30902
vn 0.00000 -0.95106 0.30902
vn 0.00000 -0.95106 0.30902
vn 0.00000 -0.98769 0.15643
vn 0.00000 -0.98769 0.15643
vn 0.00000 -0.98769 0.15643
vn 0.00000 -0.98769 0.15643
vn 0.00000 -1.00000 0.00000
vn 0.00000 -1.00000 0.00000
vn 0.00000 -1.00000 0.00000
vn 0.00000 -1.00000 0.00000
vn 0.00000 -0.98769 -0.15643
vn 0.00000 -0.98769 -0.15643
vn 0.00000 -0.98769 -0.15643
vn 0.00000 -0.98769 -0.15643
vn 0.00000 -0.95106 -0.30902
vn 0.00000 -0.95106 -0.30902
vn 0.00000 -0.95106 -0.30902
vn 0.00000 -0.95106 -0.30902
vn 0.00000 -0.89101 -0.45399
vn 0.00000 -0.89101 -0.45399
vn 0.00000 -0.89101 -0.45399
vn 0.00000 -0.89101 -0.45399
vn 0.00000 -0.80902 -0.58779
vn 0.00000 -0.80902 -0.58779
vn 0.00000 -0.80902 -0.58779
vn 0.00000 -0.80902 -0.58779
vn 0.00000 -0.70711 -0.70711
vn 0.00000 -0.70711 -0.70711
vn 0.00000 -0.70711 -0.70711
vn 0.00000 -0.70711 -0.70711
vn 0.00000 -0.58779 -0.80902
vn 0.00000 -0.58779 -0.80902
vn 0.00000 -0.58779 -0.80902
vn 0.00000 -0.58779 -0.80902
vn 0.00000 -0.45399 -0.89101
vn 0.00000 -0.45399 -0.89101
vn 0.00000 -0.45399 -0.89101
vn 0.00000 -0.45399 -0.89101
vn 0.00000 -0.30902 -0.95106
vn 0.00000 -0.30902 -0.95106
vn 0.00000 -0.30902 -0.95106
vn 0.00000 -0.30902 -0.95106
vn 0.00000 -0.15643 -0.98769
vn 0.00000 -0.15643 -0.98769
vn 0.00000 -0.15643 -0.98769
vn 0.00000 -0.15643 -0.98769
vn 0.00000 -0.00000 -1.00000
vn 0.00000 -0.00000 -1.00000
vn 0.00000 -0.00000 1.00000
vn 0.00000 -0.00000 1.00000
vn 0.00000 -0.15643 0.98769
vn 0.00000 -0.15643 0.98769
vn 0.00000 -0.15643 0.98769
vn 0.00000 -0.15643 0.98769
vn 0.00000 -0.30902 0.95106
vn 0.00000 -0.30902 0.95106
vn 0.00000 -0.30902 0.95106
vn 0.00000 -0.30902 0.95106
vn 0.00000 -0.45399 0.89101
vn 0.00000 -0.45399 0.89101
vn 0.00000 -0.45399 0.89101
vn 0.00000 -0.45399 0.89101
vn 0.00000 -0.58779 0.80902
vn 0.00000 -0.58779 0.80902
vn 0.00000 -0.58779 0.80902
vn 0.00000 -0.58779 0.80902
vn 0.00000 -0.70711 0.70711
vn 0.00000 -0.70711 0.70711
vn 0.00000 -0.70711 0.70711
vn 0.00000 -0.70711 0.70711
vn 0.00000 -0.80902 0.58779
vn 0.00000 -0.80902 0.58779
vn 0.00000 -0.80902 0.58779
vn 0.00000 -0.80902 0.58779
vn 0.00000 -0.89101 0.45399
vn 0.00000 -0.89101 0.45399
vn 0.00000 -0.89101 0.45399
vn 0.00000 -0.89101 0.45399
vn 0.00000 -0.95106 0.30902
vn 0.00000 -0.95106 0.30902
vn 0.00000 -0.95106 0.30902
vn 0.00000 -0.95106 0.30902
vn 0.00000 -0.98769 0.15643
vn 0.00000 -0.98769 0.15643
vn 0.00000 -0.98769 0.15643
vn 0.00000 -0.98769 0.15643
vn 0.00000 -1.00000 0.00000
vn 0.00000 -1.00000 0.00000
vn 0.00000 -1.00000 0.00000
vn 0.00000 -1.00000 0.00000
vn 0.00000 -0.98769 -0.15643
vn 0.00000 -0.98769 -0.15643
vn 0.00000 -0.98769 -0.15643
vn 0.00000 -0.98769 -0.15643
vn 0.00000 -0.95106 -0.30902
vn 0.00000 -0.95106 -0.30902
vn 0.00000 -0.95106 -0.30902
vn 0.00000 -0.95106 -0.30902
vn 0.00000 -0.89101 -0.45399
vn 0.00000 -0.89101 -0.45399
vn 0.00000 -0.89101 -0.45399
vn 0.00000 -0.89101 -0.45399
vn 0.00000 -0.80902 -0.58779
vn 0.00000 -0.80902 -0.58779
vn 0.00000 -0.80902 -0.58779
vn 0.00000 -0.80902 -0.58779
vn 0.00000 -0.70711 -0.70711
vn 0.00000 -0.70711 -0.70711
vn 0.00000 -0.70711 -0.70711
vn 0.00000 -0.70711 -0.70711
vn 0.00000 -0.58779 -0.80902
vn 0.00000 -0.58779 -0.80902
vn 0.00000 -0.58779 -0.80902
vn 0.00000 -0.58779 -0.80902
vn 0.00000 -0.45399 -0.89101
vn 0.00000 -0.45399 -0.89101
vn 0.00000 -0.45399 -0.89101
vn 0.00000 -0.45399 -0.89101
vn 0.00000 -0.30902 -0.95106
vn 0.00000 -0.30902 -0.95106
vn 0.00000 -0.30902 -0.95106
vn 0.00000 -0.30902 -0.95106
vn 0.00000 -0.15643 -0.98769
vn 0.00000 -0.15643 -0.98769
vn 0.00000 -0.15643 -0.98769
vn 0.00000 -0.15643 -0.98769
vn 0.00000 -0.00000 -1.00000
vn 0.00000 -0.00000 -1.00000
vn 0.00000 0.00000 1.00000
vn 0.00000 0.00000 -1.00000
vn 0.00000 -0.00000 1.00000
vn 0.00000 -0.00000 1.00000
vn 0.00000 -0.15643 0.98769
vn 0.00000 -0.15643 0.98769
vn 0.00000 -0.15643 0.98769
vn 0.00000 -0.15643 0.98769
vn 0.00000 -0.30902 0.95106
vn 0.00000 -0.30902 0.95106
vn 0.00000 -0.30902 0.95106
vn 0.00000 -0.30902 0.95106
vn 0.00000 -0.45399 0.89101
vn 0.00000 -0.45399 0.89101
vn 0.00000 -0.45399 0.89101
vn 0.00000 -0.45399 0.89101
vn 0.00000 -0.58779 0.80902
vn 0.00000 -0.58779 0.80902
vn 0.00000 -0.58779 0.80902
vn 0.00000 -0.58779 0.80902
vn 0.00000 -0.70711 0.70711
vn 0.00000 -0.70711 0.70711
vn 0.00000 -0.70711 0.70711
vn 0.00000 -0.70711 0.70711
vn 0.00000 -0.80902 0.58779
vn 0.00000 -0.80902 0.58779
vn 0.00000 -0.80902 0.58779
vn 0.00000 -0.80902 0.58779
vn 0.00000 -0.89101 0.45399
vn 0.00000 -0.89101 0.45399
vn 0.00000 -0.89101 0.45399
vn 0.00000 -0.89101 0.45399
vn 0.00000 -0.95106 0.30902
vn 0.00000 -0.95106 0.30902
vn 0.00000 -0.95106 0.30902
vn 0.00000 -0.95106 0.30902
vn 0.00000 -0.98769 0.15643
vn 0.00000 -0.98769 0.15643
vn 0.00000 -0.98769 0.15643
vn 0.00000 -0.98769 0.15643
vn 0.00000 -1.00000 0.00000
vn 0.00000 -1.00000 0.00000
vn 0.00000 -1.00000 0.00000
vn 0.00000 -1.00000 0.00000
vn 0.00000 -0.98769 -0.15643
vn 0.00000 -0.98769 -0.15643
vn 0.00000 -0.98769 -0.15643
vn 0.00000 -0.98769 -0.15643
vn 0.00000 -0.95106 -0.30902
vn 0.00000 -0.95106 -0.30902
vn 0.00000 -0.95106 -0.30902
vn 0.00000 -0.95106 -0.30902
vn 0.00000 -0.89101 -0.45399
vn 0.00000 -0.89101 -0.45399
vn 0.00000 -0.89101 -0.45399
vn 0.00000 -0.89101 -0.45399
vn 0.00000 -0.80902 -0.58779
vn 0.00000 -0.80902 -0.58779
vn 0.00000 -0.80902 -0.58779
vn 0.00000 -0.80902 -0.58779
vn 0.00000 -0.70711 -0.70711
vn 0.00000 -0.70711 -0.70711
vn 0.00000 -0.70711 -0.70711
vn 0.00000 -0.70711 -0.70711
vn 0.00000 -0.58779 -0.80902
vn 0.00000 -0.58779 -0.80902
vn 0.00000 -0.58779 -0.80902
vn 0.00000 -0.58779 -0.80902
vn 0.00000 -0.45399 -0.89101
vn 0.00000 -0.45399 -0.89101
vn 0.00000 -0.45399 -0.89101
vn 0.00000 -0.45399 -0.89101
vn 0.00000 -0.30902 -0.95106
vn 0.00000 -0.30902 -0.95106
vn 0.00000 -0.30902 -0.95106
vn 0.00000 -0.30902 -0.95106
vn 0.00000 -0.15643 -0.98769
vn 0.00000 -0.15643 -0.98769
vn 0.00000 -0.15643 -0.98769
vn 0.00000 -0.15643 -0.98769
vn 0.00000 -0.00000 -1.00000
vn 0.00000 -0.00000 -1.00000
vn 0.00000 -0.00000 1.00000
vn 0.00000 -0.00000 1.00000
vn 0.00000 -0.15643 0.98769
vn 0.00000 -0.15643 0.98769
vn 0.00000 -0.15643 0.98769
vn 0.00000 -0.15643 0.98769
vn 0.00000 -0.30902 0.95106
vn 0.00000 -0.30902 0.95106
vn 0.00000 -0.30902 0.95106
vn 0.00000 -0.30902 0.95106
vn 0.00000 -0.45399 0.89101
vn 0.00000 -0.45399 0.89101
vn 0.00000 -0.45399 0.89101
vn 0.00000 -0.45399 0.89101
vn 0.00000 -0.58779 0.80902
vn 0.00000 -0.58779 0.80902
vn 0.00000 -0.58779 0.80902
vn 0.00000 -0.58779 0.80902
vn 0.00000 -0.70711 0.70711
vn 0.00000 -0.70711 0.70711
vn 0.00000 -0.70711 0.70711
vn 0.00000 -0.70711 0.70711
vn 0.00000 -0.80902 0.58779
vn 0.00000 -0.80902 0.58779
vn 0.00000 -0.80902 0.58779
vn 0.00000 -0.80902 0.58779
vn 0.00000 -0.89101 0.45399
vn 0.00000 -0.89101 0.45399
vn 0.00000 -0.89101 0.45399
vn 0.00000 -0.89101 0.45399
vn 0.00000 -0.95106 0.30902
vn 0.00000 -0.95106 0.30902
vn 0.00000 -0.95106 0.30902
vn 0.00000 -0.95106 0.30902
vn 0.00000 -0.98769 0.15643
vn 0.00000 -0.98769 0.15643
vn 0.00000 -0.98769 0.15643
vn 0.00000 -0.98769 0.15643
vn 0.00000 -1.00000 0.00000
vn 0.00000 -1.00000 0.00000
vn 0.00000 -1.00000 0.00000
vn 0.00000 -1.00000 0.00000
vn 0.00000 -0.98769 -0.15643
vn 0.00000 -0.98769 -0.15643
vn 0.00000 -0.98769 -0.15643
vn 0.00000 -0.98769 -0.15643
vn 0.00000 -0.95106 -0.30902
vn 0.00000 -0.95106 -0.30902
vn 0.00000 -0.95106 -0.30902
vn 0.00000 -0.95106 -0.30902
vn 0.00000 -0.89101 -0.45399
vn 0.00000 -0.89101 -0.45399
vn 0.00000 -0.89101 -0.45399
vn 0.00000 -0.89101 -0.45399
vn 0.00000 -0.80902 -0.58779
vn 0.00000 -0.80902 -0.58779
vn 0.00000 -0.80902 -0.58779
vn 0.00000 -0.80902 -0.58779
vn 0.00000 -0.70711 -0.70711
vn 0.00000 -0.70711 -0.70711
vn 0.00000 -0.70711 -0.70711
vn 0.00000 -0.70711 -0.70711
vn 0.00000 -0.58779 -0.80902
vn 0.00000 -0.58779 -0.80902
vn 0.00000 -0.58779 -0.80902
vn 0.00000 -0.58779 -0.80902
vn 0.00000 -0.45399 -0.89101
vn 0.00000 -0.45399 -0.89101
vn 0.00000 -0.45399 -0.89101
vn 0.00000 -0.45399 -0.89101
vn 0.00000 -0.30902 -0.95106
vn 0.00000 -0.30902 -0.95106
vn 0.00000 -0.30902 -0.95106
vn 0.00000 -0.30902 -0.95106
vn 0.00000 -0.15643 -0.98769
vn 0.00000 -0.15643 -0.98769
vn 0.00000 -0.15643 -0.98769
vn 0.00000 -0.15643 -0.98769
vn 0.00000 -0.00000 -1.00000
vn 0.00000 -0.00000 -1.00000
vn 0.00000 0.00000 1.00000
vn 0.00000 0.00000 -1.00000
vn 0.00000 -0.00000 1.00000
vn 0.00000 -0.00000 1.00000
vn 0.00000 -0.15643 0.98769
vn 0.00000 -0.15643 0.98769
vn 0.00000 -0.15643 0.98769
vn 0.00000 -0.15643 0.98769
vn 0.00000 -0.30902 0.95106
vn 0.00000 -0.30902 0.95106
vn 0.00000 -0.30902 0.95106
vn 0.00000 -0.30902 0.95106
vn 0.00000 -0.45399 0.89101
vn 0.00000 -0.45399 0.89101
vn 0.00000 -0.45399 0.89101
vn 0.00000 -0.45399 0.89101
vn 0.00000 -0.58779 0.80902
vn 0.00000 -0.58779 0.80902
vn 0.00000 -0.58779 0.80902
vn 0.00000 -0.58779 0.80902
vn 0.00000 -0.70711 0.70711
vn 0.00000 -0.70711 0.70711
vn 0.00000 -0.70711 0.70711
vn 0.00000 -0.70711 0.70711
vn 0.00000 -0.80902 0.58779
vn 0.00000 -0.80902 0.58779
vn 0.00000 -0.80902 0.58779
vn 0.00000 -0.80902 0.58779
vn 0.00000 -0.89101 0.45399
vn 0.00000 -0.89101 0.45399
vn 0.00000 -0.89101 0.45399
vn 0.00000 -0.89101 0.45399
vn 0.00000 -0.95106 0.30902
vn 0.00000 -0.95106 0.30902
vn 0.00000 -0.95106 0.30902
vn 0.00000 -0.95106 0.30902
vn 0.00000 -0.98769 0.15643
vn 0.00000 -0.98769 0.15643
vn 0.00000 -0.98769 0.15643
vn 0.00000 -0.98769 0.15643
vn 0.00000 -1.00000 0.00000
vn 0.00000 -1.00000 0.00000
vn 0.00000 -1.00000 0.00000
vn 0.00000 -1.00000 0.00000
vn 0.00000 -0.98769 -0.15643
vn 0.00000 -0.98769 -0.15643
vn 0.00000 -0.98769 -0.15643
vn 0.00000 -0.98769 -0.15643
vn 0.00000 -0.95106 -0.30902
vn 0.00000 -0.95106 -0.30902
vn 0.00000 -0.95106 -0.30902
vn 0.00000 -0.95106 -0.30902
vn 0.00000 -0.89101 -0.45399
vn 0.00000 -0.89101 -0.45399
vn 0.00000 -0.89101 -0.45399
vn 0.00000 -0.89101 -0.45399
vn 0.00000 -0.80902 -0.58779
vn 0.00000 -0.80902 -0.58779
vn 0.00000 -0.80902 -0.58779
vn 0.00000 -0.80902 -0.58779
vn 0.00000 -0.70711 -0.70711
vn 0.00000 -0.70711 -0.70711
vn 0.00000 -0.70711 -0.70711
vn 0.00000 -0.70711 -0.70711
vn 0.00000 -0.58779 -0.80902
vn 0.00000 -0.58779 -0.80902
vn 0.00000 -0.58779 -0.80902
vn 0.00000 -0.58779 -0.80902
vn 0.00000 -0.45399 -0.89101
vn 0.00000 -0.45399 -0.89101
vn 0.00000 -0.45399 -0.89101
vn 0.00000 -0.45399 -0.89101
vn 0.00000 -0.30902 -0.95106
vn 0.00000 -0.30902 -0.95106
vn 0.00000 -0.30902 -0.95106
vn 0.00000 -0.30902 -0.95106
vn 0.00000 -0.15643 -0.98769
vn 0.00000 -0.15643 -0.98769
vn 0.00000 -0.15643 -0.98769
vn 0.00000 -0.15643 -0.98769
vn 0.00000 -0.00000 -1.00000
vn 0.00000 -0.00000 -1.00000
vn 0.00000 -0.00000 1.00000
vn 0.00000 -0.00000 1.00000
vn 0.00000 -0.15643 0.98769
vn 0.00000 -0.15643 0.98769
vn 0.00000 -0.15643 0.98769
vn 0.00000 -0.15643 0.98769
vn 0.00000 -0.30902 0.95106
vn 0.00000 -0.30902 0.95106
vn 0.00000 -0.30902 0.95106
vn 0.00000 -0.30902 0.95106
vn 0.00000 -0.45399 0.89101
vn 0.00000 -0.45399 0.89101
vn 0.00000 -0.45399 0.89101
vn 0.00000 -0.45399 0.89101
vn 0.00000 -0.58779 0.80902
vn 0.00000 -0.58779 0.80902
vn 0.00000 -0.58779 0.80902
vn 0.00000 -0.58779 0.80902
vn 0.00000 -0.70711 0.70711
vn 0.00000 -0.70711 0.70711
vn 0.00000 -0.70711 0.70711
vn 0.00000 -0.70711 0.70711
vn 0.00000 -0.80902 0.58779
vn 0.00000 -0.80902 0.58779
vn 0.00000 -0.80902 0.58779
vn 0.00000 -0.80902 0.58779
vn 0.00000 -0.89101 0.45399
vn 0.00000 -0.89101 0.45399
vn 0.00000 -0.89101 0.45399
vn 0.00000 -0.89101 0.45399
vn 0.00000 -0.95106 0.30902
vn 0.00000 -0.95106 0.30902
vn 0.00000 -0.95106 0.30902
vn 0.00000 -0.95106 0.30902
vn 0.00000 -0.98769 0.15643
vn 0.00000 -0.98769 0.15643
vn 0.00000 -0.98769 0.15643
vn 0.00000 -0.98769 0.15643
vn 0.00000 -1.00000 0.00000
vn 0.00000 -1.00000 0.00000
vn 0.00000 -1.00000 0.00000
vn 0.00000 -1.00000 0.00000
vn 0.00000 -0.98769 -0.15643
vn 0.00000 -0.98769 -0.15643
vn 0.00000 -0.98769 -0.15643
vn 0.00000 -0.98769 -0.15643
vn 0.00000 -0.95106 -0.30902
vn 0.00000 -0.95106 -0.30902
vn 0.00000 -0.95106 -0.30902
vn 0.00000 -0.95106 -0.30902
vn 0.00000 -0.89101 -0.45399
vn 0.00000 -0.89101 -0.45399
vn 0.00000 -0.89101 -0.45399
vn 0.00000 -0.89101 -0.45399
vn 0.00000 -0.80902 -0.58779
vn 0.00000 -0.80902 -0.58779
vn 0.00000 -0.80902 -0.58779
vn 0.00000 -0.80902 -0.58779
vn 0.00000 -0.70711 -0.70711
vn 0.00000 -0.70711 -0.70711
vn 0.00000 -0.70711 -0.70711
vn 0.00000 -0.70711 -0.70711
vn 0.00000 -0.58779 -0.80902
vn 0.00000 -0.58779 -0.80902
vn 0.00000 -0.58779 -0.80902
vn 0.00000 -0.58779 -0.80902
vn 0.00000 -0.45399 -0.89101
vn 0.00000 -0.45399 -0.89101
vn 0.00000 -0.45399 -0.89101
vn 0.00000 -0.45399 -0.89101
vn 0.00000 -0.30902 -0.95106
vn 0.00000 -0.30902 -0.95106
vn 0.00000 -0.30902 -0.95106
vn 0.00000 -0.30902 -0.95106
vn 0.00000 -0.15643 -0.98769
vn 0.00000 -0.15643 -0.98769
vn 0.00000 -0.15643 -0.98769
vn 0.00000 -0.15643 -0.98769
vn 0.00000 -0.00000 -1.00000
vn 0.00000 -0.00000 -1.00000
vn 0.00000 0.00000 1.00000
vn 0.00000 0.00000 -1.00000
vn 0.00000 -0.00000 1.00000
vn 0.00000 -0.00000 1.00000
vn 0.00000 -0.15643 0.98769
vn 0.00000 -0.15643 0.98769
vn 0.00000 -0.15643 0.98769
vn 0.00000 -0.15643 0.98769
vn 0.00000 -0.30902 0.95106
vn 0.00000 -0.30902 0.95106
vn 0.00000 -0.30902 0.95106
vn 0.00000 -0.30902 0.95106
vn 0.00000 -0.45399 0.89101
vn 0.00000 -0.45399 0.89101
vn 0.00000 -0.45399 0.89101
vn 0.00000 -0.45399 0.89101
vn 0.00000 -0.58779 0.80902
vn 0.00000 -0.58779 0.80902
vn 0.00000 -0.58779 0.80902
vn 0.00000 -0.58779 0.80902
vn 0.00000 -0.70711 0.70711
vn 0.00000 -0.70711 0.70711
vn 0.00000 -0.70711 0.70711
vn 0.00000 -0.70711 0.70711
vn 0.00000 -0.80902 0.58779
vn 0.00000 -0.80902 0.58779
vn 0.00000 -0.80902 0.58779
vn 0.00000 -0.80902 0.58779
vn 0.00000 -0.89101 0.45399
vn 0.00000 -0.89101 0.45399
vn 0.00000 -0.89101 0.45399
vn 0.00000 -0.89101 0.45399
vn 0.00000 -0.95106 0.30902
vn 0.00000 -0.95106 0.30902
vn 0.00000 -0.95106 0.30902
vn 0.00000 -0.95106 0.30902
vn 0.00000 -0.98769 0.15643
vn 0.00000 -0.98769 0.15643
vn 0.00000 -0.98769 0.15643
vn 0.00000 -0.98769 0.15643
vn 0.00000 -1.00000 0.00000
vn 0.00000 -1.00000 0.00000
vn 0.00000 -1.00000 0.00000
vn 0.00000 -1.00000 0.00000
vn 0.00000 -0.98769 -0.15643
vn 0.00000 -0.98769 -0.15643
vn 0.00000 -0.98769 -0.15643
vn 0.00000 -0.98769 -0.15643
vn 0.00000 -0.95106 -0.30902
vn 0.00000 -0.95106 -0.30902
vn 0.00000 -0.95106 -0.30902
vn 0.00000 -0.95106 -0.30902
vn 0.00000 -0.89101 -0.45399
vn 0.00000 -0.89101 -0.45399
vn 0.00000 -0.89101 -0.45399
vn 0.00000 -0.89101 -0.45399
vn 0.00000 -0.80902 -0.58779
vn 0.00000 -0.80902 -0.58779
vn 0.00000 -0.80902 -0.58779
vn 0.00000 -0.80902 -0.58779
vn 0.00000 -0.70711 -0.70711
vn 0.00000 -0.70711 -0.70711
vn 0.00000 -0.70711 -0.70711
vn 0.00000 -0.70711 -0.70711
vn 0.00000 -0.58779 -0.80902
vn 0.00000 -0.58779 -0.80902
vn 0.00000 -0.58779 -0.80902
vn 0.00000 -0.58779 -0.80902
vn 0.00000 -0.45399 -0.89101
vn 0.00000 -0.45399 -0.89101
vn 0.00000 -0.45399 -0.89101
vn 0.00000 -0.45399 -0.89101
vn 0.00000 -0.30902 -0.95106
vn 0.00000 -0.30902 -0.95106
vn 0.00000 -0.30902 -0.95106
vn 0.00000 -0.30902 -0.95106
vn 0.00000 -0.15643 -0.98769
vn 0.00000 -0.15643 -0.98769
vn 0.00000 -0.15643 -0.98769
vn 0.00000 -0.15643 -0.98769
vn 0.00000 -0.00000 -1.00000
vn 0.00000 -0.00000 -1.00000
vn 0.00000 -0.00000 1.00000
vn 0.00000 -0.00000 1.00000
vn 0.00000 -0.15643 0.98769
vn 0.00000 -0.15643 0.98769
vn 0.00000 -0.15643 0.98769
vn 0.00000 -0.15643 0.98769
vn 0.00000 -0.30902 0.95106
vn 0.00000 -0.30902 0.95106
vn 0.00000 -0.30902 0.95106
vn 0.00000 -0.30902 0.95106
vn 0.00000 -0.45399 0.89101
vn 0.00000 -0.45399 0.89101
vn 0.00000 -0.45399 0.89101
vn 0.00000 -0.45399 0.89101
vn 0.00000 -0.58779 0.80902
vn 0.00000 -0.58779 0.80902
vn 0.00000 -0.58779 0.80902
vn 0.00000 -0.58779 0.80902
vn 0.00000 -0.70711 0.70711
vn 0.00000 -0.70711 0.70711
vn 0.00000 -0.70711 0.70711
vn 0.00000 -0.70711 0.70711
vn 0.00000 -0.80902 0.58779
vn 0.00000 -0.80902 0.58779
vn 0.00000 -0.80902 0.58779
vn 0.00000 -0.80902 0.58779
vn 0.00000 -0.89101 0.45399
vn 0.00000 -0.89101 0.45399
vn 0.00000 -0.89101 0.45399
vn 0.00000 -0.89101 0.45399
vn 0.00000 -0.95106 0.30902
vn 0.00000 -0.95106 0.30902
vn 0.00000 -0.95106 0.30902
vn 0.00000 -0.95106 0.30902
vn 0.00000 -0.98769 0.15643
vn 0.00000 -0.98769 0.15643
vn 0.00000 -0.98769 0.15643
vn 0.00000 -0.98769 0.15643
vn 0.00000 -1.00000 0.00000
vn 0.00000 -1.00000 0.00000
vn 0.00000 -1.00000 0.00000
vn 0.00000 -1.00000 0.00000
vn 0.00000 -0.98769 -0.15643
vn 0.00000 -0.98769 -0.15643
vn 0.00000 -0.98769 -0.15643
vn 0.00000 -0.98769 -0.15643
vn 0.00000 -0.95106 -0.30902
vn 0.00000 -0.95106 -0.30902
vn 0.00000 -0.95106 -0.30902
vn 0.00000 -0.95106 -0.30902
vn 0.00000 -0.89101 -0.45399
vn 0.00000 -0.89101 -0.45399
vn 0.00000 -0.89101 -0.45399
vn 0.00000 -0.89101 -0.45399
vn 0.00000 -0.80902 -0.58779
vn 0.00000 -0.80902 -0.58779
vn 0.00000 -0.80902 -0.58779
vn 0.00000 -0.80902 -0.58779
vn 0.00000 -0.70711 -0.70711
vn 0.00000 -0.70711 -0.70711
vn 0.00000 -0.70711 -0.70711
vn 0.00000 -0.70711 -0.70711
vn 0.00000 -0.58779 -0.80902
vn 0.00000 -0.58779 -0.80902
vn 0.00000 -0.58779 -0.80902
vn 0.00000 -0.58779 -0.80902
vn 0.00000 -0.45399 -0.89101
vn 0.00000 -0.45399 -0.89101
vn 0.00000 -0.45399 -0.89101
vn 0.00000 -0.45399 -0.89101
vn 0.00000 -0.30902 -0.95106
vn 0.00000 -0.30902 -0.95106
vn 0.00000 -0.30902 -0.95106
vn 0.00000 -0.30902 -0.95106
vn 0.00000 -0.15643 -0.98769
vn 0.00000 -0.15643 -0.98769
vn 0.00000 -0.15643 -0.98769
vn 0.00000 -0.15643 -0.98769
vn 0.00000 -0.00000 -1.00000
vn 0.00000 -0.00000 -1.00000
vn 0.00000 0.00000 1.00000
vn 0.00000 0.00000 -1.00000
vn 0.00000 -0.00000 1.00000
vn 0.00000 -0.00000 1.00000
vn 0.00000 -0.15643 0.98769
vn 0.00000 -0.15643 0.98769
vn 0.00000 -0.15643 0.98769
vn 0.00000 -0.15643 0.98769
vn 0.00000 -0.30902 0.95106
vn 0.00000 -0.30902 0.95106
vn 0.00000 -0.30902 0.95106
vn 0.00000 -0.30902 0.95106
vn 0.00000 -0.45399 0.89101
vn 0.00000 -0.45399 0.89101
vn 0.00000 -0.45399 0.89101
vn 0.00000 -0.45399 0.89101
vn 0.00000 -0.58779 0.80902
vn 0.00000 -0.58779 0.80902
vn 0.00000 -0.58779 0.80902
vn 0.00000 -0.58779 0.80902
vn 0.00000 -0.70711 0.70711
vn 0.00000 -0.70711 0.70711
vn 0.00000 -0.70711 0.70711
vn 0.00000 -0.70711 0.70711
vn 0.00000 -0.80902 0.58779
vn 0.00000 -0.80902 0.58779
vn 0.00000 -0.80902 0.58779
vn 0.00000 -0.80902 0.58779
vn 0.00000 -0.89101 0.45399
vn 0.00000 -0.89101 0.45399
vn 0.00000 -0.89101 0.45399
vn 0.00000 -0.89101 0.45399
vn 0.00000 -0.95106 0.30902
vn 0.00000 -0.95106 0.30902
vn 0.00000 -0.95106 0.30902
vn 0.00000 -0.95106 0.30902
vn 0.00000 -0.98769 0.15643
vn 0.00000 -0.98769 0.15643
vn 0.00000 -0.98769 0.15643
vn 0.00000 -0.98769 0.15643
vn 0.00000 -1.00000 0.00000
vn 0.00000 -1.00000 0.00000
vn 0.00000 -1.00000 0.00000
vn 0.00000 -1.00000 0.00000
vn 0.00000 -0.98769 -0.15643
vn 0.00000 -0.98769 -0.15643
vn 0.00000 -0.98769 -0.15643
vn 0.00000 -0.98769 -0.15643
vn 0.00000 -0.95106 -0.30902
vn 0.00000 -0.95106 -0.30902
vn 0.00000 -0.95106 -0.30902
vn 0.00000 -0.95106 -0.30902
vn 0.00000 -0.89101 -0.45399
vn 0.00000 -0.89101 -0.45399
vn 0.00000 -0.89101 -0.45399
vn 0.00000 -0.89101 -0.45399
vn 0.00000 -0.80902 -0.58779
vn 0.00000 -0.80902 -0.58779
vn 0.00000 -0.80902 -0.58779
vn 0.00000 -0.80902 -0.58779
vn 0.00000 -0.70711 -0.70711
vn 0.00000 -0.70711 -0.70711
vn 0.00000 -0.70711 -0.70711
vn 0.00000 -0.70711 -0.70711
vn 0.00000 -0.58779 -0.80902
vn 0.00000 -0.58779 -0.80902
vn 0.00000 -0.58779 -0.80902
vn 0.00000 -0.58779 -0.80902
vn 0.00000 -0.45399 -0.89101
vn 0.00000 -0.45399 -0.89101
vn 0.00000 -0.45399 -0.89101
vn 0.00000 -0.45399 -0.89101
vn 0.00000 -0.30902 -0.95106
vn 0.00000 -0.30902 -0.95106
vn 0.00000 -0.30902 -0.95106
vn 0.00000 -0.30902 -0.95106
vn 0.00000 -0.15643 -0.98769
vn 0.00000 -0.15643 -0.98769
vn 0.00000 -0.15643 -0.98769
vn 0.00000 -0.15643 -0.98769
vn 0.00000 -0.00000 -1.00000
vn 0.00000 -0.00000 -1.00000
vn 0.00000 -0.00000 1.00000
vn 0.00000 -0.00000 1.00000
vn 0.00000 -0.15643 0.98769
vn 0.00000 -0.15643 0.98769
vn 0.00000 -0.15643 0.98769
vn 0.00000 -0.15643 0.98769
vn 0.00000 -0.30902 0.95106
vn 0.00000 -0.30902 0.95106
vn 0.00000 -0.30902 0.95106
vn 0.00000 -0.30902 0.95106
vn 0.00000 -0.45399 0.89101
vn 0.00000 -0.45399 0.89101
vn 0.00000 -0.45399 0.89101
vn 0.00000 -0.45399 0.89101
vn 0.00000 -0.58779 0.80902
vn 0.00000 -0.58779 0.80902
vn 0.00000 -0.58779 0.80902
vn 0.00000 -0.58779 0.80902
vn 0.00000 -0.70711 0.70711
vn 0.00000 -0.70711 0.70711
vn 0.00000 -0.70711 0.70711
vn 0.00000 -0.70711 0.70711
vn 0.00000 -0.80902 0.58779
vn 0.00000 -0.80902 0.58779
vn 0.00000 -0.80902 0.58779
vn 0.00000 -0.80902 0.58779
vn 0.00000 -0.89101 0.45399
vn 0.00000 -0.89101 0.45399
vn 0.00000 -0.89101 0.45399
vn 0.00000 -0.89101 0.45399
vn 0.00000 -0.95106 0.30902
vn 0.00000 -0.95106 0.30902
vn 0.00000 -0.95106 0.30902
vn 0.00000 -0.95106 0.30902
vn 0.00000 -0.98769 0.15643
vn 0.00000 -0.98769 0.15643
vn 0.00000 -0.98769 0.15643
vn 0.00000 -0.98769 0.15643
vn 0.00000 -1.00000 0.00000
vn 0.00000 -1.00000 0.00000
vn 0.00000 -1.00000 0.00000
vn 0.00000 -1.00000 0.00000
vn 0.00000 -0.98769 -0.15643
vn 0.00000 -0.98769 -0.15643
vn 0.00000 -0.98769 -0.15643
vn 0.00000 -0.98769 -0.15643
vn 0.00000 -0.95106 -0.30902
vn 0.00000 -0.95106 -0.30902
vn 0.00000 -0.95106 -0.30902
vn 0.00000 -0.95106 -0.30902
vn 0.00000 -0.89101 -0.45399
vn 0.00000 -0.89101 -0.45399
vn 0.00000 -0.89101 -0.45399
vn 0.00000 -0.89101 -0.45399
vn 0.00000 -0.80902 -0.58779
vn 0.00000 -0.80902 -0.58779
vn 0.00000 -0.80902 -0.58779
vn 0.00000 -0.80902 -0.58779
vn 0.00000 -0.70711 -0.70711
vn 0.00000 -0.70711 -0.70711
vn 0.00000 -0.70711 -0.70711
vn 0.00000 -0.70711 -0.70711
vn 0.00000 -0.58779 -0.80902
vn 0.00000 -0.58779 -0.80902
vn 0.00000 -0.58779 -0.80902
vn 0.00000 -0.58779 -0.80902
vn 0.00000 -0.45399 -0.89101
vn 0.00000 -0.45399 -0.89101
vn 0.00000 -0.45399 -0.89101
vn 0.00000 -0.45399 -0.89101
vn 0.00000 -0.30902 -0.95106
vn 0.00000 -0.30902 -0.95106
vn 0.00000 -0.30902 -0.95106
vn 0.00000 -0.30902 -0.95106
vn 0.00000 -0.15643 -0.98769
vn 0.00000 -0.15643 -0.98769
vn 0.00000 -0.15643 -0.98769
vn 0.00000 -0.15643 -0.98769
vn 0.00000 -0.00000 -1.00000
vn 0.00000 -0.00000 -1.00000
vn 0.00000 0.00000 1.00000
vn 0.00000 0.00000 -1.00000
vn 0.00000 -0.00000 1.00000
vn 0.00000 -0.00000 1.00000
vn 0.00000 -0.15643 0.98769
vn 0.00000 -0.15643 0.98769
vn 0.00000 -0.15643 0.98769
vn 0.00000 -0.15643 0.98769
vn 0.00000 -0.30902 0.95106
vn 0.00000 -0.30902 0.95106
vn 0.00000 -0.30902 0.95106
vn 0.00000 -0.30902 0.95106
vn 0.00000 -0.45399 0.89101
vn 0.00000 -0.45399 0.89101
vn 0.00000 -0.45399 0.89101
vn 0.00000 -0.45399 0.89101
vn 0.00000 -0.58779 0.80902
vn 0.00000 -0.58779 0.80902
vn 0.00000 -0.58779 0.80902
vn 0.00000 -0.58779 0.80902
vn 0.00000 -0.70711 0.70711
vn 0.00000 -0.70711 0.70711
vn 0.00000 -0.70711 0.70711
vn 0.00000 -0.70711 0.70711
vn 0.00000 -0.80902 0.58779
vn 0.00000 -0.80902 0.58779
vn 0.00000 -0.80902 0.58779
vn 0.00000 -0.80902 0.58779
vn 0.00000 -0.89101 0.45399
vn 0.00000 -0.89101 0.45399
vn 0.00000 -0.89101 0.45399
vn 0.00000 -0.89101 0.45399
vn 0.00000 -0.95106 0.30902
vn 0.00000 -0.95106 0.30902
vn 0.00000 -0.95106 0.30902
vn 0.00000 -0.95106 0.30902
vn 0.00000 -0.98769 0.15643
vn 0.00000 -0.98769 0.15643
vn 0.00000 -0.98769 0.15643
vn 0.00000 -0.98769 0.15643
vn 0.00000 -1.00000 0.00000
vn 0.00000 -1.00000 0.00000
vn 0.00000 -1.00000 0.00000
vn 0.00000 -1.00000 0.00000
vn 0.00000 -0.98769 -0.15643
vn 0.00000 -0.98769 -0.15643
vn 0.00000 -0.98769 -0.15643
vn 0.00000 -0.98769 -0.15643
vn 0.00000 -0.95106 -0.30902
vn 0.00000 -0.95106 -0.30902
vn 0.00000 -0.95106 -0.30902
vn 0.00000 -0.95106 -0.30902
vn 0.00000 -0.89101 -0.45399
vn 0.00000 -0.89101 -0.45399
vn 0.00000 -0.89101 -0.45399
vn 0.00000 -0.89101 -0.45399
vn 0.00000 -0.80902 -0.58779
vn 0.00000 -0.80902 -0.58779
vn 0.00000 -0.80902 -0.58779
vn 0.00000 -0.80902 -0.58779
vn 0.00000 -0.70711 -0.70711
vn 0.00000 -0.70711 -0.70711
vn 0.00000 -0.70711 -0.70711
vn 0.00000 -0.70711 -0.70711
vn 0.00000 -0.58779 -0.80902
vn 0.00000 -0.58779 -0.80902
vn 0.00000 -0.58779 -0.80902
vn 0.00000 -0.58779 -0.80902
vn 0.00000 -0.45399 -0.89101
vn 0.00000 -0.45399 -0.89101
vn 0.00000 -0.45399 -0.89101
vn 0.00000 -0.45399 -0.89101
vn 0.00000 -0.30902 -0.95106
vn 0.00000 -0.30902 -0.95106
vn 0.00000 -0.30902 -0.95106
vn 0.00000 -0.30902 -0.95106
vn 0.00000 -0.15643 -0.98769
vn 0.00000 -0.15643 -0.98769
vn 0.00000 -0.15643 -0.98769
vn 0.00000 -0.15643 -0.98769
vn 0.00000 -0.00000 -1.00000
vn 0.00000 -0.00000 -1.00000
vn 0.00000 -0.00000 1.00000
vn 0.00000 -0.00000 1.00000
vn 0.00000 -0.15643 0.98769
vn 0.00000 -0.15643 0.98769
vn 0.00000 -0.15643 0.98769
vn 0.00000 -0.15643 0.98769
vn 0.00000 -0.30902 0.95106
vn 0.00000 -0.30902 0.95106
vn 0.00000 -0.30902 0.95106
vn 0.00000 -0.30902 0.95106
vn 0.00000 -0.45399 0.89101
vn 0.00000 -0.45399 0.89101
vn 0.00000 -0.45399 0.89101
vn 0.00000 -0.45399 0.89101
vn 0.00000 -0.58779 0.80902
vn 0.00000 -0.58779 0.80902
vn 0.00000 -0.58779 0.80902
vn 0.00000 -0.58779 0.80902
vn 0.00000 -0.70711 0.70711
vn 0.00000 -0.70711 0.70711
vn 0.00000 -0.70711 0.70711
vn 0.00000 -0.70711 0.70711
vn 0.00000 -0.80902 0.58779
vn 0.00000 -0.80902 0.58779
vn 0.00000 -0.80902 0.58779
vn 0.00000 -0.80902 0.58779
vn 0.00000 -0.89101 0.45399
vn 0.00000 -0.89101 0.45399
vn 0.00000 -0.89101 0.45399
vn 0.00000 -0.89101 0.45399
vn 0.00000 -0.95106 0.30902
vn 0.00000 -0.95106 0.30902
vn 0.00000 -0.95106 0.30902
vn 0.00000 -0.95106 0.30902
vn 0.00000 -0.98769 0.15643
vn 0.00000 -0.98769 0.15643
vn 0.00000 -0.98769 0.15643
vn 0.00000 -0.98769 0.15643
vn 0.00000 -1.00000 0.00000
vn 0.00000 -1.00000 0.00000
vn 0.00000 -1.00000 0.00000
vn 0.00000 -1.00000 0.00000
vn 0.00000 -0.98769 -0.15643
vn 0.00000 -0.98769 -0.15643
vn 0.00000 -0.98769 -0.15643
vn 0.00000 -0.98769 -0.15643
vn 0.00000 -0.95106 -0.30902
vn 0.00000 -0.95106 -0.30902
vn 0.00000 -0.95106 -0.30902
vn 0.00000 -0.95106 -0.30902
vn 0.00000 -0.89101 -0.45399
vn 0.00000 -0.89101 -0.45399
vn 0.00000 -0.89101 -0.45399
vn 0.00000 -0.89101 -0.45399
vn 0.00000 -0.80902 -0.58779
vn 0.00000 -0.80902 -0.58779
vn 0.00000 -0.80902 -0.58779
vn 0.00000 -0.80902 -0.58779
vn 0.00000 -0.70711 -0.70711
vn 0.00000 -0.70711 -0.70711
vn 0.00000 -0.70711 -0.70711
vn 0.00000 -0.70711 -0.70711
vn 0.00000 -0.58779 -0.80902
vn 0.00000 -0.58779 -0.80902
vn 0.00000 -0.58779 -0.80902
vn 0.00000 -0.58779 -0.80902
vn 0.00000 -0.45399 -0.89101
vn 0.00000 -0.45399 -0.89101
vn 0.00000 -0.45399 -0.89101
vn 0.00000 -0.45399 -0.89101
vn 0.00000 -0.30902 -0.95106
vn 0.00000 -0.30902 -0.95106
vn 0.00000 -0.30902 -0.95106
vn 0.00000 -0.30902 -0.95106
vn 0.00000 -0.15643 -0.98769
vn 0.00000 -0.15643 -0.98769
vn 0.00000 -0.15643 -0.98769
vn 0.00000 -0.15643 -0.98769
vn 0.00000 -0.00000 -1.00000
vn 0.00000 -0.00000 -1.00000
vn 0.00000 0.00000 1.00000
vn 0.00000 0.00000 -1.00000
vn 0.00000 -0.00000 1.00000
vn 0.00000 -0.00000 1.00000
vn 0.00000 -0.15643 0.98769
vn 0.00000 -0.15643 0.98769
vn 0.00000 -0.15643 0.98769
vn 0.00000 -0.15643 0.98769
vn 0.00000 -0.30902 0.95106
vn 0.00000 -0.30902 0.95106
vn 0.00000 -0.30902 0.95106
vn 0.00000 -0.30902 0.95106
vn 0.00000 -0.45399 0.89101
vn 0.00000 -0.45399 0.89101
vn 0.00000 -0.45399 0.89101
vn 0.00000 -0.45399 0.89101
vn 0.00000 -0.58779 0.80902
vn 0.00000 -0.58779 0.80902
vn 0.00000 -0.58779 0.80902
vn 0.00000 -0.58779 0.80902
vn 0.00000 -0.70711 0.70711
vn 0.00000 -0.70711 0.70711
vn 0.00000 -0.70711 0.70711
vn 0.00000 -0.70711 0.70711
vn 0.00000 -0.80902 0.58779
vn 0.00000 -0.80902 0.58779
vn 0.00000 -0.80902 0.58779
vn 0.00000 -0.80902 0.58779
vn 0.00000 -0.89101 0.45399
vn 0.00000 -0.89101 0.45399
vn 0.00000 -0.89101 0.45399
vn 0.00000 -0.89101 0.45399
vn 0.00000 -0.95106 0.30902
vn 0.00000 -0.95106 0.30902
vn 0.00000 -0.95106 0.30902
vn 0.00000 -0.95106 0.30902
vn 0.00000 -0.98769 0.15643
vn 0.00000 -0.98769 0.15643
vn 0.00000 -0.98769 0.15643
vn 0.00000 -0.98769 0.15643
vn 0.00000 -1.00000 0.00000
vn 0.00000 -1.00000 0.00000
vn 0.00000 -1.00000 0.00000
vn 0.00000 -1.00000 0.00000
vn 0.00000 -0.98769 -0.15643
vn 0.00000 -0.98769 -0.15643
vn 0.00000 -0.98769 -0.15643
vn 0.00000 -0.98769 -0.15643
vn 0.00000 -0.95106 -0.30902
vn 0.00000 -0.95106 -0.30902
vn 0.00000 -0.95106 -0.30902
vn 0.00000 -0.95106 -0.30902
vn 0.00000 -0.89101 -0.45399
vn 0.00000 -0.89101 -0.45399
vn 0.00000 -0.89101 -0.45399
vn 0.00000 -0.89101 -0.45399
vn 0.00000 -0.80902 -0.58779
vn 0.00000 -0.80902 -0.58779
vn 0.00000 -0.80902 -0.58779
vn 0.00000 -0.80902 -0.58779
vn 0.00000 -0.70711 -0.70711
vn 0.00000 -0.70711 -0.70711
vn 0.00000 -0.70711 -0.70711
vn 0.00000 -0.70711 -0.70711
vn 0.00000 -0.58779 -0.80902
vn 0.00000 -0.58779 -0.80902
vn 0.00000 -0.58779 -0.80902
vn 0.00000 -0.58779 -0.80902
vn 0.00000 -0.45399 -0.89101
vn 0.00000 -0.45399 -0.89101
vn 0.00000 -0.45399 -0.89101
vn 0.00000 -0.45399 -0.89101
vn 0.00000 -0.30902 -0.95106
vn 0.00000 -0.30902 -0.95106
vn 0.00000 -0.30902 -0.95106
vn 0.00000 -0.30902 -0.95106
vn 0.00000 -0.15643 -0.98769
vn 0.00000 -0.15643 -0.98769
vn 0.00000 -0.15643 -0.98769
vn 0.00000 -0.15643 -0.98769
vn 0.00000 -0.00000 -1.00000
vn 0.00000 -0.00000 -1.00000
vn 0.00000 -0.00000 1.00000
vn 0.00000 -0.00000 1.00000
vn 0.00000 -0.15643 0.98769
vn 0.00000 -0.15643 0.98769
vn 0.00000 -0.15643 0.98769
vn 0.00000 -0.15643 0.98769
vn 0.00000 -0.30902 0.95106
vn 0.00000 -0.30902 0.95106
vn 0.00000 -0.30902 0.95106
vn 0.00000 -0.30902 0.95106
vn 0.00000 -0.45399 0.89101
vn 0.00000 -0.45399 0.89101
vn 0.00000 -0.45399 0.89101
vn 0.00000 -0.45399 0.89101
vn 0.00000 -0.58779 0.80902
vn 0.00000 -0.58779 0.80902
vn 0.00000 -0.58779 0.80902
vn 0.00000 -0.58779 0.80902
vn 0.00000 -0.70711 0.70711
vn 0.00000 -0.70711 0.70711
vn 0.00000 -0.70711 0.70711
vn 0.00000 -0.70711 0.70711
vn 0.00000 -0.80902 0.58779
vn 0.00000 -0.80902 0.58779
vn 0.00000 -0.80902 0.58779
vn 0.00000 -0.80902 0.58779
vn 0.00000 -0.89101 0.45399
vn 0.00000 -0.89101 0.45399
vn 0.00000 -0.89101 0.45399
vn 0.00000 -0.89101 0.45399
vn 0.00000 -0.95106 0.30902
vn 0.00000 -0.95106 0.30902
vn 0.00000 -0.95106 0.30902
vn 0.00000 -0.95106 0.30902
vn 0.00000 -0.98769 0.15643
vn 0.00000 -0.98769 0.15643
vn 0.00000 -0.98769 0.15643
vn 0.00000 -0.98769 0.15643
vn 0.00000 -1.00000 0.00000
vn 0.00000 -1.00000 0.00000
vn 0.00000 -1.00000 0.00000
vn 0.00000 -1.00000 0.00000
vn 0.00000 -0.98769 -0.15643
vn 0.00000 -0.98769 -0.15643
vn 0.00000 -0.98769 -0.15643
vn 0.00000 -0.98769 -0.15643
vn 0.00000 -0.95106 -0.30902
vn 0.00000 -0.95106 -0.30902
vn 0.00000 -0.95106 -0.30902
vn 0.00000 -0.95106 -0.30902
vn 0.00000 -0.89101 -0.45399
vn 0.00000 -0.89101 -0.45399
vn 0.00000 -0.89101 -0.45399
vn 0.00000 -0.89101 -0.45399
vn 0.00000 -0.80902 -0.58779
vn 0.00000 -0.80902 -0.58779
vn 0.00000 -0.80902 -0.58779
vn 0.00000 -0.80902 -0.58779
vn 0.00000 -0.70711 -0.70711
vn 0.00000 -0.70711 -0.70711
vn 0.00000 -0.70711 -0.70711
vn 0.00000 -0.70711 -0.70711
vn 0.00000 -0.58779 -0.80902
vn 0.00000 -0.58779 -0.80902
vn 0.00000 -0.58779 -0.80902
vn 0.00000 -0.58779 -0.80902
vn 0.00000 -0.45399 -0.89101
vn 0.00000 -0.45399 -0.89101
vn 0.00000 -0.45399 -0.89101
vn 0.00000 -0.45399 -0.89101
vn 0.00000 -0.30902 -0.95106
vn 0.00000 -0.30902 -0.95106
vn 0.00000 -0.30902 -0.95106
vn 0.00000 -0.30902 -0.95106
vn 0.00000 -0.15643 -0.98769
vn 0.00000 -0.15643 -0.98769
vn 0.00000 -0.15643 -0.98769
vn 0.00000 -0.15643 -0.98769
vn 0.00000 -0.00000 -1.00000
vn 0.00000 -0.00000 -1.00000
vn 0.00000 0.00000 1.00000
vn 0.00000 0.00000 -1.00000
vn 0.00000 -0.00000 1.00000
vn 0.00000 -0.00000 1.00000
vn 0.00000 -0.15643 0.98769
vn 0.00000 -0.15643 0.98769
vn 0.00000 -0.15643 0.98769
vn 0.00000 -0.15643 0.98769
vn 0.00000 -0.30902 0.95106
vn 0.00000 -0.30902 0.95106
vn 0.00000 -0.30902 0.95106
vn 0.00000 -0.30902 0.95106
vn 0.00000 -0.45399 0.89101
vn 0.00000 -0.45399 0.89101
vn 0.00000 -0.45399 0.89101
vn 0.00000 -0.45399 0.89101
vn 0.00000 -0.58779 0.80902
vn 0.00000 -0.58779 0.80902
vn 0.00000 -0.58779 0.80902
vn 0.00000 -0.58779 0.80902
vn 0.00000 -0.70711 0.70711
vn 0.00000 -0.70711 0.70711
vn 0.00000 -0.70711 0.70711
vn 0.00000 -0.70711 0.70711
vn 0.00000 -0.80902 0.58779
vn 0.00000 -0.80902 0.58779
vn 0.00000 -0.80902 0.58779
vn 0.00000 -0.80902 0.58779
vn 0.00000 -0.89101 0.45399
vn 0.00000 -0.89101 0.45399
vn 0.00000 -0.89101 0.45399
vn 0.00000 -0.89101 0.45399
vn 0.00000 -0.95106 0.30902
vn 0.00000 -0.95106 0.30902
vn 0.00000 -0.95106 0.30902
vn 0.00000 -0.95106 0.30902
vn 0.00000 -0.98769 0.15643
vn 0.00000 -0.98769 0.15643
vn 0.00000 -0.98769 0.15643
vn 0.00000 -0.98769 0.15643
vn 0.00000 -1.00000 0.00000
vn 0.00000 -1.00000 0.00000
vn 0.00000 -1.00000 0.00000
vn 0.00000 -1.00000 0.00000
vn 0.00000 -0.98769 -0.15643
vn 0.00000 -0.98769 -0.15643
vn 0.00000 -0.98769 -0.15643
vn 0.00000 -0.98769 -0.15643
vn 0.00000 -0.95106 -0.30902
vn 0.00000 -0.95106 -0.30902
vn 0.00000 -0.95106 -0.30902
vn 0.00000 -0.95106 -0.30902
vn 0.00000 -0.89101 -0.45399
vn 0.00000 -0.89101 -0.45399
vn 0.00000 -0.89101 -0.45399
vn 0.00000 -0.89101 -0.45399
vn 0.00000 -0.80902 -0.58779
vn 0.00000 -0.80902 -0.58779
vn 0.00000 -0.80902 -0.58779
vn 0.00000 -0.80902 -0.58779
vn 0.00000 -0.70711 -0.70711
vn 0.00000 -0.70711 -0.70711
vn 0.00000 -0.70711 -0.70711
vn 0.00000 -0.70711 -0.70711
vn 0.00000 -0.58779 -0.80902
vn 0.00000 -0.58779 -0.80902
vn 0.00000 -0.58779 -0.80902
vn 0.00000 -0.58779 -0.80902
vn 0.00000 -0.45399 -0.89101
vn 0.00000 -0.45399 -0.89101
vn 0.00000 -0.45399 -0.89101
vn 0.00000 -0.45399 -0.89101
vn 0.00000 -0.30902 -0.95106
vn 0.00000 -0.30902 -0.95106
vn 0.00000 -0.30902 -0.95106
vn 0.00000 -0.30902 -0.95106
vn 0.00000 -0.15643 -0.98769
vn 0.00000 -0.15643 -0.98769
vn 0.00000 -0.15643 -0.98769
vn 0.00000 -0.15643 -0.98769
vn 0.00000 -0.00000 -1.00000
vn 0.00000 -0.00000 -1.00000
vn 0.00000 -0.00000 1.00000
vn 0.00000 -0.00000 1.00000
vn 0.00000 -0.15643 0.98769
vn 0.00000 -0.15643 0.98769
vn 0.00000 -0.15643 0.98769
vn 0.00000 -0.15643 0.98769
vn 0.00000 -0.30902 0.95106
vn 0.00000 -0.30902 0.95106
vn 0.00000 -0.30902 0.95106
vn 0.00000 -0.30902 0.95106
vn 0.00000 -0.45399 0.89101
vn 0.00000 -0.45399 0.89101
vn 0.00000 -0.45399 0.89101
vn 0.00000 -0.45399 0.89101
vn 0.00000 -0.58779 0.80902
vn 0.00000 -0.58779 0.80902
vn 0.00000 -0.58779 0.80902
vn 0.00000 -0.58779 0.80902
vn 0.00000 -0.70711 0.70711
vn 0.00000 -0.70711 0.70711
vn 0.00000 -0.70711 0.70711
vn 0.00000 -0.70711 0.70711
vn 0.00000 -0.80902 0.58779
vn 0.00000 -0.80902 0.58779
vn 0.00000 -0.80902 0.58779
vn 0.00000 -0.80902 0.58779
vn 0.00000 -0.89101 0.45399
vn 0.00000 -0.89101 0.45399
vn 0.00000 -0.89101 0.45399
vn 0.00000 -0.89101 0.45399
vn 0.00000 -0.95106 0.30902
vn 0.00000 -0.95106 0.30902
vn 0.00000 -0.95106 0.30902
vn 0.00000 -0.95106 0.30902
vn 0.00000 -0.98769 0.15643
vn 0.00000 -0.98769 0.15643
vn 0.00000 -0.98769 0.15643
vn 0.00000 -0.98769 0.15643
vn 0.00000 -1.00000 0.00000
vn 0.00000 -1.00000 0.00000
vn 0.00000 -1.00000 0.00000
vn 0.00000 -1.00000 0.00000
vn 0.00000 -0.98769 -0.15643
vn 0.00000 -0.98769 -0.15643
vn 0.00000 -0.98769 -0.15643
vn 0.00000 -0.98769 -0.15643
vn 0.00000 -0.95106 -0.30902
vn 0.00000 -0.95106 -0.30902
vn 0.00000 -0.95106 -0.30902
vn 0.00000 -0.95106 -0.30902
vn 0.00000 -0.89101 -0.45399
vn 0.00000 -0.89101 -0.45399
vn 0.00000 -0.89101 -0.45399
vn 0.00000 -0.89101 -0.45399
vn 0.00000 -0.80902 -0.58779
vn 0.00000 -0.80902 -0.58779
vn 0.00000 -0.80902 -0.58779
vn 0.00000 -0.80902 -0.58779
vn 0.00000 -0.70711 -0.70711
vn 0.00000 -0.70711 -0.70711
vn 0.00000 -0.70711 -0.70711
vn 0.00000 -0.70711 -0.70711
vn 0.00000 -0.58779 -0.80902
vn 0.00000 -0.58779 -0.80902
vn 0.00000 -0.58779 -0.80902
vn 0.00000 -0.58779 -0.80902
vn 0.00000 -0.45399 -0.89101
vn 0.00000 -0.45399 -0.89101
vn 0.00000 -0.45399 -0.89101
vn 0.00000 -0.45399 -0.89101
vn 0.00000 -0.30902 -0.95106
vn 0.00000 -0.30902 -0.95106
vn 0.00000 -0.30902 -0.95106
vn 0.00000 -0.30902 -0.95106
vn 0.00000 -0.15643 -0.98769
vn 0.00000 -0.15643 -0.98769
vn 0.00000 -0.15643 -0.98769
vn 0.00000 -0.15643 -0.98769
vn 0.00000 -0.00000 -1.00000
vn 0.00000 -0.00000 -1.00000
vn 0.00000 0.00000 1.00000
vn 0.00000 0.00000 -1.00000
vn 0.00000 -0.00000 1.00000
vn 0.00000 -0.00000 1.00000
vn 0.00000 -0.15643 0.98769
vn 0.00000 -0.15643 0.98769
vn 0.00000 -0.15643 0.98769
vn 0.00000 -0.15643 0.98769
vn 0.00000 -0.30902 0.95106
vn 0.00000 -0.30902 0.95106
vn 0.00000 -0.30902 0.95106
vn 0.00000 -0.30902 0.95106
vn 0.00000 -0.45399 0.89101
vn 0.00000 -0.45399 0.89101
vn 0.00000 -0.45399 0.89101
vn 0.00000 -0.45399 0.89101
vn 0.00000 -0.58779 0.80902
vn 0.00000 -0.58779 0.80902
vn 0.00000 -0.58779 0.80902
vn 0.00000 -0.58779 0.80902
vn 0.00000 -0.70711 0.70711
vn 0.00000 -0.70711 0.70711
vn 0.00000 -0.70711 0.70711
vn 0.00000 -0.70711 0.70711
vn 0.00000 -0.80902 0.58779
vn 0.00000 -0.80902 0.58779
vn 0.00000 -0.80902 0.58779
vn 0.00000 -0.80902 0.58779
vn 0.00000 -0.89101 0.45399
vn 0.00000 -0.89101 0.45399
vn 0.00000 -0.89101 0.45399
vn 0.00000 -0.89101 0.45399
vn 0.00000 -0.95106 0.30902
vn 0.00000 -0.95106 0.30902
vn 0.00000 -0.95106 0.30902
vn 0.00000 -0.95106 0.30902
vn 0.00000 -0.98769 0.15643
vn 0.00000 -0.98769 0.15643
vn 0.00000 -0.98769 0.15643
vn 0.00000 -0.98769 0.15643
vn 0.00000 -1.00000 0.00000
vn 0.00000 -1.00000 0.00000
vn 0.00000 -1.00000 0.00000
vn 0.00000 -1.00000 0.00000
vn 0.00000 -0.98769 -0.15643
vn 0.00000 -0.98769 -0.15643
vn 0.00000 -0.98769 -0.15643
vn 0.00000 -0.98769 -0.15643
vn 0.00000 -0.95106 -0.30902
vn 0.00000 -0.95106 -0.30902
vn 0.00000 -0.95106 -0.30902
vn 0.00000 -0.95106 -0.30902
vn 0.00000 -0.89101 -0.45399
vn 0.00000 -0.89101 -0.45399
vn 0.00000 -0.89101 -0.45399
vn 0.00000 -0.89101 -0.45399
vn 0.00000 -0.80902 -0.58779
vn 0.00000 -0.80902 -0.58779
vn 0.00000 -0.80902 -0.58779
vn 0.00000 -0.80902 -0.58779
vn 0.00000 -0.70711 -0.70711
vn 0.00000 -0.70711 -0.70711
vn 0.00000 -0.70711 -0.70711
vn 0.00000 -0.70711 -0.70711
vn 0.00000 -0.58779 -0.80902
vn 0.00000 -0.58779 -0.80902
vn 0.00000 -0.58779 -0.80902
vn 0.00000 -0.58779 -0.80902
vn 0.00000 -0.45399 -0.89101
vn 0.00000 -0.45399 -0.89101
vn 0.00000 -0.45399 -0.89101
vn 0.00000 -0.45399 -0.89101
vn 0.00000 -0.30902 -0.95106
vn 0.00000 -0.30902 -0.95106
vn 0.00000 -0.30902 -0.95106
vn 0.00000 -0.30902 -0.95106
vn 0.00000 -0.15643 -0.98769
vn 0.00000 -0.15643 -0.98769
vn 0.00000 -0.15643 -0.98769
vn 0.00000 -0.15643 -0.98769
vn 0.00000 -0.00000 -1.00000
vn 0.00000 -0.00000 -1.00000
vn 0.00000 -0.00000 1.00000
vn 0.00000 -0.00000 1.00000
vn 0.00000 -0.15643 0.98769
vn 0.00000 -0.15643 0.98769
vn 0.00000 -0.15643 0.98769
vn 0.00000 -0.15643 0.98769
vn 0.00000 -0.30902 0.95106
vn 0.00000 -0.30902 0.95106
vn 0.00000 -0.30902 0.95106
vn 0.00000 -0.30902 0.95106
vn 0.00000 -0.45399 0.89101
vn 0.00000 -0.45399 0.89101
vn 0.00000 -0.45399 0.89101
vn 0.00000 -0.45399 0.89101
vn 0.00000 -0.58779 0.80902
vn 0.00000 -0.58779 0.80902
vn 0.00000 -0.58779 0.80902
vn 0.00000 -0.58779 0.80902
vn 0.00000 -0.70711 0.70711
vn 0.00000 -0.70711 0.70711
vn 0.00000 -0.70711 0.70711
vn 0.00000 -0.70711 0.70711
vn 0.00000 -0.80902 0.58779
vn 0.00000 -0.80902 0.58779
vn 0.00000 -0.80902 0.58779
vn 0.00000 -0.80902 0.58779
vn 0.00000 -0.89101 0.45399
vn 0.00000 -0.89101 0.45399
vn 0.00000 -0.89101 0.45399
vn 0.00000 -0.89101 0.45399
vn 0.00000 -0.95106 0.30902
vn 0.00000 -0.95106 0.30902
vn 0.00000 -0.95106 0.30902
vn 0.00000 -0.95106 0.30902
vn 0.00000 -0.98769 0.15643
vn 0.00000 -0.98769 0.15643
vn 0.00000 -0.98769 0.15643
vn 0.00000 -0.98769 0.15643
vn 0.00000 -1.00000 0.00000
vn 0.00000 -1.00000 0.00000
vn 0.00000 -1.00000 0.00000
vn 0.00000 -1.00000 0.00000
vn 0.00000 -0.98769 -0.15643
vn 0.00000 -0.98769 -0.15643
vn 0.00000 -0.98769 -0.15643
vn 0.00000 -0.98769 -0.15643
vn 0.00000 -0.95106 -0.30902
vn 0.00000 -0.95106 -0.30902
vn 0.00000 -0.95106 -0.30902
vn 0.00000 -0.95106 -0.30902
vn 0.00000 -0.89101 -0.45399
vn 0.00000 -0.89101 -0.45399
vn 0.00000 -0.89101 -0.45399
vn 0.00000 -0.89101 -0.45399
vn 0.00000 -0.80902 -0.58779
vn 0.00000 -0.80902 -0.58779
vn 0.00000 -0.80902 -0.58779
vn 0.00000 -0.80902 -0.58779
vn 0.00000 -0.70711 -0.70711
vn 0.00000 -0.70711 -0.70711
vn 0.00000 -0.70711 -0.70711
vn 0.00000 -0.70711 -0.70711
vn 0.00000 -0.58779 -0.80902
vn 0.00000 -0.58779 -0.80902
vn 0.00000 -0.58779 -0.80902
vn 0.00000 -0.58779 -0.80902
vn 0.00000 -0.45399 -0.89101
vn 0.00000 -0.45399 -0.89101
vn 0.00000 -0.45399 -0.89101
vn 0.00000 -0.45399 -0.89101
vn 0.00000 -0.30902 -0.95106
vn 0.00000 -0.30902 -0.95106
vn 0.00000 -0.30902 -0.95106
vn 0.00000 -0.30902 -0.95106
vn 0.00000 -0.15643 -0.98769
vn 0.00000 -0.15643 -0.98769
vn 0.00000 -0.15643 -0.98769
vn 0.00000 -0.15643 -0.98769
vn 0.00000 -0.00000 -1.00000
vn 0.00000 -0.00000 -1.00000
vn 0.00000 0.00000 1.00000
vn 0.00000 0.00000 -1.00000
vn 0.00000 -0.00000 1.00000
vn 0.00000 -0.00000 1.00000
vn 0.00000 -0.15643 0.98769
vn 0.00000 -0.15643 0.98769
vn 0.00000 -0.15643 0.98769
vn 0.00000 -0.15643 0.98769
vn 0.00000 -0.30902 0.95106
vn 0.00000 -0.30902 0.95106
vn 0.00000 -0.30902 0.95106
vn 0.00000 -0.30902 0.95106
vn 0.00000 -0.45399 0.89101
vn 0.00000 -0.45399 0.89101
vn 0.00000 -0.45399 0.89101
vn 0.00000 -0.45399 0.89101
vn 0.00000 -0.58779 0.80902
vn 0.00000 -0.58779 0.80902
vn 0.00000 -0.58779 0.80902
vn 0.00000 -0.58779 0.80902
vn 0.00000 -0.70711 0.70711
vn 0.00000 -0.70711 0.70711
vn 0.00000 -0.70711 0.70711
vn 0.00000 -0.70711 0.70711
vn 0.00000 -0.80902 0.58779
vn 0.00000 -0.80902 0.58779
vn 0.00000 -0.80902 0.58779
vn 0.00000 -0.80902 0.58779
vn 0.00000 -0.89101 0.45399
vn 0.00000 -0.89101 0.45399
vn 0.00000 -0.89101 0.45399
vn 0.00000 -0.89101 0.45399
vn 0.00000 -0.95106 0.30902
vn 0.00000 -0.95106 0.30902
vn 0.00000 -0.95106 0.30902
vn 0.00000 -0.95106 0.30902
vn 0.00000 -0.98769 0.15643
vn 0.00000 -0.98769 0.15643
vn 0.00000 -0.98769 0.15643
vn 0.00000 -0.98769 0.15643
vn 0.00000 -1.00000 0.00000
vn 0.00000 -1.00000 0.00000
vn 0.00000 -1.00000 0.00000
vn 0.00000 -1.00000 0.00000
vn 0.00000 -0.98769 -0.15643
vn 0.00000 -0.98769 -0.15643
vn 0.00000 -0.98769 -0.15643
vn 0.00000 -0.98769 -0.15643
vn 0.00000 -0.95106 -0.30902
vn 0.00000 -0.95106 -0.30902
vn 0.00000 -0.95106 -0.30902
vn 0.00000 -0.95106 -0.30902
vn 0.00000 -0.89101 -0.45399
vn 0.00000 -0.89101 -0.45399
vn 0.00000 -0.89101 -0.45399
vn 0.00000 -0.89101 -0.45399
vn 0.00000 -0.80902 -0.58779
vn 0.00000 -0.80902 -0.58779
vn 0.00000 -0.80902 -0.58779
vn 0.00000 -0.80902 -0.58779
vn 0.00000 -0.70711 -0.70711
vn 0.00000 -0.70711 -0.70711
vn 0.00000 -0.70711 -0.70711
vn 0.00000 -0.70711 -0.70711
vn 0.00000 -0.58779 -0.80902
vn 0.00000 -0.58779 -0.80902
vn 0.00000 -0.58779 -0.80902
vn 0.00000 -0.58779 -0.80902
vn 0.00000 -0.45399 -0.89101
vn 0.00000 -0.45399 -0.89101
vn 0.00000 -0.45399 -0.89101
vn 0.00000 -0.45399 -0.89101
vn 0.00000 -0.30902 -0.95106
vn 0.00000 -0.30902 -0.95106
vn 0.00000 -0.30902 -0.95106
vn 0.00000 -0.30902 -0.95106
vn 0.00000 -0.15643 -0.98769
vn 0.00000 -0.15643 -0.98769
vn 0.00000 -0.15643 -0.98769
vn 0.00000 -0.15643 -0.98769
vn 0.00000 -0.00000 -1.00000
vn 0.00000 -0.00000 -1.00000
vn 0.00000 -0.00000 1.00000
vn 0.00000 -0.00000 1.00000
vn 0.00000 -0.15643 0.98769
vn 0.00000 -0.15643 0.98769
vn 0.00000 -0.15643 0.98769
vn 0.00000 -0.15643 0.98769
vn 0.00000 -0.30902 0.95106
vn 0.00000 -0.30902 0.95106
vn 0.00000 -0.30902 0.95106
vn 0.00000 -0.30902 0.95106
vn 0.00000 -0.45399 0.89101
vn 0.00000 -0.45399 0.89101
vn 0.00000 -0.45399 0.89101
vn 0.00000 -0.45399 0.89101
vn 0.00000 -0.58779 0.80902
vn 0.00000 -0.58779 0.80902
vn 0.00000 -0.58779 0.80902
vn 0.00000 -0.58779 0.80902
vn 0.00000 -0.70711 0.70711
vn 0.00000 -0.70711 0.70711
vn 0.00000 -0.70711 0.70711
vn 0.00000 -0.70711 0.70711
vn 0.00000 -0.80902 0.58779
vn 0.00000 -0.80902 0.58779
vn 0.00000 -0.80902 0.58779
vn 0.00000 -0.80902 0.58779
vn 0.00000 -0.89101 0.45399
vn 0.00000 -0.89101 0.45399
vn 0.00000 -0.89101 0.45399
vn 0.00000 -0.89101 0.45399
vn 0.00000 -0.95106 0.30902
vn 0.00000 -0.95106 0.30902
vn 0.00000 -0.95106 0.30902
vn 0.00000 -0.95106 0.30902
vn 0.00000 -0.98769 0.15643
vn 0.00000 -0.98769 0.15643
vn 0.00000 -0.98769 0.15643
vn 0.00000 -0.98769 0.15643
vn 0.00000 -1.00000 0.00000
vn 0.00000 -1.00000 0.00000
vn 0.00000 -1.00000 0.00000
vn 0.00000 -1.00000 0.00000
vn 0.00000 -0.98769 -0.15643
vn 0.00000 -0.98769 -0.15643
vn 0.00000 -0.98769 -0.15643
vn 0.00000 -0.98769 -0.15643
vn 0.00000 -0.95106 -0.30902
vn 0.00000 -0.95106 -0.30902
vn 0.00000 -0.95106 -0.30902
vn 0.00000 -0.95106 -0.30902
vn 0.00000 -0.89101 -0.45399
vn 0.00000 -0.89101 -0.45399
vn 0.00000 -0.89101 -0.45399
vn 0.00000 -0.89101 -0.45399
vn 0.00000 -0.80902 -0.58779
vn 0.00000 -0.80902 -0.58779
vn 0.00000 -0.80902 -0.58779
vn 0.00000 -0.80902 -0.58779
vn 0.00000 -0.70711 -0.70711
vn 0.00000 -0.70711 -0.70711
vn 0.00000 -0.70711 -0.70711
vn 0.00000 -0.70711 -0.70711
vn 0.00000 -0.58779 -0.80902
vn 0.00000 -0.58779 -0.80902
vn 0.00000 -0.58779 -0.80902
vn 0.00000 -0.58779 -0.80902
vn 0.00000 -0.45399 -0.89101
vn 0.00000 -0.45399 -0.89101
vn 0.00000 -0.45399 -0.89101
vn 0.00000 -0.45399 -0.89101
vn 0.00000 -0.30902 -0.95106
vn 0.00000 -0.30902 -0.95106
vn 0.00000 -0.30902 -0.95106
vn 0.00000 -0.30902 -0.95106
vn 0.00000 -0.15643 -0.98769
vn 0.00000 -0.15643 -0.98769
vn 0.00000 -0.15643 -0.98769
vn 0.00000 -0.15643 -0.98769
vn 0.00000 -0.00000 -1.00000
vn 0.00000 -0.00000 -1.00000
vn 0.00000 0.00000 1.00000
vn 0.00000 0.00000 -1.00000
vn 0.00000 -0.00000 1.00000
vn 0.00000 -0.00000 1.00000
vn 0.00000 -0.15643 0.98769
vn 0.00000 -0.15643 0.98769
vn 0.00000 -0.15643 0.98769
vn 0.00000 -0.15643 0.98769
vn 0.00000 -0.30902 0.95106
vn 0.00000 -0.30902 0.95106
vn 0.00000 -0.30902 0.95106
vn 0.00000 -0.30902 0.95106
vn 0.00000 -0.45399 0.89101
vn 0.00000 -0.45399 0.89101
vn 0.00000 -0.45399 0.89101
vn 0.00000 -0.45399 0.89101
vn 0.00000 -0.58779 0.80902
vn 0.00000 -0.58779 0.80902
vn 0.00000 -0.58779 0.80902
vn 0.00000 -0.58779 0.80902
vn 0.00000 -0.70711 0.70711
vn 0.00000 -0.70711 0.70711
vn 0.00000 -0.70711 0.70711
vn 0.00000 -0.70711 0.70711
vn 0.00000 -0.80902 0.58779
vn 0.00000 -0.80902 0.58779
vn 0.00000 -0.80902 0.58779
vn 0.00000 -0.80902 0.58779
vn 0.00000 -0.89101 0.45399
vn 0.00000 -0.89101 0.45399
vn 0.00000 -0.89101 0.45399
vn 0.00000 -0.89101 0.45399
vn 0.00000 -0.95106 0.30902
vn 0.00000 -0.95106 0.30902
vn 0.00000 -0.95106 0.30902
vn 0.00000 -0.95106 0.30902
vn 0.00000 -0.98769 0.15643
vn 0.00000 -0.98769 0.15643
vn 0.00000 -0.98769 0.15643
vn 0.00000 -0.98769 0.15643
vn 0.00000 -1.00000 0.00000
vn 0.00000 -1.00000 0.00000
vn 0.00000 -1.00000 0.00000
vn 0.00000 -1.00000 0.00000
vn 0.00000 -0.98769 -0.15643
vn 0.00000 -0.98769 -0.15643
vn 0.00000 -0.98769 -0.15643
vn 0.00000 -0.98769 -0.15643
vn 0.00000 -0.95106 -0.30902
vn 0.00000 -0.95106 -0.30902
vn 0.00000 -0.95106 -0.30902
vn 0.00000 -0.95106 -0.30902
vn 0.00000 -0.89101 -0.45399
vn 0.00000 -0.89101 -0.45399
vn 0.00000 -0.89101 -0.45399
vn 0.00000 -0.89101 -0.45399
vn 0.00000 -0.80902 -0.58779
vn 0.00000 -0.80902 -0.58779
vn 0.00000 -0.80902 -0.58779
vn 0.00000 -0.80902 -0.58779
vn 0.00000 -0.70711 -0.70711
vn 0.00000 -0.70711 -0.70711
vn 0.00000 -0.70711 -0.70711
vn 0.00000 -0.70711 -0.70711
vn 0.00000 -0.58779 -0.80902
vn 0.00000 -0.58779 -0.80902
vn 0.00000 -0.58779 -0.80902
vn 0.00000 -0.58779 -0.80902
vn 0.00000 -0.45399 -0.89101
vn 0.00000 -0.45399 -0.89101
vn 0.00000 -0.45399 -0.89101
vn 0.00000 -0.45399 -0.89101
vn 0.00000 -0.30902 -0.95106
vn 0.00000 -0.30902 -0.95106
vn 0.00000 -0.30902 -0.95106
vn 0.00000 -0.30902 -0.95106
vn 0.00000 -0.15643 -0.98769
vn 0.00000 -0.15643 -0.98769
vn 0.00000 -0.15643 -0.98769
vn 0.00000 -0.15643 -0.98769
vn 0.00000 -0.00000 -1.00000
vn 0.00000 -0.00000 -1.00000
vn 0.00000 -0.00000 1.00000
vn 0.00000 -0.00000 1.00000
vn 0.00000 -0.15643 0.98769
vn 0.00000 -0.15643 0.98769
vn 0.00000 -0.15643 0.98769
vn 0.00000 -0.15643 0.98769
vn 0.00000 -0.30902 0.95106
vn 0.00000 -0.30902 0.95106
vn 0.00000 -0.30902 0.95106
vn 0.00000 -0.30902 0.95106
vn 0.00000 -0.45399 0.89101
vn 0.00000 -0.45399 0.89101
vn 0.00000 -0.45399 0.89101
vn 0.00000 -0.45399 0.89101
vn 0.00000 -0.58779 0.80902
vn 0.00000 -0.58779 0.80902
vn 0.00000 -0.58779 0.80902
vn 0.00000 -0.58779 0.80902
vn 0.00000 -0.70711 0.70711
vn 0.00000 -0.70711 0.70711
vn 0.00000 -0.70711 0.70711
vn 0.00000 -0.70711 0.70711
vn 0.00000 -0.80902 0.58779
vn 0.00000 -0.80902 0.58779
vn 0.00000 -0.80902 0.58779
vn 0.00000 -0.80902 0.58779
vn 0.00000 -0.89101 0.45399
vn 0.00000 -0.89101 0.45399
vn 0.00000 -0.89101 0.45399
vn 0.00000 -0.89101 0.45399
vn 0.00000 -0.95106 0.30902
vn 0.00000 -0.95106 0.30902
vn 0.00000 -0.95106 0.30902
vn 0.00000 -0.95106 0.30902
vn 0.00000 -0.98769 0.15643
vn 0.00000 -0.98769 0.15643
vn 0.00000 -0.98769 0.15643
vn 0.00000 -0.98769 0.15643
vn 0.00000 -1.00000 0.00000
vn 0.00000 -1.00000 0.00000
vn 0.00000 -1.00000 0.00000
vn 0.00000 -1.00000 0.00000
vn 0.00000 -0.98769 -0.15643
vn 0.00000 -0.98769 -0.15643
vn 0.00000 -0.98769 -0.15643
vn 0.00000 -0.98769 -0.15643
vn 0.00000 -0.95106 -0.30902
vn 0.00000 -0.95106 -0.30902
vn 0.00000 -0.95106 -0.30902
vn 0.00000 -0.95106 -0.30902
vn 0.00000 -0.89101 -0.45399
vn 0.00000 -0.89101 -0.45399
vn 0.00000 -0.89101 -0.45399
vn 0.00000 -0.89101 -0.45399
vn 0.00000 -0.80902 -0.58779
vn 0.00000 -0.80902 -0.58779
vn 0.00000 -0.80902 -0.58779
vn 0.00000 -0.80902 -0.58779
vn 0.00000 -0.70711 -0.70711
vn 0.00000 -0.70711 -0.70711
vn 0.00000 -0.70711 -0.70711
vn 0.00000 -0.70711 -0.70711
vn 0.00000 -0.58779 -0.80902
vn 0.00000 -0.58779 -0.80902
vn 0.00000 -0.58779 -0.80902
vn 0.00000 -0.58779 -0.80902
vn 0.00000 -0.45399 -0.89101
vn 0.00000 -0.45399 -0.89101
vn 0.00000 -0.45399 -0.89101
vn 0.00000 -0.45399 -0.89101
vn 0.00000 -0.30902 -0.95106
vn 0.00000 -0.30902 -0.95106
vn 0.00000 -0.30902 -0.95106
vn 0.00000 -0.30902 -0.95106
vn 0.00000 -0.15643 -0.98769
vn 0.00000 -0.15643 -0.98769
vn 0.00000 -0.15643 -0.98769
vn 0.00000 -0.15643 -0.98769
vn 0.00000 -0.00000 -1.00000
vn 0.00000 -0.00000 -1.00000
vn 0.00000 0.00000 1.00000
vn 0.00000 0.00000 -1.00000
vn 0.00000 -0.00000 1.00000
vn 0.00000 -0.00000 1.00000
vn 0.00000 -0.15643 0.98769
vn 0.00000 -0.15643 0.98769
vn 0.00000 -0.15643 0.98769
vn 0.00000 -0.15643 0.98769
vn 0.00000 -0.30902 0.95106
vn 0.00000 -0.30902 0.95106
vn 0.00000 -0.30902 0.95106
vn 0.00000 -0.30902 0.95106
vn 0.00000 -0.45399 0.89101
vn 0.00000 -0.45399 0.89101
vn 0.00000 -0.45399 0.89101
vn 0.00000 -0.45399 0.89101
vn 0.00000 -0.58779 0.80902
vn 0.00000 -0.58779 0.80902
vn 0.00000 -0.58779 0.80902
vn 0.00000 -0.58779 0.80902
vn 0.00000 -0.70711 0.70711
vn 0.00000 -0.70711 0.70711
vn 0.00000 -0.70711 0.70711
vn 0.00000 -0.70711 0.70711
vn 0.00000 -0.80902 0.58779
vn 0.00000 -0.80902 0.58779
vn 0.00000 -0.80902 0.58779
vn 0.00000 -0.80902 0.58779
vn 0.00000 -0.89101 0.45399
vn 0.00000 -0.89101 0.45399
vn 0.00000 -0.89101 0.45399
vn 0.00000 -0.89101 0.45399
vn 0.00000 -0.95106 0.30902
vn 0.00000 -0.95106 0.30902
vn 0.00000 -0.95106 0.30902
vn 0.00000 -0.95106 0.30902
vn 0.00000 -0.98769 0.15643
vn 0.00000 -0.98769 0.15643
vn 0.00000 -0.98769 0.15643
vn 0.00000 -0.98769 0.15643
vn 0.00000 -1.00000 0.00000
vn 0.00000 -1.00000 0.00000
vn 0.00000 -1.00000 0.00000
vn 0.00000 -1.00000 0.00000
vn 0.00000 -0.98769 -0.15643
vn 0.00000 -0.98769 -0.15643
vn 0.00000 -0.98769 -0.15643
vn 0.00000 -0.98769 -0.15643
vn 0.00000 -0.95106 -0.30902
vn 0.00000 -0.95106 -0.30902
vn 0.00000 -0.95106 -0.30902
vn 0.00000 -0.95106 -0.30902
vn 0.00000 -0.89101 -0.45399
vn 0.00000 -0.89101 -0.45399
vn 0.00000 -0.89101 -0.45399
vn 0.00000 -0.89101 -0.45399
vn 0.00000 -0.80902 -0.58779
vn 0.00000 -0.80902 -0.58779
vn 0.00000 -0.80902 -0.58779
vn 0.00000 -0.80902 -0.58779
vn 0.00000 -0.70711 -0.70711
vn 0.00000 -0.70711 -0.70711
vn 0.00000 -0.70711 -0.70711
vn 0.00000 -0.70711 -0.70711
vn 0.00000 -0.58779 -0.80902
vn 0.00000 -0.58779 -0.80902
vn 0.00000 -0.58779 -0.80902
vn 0.00000 -0.58779 -0.80902
vn 0.00000 -0.45399 -0.89101
vn 0.00000 -0.45399 -0.89101
vn 0.00000 -0.45399 -0.89101
vn 0.00000 -0.45399 -0.89101
vn 0.00000 -0.30902 -0.95106
vn 0.00000 -0.30902 -0.95106
vn 0.00000 -0.30902 -0.95106
vn 0.00000 -0.30902 -0.95106
vn 0.00000 -0.15643 -0.98769
vn 0.00000 -0.15643 -0.98769
vn 0.00000 -0.15643 -0.98769
vn 0.00000 -0.15643 -0.98769
vn 0.00000 -0.00000 -1.00000
vn 0.00000 -0.00000 -1.00000
vn 0.00000 -0.00000 1.00000
vn 0.00000 -0.00000 1.00000
vn 0.00000 -0.15643 0.98769
vn 0.00000 -0.15643 0.98769
vn 0.00000 -0.15643 0.98769
vn 0.00000 -0.15643 0.98769
vn 0.00000 -0.30902 0.95106
vn 0.00000 -0.30902 0.95106
vn 0.00000 -0.30902 0.95106
vn 0.00000 -0.30902 0.95106
vn 0.00000 -0.45399 0.89101
vn 0.00000 -0.45399 0.89101
vn 0.00000 -0.45399 0.89101
vn 0.00000 -0.45399 0.89101
vn 0.00000 -0.58779 0.80902
vn 0.00000 -0.58779 0.80902
vn 0.00000 -0.58779 0.80902
vn 0.00000 -0.58779 0.80902
vn 0.00000 -0.70711 0.70711
vn 0.00000 -0.70711 0.70711
vn 0.00000 -0.70711 0.70711
vn 0.00000 -0.70711 0.70711
vn 0.00000 -0.80902 0.58779
vn 0.00000 -0.80902 0.58779
vn 0.00000 -0.80902 0.58779
vn 0.00000 -0.80902 0.58779
vn 0.00000 -0.89101 0.45399
vn 0.00000 -0.89101 0.45399
vn 0.00000 -0.89101 0.45399
vn 0.00000 -0.89101 0.45399
vn 0.00000 -0.95106 0.30902
vn 0.00000 -0.95106 0.30902
vn 0.00000 -0.95106 0.30902
vn 0.00000 -0.95106 0.30902
vn 0.00000 -0.98769 0.15643
vn 0.00000 -0.98769 0.15643
vn 0.00000 -0.98769 0.15643
vn 0.00000 -0.98769 0.15643
vn 0.00000 -1.00000 0.00000
vn 0.00000 -1.00000 0.00000
vn 0.00000 -1.00000 0.00000
vn 0.00000 -1.00000 0.00000
vn 0.00000 -0.98769 -0.15643
vn 0.00000 -0.98769 -0.15643
vn 0.00000 -0.98769 -0.15643
vn 0.00000 -0.98769 -0.15643
vn 0.00000 -0.95106 -0.30902
vn 0.00000 -0.95106 -0.30902
vn 0.00000 -0.95106 -0.30902
vn 0.00000 -0.95106 -0.30902
vn 0.00000 -0.89101 -0.45399
vn 0.00000 -0.89101 -0.45399
vn 0.00000 -0.89101 -0.45399
vn 0.00000 -0.89101 -0.45399
vn 0.00000 -0.80902 -0.58779
vn 0.00000 -0.80902 -0.58779
vn 0.00000 -0.80902 -0.58779
vn 0.00000 -0.80902 -0.58779
vn 0.00000 -0.70711 -0.70711
vn 0.00000 -0.70711 -0.70711
vn 0.00000 -0.70711 -0.70711
vn 0.00000 -0.70711 -0.70711
vn 0.00000 -0.58779 -0.80902
vn 0.00000 -0.58779 -0.80902
vn 0.00000 -0.58779 -0.80902
vn 0.00000 -0.58779 -0.80902
vn 0.00000 -0.45399 -0.89101
vn 0.00000 -0.45399 -0.89101
vn 0.00000 -0.45399 -0.89101
vn 0.00000 -0.45399 -0.89101
vn 0.00000 -0.30902 -0.95106
vn 0.00000 -0.30902 -0.95106
vn 0.00000 -0.30902 -0.95106
vn 0.00000 -0.30902 -0.95106
vn 0.00000 -0.15643 -0.98769
vn 0.00000 -0.15643 -0.98769
vn 0.00000 -0.15643 -0.98769
vn 0.00000 -0.15643 -0.98769
vn 0.00000 -0.00000 -1.00000
vn 0.00000 -0.00000 -1.00000
vn 0.00000 0.00000 1.00000
vn 0.00000 0.00000 -1.00000
vn 0.00000 -0.00000 1.00000
vn 0.00000 -0.00000 1.00000
vn 0.00000 -0.15643 0.98769
vn 0.00000 -0.15643 0.98769
vn 0.00000 -0.15643 0.98769
vn 0.00000 -0.15643 0.98769
vn 0.00000 -0.30902 0.95106
vn 0.00000 -0.30902 0.95106
vn 0.00000 -0.30902 0.95106
vn 0.00000 -0.30902 0.95106
vn 0.00000 -0.45399 0.89101
vn 0.00000 -0.45399 0.89101
vn 0.00000 -0.45399 0.89101
vn 0.00000 -0.45399 0.89101
vn 0.00000 -0.58779 0.80902
vn 0.00000 -0.58779 0.80902
vn 0.00000 -0.58779 0.80902
vn 0.00000 -0.58779 0.80902
vn 0.00000 -0.70711 0.70711
vn 0.00000 -0.70711 0.70711
vn 0.00000 -0.70711 0.70711
vn 0.00000 -0.70711 0.70711
vn 0.00000 -0.80902 0.58779
vn 0.00000 -0.80902 0.58779
vn 0.00000 -0.80902 0.58779
vn 0.00000 -0.80902 0.58779
vn 0.00000 -0.89101 0.45399
vn 0.00000 -0.89101 0.45399
vn 0.00000 -0.89101 0.45399
vn 0.00000 -0.89101 0.45399
vn 0.00000 -0.95106 0.30902
vn 0.00000 -0.95106 0.30902
vn 0.00000 -0.95106 0.30902
vn 0.00000 -0.95106 0.30902
vn 0.00000 -0.98769 0.15643
vn 0.00000 -0.98769 0.15643
vn 0.00000 -0.98769 0.15643
vn 0.00000 -0.98769 0.15643
vn 0.00000 -1.00000 0.00000
vn 0.00000 -1.00000 0.00000
vn 0.00000 -1.00000 0.00000
vn 0.00000 -1.00000 0.00000
vn 0.00000 -0.98769 -0.15643
vn 0.00000 -0.98769 -0.15643
vn 0.00000 -0.98769 -0.15643
vn 0.00000 -0.98769 -0.15643
vn 0.00000 -0.95106 -0.30902
vn 0.00000 -0.95106 -0.30902
vn 0.00000 -0.95106 -0.30902
vn 0.00000 -0.95106 -0.30902
vn 0.00000 -0.89101 -0.45399
vn 0.00000 -0.89101 -0.45399
vn 0.00000 -0.89101 -0.45399
vn 0.00000 -0.89101 -0.45399
vn 0.00000 -0.80902 -0.58779
vn 0.00000 -0.80902 -0.58779
vn 0.00000 -0.80902 -0.58779
vn 0.00000 -0.80902 -0.58779
vn 0.00000 -0.70711 -0.70711
vn 0.00000 -0.70711 -0.70711
vn 0.00000 -0.70711 -0.70711
vn 0.00000 -0.70711 -0.70711
vn 0.00000 -0.58779 -0.80902
vn 0.00000 -0.58779 -0.80902
vn 0.00000 -0.58779 -0.80902
vn 0.00000 -0.58779 -0.80902
vn 0.00000 -0.45399 -0.89101
vn 0.00000 -0.45399 -0.89101
vn 0.00000 -0.45399 -0.89101
vn 0.00000 -0.45399 -0.89101
vn 0.00000 -0.30902 -0.95106
vn 0.00000 -0.30902 -0.95106
vn 0.00000 -0.30902 -0.95106
vn 0.00000 -0.30902 -0.95106
vn 0.00000 -0.15643 -0.98769
vn 0.00000 -0.15643 -0.98769
vn 0.00000 -0.15643 -0.98769
vn 0.00000 -0.15643 -0.98769
vn 0.00000 -0.00000 -1.00000
vn 0.00000 -0.00000 -1.00000
vn 0.00000 -0.00000 1.00000
vn 0.00000 -0.00000 1.00000
vn 0.00000 -0.15643 0.98769
vn 0.00000 -0.15643 0.98769
vn 0.00000 -0.15643 0.98769
vn 0.00000 -0.15643 0.98769
vn 0.00000 -0.30902 0.95106
vn 0.00000 -0.30902 0.95106
vn 0.00000 -0.30902 0.95106
vn 0.00000 -0.30902 0.95106
vn 0.00000 -0.45399 0.89101
vn 0.00000 -0.45399 0.89101
vn 0.00000 -0.45399 0.89101
vn 0.00000 -0.45399 0.89101
vn 0.00000 -0.58779 0.80902
vn 0.00000 -0.58779 0.80902
vn 0.00000 -0.58779 0.80902
vn 0.00000 -0.58779 0.80902
vn 0.00000 -0.70711 0.70711
vn 0.00000 -0.70711 0.70711
vn 0.00000 -0.70711 0.70711
vn 0.00000 -0.70711 0.70711
vn 0.00000 -0.80902 0.58779
vn 0.00000 -0.80902 0.58779
vn 0.00000 -0.80902 0.58779
vn 0.00000 -0.80902 0.58779
vn 0.00000 -0.89101 0.45399
vn 0.00000 -0.89101 0.45399
vn 0.00000 -0.89101 0.45399
vn 0.00000 -0.89101 0.45399
vn 0.00000 -0.95106 0.30902
vn 0.00000 -0.95106 0.30902
vn 0.00000 -0.95106 0.30902
vn 0.00000 -0.95106 0.30902
vn 0.00000 -0.98769 0.15643
vn 0.00000 -0.98769 0.15643
vn 0.00000 -0.98769 0.15643
vn 0.00000 -0.98769 0.15643
vn 0.00000 -1.00000 0.00000
vn 0.00000 -1.00000 0.00000
vn 0.00000 -1.00000 0.00000
vn 0.00000 -1.00000 0.00000
vn 0.00000 -0.98769 -0.15643
vn 0.00000 -0.98769 -0.15643
vn 0.00000 -0.98769 -0.15643
vn 0.00000 -0.98769 -0.15643
vn 0.00000 -0.95106 -0.30902
vn 0.00000 -0.95106 -0.30902
vn 0.00000 -0.95106 -0.30902
vn 0.00000 -0.95106 -0.30902
vn 0.00000 -0.89101 -0.45399
vn 0.00000 -0.89101 -0.45399
vn 0.00000 -0.89101 -0.45399
vn 0.00000 -0.89101 -0.45399
vn 0.00000 -0.80902 -0.58779
vn 0.00000 -0.80902 -0.58779
vn 0.00000 -0.80902 -0.58779
vn 0.00000 -0.80902 -0.58779
vn 0.00000 -0.70711 -0.70711
vn 0.00000 -0.70711 -0.70711
vn 0.00000 -0.70711 -0.70711
vn 0.00000 -0.70711 -0.70711
vn 0.00000 -0.58779 -0.80902
vn 0.00000 -0.58779 -0.80902
vn 0.00000 -0.58779 -0.80902
vn 0.00000 -0.58779 -0.80902
vn 0.00000 -0.45399 -0.89101
vn 0.00000 -0.45399 -0.89101
vn 0.00000 -0.45399 -0.89101
vn 0.00000 -0.45399 -0.89101
vn 0.00000 -0.30902 -0.95106
vn 0.00000 -0.30902 -0.95106
vn 0.00000 -0.30902 -0.95106
vn 0.00000 -0.30902 -0.95106
vn 0.00000 -0.15643 -0.98769
vn 0.00000 -0.15643 -0.98769
vn 0.00000 -0.15643 -0.98769
vn 0.00000 -0.15643 -0.98769
vn 0.00000 -0.00000 -1.00000
vn 0.00000 -0.00000 -1.00000
vn 0.00000 0.00000 1.00000
vn 0.00000 0.00000 -1.00000
vn 0.00000 -0.00000 1.00000
vn 0.00000 -0.00000 1.00000
vn 0.00000 -0.15643 0.98769
vn 0.00000 -0.15643 0.98769
vn 0.00000 -0.15643 0.98769
vn 0.00000 -0.15643 0.98769
vn 0.00000 -0.30902 0.95106
vn 0.00000 -0.30902 0.95106
vn 0.00000 -0.30902 0.95106
vn 0.00000 -0.30902 0.95106
vn 0.00000 -0.45399 0.89101
vn 0.00000 -0.45399 0.89101
vn 0.00000 -0.45399 0.89101
vn 0.00000 -0.45399 0.89101
vn 0.00000 -0.58779 0.80902
vn 0.00000 -0.58779 0.80902
vn 0.00000 -0.58779 0.80902
vn 0.00000 -0.58779 0.80902
vn 0.00000 -0.70711 0.70711
vn 0.00000 -0.70711 0.70711
vn 0.00000 -0.70711 0.70711
vn 0.00000 -0.70711 0.70711
vn 0.00000 -0.80902 0.58779
vn 0.00000 -0.80902 0.58779
vn 0.00000 -0.80902 0.58779
vn 0.00000 -0.80902 0.58779
vn 0.00000 -0.89101 0.45399
vn 0.00000 -0.89101 0.45399
vn 0.00000 -0.89101 0.45399
vn 0.00000 -0.89101 0.45399
vn 0.00000 -0.95106 0.30902
vn 0.00000 -0.95106 0.30902
vn 0.00000 -0.95106 0.30902
vn 0.00000 -0.95106 0.30902
vn 0.00000 -0.98769 0.15643
vn 0.00000 -0.98769 0.15643
vn 0.00000 -0.98769 0.15643
vn 0.00000 -0.98769 0.15643
vn 0.00000 -1.00000 0.00000
vn 0.00000 -1.00000 0.00000
vn 0.00000 -1.00000 0.00000
vn 0.00000 -1.00000 0.00000
vn 0.00000 -0.98769 -0.15643
vn 0.00000 -0.98769 -0.15643
vn 0.00000 -0.98769 -0.15643
vn 0.00000 -0.98769 -0.15643
vn 0.00000 -0.95106 -0.30902
vn 0.00000 -0.95106 -0.30902
vn 0.00000 -0.95106 -0.30902
vn 0.00000 -0.95106 -0.30902
vn 0.00000 -0.89101 -0.45399
vn 0.00000 -0.89101 -0.45399
vn 0.00000 -0.89101 -0.45399
vn 0.00000 -0.89101 -0.45399
vn 0.00000 -0.80902 -0.58779
vn 0.00000 -0.80902 -0.58779
vn 0.00000 -0.80902 -0.58779
vn 0.00000 -0.80902 -0.58779
vn 0.00000 -0.70711 -0.70711
vn 0.00000 -0.70711 -0.70711
vn 0.00000 -0.70711 -0.70711
vn 0.00000 -0.70711 -0.70711
vn 0.00000 -0.58779 -0.80902
vn 0.00000 -0.58779 -0.80902
vn 0.00000 -0.58779 -0.80902
vn 0.00000 -0.58779 -0.80902
vn 0.00000 -0.45399 -0.89101
vn 0.00000 -0.45399 -0.89101
vn 0.00000 -0.45399 -0.89101
vn 0.00000 -0.45399 -0.89101
vn 0.00000 -0.30902 -0.95106
vn 0.00000 -0.30902 -0.95106
vn 0.00000 -0.30902 -0.95106
vn 0.00000 -0.30902 -0.95106
vn 0.00000 -0.15643 -0.98769
vn 0.00000 -0.15643 -0.98769
vn 0.00000 -0.15643 -0.98769
vn 0.00000 -0.15643 -0.98769
vn 0.00000 -0.00000 -1.00000
vn 0.00000 -0.00000 -1.00000
vn 0.00000 -0.00000 1.00000
vn 0.00000 -0.00000 1.00000
vn 0.00000 -0.15643 0.98769
vn 0.00000 -0.15643 0.98769
vn 0.00000 -0.15643 0.98769
vn 0.00000 -0.15643 0.98769
vn 0.00000 -0.30902 0.95106
vn 0.00000 -0.30902 0.95106
vn 0.00000 -0.30902 0.95106
vn 0.00000 -0.30902 0.95106
vn 0.00000 -0.45399 0.89101
vn 0.00000 -0.45399 0.89101
vn 0.00000 -0.45399 0.89101
vn 0.00000 -0.45399 0.89101
vn 0.00000 -0.58779 0.80902
vn 0.00000 -0.58779 0.80902
vn 0.00000 -0.58779 0.80902
vn 0.00000 -0.58779 0.80902
vn 0.00000 -0.70711 0.70711
vn 0.00000 -0.70711 0.70711
vn 0.00000 -0.70711 0.70711
vn 0.00000 -0.70711 0.70711
vn 0.00000 -0.80902 0.58779
vn 0.00000 -0.80902 0.58779
vn 0.00000 -0.80902 0.58779
vn 0.00000 -0.80902 0.58779
vn 0.00000 -0.89101 0.45399
vn 0.00000 -0.89101 0.45399
vn 0.00000 -0.89101 0.45399
vn 0.00000 -0.89101 0.45399
vn 0.00000 -0.95106 0.30902
vn 0.00000 -0.95106 0.30902
vn 0.00000 -0.95106 0.30902
vn 0.00000 -0.95106 0.30902
vn 0.00000 -0.98769 0.15643
vn 0.00000 -0.98769 0.15643
vn 0.00000 -0.98769 0.15643
vn 0.00000 -0.98769 0.15643
vn 0.00000 -1.00000 0.00000
vn 0.00000 -1.00000 0.00000
vn 0.00000 -1.00000 0.00000
vn 0.00000 -1.00000 0.00000
vn 0.00000 -0.98769 -0.15643
vn 0.00000 -0.98769 -0.15643
vn 0.00000 -0.98769 -0.15643
vn 0.00000 -0.98769 -0.15643
vn 0.00000 -0.95106 -0.30902
vn 0.00000 -0.95106 -0.30902
vn 0.00000 -0.95106 -0.30902
vn 0.00000 -0.95106 -0.30902
vn 0.00000 -0.89101 -0.45399
vn 0.00000 -0.89101 -0.45399
vn 0.00000 -0.89101 -0.45399
vn 0.00000 -0.89101 -0.45399
vn 0.00000 -0.80902 -0.58779
vn 0.00000 -0.80902 -0.58779
vn 0.00000 -0.80902 -0.58779
vn 0.00000 -0.80902 -0.58779
vn 0.00000 -0.70711 -0.70711
vn 0.00000 -0.70711 -0.70711
vn 0.00000 -0.70711 -0.70711
vn 0.00000 -0.70711 -0.70711
vn 0.00000 -0.58779 -0.80902
vn 0.00000 -0.58779 -0.80902
vn 0.00000 -0.58779 -0.80902
vn 0.00000 -0.58779 -0.80902
vn 0.00000 -0.45399 -0.89101
vn 0.00000 -0.45399 -0.89101
vn 0.00000 -0.45399 -0.89101
vn 0.00000 -0.45399 -0.89101
vn 0.00000 -0.30902 -0.95106
vn 0.00000 -0.30902 -0.95106
vn 0.00000 -0.30902 -0.95106
vn 0.00000 -0.30902 -0.95106
vn 0.00000 -0.15643 -0.98769
vn 0.00000 -0.15643 -0.98769
vn 0.00000 -0.15643 -0.98769
vn 0.00000 -0.15643 -0.98769
vn 0.00000 -0.00000 -1.00000
vn 0.00000 -0.00000 -1.00000
vn 0.00000 0.00000 1.00000
vn 0.00000 0.00000 -1.00000
vn 0.00000 -0.00000 1.00000
vn 0.00000 -0.00000 1.00000
vn 0.00000 -0.15643 0.98769
vn 0.00000 -0.15643 0.98769
vn 0.00000 -0.15643 0.98769
vn 0.00000 -0.15643 0.98769
vn 0.00000 -0.30902 0.95106
vn 0.00000 -0.30902 0.95106
vn 0.00000 -0.30902 0.95106
vn 0.00000 -0.30902 0.95106
vn 0.00000 -0.45399 0.89101
vn 0.00000 -0.45399 0.89101
vn 0.00000 -0.45399 0.89101
vn 0.00000 -0.45399 0.89101
vn 0.00000 -0.58779 0.80902
vn 0.00000 -0.58779 0.80902
vn 0.00000 -0.58779 0.80902
vn 0.00000 -0.58779 0.80902
vn 0.00000 -0.70711 0.70711
vn 0.00000 -0.70711 0.70711
vn 0.00000 -0.70711 0.70711
vn 0.00000 -0.70711 0.70711
vn 0.00000 -0.80902 0.58779
vn 0.00000 -0.80902 0.58779
vn 0.00000 -0.80902 0.58779
vn 0.00000 -0.80902 0.58779
vn 0.00000 -0.89101 0.45399
vn 0.00000 -0.89101 0.45399
vn 0.00000 -0.89101 0.45399
vn 0.00000 -0.89101 0.45399
vn 0.00000 -0.95106 0.30902
vn 0.00000 -0.95106 0.30902
vn 0.00000 -0.95106 0.30902
vn 0.00000 -0.95106 0.30902
vn 0.00000 -0.98769 0.15643
vn 0.00000 -0.98769 0.15643
vn 0.00000 -0.98769 0.15643
vn 0.00000 -0.98769 0.15643
vn 0.00000 -1.00000 0.00000
vn 0.00000 -1.00000 0.00000
vn 0.00000 -1.00000 0.00000
vn 0.00000 -1.00000 0.00000
vn 0.00000 -0.98769 -0.15643
vn 0.00000 -0.98769 -0.15643
vn 0.00000 -0.98769 -0.15643
vn 0.00000 -0.98769 -0.15643
vn 0.00000 -0.95106 -0.30902
vn 0.00000 -0.95106 -0.30902
vn 0.00000 -0.95106 -0.30902
vn 0.00000 -0.95106 -0.30902
vn 0.00000 -0.89101 -0.45399
vn 0.00000 -0.89101 -0.45399
vn 0.00000 -0.89101 -0.45399
vn 0.00000 -0.89101 -0.45399
vn 0.00000 -0.80902 -0.58779
vn 0.00000 -0.80902 -0.58779
vn 0.00000 -0.80902 -0.58779
vn 0.00000 -0.80902 -0.58779
vn 0.00000 -0.70711 -0.70711
vn 0.00000 -0.70711 -0.70711
vn 0.00000 -0.70711 -0.70711
vn 0.00000 -0.70711 -0.70711
vn 0.00000 -0.58779 -0.80902
vn 0.00000 -0.58779 -0.80902
vn 0.00000 -0.58779 -0.80902
vn 0.00000 -0.58779 -0.80902
vn 0.00000 -0.45399 -0.89101
vn 0.00000 -0.45399 -0.89101
vn 0.00000 -0.45399 -0.89101
vn 0.00000 -0.45399 -0.89101
vn 0.00000 -0.30902 -0.95106
vn 0.00000 -0.30902 -0.95106
vn 0.00000 -0.30902 -0.95106
vn 0.00000 -0.30902 -0.95106
vn 0.00000 -0.15643 -0.98769
vn 0.00000 -0.15643 -0.98769
vn 0.00000 -0.15643 -0.98769
vn 0.00000 -0.15643 -0.98769
vn 0.00000 -0.00000 -1.00000
vn 0.00000 -0.00000 -1.00000
vn 0.00000 -0.00000 1.00000
vn 0.00000 -0.00000 1.00000
vn 0.00000 -0.15643 0.98769
vn 0.00000 -0.15643 0.98769
vn 0.00000 -0.15643 0.98769
vn 0.00000 -0.15643 0.98769
vn 0.00000 -0.30902 0.95106
vn 0.00000 -0.30902 0.95106
vn 0.00000 -0.30902 0.95106
vn 0.00000 -0.30902 0.95106
vn 0.00000 -0.45399 0.89101
vn 0.00000 -0.45399 0.89101
vn 0.00000 -0.45399 0.89101
vn 0.00000 -0.45399 0.89101
vn 0.00000 -0.58779 0.80902
vn 0.00000 -0.58779 0.80902
vn 0.00000 -0.58779 0.80902
vn 0.00000 -0.58779 0.80902
vn 0.00000 -0.70711 0.70711
vn 0.00000 -0.70711 0.70711
vn 0.00000 -0.70711 0.70711
vn 0.00000 -0.70711 0.70711
vn 0.00000 -0.80902 0.58779
vn 0.00000 -0.80902 0.58779
vn 0.00000 -0.80902 0.58779
vn 0.00000 -0.80902 0.58779
vn 0.00000 -0.89101 0.45399
vn 0.00000 -0.89101 0.45399
vn 0.00000 -0.89101 0.45399
vn 0.00000 -0.89101 0.45399
vn 0.00000 -0.95106 0.30902
vn 0.00000 -0.95106 0.30902
vn 0.00000 -0.95106 0.30902
vn 0.00000 -0.95106 0.30902
vn 0.00000 -0.98769 0.15643
vn 0.00000 -0.98769 0.15643
vn 0.00000 -0.98769 0.15643
vn 0.00000 -0.98769 0.15643
vn 0.00000 -1.00000 0.00000
vn 0.00000 -1.00000 0.00000
vn 0.00000 -1.00000 0.00000
vn 0.00000 -1.00000 0.00000
vn 0.00000 -0.98769 -0.15643
vn 0.00000 -0.98769 -0.15643
vn 0.00000 -0.98769 -0.15643
vn 0.00000 -0.98769 -0.15643
vn 0.00000 -0.95106 -0.30902
vn 0.00000 -0.95106 -0.30902
vn 0.00000 -0.95106 -0.30902
vn 0.00000 -0.95106 -0.30902
vn 0.00000 -0.89101 -0.45399
vn 0.00000 -0.89101 -0.45399
vn 0.00000 -0.89101 -0.45399
vn 0.00000 -0.89101 -0.45399
vn 0.00000 -0.80902 -0.58779
vn 0.00000 -0.80902 -0.58779
vn 0.00000 -0.80902 -0.58779
vn 0.00000 -0.80902 -0.58779
vn 0.00000 -0.70711 -0.70711
vn 0.00000 -0.70711 -0.70711
vn 0.00000 -0.70711 -0.70711
vn 0.00000 -0.70711 -0.70711
vn 0.00000 -0.58779 -0.80902
vn 0.00000 -0.58779 -0.80902
vn 0.00000 -0.58779 -0.80902
vn 0.00000 -0.58779 -0.80902
vn 0.00000 -0.45399 -0.89101
vn 0.00000 -0.45399 -0.89101
vn 0.00000 -0.45399 -0.89101
vn 0.00000 -0.45399 -0.89101
vn 0.00000 -0.30902 -0.95106
vn 0.00000 -0.30902 -0.95106
vn 0.00000 -0.30902 -0.95106
vn 0.00000 -0.30902 -0.95106
vn 0.00000 -0.15643 -0.98769
vn 0.00000 -0.15643 -0.98769
vn 0.00000 -0.15643 -0.98769
vn 0.00000 -0.15643 -0.98769
vn 0.00000 -0.00000 -1.00000
vn 0.00000 -0.00000 -1.00000
vn 0.00000 0.00000 1.00000
vn 0.00000 0.00000 -1.00000
vn 0.00000 1.00000 0.00000
vn 1.00000 0.00000 0.00000
vn -1.00000 0.00000 0.00000
vn 0.00000 1.00000 0.00000
vn 0.00000 -1.00000 0.00000
vn 0.00000 0.00000 1.00000
vn 0.00000 0.00000 -1.00000
vn 1.00000 0.00000 0.00000
vn -1.00000 0.00000 0.00000
vn 0.00000 1.00000 0.00000
vn 0.00000 -1.00000 0.00000
vn 0.00000 0.00000 1.00000
vn 0.00000 0.00000 -1.00000
vn 1.00000 0.00000 0.00000
vn -1.00000 0.00000 0.00000
vn 0.00000 1.00000 0.00000
vn 0.00000 -1.00000 0.00000
vn 0.00000 0.00000 1.00000
vn 0.00000 0.00000 -1.00000
vn 1.00000 0.00000 0.00000
vn -1.00000 0.00000 0.00000
vn 0.00000 1.00000 0.00000
vn 0.00000 -1.00000 0.00000
vn 0.00000 0.00000 1.00000
vn 0.00000 0.00000 -1.00000
vn 1.00000 0.00000 0.00000
vn -1.00000 0.00000 0.00000
vn 0.00000 1.00000 0.00000
vn 0.00000 -1.00000 0.00000
vn 0.00000 0.00000 1.00000
vn 0.00000 0.00000 -1.00000
vn 1.00000 0.00000 0.00000
vn -1.00000 0.00000 0.00000
vn 0.00000 1.00000 0.00000
vn 0.00000 -1.00000 0.00000
vn 0.00000 0.00000 1.00000
vn 0.00000 0.00000 -1.00000
vn 1.00000 0.00000 0.00000
vn -1.00000 0.00000 0.00000
vn 0.00000 1.00000 0.00000
vn 0.00000 -1.00000 0.00000
vn 0.00000 0.00000 1.00000
vn 0.00000 0.00000 -1.00000
vn 1.00000 0.00000 0.00000
vn -1.00000 0.00000 0.00000
vn 0.00000 1.00000 0.00000
vn 0.00000 -1.00000 0.00000
vn 0.00000 0.00000 1.00000
vn 0.00000 0.00000 -1.00000
vn 1.00000 0.00000 0.00000
vn -1.00000 0.00000 0.00000
vn 0.00000 1.00000 0.00000
vn 0.00000 -1.00000 0.00000
vn 0.00000 0.00000 1.00000
vn 0.00000 0.00000 -1.00000
vn 1.00000 0.00000 0.00000
vn -1.00000 0.00000 0.00000
vn 0.00000 1.00000 0.00000
vn 0.00000 -1.00000 0.00000
vn 0.00000 0.00000 1.00000
vn 0.00000 0.00000 -1.00000
vn 1.00000 0.00000 0.00000
vn -1.00000 0.00000 0.00000
vn 0.00000 1.00000 0.00000
vn 0.00000 -1.00000 0.00000
vn 0.00000 0.00000 1.00000
vn 0.00000 0.00000 -1.00000
vn 1.00000 0.00000 0.00000
vn -1.00000 0.00000 0.00000
vn 0.00000 1.00000 0.00000
vn 0.00000 -1.00000 0.00000
vn 0.00000 0.00000 1.00000
vn 0.00000 0.00000 -1.00000
vn 1.00000 0.00000 0.00000
vn -1.00000 0.00000 0.00000
vn 0.00000 1.00000 0.00000
vn 0.00000 -1.00000 0.00000
vn 0.00000 0.00000 1.00000
vn 0.00000 0.00000 -1.00000
vn 1.00000 0.00000 0.00000
vn -1.00000 0.00000 0.00000
vn 0.00000 1.00000 0.00000
vn 0.00000 -1.00000 0.00000
vn 0.00000 0.00000 1.00000
vn 0.00000 0.00000 -1.00000
vn 1.00000 0.00000 0.00000
vn -1.00000 0.00000 0.00000
vn 0.00000 1.00000 0.00000
vn 0.00000 -1.00000 0.00000
vn 0.00000 0.00000 1.00000
vn 0.00000 0.00000 -1.00000
vn 1.00000 0.00000 0.00000
vn -1.00000 0.00000 0.00000
vn 0.00000 1.00000 0.00000
vn 0.00000 -1.00000 0.00000
vn 0.00000 0.00000 1.00000
vn 0.00000 0.00000 -1.00000
vn 1.00000 0.00000 0.00000
vn -1.00000 0.00000 0.00000
vn 0.00000 1.00000 0.00000
vn 0.00000 -1.00000 0.00000
vn 0.00000 0.00000 1.00000
vn 0.00000 0.00000 -1.00000
vn 1.00000 0.00000 0.00000
vn -1.00000 0.00000 0.00000
vn 0.00000 1.00000 0.00000
vn 0.00000 -1.00000 0.00000
vn 0.00000 0.00000 1.00000
vn 0.00000 0.00000 -1.00000
vn 1.00000 0.00000 0.00000
vn -1.00000 0.00000 0.00000
vn 0.00000 1.00000 0.00000
vn 0.00000 -1.00000 0.00000
vn 0.00000 0.00000 1.00000
vn 0.00000 0.00000 -1.00000
vn 1.00000 0.00000 0.00000
vn -1.00000 0.00000 0.00000
vn 0.00000 1.00000 0.00000
vn 0.00000 -1.00000 0.00000
vn 0.00000 0.00000 1.00000
vn 0.00000 0.00000 -1.00000
vn 1.00000 0.00000 0.00000
vn -1.00000 0.00000 0.00000
vn 0.00000 1.00000 0.00000
vn 0.00000 -1.00000 0.00000
vn 0.00000 0.00000 1.00000
vn 0.00000 0.00000 -1.00000
vn 1.00000 0.00000 0.00000
vn -1.00000 0.00000 0.00000
vn 0.00000 1.00000 0.00000
vn 0.00000 -1.00000 0.00000
vn 0.00000 0.00000 1.00000
vn 0.00000 0.00000 -1.00000
vn 1.00000 0.00000 0.00000
vn -1.00000 0.00000 0.00000
vn 0.00000 1.00000 0.00000
vn 0.00000 -1.00000 0.00000
vn 0.00000 0.00000 1.00000
vn 0.00000 0.00000 -1.00000
vn 1.00000 0.00000 0.00000
vn -1.00000 0.00000 0.00000
vn 0.00000 1.00000 0.00000
vn 0.00000 -1.00000 0.00000
vn 0.00000 0.00000 1.00000
vn 0.00000 0.00000 -1.00000
vn 1.00000 0.00000 0.00000
vn -1.00000 0.00000 0.00000
vn 0.00000 1.00000 0.00000
vn 0.00000 -1.00000 0.00000
vn 0.00000 0.00000 1.00000
vn 0.00000 0.00000 -1.00000
vn 1.00000 0.00000 0.00000
vn -1.00000 0.00000 0.00000
vn 0.00000 1.00000 0.00000
vn 0.00000 -1.00000 0.00000
vn 0.00000 0.00000 1.00000
vn 0.00000 0.00000 -1.00000
vn 1.00000 0.00000 0.00000
vn -1.00000 0.00000 0.00000
vn 0.00000 1.00000 0.00000
vn 0.00000 -1.00000 0.00000
vn 0.00000 0.00000 1.00000
vn 0.00000 0.00000 -1.00000
vn 1.00000 0.00000 0.00000
vn -1.00000 0.00000 0.00000
vn 0.00000 1.00000 0.00000
vn 0.00000 -1.00000 0.00000
vn 0.00000 0.00000 1.00000
vn 0.00000 0.00000 -1.00000
vn 1.00000 0.00000 0.00000
vn -1.00000 0.00000 0.00000
vn 0.00000 1.00000 0.00000
vn 0.00000 -1.00000 0.00000
vn 0.00000 0.00000 1.00000
vn 0.00000 0.00000 -1.00000
vn 1.00000 0.00000 0.00000
vn -1.00000 0.00000 0.00000
vn 0.00000 1.00000 0.00000
vn 0.00000 -1.00000 0.00000
vn 0.00000 0.00000 1.00000
vn 0.00000 0.00000 -1.00000
vn 1.00000 0.00000 0.00000
vn -1.00000 0.00000 0.00000
vn 0.00000 1.00000 0.00000
vn 0.00000 -1.00000 0.00000
vn 0.00000 0.00000 1.00000
vn 0.00000 0.00000 -1.00000
vn 1.00000 0.00000 0.00000
vn -1.00000 0.00000 0.00000
vn 0.00000 1.00000 0.00000
vn 0.00000 -1.00000 0.00000
vn 0.00000 0.00000 1.00000
vn 0.00000 0.00000 -1.00000
vn 1.00000 0.00000 0.00000
vn -1.00000 0.00000 0.00000
vn 0.00000 1.00000 0.00000
vn 0.00000 -1.00000 0.00000
vn 0.00000 0.00000 1.00000
vn 0.00000 0.00000 -1.00000
vn 1.00000 0.00000 0.00000
vn -1.00000 0.00000 0.00000
vn 0.00000 1.00000 0.00000
vn 0.00000 -1.00000 0.00000
vn 0.00000 0.00000 1.00000
vn 0.00000 0.00000 -1.00000
usemtl tunnel_wall
f 1/1/1 2/2/2 3/3/3 4/4/4
f 5/5/5 6/6/6 7/7/7 8/8/8
f 9/9/9 10/10/10 11/11/11 12/12/12
f 13/13/13 14/14/14 15/15/15 16/16/16
f 17/17/17 18/18/18 19/19/19 20/20/20
f 21/21/21 22/22/22 23/23/23 24/24/24
f 25/25/25 26/26/26 27/27/27 28/28/28
f 29/29/29 30/30/30 31/31/31 32/32/32
f 33/33/33 34/34/34 35/35/35 36/36/36
f 37/37/37 38/38/38 39/39/39 40/40/40
f 41/41/41 42/42/42 43/43/43 44/44/44
f 45/45/45 46/46/46 47/47/47 48/48/48
f 49/49/49 50/50/50 51/51/51 52/52/52
f 53/53/53 54/54/54 55/55/55 56/56/56
f 57/57/57 58/58/58 59/59/59 60/60/60
f 61/61/61 62/62/62 63/63/63 64/64/64
f 65/65/65 66/66/66 67/67/67 68/68/68
f 69/69/69 70/70/70 71/71/71 72/72/72
f 73/73/73 74/74/74 75/75/75 76/76/76
f 77/77/77 78/78/78 79/79/79 80/80/80
f 161/161/161 162/162/161 163/163/161 164/164/161
f 165/165/162 166/166/162 167/167/162 168/168/162
f 169/169/163 170/170/164 171/171/165 172/172/166
f 173/173/167 174/174/168 175/175/169 176/176/170
f 177/177/171 178/178/172 179/179/173 180/180/174
f 181/181/175 182/182/176 183/183/177 184/184/178
f 185/185/179 186/186/180 187/187/181 188/188/182
f 189/189/183 190/190/184 191/191/185 192/192/186
f 193/193/187 194/194/188 195/195/189 196/196/190
f 197/197/191 198/198/192 199/199/193 200/200/194
f 201/201/195 202/202/196 203/203/197 204/204/198
f 205/205/199 206/206/200 207/207/201 208/208/202
f 209/209/203 210/210/204 211/211/205 212/212/206
f 213/213/207 214/214/208 215/215/209 216/216/210
f 217/217/211 218/218/212 219/219/213 220/220/214
f 221/221/215 222/222/216 223/223/217 224/224/218
f 225/225/219 226/226/220 227/227/221 228/228/222
f 229/229/223 230/230/224 231/231/225 232/232/226
f 233/233/227 234/234/228 235/235/229 236/236/230
f 237/237/231 238/238/232 239/239/233 240/240/234
f 241/241/235 242/242/236 243/243/237 244/244/238
f 245/245/239 246/246/240 247/247/241 248/248/242
f 329/329/323 330/330/323 331/331/323 332/332/323
f 333/333/324 334/334/324 335/335/324 336/336/324
f 337/337/325 338/338/326 339/339/327 340/340/328
f 341/341/329 342/342/330 343/343/331 344/344/332
f 345/345/333 346/346/334 347/347/335 348/348/336
f 349/349/337 350/350/338 351/351/339 352/352/340
f 353/353/341 354/354/342 355/355/343 356/356/344
f 357/357/345 358/358/346 359/359/347 360/360/348
f 361/361/349 362/362/350 363/363/351 364/364/352
f 365/365/353 366/366/354 367/367/355 368/368/356
f 369/369/357 370/370/358 371/371/359 372/372/360
f 373/373/361 374/374/362 375/375/363 376/376/364
f 377/377/365 378/378/366 379/379/367 380/380/368
f 381/381/369 382/382/370 383/383/371 384/384/372
f 385/385/373 386/386/374 387/387/375 388/388/376
f 389/389/377 390/390/378 391/391/379 392/392/380
f 393/393/381 394/394/382 395/395/383 396/396/384
f 397/397/385 398/398/386 399/399/387 400/400/388
f 401/401/389 402/402/390 403/403/391 404/404/392
f 405/405/393 406/406/394 407/407/395 408/408/396
f 409/409/397 410/410/398 411/411/399 412/412/400
f 413/413/401 414/414/402 415/415/403 416/416/404
f 497/497/485 498/498/485 499/499/485 500/500/485
f 501/501/486 502/502/486 503/503/486 504/504/486
f 505/505/487 506/506/488 507/507/489 508/508/490
f 509/509/491 510/510/492 511/511/493 512/512/494
f 513/513/495 514/514/496 515/515/497 516/516/498
f 517/517/499 518/518/500 519/519/501 520/520/502
f 521/521/503 522/522/504 523/523/505 524/524/506
f 525/525/507 526/526/508 527/527/509 528/528/510
f 529/529/511 530/530/512 531/531/513 532/532/514
f 533/533/515 534/534/516 535/535/517 536/536/518
f 537/537/519 538/538/520 539/539/521 540/540/522
f 541/541/523 542/542/524 543/543/525 544/544/526
f 545/545/527 546/546/528 547/547/529 548/548/530
f 549/549/531 550/550/532 551/551/533 552/552/534
f 553/553/535 554/554/536 555/555/537 556/556/538
f 557/557/539 558/558/540 559/559/541 560/560/542
f 561/561/543 562/562/544 563/563/545 564/564/546
f 565/565/547 566/566/548 567/567/549 568/568/550
f 569/569/551 570/570/552 571/571/553 572/572/554
f 573/573/555 574/574/556 575/575/557 576/576/558
f 577/577/559 578/578/560 579/579/561 580/580/562
f 581/581/563 582/582/564 583/583/565 584/584/566
f 665/665/647 666/666/647 667/667/647 668/668/647
f 669/669/648 670/670/648 671/671/648 672/672/648
f 673/673/649 674/674/650 675/675/651 676/676/652
f 677/677/653 678/678/654 679/679/655 680/680/656
f 681/681/657 682/682/658 683/683/659 684/684/660
f 685/685/661 686/686/662 687/687/663 688/688/664
f 689/689/665 690/690/666 691/691/667 692/692/668
f 693/693/669 694/694/670 695/695/671 696/696/672
f 697/697/673 698/698/674 699/699/675 700/700/676
f 701/701/677 702/702/678 703/703/679 704/704/680
f 705/705/681 706/706/682 707/707/683 708/708/684
f 709/709/685 710/710/686 711/711/687 712/712/688
f 713/713/689 714/714/690 715/715/691 716/716/692
f 717/717/693 718/718/694 719/719/695 720/720/696
f 721/721/697 722/722/698 723/723/699 724/724/700
f 725/725/701 726/726/702 727/727/703 728/728/704
f 729/729/705 730/730/706 731/731/707 732/732/708
f 733/733/709 734/734/710 735/735/711 736/736/712
f 737/737/713 738/738/714 739/739/715 740/740/716
f 741/741/717 742/742/718 743/743/719 744/744/720
f 745/745/721 746/746/722 747/747/723 748/748/724
f 749/749/725 750/750/726 751/751/727 752/752/728
f 833/833/809 834/834/809 835/835/809 836/836/809
f 837/837/810 838/838/810 839/839/810 840/840/810
f 841/841/811 842/842/812 843/843/813 844/844/814
f 845/845/815 846/846/816 847/847/817 848/848/818
f 849/849/819 850/850/820 851/851/821 852/852/822
f 853/853/823 854/854/824 855/855/825 856/856/826
f 857/857/827 858/858/828 859/859/829 860/860/830
f 861/861/831 862/862/832 863/863/833 864/864/834
f 865/865/835 866/866/836 867/867/837 868/868/838
f 869/869/839 870/870/840 871/871/841 872/872/842
f 873/873/843 874/874/844 875/875/845 876/876/846
f 877/877/847 878/878/848 879/879/849 880/880/850
f 881/881/851 882/882/852 883/883/853 884/884/854
f 885/885/855 886/886/856 887/887/857 888/888/858
f 889/889/859 890/890/860 891/891/861 892/892/862
f 893/893/863 894/894/864 895/895/865 896/896/866
f 897/897/867 898/898/868 899/899/869 900/900/870
f 901/901/871 902/902/872 903/903/873 904/904/874
f 905/905/875 906/906/876 907/907/877 908/908/878
f 909/909/879 910/910/880 911/911/881 912/912/882
f 913/913/883 914/914/884 915/915/885 916/916/886
f 917/917/887 918/918/888 919/919/889 920/920/890
f 1001/1001/971 1002/1002/971 1003/1003/971 1004/1004/971
f 1005/1005/972 1006/1006/972 1007/1007/972 1008/1008/972
f 1009/1009/973 1010/1010/974 1011/1011/975 1012/1012/976
f 1013/1013/977 1014/1014/978 1015/1015/979 1016/1016/980
f 1017/1017/981 1018/1018/982 1019/1019/983 1020/1020/984
f 1021/1021/985 1022/1022/986 1023/1023/987 1024/1024/988
f 1025/1025/989 1026/1026/990 1027/1027/991 1028/1028/992
f 1029/1029/993 1030/1030/994 1031/1031/995 1032/1032/996
f 1033/1033/997 1034/1034/998 1035/1035/999 1036/1036/1000
f 1037/1037/1001 1038/1038/1002 1039/1039/1003 1040/1040/1004
f 1041/1041/1005 1042/1042/1006 1043/1043/1007 1044/1044/1008
f 1045/1045/1009 1046/1046/1010 1047/1047/1011 1048/1048/1012
f 1049/1049/1013 1050/1050/1014 1051/1051/1015 1052/1052/1016
f 1053/1053/1017 1054/1054/1018 1055/1055/1019 1056/1056/1020
f 1057/1057/1021 1058/1058/1022 1059/1059/1023 1060/1060/1024
f 1061/1061/1025 1062/1062/1026 1063/1063/1027 1064/1064/1028
f 1065/1065/1029 1066/1066/1030 1067/1067/1031 1068/1068/1032
f 1069/1069/1033 1070/1070/1034 1071/1071/1035 1072/1072/1036
f 1073/1073/1037 1074/1074/1038 1075/1075/1039 1076/1076/1040
f 1077/1077/1041 1078/1078/1042 1079/1079/1043 1080/1080/1044
f 1081/1081/1045 1082/1082/1046 1083/1083/1047 1084/1084/1048
f 1085/1085/1049 1086/1086/1050 1087/1087/1051 1088/1088/1052
f 1169/1169/1133 1170/1170/1133 1171/1171/1133 1172/1172/1133
f 1173/1173/1134 1174/1174/1134 1175/1175/1134 1176/1176/1134
f 1177/1177/1135 1178/1178/1136 1179/1179/1137 1180/1180/1138
f 1181/1181/1139 1182/1182/1140 1183/1183/1141 1184/1184/1142
f 1185/1185/1143 1186/1186/1144 1187/1187/1145 1188/1188/1146
f 1189/1189/1147 1190/1190/1148 1191/1191/1149 1192/1192/1150
f 1193/1193/1151 1194/1194/1152 1195/1195/1153 1196/1196/1154
f 1197/1197/1155 1198/1198/1156 1199/1199/1157 1200/1200/1158
f 1201/1201/1159 1202/1202/1160 1203/1203/1161 1204/1204/1162
f 1205/1205/1163 1206/1206/1164 1207/1207/1165 1208/1208/1166
f 1209/1209/1167 1210/1210/1168 1211/1211/1169 1212/1212/1170
f 1213/1213/1171 1214/1214/1172 1215/1215/1173 1216/1216/1174
f 1217/1217/1175 1218/1218/1176 1219/1219/1177 1220/1220/1178
f 1221/1221/1179 1222/1222/1180 1223/1223/1181 1224/1224/1182
f 1225/1225/1183 1226/1226/1184 1227/1227/1185 1228/1228/1186
f 1229/1229/1187 1230/1230/1188 1231/1231/1189 1232/1232/1190
f 1233/1233/1191 1234/1234/1192 1235/1235/1193 1236/1236/1194
f 1237/1237/1195 1238/1238/1196 1239/1239/1197 1240/1240/1198
f 1241/1241/1199 1242/1242/1200 1243/1243/1201 1244/1244/1202
f 1245/1245/1203 1246/1246/1204 1247/1247/1205 1248/1248/1206
f 1249/1249/1207 1250/1250/1208 1251/1251/1209 1252/1252/1210
f 1253/1253/1211 1254/1254/1212 1255/1255/1213 1256/1256/1214
f 1337/1337/1295 1338/1338/1295 1339/1339/1295 1340/1340/1295
f 1341/1341/1296 1342/1342/1296 1343/1343/1296 1344/1344/1296
f 1345/1345/1297 1346/1346/1298 1347/1347/1299 1348/1348/1300
f 1349/1349/1301 1350/1350/1302 1351/1351/1303 1352/1352/1304
f 1353/1353/1305 1354/1354/1306 1355/1355/1307 1356/1356/1308
f 1357/1357/1309 1358/1358/1310 1359/1359/1311 1360/1360/1312
f 1361/1361/1313 1362/1362/1314 1363/1363/1315 1364/1364/1316
f 1365/1365/1317 1366/1366/1318 1367/1367/1319 1368/1368/1320
f 1369/1369/1321 1370/1370/1322 1371/1371/1323 1372/1372/1324
f 1373/1373/1325 1374/1374/1326 1375/1375/1327 1376/1376/1328
f 1377/1377/1329 1378/1378/1330 1379/1379/1331 1380/1380/1332
f 1381/1381/1333 1382/1382/1334 1383/1383/1335 1384/1384/1336
f 1385/1385/1337 1386/1386/1338 1387/1387/1339 1388/1388/1340
f 1389/1389/1341 1390/1390/1342 1391/1391/1343 1392/1392/1344
f 1393/1393/1345 1394/1394/1346 1395/1395/1347 1396/1396/1348
f 1397/1397/1349 1398/1398/1350 1399/1399/1351 1400/1400/1352
f 1401/1401/1353 1402/1402/1354 1403/1403/1355 1404/1404/1356
f 1405/1405/1357 1406/1406/1358 1407/1407/1359 1408/1408/1360
f 1409/1409/1361 1410/1410/1362 1411/1411/1363 1412/1412/1364
f 1413/1413/1365 1414/1414/1366 1415/1415/1367 1416/1416/1368
f 1417/1417/1369 1418/1418/1370 1419/1419/1371 1420/1420/1372
f 1421/1421/1373 1422/1422/1374 1423/1423/1375 1424/1424/1376
f 1505/1505/1457 1506/1506/1457 1507/1507/1457 1508/1508/1457
f 1509/1509/1458 1510/1510/1458 1511/1511/1458 1512/1512/1458
f 1513/1513/1459 1514/1514/1460 1515/1515/1461 1516/1516/1462
f 1517/1517/1463 1518/1518/1464 1519/1519/1465 1520/1520/1466
f 1521/1521/1467 1522/1522/1468 1523/1523/1469 1524/1524/1470
f 1525/1525/1471 1526/1526/1472 1527/1527/1473 1528/1528/1474
f 1529/1529/1475 1530/1530/1476 1531/1531/1477 1532/1532/1478
f 1533/1533/1479 1534/1534/1480 1535/1535/1481 1536/1536/1482
f 1537/1537/1483 1538/1538/1484 1539/1539/1485 1540/1540/1486
f 1541/1541/1487 1542/1542/1488 1543/1543/1489 1544/1544/1490
f 1545/1545/1491 1546/1546/1492 1547/1547/1493 1548/1548/1494
f 1549/1549/1495 1550/1550/1496 1551/1551/1497 1552/1552/1498
f 1553/1553/1499 1554/1554/1500 1555/1555/1501 1556/1556/1502
f 1557/1557/1503 1558/1558/1504 1559/1559/1505 1560/1560/1506
f 1561/1561/1507 1562/1562/1508 1563/1563/1509 1564/1564/1510
f 1565/1565/1511 1566/1566/1512 1567/1567/1513 1568/1568/1514
f 1569/1569/1515 1570/1570/1516 1571/1571/1517 1572/1572/1518
f 1573/1573/1519 1574/1574/1520 1575/1575/1521 1576/1576/1522
f 1577/1577/1523 1578/1578/1524 1579/1579/1525 1580/1580/1526
f 1581/1581/1527 1582/1582/1528 1583/1583/1529 1584/1584/1530
f 1585/1585/1531 1586/1586/1532 1587/1587/1533 1588/1588/1534
f 1589/1589/1535 1590/1590/1536 1591/1591/1537 1592/1592/1538
f 1673/1673/1619 1674/1674/1619 1675/1675/1619 1676/1676/1619
f 1677/1677/1620 1678/1678/1620 1679/1679/1620 1680/1680/1620
f 1681/1681/1621 1682/1682/1622 1683/1683/1623 1684/1684/1624
f 1685/1685/1625 1686/1686/1626 1687/1687/1627 1688/1688/1628
f 1689/1689/1629 1690/1690/1630 1691/1691/1631 1692/1692/1632
f 1693/1693/1633 1694/1694/1634 1695/1695/1635 1696/1696/1636
f 1697/1697/1637 1698/1698/1638 1699/1699/1639 1700/1700/1640
f 1701/1701/1641 1702/1702/1642 1703/1703/1643 1704/1704/1644
f 1705/1705/1645 1706/1706/1646 1707/1707/1647 1708/1708/1648
f 1709/1709/1649 1710/1710/1650 1711/1711/1651 1712/1712/1652
f 1713/1713/1653 1714/1714/1654 1715/1715/1655 1716/1716/1656
f 1717/1717/1657 1718/1718/1658 1719/1719/1659 1720/1720/1660
f 1721/1721/1661 1722/1722/1662 1723/1723/1663 1724/1724/1664
f 1725/1725/1665 1726/1726/1666 1727/1727/1667 1728/1728/1668
f 1729/1729/1669 1730/1730/1670 1731/1731/1671 1732/1732/1672
f 1733/1733/1673 1734/1734/1674 1735/1735/1675 1736/1736/1676
f 1737/1737/1677 1738/1738/1678 1739/1739/1679 1740/1740/1680
f 1741/1741/1681 1742/1742/1682 1743/1743/1683 1744/1744/1684
f 1745/1745/1685 1746/1746/1686 1747/1747/1687 1748/1748/1688
f 1749/1749/1689 1750/1750/1690 1751/1751/1691 1752/1752/1692
f 1753/1753/1693 1754/1754/1694 1755/1755/1695 1756/1756/1696
f 1757/1757/1697 1758/1758/1698 1759/1759/1699 1760/1760/1700
f 1841/1841/1781 1842/1842/1781 1843/1843/1781 1844/1844/1781
f 1845/1845/1782 1846/1846/1782 1847/1847/1782 1848/1848/1782
f 1849/1849/1783 1850/1850/1784 1851/1851/1785 1852/1852/1786
f 1853/1853/1787 1854/1854/1788 1855/1855/1789 1856/1856/1790
f 1857/1857/1791 1858/1858/1792 1859/1859/1793 1860/1860/1794
f 1861/1861/1795 1862/1862/1796 1863/1863/1797 1864/1864/1798
f 1865/1865/1799 1866/1866/1800 1867/1867/1801 1868/1868/1802
f 1869/1869/1803 1870/1870/1804 1871/1871/1805 1872/1872/1806
f 1873/1873/1807 1874/1874/1808 1875/1875/1809 1876/1876/1810
f 1877/1877/1811 1878/1878/1812 1879/1879/1813 1880/1880/1814
f 1881/1881/1815 1882/1882/1816 1883/1883/1817 1884/1884/1818
f 1885/1885/1819 1886/1886/1820 1887/1887/1821 1888/1888/1822
f 1889/1889/1823 1890/1890/1824 1891/1891/1825 1892/1892/1826
f 1893/1893/1827 1894/1894/1828 1895/1895/1829 1896/1896/1830
f 1897/1897/1831 1898/1898/1832 1899/1899/1833 1900/1900/1834
f 1901/1901/1835 1902/1902/1836 1903/1903/1837 1904/1904/1838
f 1905/1905/1839 1906/1906/1840 1907/1907/1841 1908/1908/1842
f 1909/1909/1843 1910/1910/1844 1911/1911/1845 1912/1912/1846
f 1913/1913/1847 1914/1914/1848 1915/1915/1849 1916/1916/1850
f 1917/1917/1851 1918/1918/1852 1919/1919/1853 1920/1920/1854
f 1921/1921/1855 1922/1922/1856 1923/1923/1857 1924/1924/1858
f 1925/1925/1859 1926/1926/1860 1927/1927/1861 1928/1928/1862
f 2009/2009/1943 2010/2010/1943 2011/2011/1943 2012/2012/1943
f 2013/2013/1944 2014/2014/1944 2015/2015/1944 2016/2016/1944
f 2017/2017/1945 2018/2018/1946 2019/2019/1947 2020/2020/1948
f 2021/2021/1949 2022/2022/1950 2023/2023/1951 2024/2024/1952
f 2025/2025/1953 2026/2026/1954 2027/2027/1955 2028/2028/1956
f 2029/2029/1957 2030/2030/1958 2031/2031/1959 2032/2032/1960
f 2033/2033/1961 2034/2034/1962 2035/2035/1963 2036/2036/1964
f 2037/2037/1965 2038/2038/1966 2039/2039/1967 2040/2040/1968
f 2041/2041/1969 2042/2042/1970 2043/2043/1971 2044/2044/1972
f 2045/2045/1973 2046/2046/1974 2047/2047/1975 2048/2048/1976
f 2049/2049/1977 2050/2050/1978 2051/2051/1979 2052/2052/1980
f 2053/2053/1981 2054/2054/1982 2055/2055/1983 2056/2056/1984
f 2057/2057/1985 2058/2058/1986 2059/2059/1987 2060/2060/1988
f 2061/2061/1989 2062/2062/1990 2063/2063/1991 2064/2064/1992
f 2065/2065/1993 2066/2066/1994 2067/2067/1995 2068/2068/1996
f 2069/2069/1997 2070/2070/1998 2071/2071/1999 2072/2072/2000
f 2073/2073/2001 2074/2074/2002 2075/2075/2003 2076/2076/2004
f 2077/2077/2005 2078/2078/2006 2079/2079/2007 2080/2080/2008
f 2081/2081/2009 2082/2082/2010 2083/2083/2011 2084/2084/2012
f 2085/2085/2013 2086/2086/2014 2087/2087/2015 2088/2088/2016
f 2089/2089/2017 2090/2090/2018 2091/2091/2019 2092/2092/2020
f 2093/2093/2021 2094/2094/2022 2095/2095/2023 2096/2096/2024
f 2177/2177/2105 2178/2178/2105 2179/2179/2105 2180/2180/2105
f 2181/2181/2106 2182/2182/2106 2183/2183/2106 2184/2184/2106
f 2185/2185/2107 2186/2186/2108 2187/2187/2109 2188/2188/2110
f 2189/2189/2111 2190/2190/2112 2191/2191/2113 2192/2192/2114
f 2193/2193/2115 2194/2194/2116 2195/2195/2117 2196/2196/2118
f 2197/2197/2119 2198/2198/2120 2199/2199/2121 2200/2200/2122
f 2201/2201/2123 2202/2202/2124 2203/2203/2125 2204/2204/2126
f 2205/2205/2127 2206/2206/2128 2207/2207/2129 2208/2208/2130
f 2209/2209/2131 2210/2210/2132 2211/2211/2133 2212/2212/2134
f 2213/2213/2135 2214/2214/2136 2215/2215/2137 2216/2216/2138
f 2217/2217/2139 2218/2218/2140 2219/2219/2141 2220/2220/2142
f 2221/2221/2143 2222/2222/2144 2223/2223/2145 2224/2224/2146
f 2225/2225/2147 2226/2226/2148 2227/2227/2149 2228/2228/2150
f 2229/2229/2151 2230/2230/2152 2231/2231/2153 2232/2232/2154
f 2233/2233/2155 2234/2234/2156 2235/2235/2157 2236/2236/2158
f 2237/2237/2159 2238/2238/2160 2239/2239/2161 2240/2240/2162
f 2241/2241/2163 2242/2242/2164 2243/2243/2165 2244/2244/2166
f 2245/2245/2167 2246/2246/2168 2247/2247/2169 2248/2248/2170
f 2249/2249/2171 2250/2250/2172 2251/2251/2173 2252/2252/2174
f 2253/2253/2175 2254/2254/2176 2255/2255/2177 2256/2256/2178
f 2257/2257/2179 2258/2258/2180 2259/2259/2181 2260/2260/2182
f 2261/2261/2183 2262/2262/2184 2263/2263/2185 2264/2264/2186
f 2345/2345/2267 2346/2346/2267 2347/2347/2267 2348/2348/2267
f 2349/2349/2268 2350/2350/2268 2351/2351/2268 2352/2352/2268
f 2353/2353/2269 2354/2354/2270 2355/2355/2271 2356/2356/2272
f 2357/2357/2273 2358/2358/2274 2359/2359/2275 2360/2360/2276
f 2361/2361/2277 2362/2362/2278 2363/2363/2279 2364/2364/2280
f 2365/2365/2281 2366/2366/2282 2367/2367/2283 2368/2368/2284
f 2369/2369/2285 2370/2370/2286 2371/2371/2287 2372/2372/2288
f 2373/2373/2289 2374/2374/2290 2375/2375/2291 2376/2376/2292
f 2377/2377/2293 2378/2378/2294 2379/2379/2295 2380/2380/2296
f 2381/2381/2297 2382/2382/2298 2383/2383/2299 2384/2384/2300
f 2385/2385/2301 2386/2386/2302 2387/2387/2303 2388/2388/2304
f 2389/2389/2305 2390/2390/2306 2391/2391/2307 2392/2392/2308
f 2393/2393/2309 2394/2394/2310 2395/2395/2311 2396/2396/2312
f 2397/2397/2313 2398/2398/2314 2399/2399/2315 2400/2400/2316
f 2401/2401/2317 2402/2402/2318 2403/2403/2319 2404/2404/2320
f 2405/2405/2321 2406/2406/2322 2407/2407/2323 2408/2408/2324
f 2409/2409/2325 2410/2410/2326 2411/2411/2327 2412/2412/2328
f 2413/2413/2329 2414/2414/2330 2415/2415/2331 2416/2416/2332
f 2417/2417/2333 2418/2418/2334 2419/2419/2335 2420/2420/2336
f 2421/2421/2337 2422/2422/2338 2423/2423/2339 2424/2424/2340
f 2425/2425/2341 2426/2426/2342 2427/2427/2343 2428/2428/2344
f 2429/2429/2345 2430/2430/2346 2431/2431/2347 2432/2432/2348
f 2513/2513/2429 2514/2514/2429 2515/2515/2429 2516/2516/2429
f 2517/2517/2430 2518/2518/2430 2519/2519/2430 2520/2520/2430
f 2521/2521/2431 2522/2522/2432 2523/2523/2433 2524/2524/2434
f 2525/2525/2435 2526/2526/2436 2527/2527/2437 2528/2528/2438
f 2529/2529/2439 2530/2530/2440 2531/2531/2441 2532/2532/2442
f 2533/2533/2443 2534/2534/2444 2535/2535/2445 2536/2536/2446
f 2537/2537/2447 2538/2538/2448 2539/2539/2449 2540/2540/2450
f 2541/2541/2451 2542/2542/2452 2543/2543/2453 2544/2544/2454
f 2545/2545/2455 2546/2546/2456 2547/2547/2457 2548/2548/2458
f 2549/2549/2459 2550/2550/2460 2551/2551/2461 2552/2552/2462
f 2553/2553/2463 2554/2554/2464 2555/2555/2465 2556/2556/2466
f 2557/2557/2467 2558/2558/2468 2559/2559/2469 2560/2560/2470
f 2561/2561/2471 2562/2562/2472 2563/2563/2473 2564/2564/2474
f 2565/2565/2475 2566/2566/2476 2567/2567/2477 2568/2568/2478
f 2569/2569/2479 2570/2570/2480 2571/2571/2481 2572/2572/2482
f 2573/2573/2483 2574/2574/2484 2575/2575/2485 2576/2576/2486
f 2577/2577/2487 2578/2578/2488 2579/2579/2489 2580/2580/2490
f 2581/2581/2491 2582/2582/2492 2583/2583/2493 2584/2584/2494
f 2585/2585/2495 2586/2586/2496 2587/2587/2497 2588/2588/2498
f 2589/2589/2499 2590/2590/2500 2591/2591/2501 2592/2592/2502
f 2593/2593/2503 2594/2594/2504 2595/2595/2505 2596/2596/2506
f 2597/2597/2507 2598/2598/2508 2599/2599/2509 2600/2600/2510
f 2681/2681/2591 2682/2682/2591 2683/2683/2591 2684/2684/2591
f 2685/2685/2592 2686/2686/2592 2687/2687/2592 2688/2688/2592
f 2689/2689/2593 2690/2690/2594 2691/2691/2595 2692/2692/2596
f 2693/2693/2597 2694/2694/2598 2695/2695/2599 2696/2696/2600
f 2697/2697/2601 2698/2698/2602 2699/2699/2603 2700/2700/2604
f 2701/2701/2605 2702/2702/2606 2703/2703/2607 2704/2704/2608
f 2705/2705/2609 2706/2706/2610 2707/2707/2611 2708/2708/2612
f 2709/2709/2613 2710/2710/2614 2711/2711/2615 2712/2712/2616
f 2713/2713/2617 2714/2714/2618 2715/2715/2619 2716/2716/2620
f 2717/2717/2621 2718/2718/2622 2719/2719/2623 2720/2720/2624
f 2721/2721/2625 2722/2722/2626 2723/2723/2627 2724/2724/2628
f 2725/2725/2629 2726/2726/2630 2727/2727/2631 2728/2728/2632
f 2729/2729/2633 2730/2730/2634 2731/2731/2635 2732/2732/2636
f 2733/2733/2637 2734/2734/2638 2735/2735/2639 2736/2736/2640
f 2737/2737/2641 2738/2738/2642 2739/2739/2643 2740/2740/2644
f 2741/2741/2645 2742/2742/2646 2743/2743/2647 2744/2744/2648
f 2745/2745/2649 2746/2746/2650 2747/2747/2651 2748/2748/2652
f 2749/2749/2653 2750/2750/2654 2751/2751/2655 2752/2752/2656
f 2753/2753/2657 2754/2754/2658 2755/2755/2659 2756/2756/2660
f 2757/2757/2661 2758/2758/2662 2759/2759/2663 2760/2760/2664
f 2761/2761/2665 2762/2762/2666 2763/2763/2667 2764/2764/2668
f 2765/2765/2669 2766/2766/2670 2767/2767/2671 2768/2768/2672
f 2849/2849/2753 2850/2850/2753 2851/2851/2753 2852/2852/2753
f 2853/2853/2754 2854/2854/2754 2855/2855/2754 2856/2856/2754
f 2857/2857/2755 2858/2858/2756 2859/2859/2757 2860/2860/2758
f 2861/2861/2759 2862/2862/2760 2863/2863/2761 2864/2864/2762
f 2865/2865/2763 2866/2866/2764 2867/2867/2765 2868/2868/2766
f 2869/2869/2767 2870/2870/2768 2871/2871/2769 2872/2872/2770
f 2873/2873/2771 2874/2874/2772 2875/2875/2773 2876/2876/2774
f 2877/2877/2775 2878/2878/2776 2879/2879/2777 2880/2880/2778
f 2881/2881/2779 2882/2882/2780 2883/2883/2781 2884/2884/2782
f 2885/2885/2783 2886/2886/2784 2887/2887/2785 2888/2888/2786
f 2889/2889/2787 2890/2890/2788 2891/2891/2789 2892/2892/2790
f 2893/2893/2791 2894/2894/2792 2895/2895/2793 2896/2896/2794
f 2897/2897/2795 2898/2898/2796 2899/2899/2797 2900/2900/2798
f 2901/2901/2799 2902/2902/2800 2903/2903/2801 2904/2904/2802
f 2905/2905/2803 2906/2906/2804 2907/2907/2805 2908/2908/2806
f 2909/2909/2807 2910/2910/2808 2911/2911/2809 2912/2912/2810
f 2913/2913/2811 2914/2914/2812 2915/2915/2813 2916/2916/2814
f 2917/2917/2815 2918/2918/2816 2919/2919/2817 2920/2920/2818
f 2921/2921/2819 2922/2922/2820 2923/2923/2821 2924/2924/2822
f 2925/2925/2823 2926/2926/2824 2927/2927/2825 2928/2928/2826
f 2929/2929/2827 2930/2930/2828 2931/2931/2829 2932/2932/2830
f 2933/2933/2831 2934/2934/2832 2935/2935/2833 2936/2936/2834
f 3017/3017/2915 3018/3018/2915 3019/3019/2915 3020/3020/2915
f 3021/3021/2916 3022/3022/2916 3023/3023/2916 3024/3024/2916
f 3025/3025/2917 3026/3026/2918 3027/3027/2919 3028/3028/2920
f 3029/3029/2921 3030/3030/2922 3031/3031/2923 3032/3032/2924
f 3033/3033/2925 3034/3034/2926 3035/3035/2927 3036/3036/2928
f 3037/3037/2929 3038/3038/2930 3039/3039/2931 3040/3040/2932
f 3041/3041/2933 3042/3042/2934 3043/3043/2935 3044/3044/2936
f 3045/3045/2937 3046/3046/2938 3047/3047/2939 3048/3048/2940
f 3049/3049/2941 3050/3050/2942 3051/3051/2943 3052/3052/2944
f 3053/3053/2945 3054/3054/2946 3055/3055/2947 3056/3056/2948
f 3057/3057/2949 3058/3058/2950 3059/3059/2951 3060/3060/2952
f 3061/3061/2953 3062/3062/2954 3063/3063/2955 3064/3064/2956
f 3065/3065/2957 3066/3066/2958 3067/3067/2959 3068/3068/2960
f 3069/3069/2961 3070/3070/2962 3071/3071/2963 3072/3072/2964
f 3073/3073/2965 3074/3074/2966 3075/3075/2967 3076/3076/2968
f 3077/3077/2969 3078/3078/2970 3079/3079/2971 3080/3080/2972
f 3081/3081/2973 3082/3082/2974 3083/3083/2975 3084/3084/2976
f 3085/3085/2977 3086/3086/2978 3087/3087/2979 3088/3088/2980
f 3089/3089/2981 3090/3090/2982 3091/3091/2983 3092/3092/2984
f 3093/3093/2985 3094/3094/2986 3095/3095/2987 3096/3096/2988
f 3097/3097/2989 3098/3098/2990 3099/3099/2991 3100/3100/2992
f 3101/3101/2993 3102/3102/2994 3103/3103/2995 3104/3104/2996
f 3185/3185/3077 3186/3186/3077 3187/3187/3077 3188/3188/3077
f 3189/3189/3078 3190/3190/3078 3191/3191/3078 3192/3192/3078
f 3193/3193/3079 3194/3194/3080 3195/3195/3081 3196/3196/3082
f 3197/3197/3083 3198/3198/3084 3199/3199/3085 3200/3200/3086
f 3201/3201/3087 3202/3202/3088 3203/3203/3089 3204/3204/3090
f 3205/3205/3091 3206/3206/3092 3207/3207/3093 3208/3208/3094
f 3209/3209/3095 3210/3210/3096 3211/3211/3097 3212/3212/3098
f 3213/3213/3099 3214/3214/3100 3215/3215/3101 3216/3216/3102
f 3217/3217/3103 3218/3218/3104 3219/3219/3105 3220/3220/3106
f 3221/3221/3107 3222/3222/3108 3223/3223/3109 3224/3224/3110
f 3225/3225/3111 3226/3226/3112 3227/3227/3113 3228/3228/3114
f 3229/3229/3115 3230/3230/3116 3231/3231/3117 3232/3232/3118
f 3233/3233/3119 3234/3234/3120 3235/3235/3121 3236/3236/3122
f 3237/3237/3123 3238/3238/3124 3239/3239/3125 3240/3240/3126
f 3241/3241/3127 3242/3242/3128 3243/3243/3129 3244/3244/3130
f 3245/3245/3131 3246/3246/3132 3247/3247/3133 3248/3248/3134
f 3249/3249/3135 3250/3250/3136 3251/3251/3137 3252/3252/3138
f 3253/3253/3139 3254/3254/3140 3255/3255/3141 3256/3256/3142
f 3257/3257/3143 3258/3258/3144 3259/3259/3145 3260/3260/3146
f 3261/3261/3147 3262/3262/3148 3263/3263/3149 3264/3264/3150
f 3265/3265/3151 3266/3266/3152 3267/3267/3153 3268/3268/3154
f 3269/3269/3155 3270/3270/3156 3271/3271/3157 3272/3272/3158
f 3353/3353/3239 3354/3354/3239 3355/3355/3239 3356/3356/3239
f 3357/3357/3240 3358/3358/3240 3359/3359/3240 3360/3360/3240
usemtl concrete_dark
f 81/81/81 82/82/82 83/83/83 84/84/84
f 85/85/85 86/86/86 87/87/87 88/88/88
f 89/89/89 90/90/90 91/91/91 92/92/92
f 93/93/93 94/94/94 95/95/95 96/96/96
f 97/97/97 98/98/98 99/99/99 100/100/100
f 101/101/101 102/102/102 103/103/103 104/104/104
f 105/105/105 106/106/106 107/107/107 108/108/108
f 109/109/109 110/110/110 111/111/111 112/112/112
f 113/113/113 114/114/114 115/115/115 116/116/116
f 117/117/117 118/118/118 119/119/119 120/120/120
f 121/121/121 122/122/122 123/123/123 124/124/124
f 125/125/125 126/126/126 127/127/127 128/128/128
f 129/129/129 130/130/130 131/131/131 132/132/132
f 133/133/133 134/134/134 135/135/135 136/136/136
f 137/137/137 138/138/138 139/139/139 140/140/140
f 141/141/141 142/142/142 143/143/143 144/144/144
f 145/145/145 146/146/146 147/147/147 148/148/148
f 149/149/149 150/150/150 151/151/151 152/152/152
f 153/153/153 154/154/154 155/155/155 156/156/156
f 157/157/157 158/158/158 159/159/159 160/160/160
f 249/249/243 250/250/244 251/251/245 252/252/246
f 253/253/247 254/254/248 255/255/249 256/256/250
f 257/257/251 258/258/252 259/259/253 260/260/254
f 261/261/255 262/262/256 263/263/257 264/264/258
f 265/265/259 266/266/260 267/267/261 268/268/262
f 269/269/263 270/270/264 271/271/265 272/272/266
f 273/273/267 274/274/268 275/275/269 276/276/270
f 277/277/271 278/278/272 279/279/273 280/280/274
f 281/281/275 282/282/276 283/283/277 284/284/278
f 285/285/279 286/286/280 287/287/281 288/288/282
f 289/289/283 290/290/284 291/291/285 292/292/286
f 293/293/287 294/294/288 295/295/289 296/296/290
f 297/297/291 298/298/292 299/299/293 300/300/294
f 301/301/295 302/302/296 303/303/297 304/304/298
f 305/305/299 306/306/300 307/307/301 308/308/302
f 309/309/303 310/310/304 311/311/305 312/312/306
f 313/313/307 314/314/308 315/315/309 316/316/310
f 317/317/311 318/318/312 319/319/313 320/320/314
f 321/321/315 322/322/316 323/323/317 324/324/318
f 325/325/319 326/326/320 327/327/321 328/328/322
f 417/417/405 418/418/406 419/419/407 420/420/408
f 421/421/409 422/422/410 423/423/411 424/424/412
f 425/425/413 426/426/414 427/427/415 428/428/416
f 429/429/417 430/430/418 431/431/419 432/432/420
f 433/433/421 434/434/422 435/435/423 436/436/424
f 437/437/425 438/438/426 439/439/427 440/440/428
f 441/441/429 442/442/430 443/443/431 444/444/432
f 445/445/433 446/446/434 447/447/435 448/448/436
f 449/449/437 450/450/438 451/451/439 452/452/440
f 453/453/441 454/454/442 455/455/443 456/456/444
f 457/457/445 458/458/446 459/459/447 460/460/448
f 461/461/449 462/462/450 463/463/451 464/464/452
f 465/465/453 466/466/454 467/467/455 468/468/456
f 469/469/457 470/470/458 471/471/459 472/472/460
f 473/473/461 474/474/462 475/475/463 476/476/464
f 477/477/465 478/478/466 479/479/467 480/480/468
f 481/481/469 482/482/470 483/483/471 484/484/472
f 485/485/473 486/486/474 487/487/475 488/488/476
f 489/489/477 490/490/478 491/491/479 492/492/480
f 493/493/481 494/494/482 495/495/483 496/496/484
f 585/585/567 586/586/568 587/587/569 588/588/570
f 589/589/571 590/590/572 591/591/573 592/592/574
f 593/593/575 594/594/576 595/595/577 596/596/578
f 597/597/579 598/598/580 599/599/581 600/600/582
f 601/601/583 602/602/584 603/603/585 604/604/586
f 605/605/587 606/606/588 607/607/589 608/608/590
f 609/609/591 610/610/592 611/611/593 612/612/594
f 613/613/595 614/614/596 615/615/597 616/616/598
f 617/617/599 618/618/600 619/619/601 620/620/602
f 621/621/603 622/622/604 623/623/605 624/624/606
f 625/625/607 626/626/608 627/627/609 628/628/610
f 629/629/611 630/630/612 631/631/613 632/632/614
f 633/633/615 634/634/616 635/635/617 636/636/618
f 637/637/619 638/638/620 639/639/621 640/640/622
f 641/641/623 642/642/624 643/643/625 644/644/626
f 645/645/627 646/646/628 647/647/629 648/648/630
f 649/649/631 650/650/632 651/651/633 652/652/634
f 653/653/635 654/654/636 655/655/637 656/656/638
f 657/657/639 658/658/640 659/659/641 660/660/642
f 661/661/643 662/662/644 663/663/645 664/664/646
f 753/753/729 754/754/730 755/755/731 756/756/732
f 757/757/733 758/758/734 759/759/735 760/760/736
f 761/761/737 762/762/738 763/763/739 764/764/740
f 765/765/741 766/766/742 767/767/743 768/768/744
f 769/769/745 770/770/746 771/771/747 772/772/748
f 773/773/749 774/774/750 775/775/751 776/776/752
f 777/777/753 778/778/754 779/779/755 780/780/756
f 781/781/757 782/782/758 783/783/759 784/784/760
f 785/785/761 786/786/762 787/787/763 788/788/764
f 789/789/765 790/790/766 791/791/767 792/792/768
f 793/793/769 794/794/770 795/795/771 796/796/772
f 797/797/773 798/798/774 799/799/775 800/800/776
f 801/801/777 802/802/778 803/803/779 804/804/780
f 805/805/781 806/806/782 807/807/783 808/808/784
f 809/809/785 810/810/786 811/811/787 812/812/788
f 813/813/789 814/814/790 815/815/791 816/816/792
f 817/817/793 818/818/794 819/819/795 820/820/796
f 821/821/797 822/822/798 823/823/799 824/824/800
f 825/825/801 826/826/802 827/827/803 828/828/804
f 829/829/805 830/830/806 831/831/807 832/832/808
f 921/921/891 922/922/892 923/923/893 924/924/894
f 925/925/895 926/926/896 927/927/897 928/928/898
f 929/929/899 930/930/900 931/931/901 932/932/902
f 933/933/903 934/934/904 935/935/905 936/936/906
f 937/937/907 938/938/908 939/939/909 940/940/910
f 941/941/911 942/942/912 943/943/913 944/944/914
f 945/945/915 946/946/916 947/947/917 948/948/918
f 949/949/919 950/950/920 951/951/921 952/952/922
f 953/953/923 954/954/924 955/955/925 956/956/926
f 957/957/927 958/958/928 959/959/929 960/960/930
f 961/961/931 962/962/932 963/963/933 964/964/934
f 965/965/935 966/966/936 967/967/937 968/968/938
f 969/969/939 970/970/940 971/971/941 972/972/942
f 973/973/943 974/974/944 975/975/945 976/976/946
f 977/977/947 978/978/948 979/979/949 980/980/950
f 981/981/951 982/982/952 983/983/953 984/984/954
f 985/985/955 986/986/956 987/987/957 988/988/958
f 989/989/959 990/990/960 991/991/961 992/992/962
f 993/993/963 994/994/964 995/995/965 996/996/966
f 997/997/967 998/998/968 999/999/969 1000/1000/970
f 1089/1089/1053 1090/1090/1054 1091/1091/1055 1092/1092/1056
f 1093/1093/1057 1094/1094/1058 1095/1095/1059 1096/1096/1060
f 1097/1097/1061 1098/1098/1062 1099/1099/1063 1100/1100/1064
f 1101/1101/1065 1102/1102/1066 1103/1103/1067 1104/1104/1068
f 1105/1105/1069 1106/1106/1070 1107/1107/1071 1108/1108/1072
f 1109/1109/1073 1110/1110/1074 1111/1111/1075 1112/1112/1076
f 1113/1113/1077 1114/1114/1078 1115/1115/1079 1116/1116/1080
f 1117/1117/1081 1118/1118/1082 1119/1119/1083 1120/1120/1084
f 1121/1121/1085 1122/1122/1086 1123/1123/1087 1124/1124/1088
f 1125/1125/1089 1126/1126/1090 1127/1127/1091 1128/1128/1092
f 1129/1129/1093 1130/1130/1094 1131/1131/1095 1132/1132/1096
f 1133/1133/1097 1134/1134/1098 1135/1135/1099 1136/1136/1100
f 1137/1137/1101 1138/1138/1102 1139/1139/1103 1140/1140/1104
f 1141/1141/1105 1142/1142/1106 1143/1143/1107 1144/1144/1108
f 1145/1145/1109 1146/1146/1110 1147/1147/1111 1148/1148/1112
f 1149/1149/1113 1150/1150/1114 1151/1151/1115 1152/1152/1116
f 1153/1153/1117 1154/1154/1118 1155/1155/1119 1156/1156/1120
f 1157/1157/1121 1158/1158/1122 1159/1159/1123 1160/1160/1124
f 1161/1161/1125 1162/1162/1126 1163/1163/1127 1164/1164/1128
f 1165/1165/1129 1166/1166/1130 1167/1167/1131 1168/1168/1132
f 1257/1257/1215 1258/1258/1216 1259/1259/1217 1260/1260/1218
f 1261/1261/1219 1262/1262/1220 1263/1263/1221 1264/1264/1222
f 1265/1265/1223 1266/1266/1224 1267/1267/1225 1268/1268/1226
f 1269/1269/1227 1270/1270/1228 1271/1271/1229 1272/1272/1230
f 1273/1273/1231 1274/1274/1232 1275/1275/1233 1276/1276/1234
f 1277/1277/1235 1278/1278/1236 1279/1279/1237 1280/1280/1238
f 1281/1281/1239 1282/1282/1240 1283/1283/1241 1284/1284/1242
f 1285/1285/1243 1286/1286/1244 1287/1287/1245 1288/1288/1246
f 1289/1289/1247 1290/1290/1248 1291/1291/1249 1292/1292/1250
f 1293/1293/1251 1294/1294/1252 1295/1295/1253 1296/1296/1254
f 1297/1297/1255 1298/1298/1256 1299/1299/1257 1300/1300/1258
f 1301/1301/1259 1302/1302/1260 1303/1303/1261 1304/1304/1262
f 1305/1305/1263 1306/1306/1264 1307/1307/1265 1308/1308/1266
f 1309/1309/1267 1310/1310/1268 1311/1311/1269 1312/1312/1270
f 1313/1313/1271 1314/1314/1272 1315/1315/1273 1316/1316/1274
f 1317/1317/1275 1318/1318/1276 1319/1319/1277 1320/1320/1278
f 1321/1321/1279 1322/1322/1280 1323/1323/1281 1324/1324/1282
f 1325/1325/1283 1326/1326/1284 1327/1327/1285 1328/1328/1286
f 1329/1329/1287 1330/1330/1288 1331/1331/1289 1332/1332/1290
f 1333/1333/1291 1334/1334/1292 1335/1335/1293 1336/1336/1294
f 1425/1425/1377 1426/1426/1378 1427/1427/1379 1428/1428/1380
f 1429/1429/1381 1430/1430/1382 1431/1431/1383 1432/1432/1384
f 1433/1433/1385 1434/1434/1386 1435/1435/1387 1436/1436/1388
f 1437/1437/1389 1438/1438/1390 1439/1439/1391 1440/1440/1392
f 1441/1441/1393 1442/1442/1394 1443/1443/1395 1444/1444/1396
f 1445/1445/1397 1446/1446/1398 1447/1447/1399 1448/1448/1400
f 1449/1449/1401 1450/1450/1402 1451/1451/1403 1452/1452/1404
f 1453/1453/1405 1454/1454/1406 1455/1455/1407 1456/1456/1408
f 1457/1457/1409 1458/1458/1410 1459/1459/1411 1460/1460/1412
f 1461/1461/1413 1462/1462/1414 1463/1463/1415 1464/1464/1416
f 1465/1465/1417 1466/1466/1418 1467/1467/1419 1468/1468/1420
f 1469/1469/1421 1470/1470/1422 1471/1471/1423 1472/1472/1424
f 1473/1473/1425 1474/1474/1426 1475/1475/1427 1476/1476/1428
f 1477/1477/1429 1478/1478/1430 1479/1479/1431 1480/1480/1432
f 1481/1481/1433 1482/1482/1434 1483/1483/1435 1484/1484/1436
f 1485/1485/1437 1486/1486/1438 1487/1487/1439 1488/1488/1440
f 1489/1489/1441 1490/1490/1442 1491/1491/1443 1492/1492/1444
f 1493/1493/1445 1494/1494/1446 1495/1495/1447 1496/1496/1448
f 1497/1497/1449 1498/1498/1450 1499/1499/1451 1500/1500/1452
f 1501/1501/1453 1502/1502/1454 1503/1503/1455 1504/1504/1456
f 1593/1593/1539 1594/1594/1540 1595/1595/1541 1596/1596/1542
f 1597/1597/1543 1598/1598/1544 1599/1599/1545 1600/1600/1546
f 1601/1601/1547 1602/1602/1548 1603/1603/1549 1604/1604/1550
f 1605/1605/1551 1606/1606/1552 1607/1607/1553 1608/1608/1554
f 1609/1609/1555 1610/1610/1556 1611/1611/1557 1612/1612/1558
f 1613/1613/1559 1614/1614/1560 1615/1615/1561 1616/1616/1562
f 1617/1617/1563 1618/1618/1564 1619/1619/1565 1620/1620/1566
f 1621/1621/1567 1622/1622/1568 1623/1623/1569 1624/1624/1570
f 1625/1625/1571 1626/1626/1572 1627/1627/1573 1628/1628/1574
f 1629/1629/1575 1630/1630/1576 1631/1631/1577 1632/1632/1578
f 1633/1633/1579 1634/1634/1580 1635/1635/1581 1636/1636/1582
f 1637/1637/1583 1638/1638/1584 1639/1639/1585 1640/1640/1586
f 1641/1641/1587 1642/1642/1588 1643/1643/1589 1644/1644/1590
f 1645/1645/1591 1646/1646/1592 1647/1647/1593 1648/1648/1594
f 1649/1649/1595 1650/1650/1596 1651/1651/1597 1652/1652/1598
f 1653/1653/1599 1654/1654/1600 1655/1655/1601 1656/1656/1602
f 1657/1657/1603 1658/1658/1604 1659/1659/1605 1660/1660/1606
f 1661/1661/1607 1662/1662/1608 1663/1663/1609 1664/1664/1610
f 1665/1665/1611 1666/1666/1612 1667/1667/1613 1668/1668/1614
f 1669/1669/1615 1670/1670/1616 1671/1671/1617 1672/1672/1618
f 1761/1761/1701 1762/1762/1702 1763/1763/1703 1764/1764/1704
f 1765/1765/1705 1766/1766/1706 1767/1767/1707 1768/1768/1708
f 1769/1769/1709 1770/1770/1710 1771/1771/1711 1772/1772/1712
f 1773/1773/1713 1774/1774/1714 1775/1775/1715 1776/1776/1716
f 1777/1777/1717 1778/1778/1718 1779/1779/1719 1780/1780/1720
f 1781/1781/1721 1782/1782/1722 1783/1783/1723 1784/1784/1724
f 1785/1785/1725 1786/1786/1726 1787/1787/1727 1788/1788/1728
f 1789/1789/1729 1790/1790/1730 1791/1791/1731 1792/1792/1732
f 1793/1793/1733 1794/1794/1734 1795/1795/1735 1796/1796/1736
f 1797/1797/1737 1798/1798/1738 1799/1799/1739 1800/1800/1740
f 1801/1801/1741 1802/1802/1742 1803/1803/1743 1804/1804/1744
f 1805/1805/1745 1806/1806/1746 1807/1807/1747 1808/1808/1748
f 1809/1809/1749 1810/1810/1750 1811/1811/1751 1812/1812/1752
f 1813/1813/1753 1814/1814/1754 1815/1815/1755 1816/1816/1756
f 1817/1817/1757 1818/1818/1758 1819/1819/1759 1820/1820/1760
f 1821/1821/1761 1822/1822/1762 1823/1823/1763 1824/1824/1764
f 1825/1825/1765 1826/1826/1766 1827/1827/1767 1828/1828/1768
f 1829/1829/1769 1830/1830/1770 1831/1831/1771 1832/1832/1772
f 1833/1833/1773 1834/1834/1774 1835/1835/1775 1836/1836/1776
f 1837/1837/1777 1838/1838/1778 1839/1839/1779 1840/1840/1780
f 1929/1929/1863 1930/1930/1864 1931/1931/1865 1932/1932/1866
f 1933/1933/1867 1934/1934/1868 1935/1935/1869 1936/1936/1870
f 1937/1937/1871 1938/1938/1872 1939/1939/1873 1940/1940/1874
f 1941/1941/1875 1942/1942/1876 1943/1943/1877 1944/1944/1878
f 1945/1945/1879 1946/1946/1880 1947/1947/1881 1948/1948/1882
f 1949/1949/1883 1950/1950/1884 1951/1951/1885 1952/1952/1886
f 1953/1953/1887 1954/1954/1888 1955/1955/1889 1956/1956/1890
f 1957/1957/1891 1958/1958/1892 1959/1959/1893 1960/1960/1894
f 1961/1961/1895 1962/1962/1896 1963/1963/1897 1964/1964/1898
f 1965/1965/1899 1966/1966/1900 1967/1967/1901 1968/1968/1902
f 1969/1969/1903 1970/1970/1904 1971/1971/1905 1972/1972/1906
f 1973/1973/1907 1974/1974/1908 1975/1975/1909 1976/1976/1910
f 1977/1977/1911 1978/1978/1912 1979/1979/1913 1980/1980/1914
f 1981/1981/1915 1982/1982/1916 1983/1983/1917 1984/1984/1918
f 1985/1985/1919 1986/1986/1920 1987/1987/1921 1988/1988/1922
f 1989/1989/1923 1990/1990/1924 1991/1991/1925 1992/1992/1926
f 1993/1993/1927 1994/1994/1928 1995/1995/1929 1996/1996/1930
f 1997/1997/1931 1998/1998/1932 1999/1999/1933 2000/2000/1934
f 2001/2001/1935 2002/2002/1936 2003/2003/1937 2004/2004/1938
f 2005/2005/1939 2006/2006/1940 2007/2007/1941 2008/2008/1942
f 2097/2097/2025 2098/2098/2026 2099/2099/2027 2100/2100/2028
f 2101/2101/2029 2102/2102/2030 2103/2103/2031 2104/2104/2032
f 2105/2105/2033 2106/2106/2034 2107/2107/2035 2108/2108/2036
f 2109/2109/2037 2110/2110/2038 2111/2111/2039 2112/2112/2040
f 2113/2113/2041 2114/2114/2042 2115/2115/2043 2116/2116/2044
f 2117/2117/2045 2118/2118/2046 2119/2119/2047 2120/2120/2048
f 2121/2121/2049 2122/2122/2050 2123/2123/2051 2124/2124/2052
f 2125/2125/2053 2126/2126/2054 2127/2127/2055 2128/2128/2056
f 2129/2129/2057 2130/2130/2058 2131/2131/2059 2132/2132/2060
f 2133/2133/2061 2134/2134/2062 2135/2135/2063 2136/2136/2064
f 2137/2137/2065 2138/2138/2066 2139/2139/2067 2140/2140/2068
f 2141/2141/2069 2142/2142/2070 2143/2143/2071 2144/2144/2072
f 2145/2145/2073 2146/2146/2074 2147/2147/2075 2148/2148/2076
f 2149/2149/2077 2150/2150/2078 2151/2151/2079 2152/2152/2080
f 2153/2153/2081 2154/2154/2082 2155/2155/2083 2156/2156/2084
f 2157/2157/2085 2158/2158/2086 2159/2159/2087 2160/2160/2088
f 2161/2161/2089 2162/2162/2090 2163/2163/2091 2164/2164/2092
f 2165/2165/2093 2166/2166/2094 2167/2167/2095 2168/2168/2096
f 2169/2169/2097 2170/2170/2098 2171/2171/2099 2172/2172/2100
f 2173/2173/2101 2174/2174/2102 2175/2175/2103 2176/2176/2104
f 2265/2265/2187 2266/2266/2188 2267/2267/2189 2268/2268/2190
f 2269/2269/2191 2270/2270/2192 2271/2271/2193 2272/2272/2194
f 2273/2273/2195 2274/2274/2196 2275/2275/2197 2276/2276/2198
f 2277/2277/2199 2278/2278/2200 2279/2279/2201 2280/2280/2202
f 2281/2281/2203 2282/2282/2204 2283/2283/2205 2284/2284/2206
f 2285/2285/2207 2286/2286/2208 2287/2287/2209 2288/2288/2210
f 2289/2289/2211 2290/2290/2212 2291/2291/2213 2292/2292/2214
f 2293/2293/2215 2294/2294/2216 2295/2295/2217 2296/2296/2218
f 2297/2297/2219 2298/2298/2220 2299/2299/2221 2300/2300/2222
f 2301/2301/2223 2302/2302/2224 2303/2303/2225 2304/2304/2226
f 2305/2305/2227 2306/2306/2228 2307/2307/2229 2308/2308/2230
f 2309/2309/2231 2310/2310/2232 2311/2311/2233 2312/2312/2234
f 2313/2313/2235 2314/2314/2236 2315/2315/2237 2316/2316/2238
f 2317/2317/2239 2318/2318/2240 2319/2319/2241 2320/2320/2242
f 2321/2321/2243 2322/2322/2244 2323/2323/2245 2324/2324/2246
f 2325/2325/2247 2326/2326/2248 2327/2327/2249 2328/2328/2250
f 2329/2329/2251 2330/2330/2252 2331/2331/2253 2332/2332/2254
f 2333/2333/2255 2334/2334/2256 2335/2335/2257 2336/2336/2258
f 2337/2337/2259 2338/2338/2260 2339/2339/2261 2340/2340/2262
f 2341/2341/2263 2342/2342/2264 2343/2343/2265 2344/2344/2266
f 2433/2433/2349 2434/2434/2350 2435/2435/2351 2436/2436/2352
f 2437/2437/2353 2438/2438/2354 2439/2439/2355 2440/2440/2356
f 2441/2441/2357 2442/2442/2358 2443/2443/2359 2444/2444/2360
f 2445/2445/2361 2446/2446/2362 2447/2447/2363 2448/2448/2364
f 2449/2449/2365 2450/2450/2366 2451/2451/2367 2452/2452/2368
f 2453/2453/2369 2454/2454/2370 2455/2455/2371 2456/2456/2372
f 2457/2457/2373 2458/2458/2374 2459/2459/2375 2460/2460/2376
f 2461/2461/2377 2462/2462/2378 2463/2463/2379 2464/2464/2380
f 2465/2465/2381 2466/2466/2382 2467/2467/2383 2468/2468/2384
f 2469/2469/2385 2470/2470/2386 2471/2471/2387 2472/2472/2388
f 2473/2473/2389 2474/2474/2390 2475/2475/2391 2476/2476/2392
f 2477/2477/2393 2478/2478/2394 2479/2479/2395 2480/2480/2396
f 2481/2481/2397 2482/2482/2398 2483/2483/2399 2484/2484/2400
f 2485/2485/2401 2486/2486/2402 2487/2487/2403 2488/2488/2404
f 2489/2489/2405 2490/2490/2406 2491/2491/2407 2492/2492/2408
f 2493/2493/2409 2494/2494/2410 2495/2495/2411 2496/2496/2412
f 2497/2497/2413 2498/2498/2414 2499/2499/2415 2500/2500/2416
f 2501/2501/2417 2502/2502/2418 2503/2503/2419 2504/2504/2420
f 2505/2505/2421 2506/2506/2422 2507/2507/2423 2508/2508/2424
f 2509/2509/2425 2510/2510/2426 2511/2511/2427 2512/2512/2428
f 2601/2601/2511 2602/2602/2512 2603/2603/2513 2604/2604/2514
f 2605/2605/2515 2606/2606/2516 2607/2607/2517 2608/2608/2518
f 2609/2609/2519 2610/2610/2520 2611/2611/2521 2612/2612/2522
f 2613/2613/2523 2614/2614/2524 2615/2615/2525 2616/2616/2526
f 2617/2617/2527 2618/2618/2528 2619/2619/2529 2620/2620/2530
f 2621/2621/2531 2622/2622/2532 2623/2623/2533 2624/2624/2534
f 2625/2625/2535 2626/2626/2536 2627/2627/2537 2628/2628/2538
f 2629/2629/2539 2630/2630/2540 2631/2631/2541 2632/2632/2542
f 2633/2633/2543 2634/2634/2544 2635/2635/2545 2636/2636/2546
f 2637/2637/2547 2638/2638/2548 2639/2639/2549 2640/2640/2550
f 2641/2641/2551 2642/2642/2552 2643/2643/2553 2644/2644/2554
f 2645/2645/2555 2646/2646/2556 2647/2647/2557 2648/2648/2558
f 2649/2649/2559 2650/2650/2560 2651/2651/2561 2652/2652/2562
f 2653/2653/2563 2654/2654/2564 2655/2655/2565 2656/2656/2566
f 2657/2657/2567 2658/2658/2568 2659/2659/2569 2660/2660/2570
f 2661/2661/2571 2662/2662/2572 2663/2663/2573 2664/2664/2574
f 2665/2665/2575 2666/2666/2576 2667/2667/2577 2668/2668/2578
f 2669/2669/2579 2670/2670/2580 2671/2671/2581 2672/2672/2582
f 2673/2673/2583 2674/2674/2584 2675/2675/2585 2676/2676/2586
f 2677/2677/2587 2678/2678/2588 2679/2679/2589 2680/2680/2590
f 2769/2769/2673 2770/2770/2674 2771/2771/2675 2772/2772/2676
f 2773/2773/2677 2774/2774/2678 2775/2775/2679 2776/2776/2680
f 2777/2777/2681 2778/2778/2682 2779/2779/2683 2780/2780/2684
f 2781/2781/2685 2782/2782/2686 2783/2783/2687 2784/2784/2688
f 2785/2785/2689 2786/2786/2690 2787/2787/2691 2788/2788/2692
f 2789/2789/2693 2790/2790/2694 2791/2791/2695 2792/2792/2696
f 2793/2793/2697 2794/2794/2698 2795/2795/2699 2796/2796/2700
f 2797/2797/2701 2798/2798/2702 2799/2799/2703 2800/2800/2704
f 2801/2801/2705 2802/2802/2706 2803/2803/2707 2804/2804/2708
f 2805/2805/2709 2806/2806/2710 2807/2807/2711 2808/2808/2712
f 2809/2809/2713 2810/2810/2714 2811/2811/2715 2812/2812/2716
f 2813/2813/2717 2814/2814/2718 2815/2815/2719 2816/2816/2720
f 2817/2817/2721 2818/2818/2722 2819/2819/2723 2820/2820/2724
f 2821/2821/2725 2822/2822/2726 2823/2823/2727 2824/2824/2728
f 2825/2825/2729 2826/2826/2730 2827/2827/2731 2828/2828/2732
f 2829/2829/2733 2830/2830/2734 2831/2831/2735 2832/2832/2736
f 2833/2833/2737 2834/2834/2738 2835/2835/2739 2836/2836/2740
f 2837/2837/2741 2838/2838/2742 2839/2839/2743 2840/2840/2744
f 2841/2841/2745 2842/2842/2746 2843/2843/2747 2844/2844/2748
f 2845/2845/2749 2846/2846/2750 2847/2847/2751 2848/2848/2752
f 2937/2937/2835 2938/2938/2836 2939/2939/2837 2940/2940/2838
f 2941/2941/2839 2942/2942/2840 2943/2943/2841 2944/2944/2842
f 2945/2945/2843 2946/2946/2844 2947/2947/2845 2948/2948/2846
f 2949/2949/2847 2950/2950/2848 2951/2951/2849 2952/2952/2850
f 2953/2953/2851 2954/2954/2852 2955/2955/2853 2956/2956/2854
f 2957/2957/2855 2958/2958/2856 2959/2959/2857 2960/2960/2858
f 2961/2961/2859 2962/2962/2860 2963/2963/2861 2964/2964/2862
f 2965/2965/2863 2966/2966/2864 2967/2967/2865 2968/2968/2866
f 2969/2969/2867 2970/2970/2868 2971/2971/2869 2972/2972/2870
f 2973/2973/2871 2974/2974/2872 2975/2975/2873 2976/2976/2874
f 2977/2977/2875 2978/2978/2876 2979/2979/2877 2980/2980/2878
f 2981/2981/2879 2982/2982/2880 2983/2983/2881 2984/2984/2882
f 2985/2985/2883 2986/2986/2884 2987/2987/2885 2988/2988/2886
f 2989/2989/2887 2990/2990/2888 2991/2991/2889 2992/2992/2890
f 2993/2993/2891 2994/2994/2892 2995/2995/2893 2996/2996/2894
f 2997/2997/2895 2998/2998/2896 2999/2999/2897 3000/3000/2898
f 3001/3001/2899 3002/3002/2900 3003/3003/2901 3004/3004/2902
f 3005/3005/2903 3006/3006/2904 3007/3007/2905 3008/3008/2906
f 3009/3009/2907 3010/3010/2908 3011/3011/2909 3012/3012/2910
f 3013/3013/2911 3014/3014/2912 3015/3015/2913 3016/3016/2914
f 3105/3105/2997 3106/3106/2998 3107/3107/2999 3108/3108/3000
f 3109/3109/3001 3110/3110/3002 3111/3111/3003 3112/3112/3004
f 3113/3113/3005 3114/3114/3006 3115/3115/3007 3116/3116/3008
f 3117/3117/3009 3118/3118/3010 3119/3119/3011 3120/3120/3012
f 3121/3121/3013 3122/3122/3014 3123/3123/3015 3124/3124/3016
f 3125/3125/3017 3126/3126/3018 3127/3127/3019 3128/3128/3020
f 3129/3129/3021 3130/3130/3022 3131/3131/3023 3132/3132/3024
f 3133/3133/3025 3134/3134/3026 3135/3135/3027 3136/3136/3028
f 3137/3137/3029 3138/3138/3030 3139/3139/3031 3140/3140/3032
f 3141/3141/3033 3142/3142/3034 3143/3143/3035 3144/3144/3036
f 3145/3145/3037 3146/3146/3038 3147/3147/3039 3148/3148/3040
f 3149/3149/3041 3150/3150/3042 3151/3151/3043 3152/3152/3044
f 3153/3153/3045 3154/3154/3046 3155/3155/3047 3156/3156/3048
f 3157/3157/3049 3158/3158/3050 3159/3159/3051 3160/3160/3052
f 3161/3161/3053 3162/3162/3054 3163/3163/3055 3164/3164/3056
f 3165/3165/3057 3166/3166/3058 3167/3167/3059 3168/3168/3060
f 3169/3169/3061 3170/3170/3062 3171/3171/3063 3172/3172/3064
f 3173/3173/3065 3174/3174/3066 3175/3175/3067 3176/3176/3068
f 3177/3177/3069 3178/3178/3070 3179/3179/3071 3180/3180/3072
f 3181/3181/3073 3182/3182/3074 3183/3183/3075 3184/3184/3076
f 3273/3273/3159 3274/3274/3160 3275/3275/3161 3276/3276/3162
f 3277/3277/3163 3278/3278/3164 3279/3279/3165 3280/3280/3166
f 3281/3281/3167 3282/3282/3168 3283/3283/3169 3284/3284/3170
f 3285/3285/3171 3286/3286/3172 3287/3287/3173 3288/3288/3174
f 3289/3289/3175 3290/3290/3176 3291/3291/3177 3292/3292/3178
f 3293/3293/3179 3294/3294/3180 3295/3295/3181 3296/3296/3182
f 3297/3297/3183 3298/3298/3184 3299/3299/3185 3300/3300/3186
f 3301/3301/3187 3302/3302/3188 3303/3303/3189 3304/3304/3190
f 3305/3305/3191 3306/3306/3192 3307/3307/3193 3308/3308/3194
f 3309/3309/3195 3310/3310/3196 3311/3311/3197 3312/3312/3198
f 3313/3313/3199 3314/3314/3200 3315/3315/3201 3316/3316/3202
f 3317/3317/3203 3318/3318/3204 3319/3319/3205 3320/3320/3206
f 3321/3321/3207 3322/3322/3208 3323/3323/3209 3324/3324/3210
f 3325/3325/3211 3326/3326/3212 3327/3327/3213 3328/3328/3214
f 3329/3329/3215 3330/3330/3216 3331/3331/3217 3332/3332/3218
f 3333/3333/3219 3334/3334/3220 3335/3335/3221 3336/3336/3222
f 3337/3337/3223 3338/3338/3224 3339/3339/3225 3340/3340/3226
f 3341/3341/3227 3342/3342/3228 3343/3343/3229 3344/3344/3230
f 3345/3345/3231 3346/3346/3232 3347/3347/3233 3348/3348/3234
f 3349/3349/3235 3350/3350/3236 3351/3351/3237 3352/3352/3238
f 3361/3361/3241 3362/3362/3241 3363/3363/3241 3364/3364/3241
f 3365/3365/3242 3366/3366/3242 3367/3367/3242 3368/3368/3242
f 3369/3369/3243 3370/3370/3243 3371/3371/3243 3372/3372/3243
f 3373/3373/3244 3374/3374/3244 3375/3375/3244 3376/3376/3244
f 3377/3377/3245 3378/3378/3245 3379/3379/3245 3380/3380/3245
f 3381/3381/3246 3382/3382/3246 3383/3383/3246 3384/3384/3246
f 3385/3385/3247 3386/3386/3247 3387/3387/3247 3388/3388/3247
usemtl rust
f 3389/3389/3248 3390/3390/3248 3391/3391/3248 3392/3392/3248
f 3393/3393/3249 3394/3394/3249 3395/3395/3249 3396/3396/3249
f 3397/3397/3250 3398/3398/3250 3399/3399/3250 3400/3400/3250
f 3401/3401/3251 3402/3402/3251 3403/3403/3251 3404/3404/3251
f 3405/3405/3252 3406/3406/3252 3407/3407/3252 3408/3408/3252
f 3409/3409/3253 3410/3410/3253 3411/3411/3253 3412/3412/3253
f 3413/3413/3254 3414/3414/3254 3415/3415/3254 3416/3416/3254
f 3417/3417/3255 3418/3418/3255 3419/3419/3255 3420/3420/3255
f 3421/3421/3256 3422/3422/3256 3423/3423/3256 3424/3424/3256
f 3425/3425/3257 3426/3426/3257 3427/3427/3257 3428/3428/3257
f 3429/3429/3258 3430/3430/3258 3431/3431/3258 3432/3432/3258
f 3433/3433/3259 3434/3434/3259 3435/3435/3259 3436/3436/3259
f 3437/3437/3260 3438/3438/3260 3439/3439/3260 3440/3440/3260
f 3441/3441/3261 3442/3442/3261 3443/3443/3261 3444/3444/3261
f 3445/3445/3262 3446/3446/3262 3447/3447/3262 3448/3448/3262
f 3449/3449/3263 3450/3450/3263 3451/3451/3263 3452/3452/3263
f 3453/3453/3264 3454/3454/3264 3455/3455/3264 3456/3456/3264
f 3457/3457/3265 3458/3458/3265 3459/3459/3265 3460/3460/3265
f 3461/3461/3266 3462/3462/3266 3463/3463/3266 3464/3464/3266
f 3465/3465/3267 3466/3466/3267 3467/3467/3267 3468/3468/3267
f 3469/3469/3268 3470/3470/3268 3471/3471/3268 3472/3472/3268
f 3473/3473/3269 3474/3474/3269 3475/3475/3269 3476/3476/3269
f 3477/3477/3270 3478/3478/3270 3479/3479/3270 3480/3480/3270
f 3481/3481/3271 3482/3482/3271 3483/3483/3271 3484/3484/3271
f 3485/3485/3272 3486/3486/3272 3487/3487/3272 3488/3488/3272
f 3489/3489/3273 3490/3490/3273 3491/3491/3273 3492/3492/3273
f 3493/3493/3274 3494/3494/3274 3495/3495/3274 3496/3496/3274
f 3497/3497/3275 3498/3498/3275 3499/3499/3275 3500/3500/3275
f 3501/3501/3276 3502/3502/3276 3503/3503/3276 3504/3504/3276
f 3505/3505/3277 3506/3506/3277 3507/3507/3277 3508/3508/3277
f 3509/3509/3278 3510/3510/3278 3511/3511/3278 3512/3512/3278
f 3513/3513/3279 3514/3514/3279 3515/3515/3279 3516/3516/3279
f 3517/3517/3280 3518/3518/3280 3519/3519/3280 3520/3520/3280
f 3521/3521/3281 3522/3522/3281 3523/3523/3281 3524/3524/3281
f 3525/3525/3282 3526/3526/3282 3527/3527/3282 3528/3528/3282
f 3529/3529/3283 3530/3530/3283 3531/3531/3283 3532/3532/3283
f 3533/3533/3284 3534/3534/3284 3535/3535/3284 3536/3536/3284
f 3537/3537/3285 3538/3538/3285 3539/3539/3285 3540/3540/3285
f 3541/3541/3286 3542/3542/3286 3543/3543/3286 3544/3544/3286
f 3545/3545/3287 3546/3546/3287 3547/3547/3287 3548/3548/3287
f 3549/3549/3288 3550/3550/3288 3551/3551/3288 3552/3552/3288
f 3553/3553/3289 3554/3554/3289 3555/3555/3289 3556/3556/3289
f 3557/3557/3290 3558/3558/3290 3559/3559/3290 3560/3560/3290
f 3561/3561/3291 3562/3562/3291 3563/3563/3291 3564/3564/3291
f 3565/3565/3292 3566/3566/3292 3567/3567/3292 3568/3568/3292
f 3569/3569/3293 3570/3570/3293 3571/3571/3293 3572/3572/3293
f 3573/3573/3294 3574/3574/3294 3575/3575/3294 3576/3576/3294
f 3577/3577/3295 3578/3578/3295 3579/3579/3295 3580/3580/3295
f 3581/3581/3296 3582/3582/3296 3583/3583/3296 3584/3584/3296
f 3585/3585/3297 3586/3586/3297 3587/3587/3297 3588/3588/3297
f 3589/3589/3298 3590/3590/3298 3591/3591/3298 3592/3592/3298
f 3593/3593/3299 3594/3594/3299 3595/3595/3299 3596/3596/3299
f 3597/3597/3300 3598/3598/3300 3599/3599/3300 3600/3600/3300
f 3601/3601/3301 3602/3602/3301 3603/3603/3301 3604/3604/3301
f 3605/3605/3302 3606/3606/3302 3607/3607/3302 3608/3608/3302
f 3609/3609/3303 3610/3610/3303 3611/3611/3303 3612/3612/3303
f 3613/3613/3304 3614/3614/3304 3615/3615/3304 3616/3616/3304
f 3617/3617/3305 3618/3618/3305 3619/3619/3305 3620/3620/3305
f 3621/3621/3306 3622/3622/3306 3623/3623/3306 3624/3624/3306
f 3625/3625/3307 3626/3626/3307 3627/3627/3307 3628/3628/3307
f 3629/3629/3308 3630/3630/3308 3631/3631/3308 3632/3632/3308
f 3633/3633/3309 3634/3634/3309 3635/3635/3309 3636/3636/3309
f 3637/3637/3310 3638/3638/3310 3639/3639/3310 3640/3640/3310
f 3641/3641/3311 3642/3642/3311 3643/3643/3311 3644/3644/3311
f 3645/3645/3312 3646/3646/3312 3647/3647/3312 3648/3648/3312
f 3649/3649/3313 3650/3650/3313 3651/3651/3313 3652/3652/3313
f 3653/3653/3314 3654/3654/3314 3655/3655/3314 3656/3656/3314
f 3657/3657/3315 3658/3658/3315 3659/3659/3315 3660/3660/3315
f 3661/3661/3316 3662/3662/3316 3663/3663/3316 3664/3664/3316
f 3665/3665/3317 3666/3666/3317 3667/3667/3317 3668/3668/3317
f 3669/3669/3318 3670/3670/3318 3671/3671/3318 3672/3672/3318
f 3673/3673/3319 3674/3674/3319 3675/3675/3319 3676/3676/3319
f 3677/3677/3320 3678/3678/3320 3679/3679/3320 3680/3680/3320
f 3681/3681/3321 3682/3682/3321 3683/3683/3321 3684/3684/3321
f 3685/3685/3322 3686/3686/3322 3687/3687/3322 3688/3688/3322
f 3689/3689/3323 3690/3690/3323 3691/3691/3323 3692/3692/3323
f 3693/3693/3324 3694/3694/3324 3695/3695/3324 3696/3696/3324
f 3697/3697/3325 3698/3698/3325 3699/3699/3325 3700/3700/3325
f 3701/3701/3326 3702/3702/3326 3703/3703/3326 3704/3704/3326
f 3705/3705/3327 3706/3706/3327 3707/3707/3327 3708/3708/3327
f 3709/3709/3328 3710/3710/3328 3711/3711/3328 3712/3712/3328
f 3713/3713/3329 3714/3714/3329 3715/3715/3329 3716/3716/3329
f 3717/3717/3330 3718/3718/3330 3719/3719/3330 3720/3720/3330
f 3721/3721/3331 3722/3722/3331 3723/3723/3331 3724/3724/3331
f 3725/3725/3332 3726/3726/3332 3727/3727/3332 3728/3728/3332
f 3729/3729/3333 3730/3730/3333 3731/3731/3333 3732/3732/3333
f 3733/3733/3334 3734/3734/3334 3735/3735/3334 3736/3736/3334
f 3737/3737/3335 3738/3738/3335 3739/3739/3335 3740/3740/3335
f 3741/3741/3336 3742/3742/3336 3743/3743/3336 3744/3744/3336
f 3745/3745/3337 3746/3746/3337 3747/3747/3337 3748/3748/3337
f 3749/3749/3338 3750/3750/3338 3751/3751/3338 3752/3752/3338
f 3753/3753/3339 3754/3754/3339 3755/3755/3339 3756/3756/3339
f 3757/3757/3340 3758/3758/3340 3759/3759/3340 3760/3760/3340
f 3761/3761/3341 3762/3762/3341 3763/3763/3341 3764/3764/3341
f 3765/3765/3342 3766/3766/3342 3767/3767/3342 3768/3768/3342
f 3769/3769/3343 3770/3770/3343 3771/3771/3343 3772/3772/3343
f 3773/3773/3344 3774/3774/3344 3775/3775/3344 3776/3776/3344
f 3777/3777/3345 3778/3778/3345 3779/3779/3345 3780/3780/3345
f 3781/3781/3346 3782/3782/3346 3783/3783/3346 3784/3784/3346
f 3785/3785/3347 3786/3786/3347 3787/3787/3347 3788/3788/3347
f 3789/3789/3348 3790/3790/3348 3791/3791/3348 3792/3792/3348
f 3793/3793/3349 3794/3794/3349 3795/3795/3349 3796/3796/3349
f 3797/3797/3350 3798/3798/3350 3799/3799/3350 3800/3800/3350
f 3801/3801/3351 3802/3802/3351 3803/3803/3351 3804/3804/3351
f 3805/3805/3352 3806/3806/3352 3807/3807/3352 3808/3808/3352
f 3809/3809/3353 3810/3810/3353 3811/3811/3353 3812/3812/3353
f 3813/3813/3354 3814/3814/3354 3815/3815/3354 3816/3816/3354
f 3817/3817/3355 3818/3818/3355 3819/3819/3355 3820/3820/3355
f 3821/3821/3356 3822/3822/3356 3823/3823/3356 3824/3824/3356
f 3825/3825/3357 3826/3826/3357 3827/3827/3357 3828/3828/3357
f 3829/3829/3358 3830/3830/3358 3831/3831/3358 3832/3832/3358
f 3833/3833/3359 3834/3834/3359 3835/3835/3359 3836/3836/3359
f 3837/3837/3360 3838/3838/3360 3839/3839/3360 3840/3840/3360
f 3841/3841/3361 3842/3842/3361 3843/3843/3361 3844/3844/3361
f 3845/3845/3362 3846/3846/3362 3847/3847/3362 3848/3848/3362
f 3849/3849/3363 3850/3850/3363 3851/3851/3363 3852/3852/3363
f 3853/3853/3364 3854/3854/3364 3855/3855/3364 3856/3856/3364
f 3857/3857/3365 3858/3858/3365 3859/3859/3365 3860/3860/3365
f 3861/3861/3366 3862/3862/3366 3863/3863/3366 3864/3864/3366
f 3865/3865/3367 3866/3866/3367 3867/3867/3367 3868/3868/3367
f 3869/3869/3368 3870/3870/3368 3871/3871/3368 3872/3872/3368
f 3873/3873/3369 3874/3874/3369 3875/3875/3369 3876/3876/3369
f 3877/3877/3370 3878/3878/3370 3879/3879/3370 3880/3880/3370
f 3881/3881/3371 3882/3882/3371 3883/3883/3371 3884/3884/3371
f 3885/3885/3372 3886/3886/3372 3887/3887/3372 3888/3888/3372
f 3889/3889/3373 3890/3890/3373 3891/3891/3373 3892/3892/3373
f 3893/3893/3374 3894/3894/3374 3895/3895/3374 3896/3896/3374
f 3897/3897/3375 3898/3898/3375 3899/3899/3375 3900/3900/3375
f 3901/3901/3376 3902/3902/3376 3903/3903/3376 3904/3904/3376
f 3905/3905/3377 3906/3906/3377 3907/3907/3377 3908/3908/3377
f 3909/3909/3378 3910/3910/3378 3911/3911/3378 3912/3912/3378
f 3913/3913/3379 3914/3914/3379 3915/3915/3379 3916/3916/3379
f 3917/3917/3380 3918/3918/3380 3919/3919/3380 3920/3920/3380
f 3921/3921/3381 3922/3922/3381 3923/3923/3381 3924/3924/3381
f 3925/3925/3382 3926/3926/3382 3927/3927/3382 3928/3928/3382
f 3929/3929/3383 3930/3930/3383 3931/3931/3383 3932/3932/3383
f 3933/3933/3384 3934/3934/3384 3935/3935/3384 3936/3936/3384
f 3937/3937/3385 3938/3938/3385 3939/3939/3385 3940/3940/3385
f 3941/3941/3386 3942/3942/3386 3943/3943/3386 3944/3944/3386
f 3945/3945/3387 3946/3946/3387 3947/3947/3387 3948/3948/3387
f 3949/3949/3388 3950/3950/3388 3951/3951/3388 3952/3952/3388
f 3953/3953/3389 3954/3954/3389 3955/3955/3389 3956/3956/3389
f 3957/3957/3390 3958/3958/3390 3959/3959/3390 3960/3960/3390
f 3961/3961/3391 3962/3962/3391 3963/3963/3391 3964/3964/3391
f 3965/3965/3392 3966/3966/3392 3967/3967/3392 3968/3968/3392
f 3969/3969/3393 3970/3970/3393 3971/3971/3393 3972/3972/3393
f 3973/3973/3394 3974/3974/3394 3975/3975/3394 3976/3976/3394
f 3977/3977/3395 3978/3978/3395 3979/3979/3395 3980/3980/3395
f 3981/3981/3396 3982/3982/3396 3983/3983/3396 3984/3984/3396
f 3985/3985/3397 3986/3986/3397 3987/3987/3397 3988/3988/3397
f 3989/3989/3398 3990/3990/3398 3991/3991/3398 3992/3992/3398
f 3993/3993/3399 3994/3994/3399 3995/3995/3399 3996/3996/3399
f 3997/3997/3400 3998/3998/3400 3999/3999/3400 4000/4000/3400
f 4001/4001/3401 4002/4002/3401 4003/4003/3401 4004/4004/3401
f 4005/4005/3402 4006/4006/3402 4007/4007/3402 4008/4008/3402
f 4009/4009/3403 4010/4010/3403 4011/4011/3403 4012/4012/3403
f 4013/4013/3404 4014/4014/3404 4015/4015/3404 4016/4016/3404
f 4017/4017/3405 4018/4018/3405 4019/4019/3405 4020/4020/3405
f 4021/4021/3406 4022/4022/3406 4023/4023/3406 4024/4024/3406
f 4025/4025/3407 4026/4026/3407 4027/4027/3407 4028/4028/3407
f 4029/4029/3408 4030/4030/3408 4031/4031/3408 4032/4032/3408
f 4033/4033/3409 4034/4034/3409 4035/4035/3409 4036/4036/3409
f 4037/4037/3410 4038/4038/3410 4039/4039/3410 4040/4040/3410
f 4041/4041/3411 4042/4042/3411 4043/4043/3411 4044/4044/3411
f 4045/4045/3412 4046/4046/3412 4047/4047/3412 4048/4048/3412
f 4049/4049/3413 4050/4050/3413 4051/4051/3413 4052/4052/3413
f 4053/4053/3414 4054/4054/3414 4055/4055/3414 4056/4056/3414
f 4057/4057/3415 4058/4058/3415 4059/4059/3415 4060/4060/3415
f 4061/4061/3416 4062/4062/3416 4063/4063/3416 4064/4064/3416
f 4065/4065/3417 4066/4066/3417 4067/4067/3417 4068/4068/3417
f 4069/4069/3418 4070/4070/3418 4071/4071/3418 4072/4072/3418
f 4073/4073/3419 4074/4074/3419 4075/4075/3419 4076/4076/3419
f 4077/4077/3420 4078/4078/3420 4079/4079/3420 4080/4080/3420
f 4081/4081/3421 4082/4082/3421 4083/4083/3421 4084/4084/3421
f 4085/4085/3422 4086/4086/3422 4087/4087/3422 4088/4088/3422
f 4089/4089/3423 4090/4090/3423 4091/4091/3423 4092/4092/3423
f 4093/4093/3424 4094/4094/3424 4095/4095/3424 4096/4096/3424
f 4097/4097/3425 4098/4098/3425 4099/4099/3425 4100/4100/3425
f 4101/4101/3426 4102/4102/3426 4103/4103/3426 4104/4104/3426
f 4105/4105/3427 4106/4106/3427 4107/4107/3427 4108/4108/3427
f 4109/4109/3428 4110/4110/3428 4111/4111/3428 4112/4112/3428
f 4113/4113/3429 4114/4114/3429 4115/4115/3429 4116/4116/3429
f 4117/4117/3430 4118/4118/3430 4119/4119/3430 4120/4120/3430
f 4121/4121/3431 4122/4122/3431 4123/4123/3431 4124/4124/3431
f 4125/4125/3432 4126/4126/3432 4127/4127/3432 4128/4128/3432
f 4129/4129/3433 4130/4130/3433 4131/4131/3433 4132/4132/3433
f 4133/4133/3434 4134/4134/3434 4135/4135/3434 4136/4136/3434
f 4137/4137/3435 4138/4138/3435 4139/4139/3435 4140/4140/3435
f 4141/4141/3436 4142/4142/3436 4143/4143/3436 4144/4144/3436
f 4145/4145/3437 4146/4146/3437 4147/4147/3437 4148/4148/3437
f 4149/4149/3438 4150/4150/3438 4151/4151/3438 4152/4152/3438
f 4153/4153/3439 4154/4154/3439 4155/4155/3439 4156/4156/3439
f 4157/4157/3440 4158/4158/3440 4159/4159/3440 4160/4160/3440
f 4161/4161/3441 4162/4162/3441 4163/4163/3441 4164/4164/3441
f 4165/4165/3442 4166/4166/3442 4167/4167/3442 4168/4168/3442
f 4169/4169/3443 4170/4170/3443 4171/4171/3443 4172/4172/3443
f 4173/4173/3444 4174/4174/3444 4175/4175/3444 4176/4176/3444
f 4177/4177/3445 4178/4178/3445 4179/4179/3445 4180/4180/3445
