# generated by meshlib
mtllib train_car_cab.mtl
o train_car_cab
v 8.80000 -0.28000 1.33000
v 8.80000 -0.28000 -1.33000
v 8.80000 0.00000 -1.33000
v 8.80000 0.00000 1.33000
v -8.80000 -0.28000 -1.33000
v -8.80000 -0.28000 1.33000
v -8.80000 0.00000 1.33000
v -8.80000 0.00000 -1.33000
v -8.80000 0.00000 1.33000
v 8.80000 0.00000 1.33000
v 8.80000 0.00000 -1.33000
v -8.80000 0.00000 -1.33000
v -8.80000 -0.28000 -1.33000
v 8.80000 -0.28000 -1.33000
v 8.80000 -0.28000 1.33000
v -8.80000 -0.28000 1.33000
v -8.80000 -0.28000 1.33000
v 8.80000 -0.28000 1.33000
v 8.80000 0.00000 1.33000
v -8.80000 0.00000 1.33000
v 8.80000 -0.28000 -1.33000
v -8.80000 -0.28000 -1.33000
v -8.80000 0.00000 -1.33000
v 8.80000 0.00000 -1.33000
v 8.20000 -0.57000 1.08000
v 8.20000 -0.57000 -1.08000
v 8.20000 -0.27000 -1.08000
v 8.20000 -0.27000 1.08000
v -8.20000 -0.57000 -1.08000
v -8.20000 -0.57000 1.08000
v -8.20000 -0.27000 1.08000
v -8.20000 -0.27000 -1.08000
v -8.20000 -0.27000 1.08000
v 8.20000 -0.27000 1.08000
v 8.20000 -0.27000 -1.08000
v -8.20000 -0.27000 -1.08000
v -8.20000 -0.57000 -1.08000
v 8.20000 -0.57000 -1.08000
v 8.20000 -0.57000 1.08000
v -8.20000 -0.57000 1.08000
v -8.20000 -0.57000 1.08000
v 8.20000 -0.57000 1.08000
v 8.20000 -0.27000 1.08000
v -8.20000 -0.27000 1.08000
v 8.20000 -0.57000 -1.08000
v -8.20000 -0.57000 -1.08000
v -8.20000 -0.27000 -1.08000
v 8.20000 -0.27000 -1.08000
v -6.95000 -0.63000 0.82500
v -6.95000 -0.63000 0.27500
v -6.95000 -0.29000 0.27500
v -6.95000 -0.29000 0.82500
v -7.85000 -0.63000 0.27500
v -7.85000 -0.63000 0.82500
v -7.85000 -0.29000 0.82500
v -7.85000 -0.29000 0.27500
v -7.85000 -0.29000 0.82500
v -6.95000 -0.29000 0.82500
v -6.95000 -0.29000 0.27500
v -7.85000 -0.29000 0.27500
v -7.85000 -0.63000 0.27500
v -6.95000 -0.63000 0.27500
v -6.95000 -0.63000 0.82500
v -7.85000 -0.63000 0.82500
v -7.85000 -0.63000 0.82500
v -6.95000 -0.63000 0.82500
v -6.95000 -0.29000 0.82500
v -7.85000 -0.29000 0.82500
v -6.95000 -0.63000 0.27500
v -7.85000 -0.63000 0.27500
v -7.85000 -0.29000 0.27500
v -6.95000 -0.29000 0.27500
v -7.90000 -0.36000 -0.77000
v -7.90000 -0.31886 -0.75663
v -6.90000 -0.31886 -0.75663
v -6.90000 -0.36000 -0.77000
v -7.90000 -0.31886 -0.75663
v -7.90000 -0.29343 -0.72163
v -6.90000 -0.29343 -0.72163
v -6.90000 -0.31886 -0.75663
v -7.90000 -0.29343 -0.72163
v -7.90000 -0.29343 -0.67837
v -6.90000 -0.29343 -0.67837
v -6.90000 -0.29343 -0.72163
v -7.90000 -0.29343 -0.67837
v -7.90000 -0.31886 -0.64337
v -6.90000 -0.31886 -0.64337
v -6.90000 -0.29343 -0.67837
v -7.90000 -0.31886 -0.64337
v -7.90000 -0.36000 -0.63000
v -6.90000 -0.36000 -0.63000
v -6.90000 -0.31886 -0.64337
v -7.90000 -0.36000 -0.63000
v -7.90000 -0.40114 -0.64337
v -6.90000 -0.40114 -0.64337
v -6.90000 -0.36000 -0.63000
v -7.90000 -0.40114 -0.64337
v -7.90000 -0.42657 -0.67837
v -6.90000 -0.42657 -0.67837
v -6.90000 -0.40114 -0.64337
v -7.90000 -0.42657 -0.67837
v -7.90000 -0.42657 -0.72163
v -6.90000 -0.42657 -0.72163
v -6.90000 -0.42657 -0.67837
v -7.90000 -0.42657 -0.72163
v -7.90000 -0.40114 -0.75663
v -6.90000 -0.40114 -0.75663
v -6.90000 -0.42657 -0.72163
v -7.90000 -0.40114 -0.75663
v -7.90000 -0.36000 -0.77000
v -6.90000 -0.36000 -0.77000
v -6.90000 -0.40114 -0.75663
v -7.90000 -0.40114 -0.75663
v -7.90000 -0.42657 -0.72163
v -7.90000 -0.42657 -0.67837
v -7.90000 -0.40114 -0.64337
v -7.90000 -0.36000 -0.63000
v -7.90000 -0.31886 -0.64337
v -7.90000 -0.29343 -0.67837
v -7.90000 -0.29343 -0.72163
v -7.90000 -0.31886 -0.75663
v -7.90000 -0.36000 -0.77000
v -6.90000 -0.36000 -0.77000
v -6.90000 -0.31886 -0.75663
v -6.90000 -0.29343 -0.72163
v -6.90000 -0.29343 -0.67837
v -6.90000 -0.31886 -0.64337
v -6.90000 -0.36000 -0.63000
v -6.90000 -0.40114 -0.64337
v -6.90000 -0.42657 -0.67837
v -6.90000 -0.42657 -0.72163
v -6.90000 -0.40114 -0.75663
v -4.48333 -0.63000 0.82500
v -4.48333 -0.63000 0.27500
v -4.48333 -0.29000 0.27500
v -4.48333 -0.29000 0.82500
v -5.38333 -0.63000 0.27500
v -5.38333 -0.63000 0.82500
v -5.38333 -0.29000 0.82500
v -5.38333 -0.29000 0.27500
v -5.38333 -0.29000 0.82500
v -4.48333 -0.29000 0.82500
v -4.48333 -0.29000 0.27500
v -5.38333 -0.29000 0.27500
v -5.38333 -0.63000 0.27500
v -4.48333 -0.63000 0.27500
v -4.48333 -0.63000 0.82500
v -5.38333 -0.63000 0.82500
v -5.38333 -0.63000 0.82500
v -4.48333 -0.63000 0.82500
v -4.48333 -0.29000 0.82500
v -5.38333 -0.29000 0.82500
v -4.48333 -0.63000 0.27500
v -5.38333 -0.63000 0.27500
v -5.38333 -0.29000 0.27500
v -4.48333 -0.29000 0.27500
v -5.43333 -0.36000 -0.77000
v -5.43333 -0.31886 -0.75663
v -4.43333 -0.31886 -0.75663
v -4.43333 -0.36000 -0.77000
v -5.43333 -0.31886 -0.75663
v -5.43333 -0.29343 -0.72163
v -4.43333 -0.29343 -0.72163
v -4.43333 -0.31886 -0.75663
v -5.43333 -0.29343 -0.72163
v -5.43333 -0.29343 -0.67837
v -4.43333 -0.29343 -0.67837
v -4.43333 -0.29343 -0.72163
v -5.43333 -0.29343 -0.67837
v -5.43333 -0.31886 -0.64337
v -4.43333 -0.31886 -0.64337
v -4.43333 -0.29343 -0.67837
v -5.43333 -0.31886 -0.64337
v -5.43333 -0.36000 -0.63000
v -4.43333 -0.36000 -0.63000
v -4.43333 -0.31886 -0.64337
v -5.43333 -0.36000 -0.63000
v -5.43333 -0.40114 -0.64337
v -4.43333 -0.40114 -0.64337
v -4.43333 -0.36000 -0.63000
v -5.43333 -0.40114 -0.64337
v -5.43333 -0.42657 -0.67837
v -4.43333 -0.42657 -0.67837
v -4.43333 -0.40114 -0.64337
v -5.43333 -0.42657 -0.67837
v -5.43333 -0.42657 -0.72163
v -4.43333 -0.42657 -0.72163
v -4.43333 -0.42657 -0.67837
v -5.43333 -0.42657 -0.72163
v -5.43333 -0.40114 -0.75663
v -4.43333 -0.40114 -0.75663
v -4.43333 -0.42657 -0.72163
v -5.43333 -0.40114 -0.75663
v -5.43333 -0.36000 -0.77000
v -4.43333 -0.36000 -0.77000
v -4.43333 -0.40114 -0.75663
v -5.43333 -0.40114 -0.75663
v -5.43333 -0.42657 -0.72163
v -5.43333 -0.42657 -0.67837
v -5.43333 -0.40114 -0.64337
v -5.43333 -0.36000 -0.63000
v -5.43333 -0.31886 -0.64337
v -5.43333 -0.29343 -0.67837
v -5.43333 -0.29343 -0.72163
v -5.43333 -0.31886 -0.75663
v -5.43333 -0.36000 -0.77000
v -4.43333 -0.36000 -0.77000
v -4.43333 -0.31886 -0.75663
v -4.43333 -0.29343 -0.72163
v -4.43333 -0.29343 -0.67837
v -4.43333 -0.31886 -0.64337
v -4.43333 -0.36000 -0.63000
v -4.43333 -0.40114 -0.64337
v -4.43333 -0.42657 -0.67837
v -4.43333 -0.42657 -0.72163
v -4.43333 -0.40114 -0.75663
v -2.01667 -0.63000 0.82500
v -2.01667 -0.63000 0.27500
v -2.01667 -0.29000 0.27500
v -2.01667 -0.29000 0.82500
v -2.91667 -0.63000 0.27500
v -2.91667 -0.63000 0.82500
v -2.91667 -0.29000 0.82500
v -2.91667 -0.29000 0.27500
v -2.91667 -0.29000 0.82500
v -2.01667 -0.29000 0.82500
v -2.01667 -0.29000 0.27500
v -2.91667 -0.29000 0.27500
v -2.91667 -0.63000 0.27500
v -2.01667 -0.63000 0.27500
v -2.01667 -0.63000 0.82500
v -2.91667 -0.63000 0.82500
v -2.91667 -0.63000 0.82500
v -2.01667 -0.63000 0.82500
v -2.01667 -0.29000 0.82500
v -2.91667 -0.29000 0.82500
v -2.01667 -0.63000 0.27500
v -2.91667 -0.63000 0.27500
v -2.91667 -0.29000 0.27500
v -2.01667 -0.29000 0.27500
v -2.96667 -0.36000 -0.77000
v -2.96667 -0.31886 -0.75663
v -1.96667 -0.31886 -0.75663
v -1.96667 -0.36000 -0.77000
v -2.96667 -0.31886 -0.75663
v -2.96667 -0.29343 -0.72163
v -1.96667 -0.29343 -0.72163
v -1.96667 -0.31886 -0.75663
v -2.96667 -0.29343 -0.72163
v -2.96667 -0.29343 -0.67837
v -1.96667 -0.29343 -0.67837
v -1.96667 -0.29343 -0.72163
v -2.96667 -0.29343 -0.67837
v -2.96667 -0.31886 -0.64337
v -1.96667 -0.31886 -0.64337
v -1.96667 -0.29343 -0.67837
v -2.96667 -0.31886 -0.64337
v -2.96667 -0.36000 -0.63000
v -1.96667 -0.36000 -0.63000
v -1.96667 -0.31886 -0.64337
v -2.96667 -0.36000 -0.63000
v -2.96667 -0.40114 -0.64337
v -1.96667 -0.40114 -0.64337
v -1.96667 -0.36000 -0.63000
v -2.96667 -0.40114 -0.64337
v -2.96667 -0.42657 -0.67837
v -1.96667 -0.42657 -0.67837
v -1.96667 -0.40114 -0.64337
v -2.96667 -0.42657 -0.67837
v -2.96667 -0.42657 -0.72163
v -1.96667 -0.42657 -0.72163
v -1.96667 -0.42657 -0.67837
v -2.96667 -0.42657 -0.72163
v -2.96667 -0.40114 -0.75663
v -1.96667 -0.40114 -0.75663
v -1.96667 -0.42657 -0.72163
v -2.96667 -0.40114 -0.75663
v -2.96667 -0.36000 -0.77000
v -1.96667 -0.36000 -0.77000
v -1.96667 -0.40114 -0.75663
v -2.96667 -0.40114 -0.75663
v -2.96667 -0.42657 -0.72163
v -2.96667 -0.42657 -0.67837
v -2.96667 -0.40114 -0.64337
v -2.96667 -0.36000 -0.63000
v -2.96667 -0.31886 -0.64337
v -2.96667 -0.29343 -0.67837
v -2.96667 -0.29343 -0.72163
v -2.96667 -0.31886 -0.75663
v -2.96667 -0.36000 -0.77000
v -1.96667 -0.36000 -0.77000
v -1.96667 -0.31886 -0.75663
v -1.96667 -0.29343 -0.72163
v -1.96667 -0.29343 -0.67837
v -1.96667 -0.31886 -0.64337
v -1.96667 -0.36000 -0.63000
v -1.96667 -0.40114 -0.64337
v -1.96667 -0.42657 -0.67837
v -1.96667 -0.42657 -0.72163
v -1.96667 -0.40114 -0.75663
v 0.45000 -0.63000 0.82500
v 0.45000 -0.63000 0.27500
v 0.45000 -0.29000 0.27500
v 0.45000 -0.29000 0.82500
v -0.45000 -0.63000 0.27500
v -0.45000 -0.63000 0.82500
v -0.45000 -0.29000 0.82500
v -0.45000 -0.29000 0.27500
v -0.45000 -0.29000 0.82500
v 0.45000 -0.29000 0.82500
v 0.45000 -0.29000 0.27500
v -0.45000 -0.29000 0.27500
v -0.45000 -0.63000 0.27500
v 0.45000 -0.63000 0.27500
v 0.45000 -0.63000 0.82500
v -0.45000 -0.63000 0.82500
v -0.45000 -0.63000 0.82500
v 0.45000 -0.63000 0.82500
v 0.45000 -0.29000 0.82500
v -0.45000 -0.29000 0.82500
v 0.45000 -0.63000 0.27500
v -0.45000 -0.63000 0.27500
v -0.45000 -0.29000 0.27500
v 0.45000 -0.29000 0.27500
v -0.50000 -0.36000 -0.77000
v -0.50000 -0.31886 -0.75663
v 0.50000 -0.31886 -0.75663
v 0.50000 -0.36000 -0.77000
v -0.50000 -0.31886 -0.75663
v -0.50000 -0.29343 -0.72163
v 0.50000 -0.29343 -0.72163
v 0.50000 -0.31886 -0.75663
v -0.50000 -0.29343 -0.72163
v -0.50000 -0.29343 -0.67837
v 0.50000 -0.29343 -0.67837
v 0.50000 -0.29343 -0.72163
v -0.50000 -0.29343 -0.67837
v -0.50000 -0.31886 -0.64337
v 0.50000 -0.31886 -0.64337
v 0.50000 -0.29343 -0.67837
v -0.50000 -0.31886 -0.64337
v -0.50000 -0.36000 -0.63000
v 0.50000 -0.36000 -0.63000
v 0.50000 -0.31886 -0.64337
v -0.50000 -0.36000 -0.63000
v -0.50000 -0.40114 -0.64337
v 0.50000 -0.40114 -0.64337
v 0.50000 -0.36000 -0.63000
v -0.50000 -0.40114 -0.64337
v -0.50000 -0.42657 -0.67837
v 0.50000 -0.42657 -0.67837
v 0.50000 -0.40114 -0.64337
v -0.50000 -0.42657 -0.67837
v -0.50000 -0.42657 -0.72163
v 0.50000 -0.42657 -0.72163
v 0.50000 -0.42657 -0.67837
v -0.50000 -0.42657 -0.72163
v -0.50000 -0.40114 -0.75663
v 0.50000 -0.40114 -0.75663
v 0.50000 -0.42657 -0.72163
v -0.50000 -0.40114 -0.75663
v -0.50000 -0.36000 -0.77000
v 0.50000 -0.36000 -0.77000
v 0.50000 -0.40114 -0.75663
v -0.50000 -0.40114 -0.75663
v -0.50000 -0.42657 -0.72163
v -0.50000 -0.42657 -0.67837
v -0.50000 -0.40114 -0.64337
v -0.50000 -0.36000 -0.63000
v -0.50000 -0.31886 -0.64337
v -0.50000 -0.29343 -0.67837
v -0.50000 -0.29343 -0.72163
v -0.50000 -0.31886 -0.75663
v -0.50000 -0.36000 -0.77000
v 0.50000 -0.36000 -0.77000
v 0.50000 -0.31886 -0.75663
v 0.50000 -0.29343 -0.72163
v 0.50000 -0.29343 -0.67837
v 0.50000 -0.31886 -0.64337
v 0.50000 -0.36000 -0.63000
v 0.50000 -0.40114 -0.64337
v 0.50000 -0.42657 -0.67837
v 0.50000 -0.42657 -0.72163
v 0.50000 -0.40114 -0.75663
v 2.91667 -0.63000 0.82500
v 2.91667 -0.63000 0.27500
v 2.91667 -0.29000 0.27500
v 2.91667 -0.29000 0.82500
v 2.01667 -0.63000 0.27500
v 2.01667 -0.63000 0.82500
v 2.01667 -0.29000 0.82500
v 2.01667 -0.29000 0.27500
v 2.01667 -0.29000 0.82500
v 2.91667 -0.29000 0.82500
v 2.91667 -0.29000 0.27500
v 2.01667 -0.29000 0.27500
v 2.01667 -0.63000 0.27500
v 2.91667 -0.63000 0.27500
v 2.91667 -0.63000 0.82500
v 2.01667 -0.63000 0.82500
v 2.01667 -0.63000 0.82500
v 2.91667 -0.63000 0.82500
v 2.91667 -0.29000 0.82500
v 2.01667 -0.29000 0.82500
v 2.91667 -0.63000 0.27500
v 2.01667 -0.63000 0.27500
v 2.01667 -0.29000 0.27500
v 2.91667 -0.29000 0.27500
v 1.96667 -0.36000 -0.77000
v 1.96667 -0.31886 -0.75663
v 2.96667 -0.31886 -0.75663
v 2.96667 -0.36000 -0.77000
v 1.96667 -0.31886 -0.75663
v 1.96667 -0.29343 -0.72163
v 2.96667 -0.29343 -0.72163
v 2.96667 -0.31886 -0.75663
v 1.96667 -0.29343 -0.72163
v 1.96667 -0.29343 -0.67837
v 2.96667 -0.29343 -0.67837
v 2.96667 -0.29343 -0.72163
v 1.96667 -0.29343 -0.67837
v 1.96667 -0.31886 -0.64337
v 2.96667 -0.31886 -0.64337
v 2.96667 -0.29343 -0.67837
v 1.96667 -0.31886 -0.64337
v 1.96667 -0.36000 -0.63000
v 2.96667 -0.36000 -0.63000
v 2.96667 -0.31886 -0.64337
v 1.96667 -0.36000 -0.63000
v 1.96667 -0.40114 -0.64337
v 2.96667 -0.40114 -0.64337
v 2.96667 -0.36000 -0.63000
v 1.96667 -0.40114 -0.64337
v 1.96667 -0.42657 -0.67837
v 2.96667 -0.42657 -0.67837
v 2.96667 -0.40114 -0.64337
v 1.96667 -0.42657 -0.67837
v 1.96667 -0.42657 -0.72163
v 2.96667 -0.42657 -0.72163
v 2.96667 -0.42657 -0.67837
v 1.96667 -0.42657 -0.72163
v 1.96667 -0.40114 -0.75663
v 2.96667 -0.40114 -0.75663
v 2.96667 -0.42657 -0.72163
v 1.96667 -0.40114 -0.75663
v 1.96667 -0.36000 -0.77000
v 2.96667 -0.36000 -0.77000
v 2.96667 -0.40114 -0.75663
v 1.96667 -0.40114 -0.75663
v 1.96667 -0.42657 -0.72163
v 1.96667 -0.42657 -0.67837
v 1.96667 -0.40114 -0.64337
v 1.96667 -0.36000 -0.63000
v 1.96667 -0.31886 -0.64337
v 1.96667 -0.29343 -0.67837
v 1.96667 -0.29343 -0.72163
v 1.96667 -0.31886 -0.75663
v 1.96667 -0.36000 -0.77000
v 2.96667 -0.36000 -0.77000
v 2.96667 -0.31886 -0.75663
v 2.96667 -0.29343 -0.72163
v 2.96667 -0.29343 -0.67837
v 2.96667 -0.31886 -0.64337
v 2.96667 -0.36000 -0.63000
v 2.96667 -0.40114 -0.64337
v 2.96667 -0.42657 -0.67837
v 2.96667 -0.42657 -0.72163
v 2.96667 -0.40114 -0.75663
v 5.38333 -0.63000 0.82500
v 5.38333 -0.63000 0.27500
v 5.38333 -0.29000 0.27500
v 5.38333 -0.29000 0.82500
v 4.48333 -0.63000 0.27500
v 4.48333 -0.63000 0.82500
v 4.48333 -0.29000 0.82500
v 4.48333 -0.29000 0.27500
v 4.48333 -0.29000 0.82500
v 5.38333 -0.29000 0.82500
v 5.38333 -0.29000 0.27500
v 4.48333 -0.29000 0.27500
v 4.48333 -0.63000 0.27500
v 5.38333 -0.63000 0.27500
v 5.38333 -0.63000 0.82500
v 4.48333 -0.63000 0.82500
v 4.48333 -0.63000 0.82500
v 5.38333 -0.63000 0.82500
v 5.38333 -0.29000 0.82500
v 4.48333 -0.29000 0.82500
v 5.38333 -0.63000 0.27500
v 4.48333 -0.63000 0.27500
v 4.48333 -0.29000 0.27500
v 5.38333 -0.29000 0.27500
v 4.43333 -0.36000 -0.77000
v 4.43333 -0.31886 -0.75663
v 5.43333 -0.31886 -0.75663
v 5.43333 -0.36000 -0.77000
v 4.43333 -0.31886 -0.75663
v 4.43333 -0.29343 -0.72163
v 5.43333 -0.29343 -0.72163
v 5.43333 -0.31886 -0.75663
v 4.43333 -0.29343 -0.72163
v 4.43333 -0.29343 -0.67837
v 5.43333 -0.29343 -0.67837
v 5.43333 -0.29343 -0.72163
v 4.43333 -0.29343 -0.67837
v 4.43333 -0.31886 -0.64337
v 5.43333 -0.31886 -0.64337
v 5.43333 -0.29343 -0.67837
v 4.43333 -0.31886 -0.64337
v 4.43333 -0.36000 -0.63000
v 5.43333 -0.36000 -0.63000
v 5.43333 -0.31886 -0.64337
v 4.43333 -0.36000 -0.63000
v 4.43333 -0.40114 -0.64337
v 5.43333 -0.40114 -0.64337
v 5.43333 -0.36000 -0.63000
v 4.43333 -0.40114 -0.64337
v 4.43333 -0.42657 -0.67837
v 5.43333 -0.42657 -0.67837
v 5.43333 -0.40114 -0.64337
v 4.43333 -0.42657 -0.67837
v 4.43333 -0.42657 -0.72163
v 5.43333 -0.42657 -0.72163
v 5.43333 -0.42657 -0.67837
v 4.43333 -0.42657 -0.72163
v 4.43333 -0.40114 -0.75663
v 5.43333 -0.40114 -0.75663
v 5.43333 -0.42657 -0.72163
v 4.43333 -0.40114 -0.75663
v 4.43333 -0.36000 -0.77000
v 5.43333 -0.36000 -0.77000
v 5.43333 -0.40114 -0.75663
v 4.43333 -0.40114 -0.75663
v 4.43333 -0.42657 -0.72163
v 4.43333 -0.42657 -0.67837
v 4.43333 -0.40114 -0.64337
v 4.43333 -0.36000 -0.63000
v 4.43333 -0.31886 -0.64337
v 4.43333 -0.29343 -0.67837
v 4.43333 -0.29343 -0.72163
v 4.43333 -0.31886 -0.75663
v 4.43333 -0.36000 -0.77000
v 5.43333 -0.36000 -0.77000
v 5.43333 -0.31886 -0.75663
v 5.43333 -0.29343 -0.72163
v 5.43333 -0.29343 -0.67837
v 5.43333 -0.31886 -0.64337
v 5.43333 -0.36000 -0.63000
v 5.43333 -0.40114 -0.64337
v 5.43333 -0.42657 -0.67837
v 5.43333 -0.42657 -0.72163
v 5.43333 -0.40114 -0.75663
v 7.85000 -0.63000 0.82500
v 7.85000 -0.63000 0.27500
v 7.85000 -0.29000 0.27500
v 7.85000 -0.29000 0.82500
v 6.95000 -0.63000 0.27500
v 6.95000 -0.63000 0.82500
v 6.95000 -0.29000 0.82500
v 6.95000 -0.29000 0.27500
v 6.95000 -0.29000 0.82500
v 7.85000 -0.29000 0.82500
v 7.85000 -0.29000 0.27500
v 6.95000 -0.29000 0.27500
v 6.95000 -0.63000 0.27500
v 7.85000 -0.63000 0.27500
v 7.85000 -0.63000 0.82500
v 6.95000 -0.63000 0.82500
v 6.95000 -0.63000 0.82500
v 7.85000 -0.63000 0.82500
v 7.85000 -0.29000 0.82500
v 6.95000 -0.29000 0.82500
v 7.85000 -0.63000 0.27500
v 6.95000 -0.63000 0.27500
v 6.95000 -0.29000 0.27500
v 7.85000 -0.29000 0.27500
v 6.90000 -0.36000 -0.77000
v 6.90000 -0.31886 -0.75663
v 7.90000 -0.31886 -0.75663
v 7.90000 -0.36000 -0.77000
v 6.90000 -0.31886 -0.75663
v 6.90000 -0.29343 -0.72163
v 7.90000 -0.29343 -0.72163
v 7.90000 -0.31886 -0.75663
v 6.90000 -0.29343 -0.72163
v 6.90000 -0.29343 -0.67837
v 7.90000 -0.29343 -0.67837
v 7.90000 -0.29343 -0.72163
v 6.90000 -0.29343 -0.67837
v 6.90000 -0.31886 -0.64337
v 7.90000 -0.31886 -0.64337
v 7.90000 -0.29343 -0.67837
v 6.90000 -0.31886 -0.64337
v 6.90000 -0.36000 -0.63000
v 7.90000 -0.36000 -0.63000
v 7.90000 -0.31886 -0.64337
v 6.90000 -0.36000 -0.63000
v 6.90000 -0.40114 -0.64337
v 7.90000 -0.40114 -0.64337
v 7.90000 -0.36000 -0.63000
v 6.90000 -0.40114 -0.64337
v 6.90000 -0.42657 -0.67837
v 7.90000 -0.42657 -0.67837
v 7.90000 -0.40114 -0.64337
v 6.90000 -0.42657 -0.67837
v 6.90000 -0.42657 -0.72163
v 7.90000 -0.42657 -0.72163
v 7.90000 -0.42657 -0.67837
v 6.90000 -0.42657 -0.72163
v 6.90000 -0.40114 -0.75663
v 7.90000 -0.40114 -0.75663
v 7.90000 -0.42657 -0.72163
v 6.90000 -0.40114 -0.75663
v 6.90000 -0.36000 -0.77000
v 7.90000 -0.36000 -0.77000
v 7.90000 -0.40114 -0.75663
v 6.90000 -0.40114 -0.75663
v 6.90000 -0.42657 -0.72163
v 6.90000 -0.42657 -0.67837
v 6.90000 -0.40114 -0.64337
v 6.90000 -0.36000 -0.63000
v 6.90000 -0.31886 -0.64337
v 6.90000 -0.29343 -0.67837
v 6.90000 -0.29343 -0.72163
v 6.90000 -0.31886 -0.75663
v 6.90000 -0.36000 -0.77000
v 7.90000 -0.36000 -0.77000
v 7.90000 -0.31886 -0.75663
v 7.90000 -0.29343 -0.72163
v 7.90000 -0.29343 -0.67837
v 7.90000 -0.31886 -0.64337
v 7.90000 -0.36000 -0.63000
v 7.90000 -0.40114 -0.64337
v 7.90000 -0.42657 -0.67837
v 7.90000 -0.42657 -0.72163
v 7.90000 -0.40114 -0.75663
v 8.80000 -0.35000 1.41000
v 8.80000 -0.35000 -1.41000
v 8.80000 -0.25000 -1.41000
v 8.80000 -0.25000 1.41000
v -8.80000 -0.35000 -1.41000
v -8.80000 -0.35000 1.41000
v -8.80000 -0.25000 1.41000
v -8.80000 -0.25000 -1.41000
v 8.60000 0.00000 1.26000
v 8.60000 0.00000 -1.26000
v 8.60000 0.02000 -1.26000
v 8.60000 0.02000 1.26000
v -8.60000 0.00000 -1.26000
v -8.60000 0.00000 1.26000
v -8.60000 0.02000 1.26000
v -8.60000 0.02000 -1.26000
v -8.60000 0.02000 1.26000
v 8.60000 0.02000 1.26000
v 8.60000 0.02000 -1.26000
v -8.60000 0.02000 -1.26000
v -8.60000 0.00000 -1.26000
v 8.60000 0.00000 -1.26000
v 8.60000 0.00000 1.26000
v -8.60000 0.00000 1.26000
v -8.60000 0.00000 1.26000
v 8.60000 0.00000 1.26000
v 8.60000 0.02000 1.26000
v -8.60000 0.02000 1.26000
v 8.60000 0.00000 -1.26000
v -8.60000 0.00000 -1.26000
v -8.60000 0.02000 -1.26000
v 8.60000 0.02000 -1.26000
v -8.60000 2.32000 -1.23000
v 8.60000 2.32000 -1.23000
v 8.60000 2.32000 1.23000
v -8.60000 2.32000 1.23000
v -7.05000 2.29000 0.17000
v -7.05000 2.29000 -0.17000
v -7.05000 2.33000 -0.17000
v -7.05000 2.33000 0.17000
v -8.55000 2.29000 -0.17000
v -8.55000 2.29000 0.17000
v -8.55000 2.33000 0.17000
v -8.55000 2.33000 -0.17000
v -8.55000 2.33000 0.17000
v -7.05000 2.33000 0.17000
v -7.05000 2.33000 -0.17000
v -8.55000 2.33000 -0.17000
v -8.55000 2.29000 -0.17000
v -7.05000 2.29000 -0.17000
v -7.05000 2.29000 0.17000
v -8.55000 2.29000 0.17000
v -8.55000 2.29000 0.17000
v -7.05000 2.29000 0.17000
v -7.05000 2.33000 0.17000
v -8.55000 2.33000 0.17000
v -7.05000 2.29000 -0.17000
v -8.55000 2.29000 -0.17000
v -8.55000 2.33000 -0.17000
v -7.05000 2.33000 -0.17000
v -5.10000 2.29000 0.17000
v -5.10000 2.29000 -0.17000
v -5.10000 2.33000 -0.17000
v -5.10000 2.33000 0.17000
v -6.60000 2.29000 -0.17000
v -6.60000 2.29000 0.17000
v -6.60000 2.33000 0.17000
v -6.60000 2.33000 -0.17000
v -6.60000 2.33000 0.17000
v -5.10000 2.33000 0.17000
v -5.10000 2.33000 -0.17000
v -6.60000 2.33000 -0.17000
v -6.60000 2.29000 -0.17000
v -5.10000 2.29000 -0.17000
v -5.10000 2.29000 0.17000
v -6.60000 2.29000 0.17000
v -6.60000 2.29000 0.17000
v -5.10000 2.29000 0.17000
v -5.10000 2.33000 0.17000
v -6.60000 2.33000 0.17000
v -5.10000 2.29000 -0.17000
v -6.60000 2.29000 -0.17000
v -6.60000 2.33000 -0.17000
v -5.10000 2.33000 -0.17000
v -3.15000 2.29000 0.17000
v -3.15000 2.29000 -0.17000
v -3.15000 2.33000 -0.17000
v -3.15000 2.33000 0.17000
v -4.65000 2.29000 -0.17000
v -4.65000 2.29000 0.17000
v -4.65000 2.33000 0.17000
v -4.65000 2.33000 -0.17000
v -4.65000 2.33000 0.17000
v -3.15000 2.33000 0.17000
v -3.15000 2.33000 -0.17000
v -4.65000 2.33000 -0.17000
v -4.65000 2.29000 -0.17000
v -3.15000 2.29000 -0.17000
v -3.15000 2.29000 0.17000
v -4.65000 2.29000 0.17000
v -4.65000 2.29000 0.17000
v -3.15000 2.29000 0.17000
v -3.15000 2.33000 0.17000
v -4.65000 2.33000 0.17000
v -3.15000 2.29000 -0.17000
v -4.65000 2.29000 -0.17000
v -4.65000 2.33000 -0.17000
v -3.15000 2.33000 -0.17000
v -1.20000 2.29000 0.17000
v -1.20000 2.29000 -0.17000
v -1.20000 2.33000 -0.17000
v -1.20000 2.33000 0.17000
v -2.70000 2.29000 -0.17000
v -2.70000 2.29000 0.17000
v -2.70000 2.33000 0.17000
v -2.70000 2.33000 -0.17000
v -2.70000 2.33000 0.17000
v -1.20000 2.33000 0.17000
v -1.20000 2.33000 -0.17000
v -2.70000 2.33000 -0.17000
v -2.70000 2.29000 -0.17000
v -1.20000 2.29000 -0.17000
v -1.20000 2.29000 0.17000
v -2.70000 2.29000 0.17000
v -2.70000 2.29000 0.17000
v -1.20000 2.29000 0.17000
v -1.20000 2.33000 0.17000
v -2.70000 2.33000 0.17000
v -1.20000 2.29000 -0.17000
v -2.70000 2.29000 -0.17000
v -2.70000 2.33000 -0.17000
v -1.20000 2.33000 -0.17000
v 0.75000 2.29000 0.17000
v 0.75000 2.29000 -0.17000
v 0.75000 2.33000 -0.17000
v 0.75000 2.33000 0.17000
v -0.75000 2.29000 -0.17000
v -0.75000 2.29000 0.17000
v -0.75000 2.33000 0.17000
v -0.75000 2.33000 -0.17000
v -0.75000 2.33000 0.17000
v 0.75000 2.33000 0.17000
v 0.75000 2.33000 -0.17000
v -0.75000 2.33000 -0.17000
v -0.75000 2.29000 -0.17000
v 0.75000 2.29000 -0.17000
v 0.75000 2.29000 0.17000
v -0.75000 2.29000 0.17000
v -0.75000 2.29000 0.17000
v 0.75000 2.29000 0.17000
v 0.75000 2.33000 0.17000
v -0.75000 2.33000 0.17000
v 0.75000 2.29000 -0.17000
v -0.75000 2.29000 -0.17000
v -0.75000 2.33000 -0.17000
v 0.75000 2.33000 -0.17000
v 2.70000 2.29000 0.17000
v 2.70000 2.29000 -0.17000
v 2.70000 2.33000 -0.17000
v 2.70000 2.33000 0.17000
v 1.20000 2.29000 -0.17000
v 1.20000 2.29000 0.17000
v 1.20000 2.33000 0.17000
v 1.20000 2.33000 -0.17000
v 1.20000 2.33000 0.17000
v 2.70000 2.33000 0.17000
v 2.70000 2.33000 -0.17000
v 1.20000 2.33000 -0.17000
v 1.20000 2.29000 -0.17000
v 2.70000 2.29000 -0.17000
v 2.70000 2.29000 0.17000
v 1.20000 2.29000 0.17000
v 1.20000 2.29000 0.17000
v 2.70000 2.29000 0.17000
v 2.70000 2.33000 0.17000
v 1.20000 2.33000 0.17000
v 2.70000 2.29000 -0.17000
v 1.20000 2.29000 -0.17000
v 1.20000 2.33000 -0.17000
v 2.70000 2.33000 -0.17000
v 4.65000 2.29000 0.17000
v 4.65000 2.29000 -0.17000
v 4.65000 2.33000 -0.17000
v 4.65000 2.33000 0.17000
v 3.15000 2.29000 -0.17000
v 3.15000 2.29000 0.17000
v 3.15000 2.33000 0.17000
v 3.15000 2.33000 -0.17000
v 3.15000 2.33000 0.17000
v 4.65000 2.33000 0.17000
v 4.65000 2.33000 -0.17000
v 3.15000 2.33000 -0.17000
v 3.15000 2.29000 -0.17000
v 4.65000 2.29000 -0.17000
v 4.65000 2.29000 0.17000
v 3.15000 2.29000 0.17000
v 3.15000 2.29000 0.17000
v 4.65000 2.29000 0.17000
v 4.65000 2.33000 0.17000
v 3.15000 2.33000 0.17000
v 4.65000 2.29000 -0.17000
v 3.15000 2.29000 -0.17000
v 3.15000 2.33000 -0.17000
v 4.65000 2.33000 -0.17000
v 6.60000 2.29000 0.17000
v 6.60000 2.29000 -0.17000
v 6.60000 2.33000 -0.17000
v 6.60000 2.33000 0.17000
v 5.10000 2.29000 -0.17000
v 5.10000 2.29000 0.17000
v 5.10000 2.33000 0.17000
v 5.10000 2.33000 -0.17000
v 5.10000 2.33000 0.17000
v 6.60000 2.33000 0.17000
v 6.60000 2.33000 -0.17000
v 5.10000 2.33000 -0.17000
v 5.10000 2.29000 -0.17000
v 6.60000 2.29000 -0.17000
v 6.60000 2.29000 0.17000
v 5.10000 2.29000 0.17000
v 5.10000 2.29000 0.17000
v 6.60000 2.29000 0.17000
v 6.60000 2.33000 0.17000
v 5.10000 2.33000 0.17000
v 6.60000 2.29000 -0.17000
v 5.10000 2.29000 -0.17000
v 5.10000 2.33000 -0.17000
v 6.60000 2.33000 -0.17000
v 8.55000 2.29000 0.17000
v 8.55000 2.29000 -0.17000
v 8.55000 2.33000 -0.17000
v 8.55000 2.33000 0.17000
v 7.05000 2.29000 -0.17000
v 7.05000 2.29000 0.17000
v 7.05000 2.33000 0.17000
v 7.05000 2.33000 -0.17000
v 7.05000 2.33000 0.17000
v 8.55000 2.33000 0.17000
v 8.55000 2.33000 -0.17000
v 7.05000 2.33000 -0.17000
v 7.05000 2.29000 -0.17000
v 8.55000 2.29000 -0.17000
v 8.55000 2.29000 0.17000
v 7.05000 2.29000 0.17000
v 7.05000 2.29000 0.17000
v 8.55000 2.29000 0.17000
v 8.55000 2.33000 0.17000
v 7.05000 2.33000 0.17000
v 8.55000 2.29000 -0.17000
v 7.05000 2.29000 -0.17000
v 7.05000 2.33000 -0.17000
v 8.55000 2.33000 -0.17000
v -6.10000 0.43500 -1.17000
v -6.10000 0.48500 -1.17000
v -6.10000 0.48500 -0.75000
v -6.10000 0.43500 -0.75000
v -7.90000 0.43500 -0.75000
v -7.90000 0.48500 -0.75000
v -7.90000 0.48500 -1.17000
v -7.90000 0.43500 -1.17000
v -7.88000 0.50500 -0.75000
v -6.12000 0.50500 -0.75000
v -6.12000 0.50500 -1.17000
v -7.88000 0.50500 -1.17000
v -7.88000 0.41500 -1.17000
v -6.12000 0.41500 -1.17000
v -6.12000 0.41500 -0.75000
v -7.88000 0.41500 -0.75000
v -7.88000 0.43500 -0.73000
v -6.12000 0.43500 -0.73000
v -6.12000 0.48500 -0.73000
v -7.88000 0.48500 -0.73000
v -7.88000 0.48500 -1.19000
v -6.12000 0.48500 -1.19000
v -6.12000 0.43500 -1.19000
v -7.88000 0.43500 -1.19000
v -7.90000 0.41500 -1.17000
v -6.10000 0.41500 -1.17000
v -6.10000 0.43500 -1.19000
v -7.90000 0.43500 -1.19000
v -7.90000 0.41500 -0.75000
v -6.10000 0.41500 -0.75000
v -6.10000 0.43500 -0.73000
v -7.90000 0.43500 -0.73000
v -7.90000 0.50500 -1.17000
v -6.10000 0.50500 -1.17000
v -6.10000 0.48500 -1.19000
v -7.90000 0.48500 -1.19000
v -7.90000 0.50500 -0.75000
v -6.10000 0.50500 -0.75000
v -6.10000 0.48500 -0.73000
v -7.90000 0.48500 -0.73000
v -7.90000 0.41500 -1.17000
v -7.90000 0.50500 -1.17000
v -7.88000 0.50500 -1.19000
v -7.88000 0.41500 -1.19000
v -7.90000 0.41500 -0.75000
v -7.90000 0.50500 -0.75000
v -7.88000 0.50500 -0.73000
v -7.88000 0.41500 -0.73000
v -6.10000 0.41500 -1.17000
v -6.10000 0.50500 -1.17000
v -6.12000 0.50500 -1.19000
v -6.12000 0.41500 -1.19000
v -6.10000 0.41500 -0.75000
v -6.10000 0.50500 -0.75000
v -6.12000 0.50500 -0.73000
v -6.12000 0.41500 -0.73000
v -7.90000 0.43500 -1.19000
v -7.90000 0.43500 -0.73000
v -7.88000 0.41500 -0.73000
v -7.88000 0.41500 -1.19000
v -7.90000 0.48500 -1.19000
v -7.90000 0.48500 -0.73000
v -7.88000 0.50500 -0.73000
v -7.88000 0.50500 -1.19000
v -6.10000 0.43500 -1.19000
v -6.10000 0.43500 -0.73000
v -6.12000 0.41500 -0.73000
v -6.12000 0.41500 -1.19000
v -6.10000 0.48500 -1.19000
v -6.10000 0.48500 -0.73000
v -6.12000 0.50500 -0.73000
v -6.12000 0.50500 -1.19000
v -7.90000 0.43500 -1.17000
v -7.88000 0.41500 -1.17000
v -7.88000 0.43500 -1.19000
v -7.90000 0.43500 -0.75000
v -7.88000 0.41500 -0.75000
v -7.88000 0.43500 -0.73000
v -7.90000 0.48500 -1.17000
v -7.88000 0.50500 -1.17000
v -7.88000 0.48500 -1.19000
v -7.90000 0.48500 -0.75000
v -7.88000 0.50500 -0.75000
v -7.88000 0.48500 -0.73000
v -6.10000 0.43500 -1.17000
v -6.12000 0.41500 -1.17000
v -6.12000 0.43500 -1.19000
v -6.10000 0.43500 -0.75000
v -6.12000 0.41500 -0.75000
v -6.12000 0.43500 -0.73000
v -6.10000 0.48500 -1.17000
v -6.12000 0.50500 -1.17000
v -6.12000 0.48500 -1.19000
v -6.10000 0.48500 -0.75000
v -6.12000 0.50500 -0.75000
v -6.12000 0.48500 -0.73000
v -6.10000 0.52000 -1.22000
v -6.10000 0.92000 -1.22000
v -6.10000 0.92000 -1.18000
v -6.10000 0.52000 -1.18000
v -7.90000 0.52000 -1.18000
v -7.90000 0.92000 -1.18000
v -7.90000 0.92000 -1.22000
v -7.90000 0.52000 -1.22000
v -7.88000 0.94000 -1.18000
v -6.12000 0.94000 -1.18000
v -6.12000 0.94000 -1.22000
v -7.88000 0.94000 -1.22000
v -7.88000 0.50000 -1.22000
v -6.12000 0.50000 -1.22000
v -6.12000 0.50000 -1.18000
v -7.88000 0.50000 -1.18000
v -7.88000 0.52000 -1.16000
v -6.12000 0.52000 -1.16000
v -6.12000 0.92000 -1.16000
v -7.88000 0.92000 -1.16000
v -7.88000 0.92000 -1.24000
v -6.12000 0.92000 -1.24000
v -6.12000 0.52000 -1.24000
v -7.88000 0.52000 -1.24000
v -7.90000 0.50000 -1.22000
v -6.10000 0.50000 -1.22000
v -6.10000 0.52000 -1.24000
v -7.90000 0.52000 -1.24000
v -7.90000 0.50000 -1.18000
v -6.10000 0.50000 -1.18000
v -6.10000 0.52000 -1.16000
v -7.90000 0.52000 -1.16000
v -7.90000 0.94000 -1.22000
v -6.10000 0.94000 -1.22000
v -6.10000 0.92000 -1.24000
v -7.90000 0.92000 -1.24000
v -7.90000 0.94000 -1.18000
v -6.10000 0.94000 -1.18000
v -6.10000 0.92000 -1.16000
v -7.90000 0.92000 -1.16000
v -7.90000 0.50000 -1.22000
v -7.90000 0.94000 -1.22000
v -7.88000 0.94000 -1.24000
v -7.88000 0.50000 -1.24000
v -7.90000 0.50000 -1.18000
v -7.90000 0.94000 -1.18000
v -7.88000 0.94000 -1.16000
v -7.88000 0.50000 -1.16000
v -6.10000 0.50000 -1.22000
v -6.10000 0.94000 -1.22000
v -6.12000 0.94000 -1.24000
v -6.12000 0.50000 -1.24000
v -6.10000 0.50000 -1.18000
v -6.10000 0.94000 -1.18000
v -6.12000 0.94000 -1.16000
v -6.12000 0.50000 -1.16000
v -7.90000 0.52000 -1.24000
v -7.90000 0.52000 -1.16000
v -7.88000 0.50000 -1.16000
v -7.88000 0.50000 -1.24000
v -7.90000 0.92000 -1.24000
v -7.90000 0.92000 -1.16000
v -7.88000 0.94000 -1.16000
v -7.88000 0.94000 -1.24000
v -6.10000 0.52000 -1.24000
v -6.10000 0.52000 -1.16000
v -6.12000 0.50000 -1.16000
v -6.12000 0.50000 -1.24000
v -6.10000 0.92000 -1.24000
v -6.10000 0.92000 -1.16000
v -6.12000 0.94000 -1.16000
v -6.12000 0.94000 -1.24000
v -7.90000 0.52000 -1.22000
v -7.88000 0.50000 -1.22000
v -7.88000 0.52000 -1.24000
v -7.90000 0.52000 -1.18000
v -7.88000 0.50000 -1.18000
v -7.88000 0.52000 -1.16000
v -7.90000 0.92000 -1.22000
v -7.88000 0.94000 -1.22000
v -7.88000 0.92000 -1.24000
v -7.90000 0.92000 -1.18000
v -7.88000 0.94000 -1.18000
v -7.88000 0.92000 -1.16000
v -6.10000 0.52000 -1.22000
v -6.12000 0.50000 -1.22000
v -6.12000 0.52000 -1.24000
v -6.10000 0.52000 -1.18000
v -6.12000 0.50000 -1.18000
v -6.12000 0.52000 -1.16000
v -6.10000 0.92000 -1.22000
v -6.12000 0.94000 -1.22000
v -6.12000 0.92000 -1.24000
v -6.10000 0.92000 -1.18000
v -6.12000 0.94000 -1.18000
v -6.12000 0.92000 -1.16000
v -6.20000 0.20000 -0.81000
v -6.20000 0.20000 -1.11000
v -6.20000 0.24000 -1.11000
v -6.20000 0.24000 -0.81000
v -7.80000 0.20000 -1.11000
v -7.80000 0.20000 -0.81000
v -7.80000 0.24000 -0.81000
v -7.80000 0.24000 -1.11000
v -7.80000 0.24000 -0.81000
v -6.20000 0.24000 -0.81000
v -6.20000 0.24000 -1.11000
v -7.80000 0.24000 -1.11000
v -7.80000 0.20000 -1.11000
v -6.20000 0.20000 -1.11000
v -6.20000 0.20000 -0.81000
v -7.80000 0.20000 -0.81000
v -7.80000 0.20000 -0.81000
v -6.20000 0.20000 -0.81000
v -6.20000 0.24000 -0.81000
v -7.80000 0.24000 -0.81000
v -6.20000 0.20000 -1.11000
v -7.80000 0.20000 -1.11000
v -7.80000 0.24000 -1.11000
v -6.20000 0.24000 -1.11000
v -7.60000 0.00000 -0.93800
v -7.58444 0.00000 -0.94444
v -7.58444 0.42000 -0.94444
v -7.60000 0.42000 -0.93800
v -7.58444 0.00000 -0.94444
v -7.57800 0.00000 -0.96000
v -7.57800 0.42000 -0.96000
v -7.58444 0.42000 -0.94444
v -7.57800 0.00000 -0.96000
v -7.58444 0.00000 -0.97556
v -7.58444 0.42000 -0.97556
v -7.57800 0.42000 -0.96000
v -7.58444 0.00000 -0.97556
v -7.60000 0.00000 -0.98200
v -7.60000 0.42000 -0.98200
v -7.58444 0.42000 -0.97556
v -7.60000 0.00000 -0.98200
v -7.61556 0.00000 -0.97556
v -7.61556 0.42000 -0.97556
v -7.60000 0.42000 -0.98200
v -7.61556 0.00000 -0.97556
v -7.62200 0.00000 -0.96000
v -7.62200 0.42000 -0.96000
v -7.61556 0.42000 -0.97556
v -7.62200 0.00000 -0.96000
v -7.61556 0.00000 -0.94444
v -7.61556 0.42000 -0.94444
v -7.62200 0.42000 -0.96000
v -7.61556 0.00000 -0.94444
v -7.60000 0.00000 -0.93800
v -7.60000 0.42000 -0.93800
v -7.61556 0.42000 -0.94444
v -7.61556 0.00000 -0.94444
v -7.62200 0.00000 -0.96000
v -7.61556 0.00000 -0.97556
v -7.60000 0.00000 -0.98200
v -7.58444 0.00000 -0.97556
v -7.57800 0.00000 -0.96000
v -7.58444 0.00000 -0.94444
v -7.60000 0.00000 -0.93800
v -7.60000 0.42000 -0.93800
v -7.58444 0.42000 -0.94444
v -7.57800 0.42000 -0.96000
v -7.58444 0.42000 -0.97556
v -7.60000 0.42000 -0.98200
v -7.61556 0.42000 -0.97556
v -7.62200 0.42000 -0.96000
v -7.61556 0.42000 -0.94444
v -7.00000 0.00000 -0.93800
v -6.98444 0.00000 -0.94444
v -6.98444 0.42000 -0.94444
v -7.00000 0.42000 -0.93800
v -6.98444 0.00000 -0.94444
v -6.97800 0.00000 -0.96000
v -6.97800 0.42000 -0.96000
v -6.98444 0.42000 -0.94444
v -6.97800 0.00000 -0.96000
v -6.98444 0.00000 -0.97556
v -6.98444 0.42000 -0.97556
v -6.97800 0.42000 -0.96000
v -6.98444 0.00000 -0.97556
v -7.00000 0.00000 -0.98200
v -7.00000 0.42000 -0.98200
v -6.98444 0.42000 -0.97556
v -7.00000 0.00000 -0.98200
v -7.01556 0.00000 -0.97556
v -7.01556 0.42000 -0.97556
v -7.00000 0.42000 -0.98200
v -7.01556 0.00000 -0.97556
v -7.02200 0.00000 -0.96000
v -7.02200 0.42000 -0.96000
v -7.01556 0.42000 -0.97556
v -7.02200 0.00000 -0.96000
v -7.01556 0.00000 -0.94444
v -7.01556 0.42000 -0.94444
v -7.02200 0.42000 -0.96000
v -7.01556 0.00000 -0.94444
v -7.00000 0.00000 -0.93800
v -7.00000 0.42000 -0.93800
v -7.01556 0.42000 -0.94444
v -7.01556 0.00000 -0.94444
v -7.02200 0.00000 -0.96000
v -7.01556 0.00000 -0.97556
v -7.00000 0.00000 -0.98200
v -6.98444 0.00000 -0.97556
v -6.97800 0.00000 -0.96000
v -6.98444 0.00000 -0.94444
v -7.00000 0.00000 -0.93800
v -7.00000 0.42000 -0.93800
v -6.98444 0.42000 -0.94444
v -6.97800 0.42000 -0.96000
v -6.98444 0.42000 -0.97556
v -7.00000 0.42000 -0.98200
v -7.01556 0.42000 -0.97556
v -7.02200 0.42000 -0.96000
v -7.01556 0.42000 -0.94444
v -6.40000 0.00000 -0.93800
v -6.38444 0.00000 -0.94444
v -6.38444 0.42000 -0.94444
v -6.40000 0.42000 -0.93800
v -6.38444 0.00000 -0.94444
v -6.37800 0.00000 -0.96000
v -6.37800 0.42000 -0.96000
v -6.38444 0.42000 -0.94444
v -6.37800 0.00000 -0.96000
v -6.38444 0.00000 -0.97556
v -6.38444 0.42000 -0.97556
v -6.37800 0.42000 -0.96000
v -6.38444 0.00000 -0.97556
v -6.40000 0.00000 -0.98200
v -6.40000 0.42000 -0.98200
v -6.38444 0.42000 -0.97556
v -6.40000 0.00000 -0.98200
v -6.41556 0.00000 -0.97556
v -6.41556 0.42000 -0.97556
v -6.40000 0.42000 -0.98200
v -6.41556 0.00000 -0.97556
v -6.42200 0.00000 -0.96000
v -6.42200 0.42000 -0.96000
v -6.41556 0.42000 -0.97556
v -6.42200 0.00000 -0.96000
v -6.41556 0.00000 -0.94444
v -6.41556 0.42000 -0.94444
v -6.42200 0.42000 -0.96000
v -6.41556 0.00000 -0.94444
v -6.40000 0.00000 -0.93800
v -6.40000 0.42000 -0.93800
v -6.41556 0.42000 -0.94444
v -6.41556 0.00000 -0.94444
v -6.42200 0.00000 -0.96000
v -6.41556 0.00000 -0.97556
v -6.40000 0.00000 -0.98200
v -6.38444 0.00000 -0.97556
v -6.37800 0.00000 -0.96000
v -6.38444 0.00000 -0.94444
v -6.40000 0.00000 -0.93800
v -6.40000 0.42000 -0.93800
v -6.38444 0.42000 -0.94444
v -6.37800 0.42000 -0.96000
v -6.38444 0.42000 -0.97556
v -6.40000 0.42000 -0.98200
v -6.41556 0.42000 -0.97556
v -6.42200 0.42000 -0.96000
v -6.41556 0.42000 -0.94444
v -6.10000 0.43500 0.75000
v -6.10000 0.48500 0.75000
v -6.10000 0.48500 1.17000
v -6.10000 0.43500 1.17000
v -7.90000 0.43500 1.17000
v -7.90000 0.48500 1.17000
v -7.90000 0.48500 0.75000
v -7.90000 0.43500 0.75000
v -7.88000 0.50500 1.17000
v -6.12000 0.50500 1.17000
v -6.12000 0.50500 0.75000
v -7.88000 0.50500 0.75000
v -7.88000 0.41500 0.75000
v -6.12000 0.41500 0.75000
v -6.12000 0.41500 1.17000
v -7.88000 0.41500 1.17000
v -7.88000 0.43500 1.19000
v -6.12000 0.43500 1.19000
v -6.12000 0.48500 1.19000
v -7.88000 0.48500 1.19000
v -7.88000 0.48500 0.73000
v -6.12000 0.48500 0.73000
v -6.12000 0.43500 0.73000
v -7.88000 0.43500 0.73000
v -7.90000 0.41500 0.75000
v -6.10000 0.41500 0.75000
v -6.10000 0.43500 0.73000
v -7.90000 0.43500 0.73000
v -7.90000 0.41500 1.17000
v -6.10000 0.41500 1.17000
v -6.10000 0.43500 1.19000
v -7.90000 0.43500 1.19000
v -7.90000 0.50500 0.75000
v -6.10000 0.50500 0.75000
v -6.10000 0.48500 0.73000
v -7.90000 0.48500 0.73000
v -7.90000 0.50500 1.17000
v -6.10000 0.50500 1.17000
v -6.10000 0.48500 1.19000
v -7.90000 0.48500 1.19000
v -7.90000 0.41500 0.75000
v -7.90000 0.50500 0.75000
v -7.88000 0.50500 0.73000
v -7.88000 0.41500 0.73000
v -7.90000 0.41500 1.17000
v -7.90000 0.50500 1.17000
v -7.88000 0.50500 1.19000
v -7.88000 0.41500 1.19000
v -6.10000 0.41500 0.75000
v -6.10000 0.50500 0.75000
v -6.12000 0.50500 0.73000
v -6.12000 0.41500 0.73000
v -6.10000 0.41500 1.17000
v -6.10000 0.50500 1.17000
v -6.12000 0.50500 1.19000
v -6.12000 0.41500 1.19000
v -7.90000 0.43500 0.73000
v -7.90000 0.43500 1.19000
v -7.88000 0.41500 1.19000
v -7.88000 0.41500 0.73000
v -7.90000 0.48500 0.73000
v -7.90000 0.48500 1.19000
v -7.88000 0.50500 1.19000
v -7.88000 0.50500 0.73000
v -6.10000 0.43500 0.73000
v -6.10000 0.43500 1.19000
v -6.12000 0.41500 1.19000
v -6.12000 0.41500 0.73000
v -6.10000 0.48500 0.73000
v -6.10000 0.48500 1.19000
v -6.12000 0.50500 1.19000
v -6.12000 0.50500 0.73000
v -7.90000 0.43500 0.75000
v -7.88000 0.41500 0.75000
v -7.88000 0.43500 0.73000
v -7.90000 0.43500 1.17000
v -7.88000 0.41500 1.17000
v -7.88000 0.43500 1.19000
v -7.90000 0.48500 0.75000
v -7.88000 0.50500 0.75000
v -7.88000 0.48500 0.73000
v -7.90000 0.48500 1.17000
v -7.88000 0.50500 1.17000
v -7.88000 0.48500 1.19000
v -6.10000 0.43500 0.75000
v -6.12000 0.41500 0.75000
v -6.12000 0.43500 0.73000
v -6.10000 0.43500 1.17000
v -6.12000 0.41500 1.17000
v -6.12000 0.43500 1.19000
v -6.10000 0.48500 0.75000
v -6.12000 0.50500 0.75000
v -6.12000 0.48500 0.73000
v -6.10000 0.48500 1.17000
v -6.12000 0.50500 1.17000
v -6.12000 0.48500 1.19000
v -6.10000 0.52000 1.18000
v -6.10000 0.92000 1.18000
v -6.10000 0.92000 1.22000
v -6.10000 0.52000 1.22000
v -7.90000 0.52000 1.22000
v -7.90000 0.92000 1.22000
v -7.90000 0.92000 1.18000
v -7.90000 0.52000 1.18000
v -7.88000 0.94000 1.22000
v -6.12000 0.94000 1.22000
v -6.12000 0.94000 1.18000
v -7.88000 0.94000 1.18000
v -7.88000 0.50000 1.18000
v -6.12000 0.50000 1.18000
v -6.12000 0.50000 1.22000
v -7.88000 0.50000 1.22000
v -7.88000 0.52000 1.24000
v -6.12000 0.52000 1.24000
v -6.12000 0.92000 1.24000
v -7.88000 0.92000 1.24000
v -7.88000 0.92000 1.16000
v -6.12000 0.92000 1.16000
v -6.12000 0.52000 1.16000
v -7.88000 0.52000 1.16000
v -7.90000 0.50000 1.18000
v -6.10000 0.50000 1.18000
v -6.10000 0.52000 1.16000
v -7.90000 0.52000 1.16000
v -7.90000 0.50000 1.22000
v -6.10000 0.50000 1.22000
v -6.10000 0.52000 1.24000
v -7.90000 0.52000 1.24000
v -7.90000 0.94000 1.18000
v -6.10000 0.94000 1.18000
v -6.10000 0.92000 1.16000
v -7.90000 0.92000 1.16000
v -7.90000 0.94000 1.22000
v -6.10000 0.94000 1.22000
v -6.10000 0.92000 1.24000
v -7.90000 0.92000 1.24000
v -7.90000 0.50000 1.18000
v -7.90000 0.94000 1.18000
v -7.88000 0.94000 1.16000
v -7.88000 0.50000 1.16000
v -7.90000 0.50000 1.22000
v -7.90000 0.94000 1.22000
v -7.88000 0.94000 1.24000
v -7.88000 0.50000 1.24000
v -6.10000 0.50000 1.18000
v -6.10000 0.94000 1.18000
v -6.12000 0.94000 1.16000
v -6.12000 0.50000 1.16000
v -6.10000 0.50000 1.22000
v -6.10000 0.94000 1.22000
v -6.12000 0.94000 1.24000
v -6.12000 0.50000 1.24000
v -7.90000 0.52000 1.16000
v -7.90000 0.52000 1.24000
v -7.88000 0.50000 1.24000
v -7.88000 0.50000 1.16000
v -7.90000 0.92000 1.16000
v -7.90000 0.92000 1.24000
v -7.88000 0.94000 1.24000
v -7.88000 0.94000 1.16000
v -6.10000 0.52000 1.16000
v -6.10000 0.52000 1.24000
v -6.12000 0.50000 1.24000
v -6.12000 0.50000 1.16000
v -6.10000 0.92000 1.16000
v -6.10000 0.92000 1.24000
v -6.12000 0.94000 1.24000
v -6.12000 0.94000 1.16000
v -7.90000 0.52000 1.18000
v -7.88000 0.50000 1.18000
v -7.88000 0.52000 1.16000
v -7.90000 0.52000 1.22000
v -7.88000 0.50000 1.22000
v -7.88000 0.52000 1.24000
v -7.90000 0.92000 1.18000
v -7.88000 0.94000 1.18000
v -7.88000 0.92000 1.16000
v -7.90000 0.92000 1.22000
v -7.88000 0.94000 1.22000
v -7.88000 0.92000 1.24000
v -6.10000 0.52000 1.18000
v -6.12000 0.50000 1.18000
v -6.12000 0.52000 1.16000
v -6.10000 0.52000 1.22000
v -6.12000 0.50000 1.22000
v -6.12000 0.52000 1.24000
v -6.10000 0.92000 1.18000
v -6.12000 0.94000 1.18000
v -6.12000 0.92000 1.16000
v -6.10000 0.92000 1.22000
v -6.12000 0.94000 1.22000
v -6.12000 0.92000 1.24000
v -6.20000 0.20000 1.11000
v -6.20000 0.20000 0.81000
v -6.20000 0.24000 0.81000
v -6.20000 0.24000 1.11000
v -7.80000 0.20000 0.81000
v -7.80000 0.20000 1.11000
v -7.80000 0.24000 1.11000
v -7.80000 0.24000 0.81000
v -7.80000 0.24000 1.11000
v -6.20000 0.24000 1.11000
v -6.20000 0.24000 0.81000
v -7.80000 0.24000 0.81000
v -7.80000 0.20000 0.81000
v -6.20000 0.20000 0.81000
v -6.20000 0.20000 1.11000
v -7.80000 0.20000 1.11000
v -7.80000 0.20000 1.11000
v -6.20000 0.20000 1.11000
v -6.20000 0.24000 1.11000
v -7.80000 0.24000 1.11000
v -6.20000 0.20000 0.81000
v -7.80000 0.20000 0.81000
v -7.80000 0.24000 0.81000
v -6.20000 0.24000 0.81000
v -7.60000 0.00000 0.98200
v -7.58444 0.00000 0.97556
v -7.58444 0.42000 0.97556
v -7.60000 0.42000 0.98200
v -7.58444 0.00000 0.97556
v -7.57800 0.00000 0.96000
v -7.57800 0.42000 0.96000
v -7.58444 0.42000 0.97556
v -7.57800 0.00000 0.96000
v -7.58444 0.00000 0.94444
v -7.58444 0.42000 0.94444
v -7.57800 0.42000 0.96000
v -7.58444 0.00000 0.94444
v -7.60000 0.00000 0.93800
v -7.60000 0.42000 0.93800
v -7.58444 0.42000 0.94444
v -7.60000 0.00000 0.93800
v -7.61556 0.00000 0.94444
v -7.61556 0.42000 0.94444
v -7.60000 0.42000 0.93800
v -7.61556 0.00000 0.94444
v -7.62200 0.00000 0.96000
v -7.62200 0.42000 0.96000
v -7.61556 0.42000 0.94444
v -7.62200 0.00000 0.96000
v -7.61556 0.00000 0.97556
v -7.61556 0.42000 0.97556
v -7.62200 0.42000 0.96000
v -7.61556 0.00000 0.97556
v -7.60000 0.00000 0.98200
v -7.60000 0.42000 0.98200
v -7.61556 0.42000 0.97556
v -7.61556 0.00000 0.97556
v -7.62200 0.00000 0.96000
v -7.61556 0.00000 0.94444
v -7.60000 0.00000 0.93800
v -7.58444 0.00000 0.94444
v -7.57800 0.00000 0.96000
v -7.58444 0.00000 0.97556
v -7.60000 0.00000 0.98200
v -7.60000 0.42000 0.98200
v -7.58444 0.42000 0.97556
v -7.57800 0.42000 0.96000
v -7.58444 0.42000 0.94444
v -7.60000 0.42000 0.93800
v -7.61556 0.42000 0.94444
v -7.62200 0.42000 0.96000
v -7.61556 0.42000 0.97556
v -7.00000 0.00000 0.98200
v -6.98444 0.00000 0.97556
v -6.98444 0.42000 0.97556
v -7.00000 0.42000 0.98200
v -6.98444 0.00000 0.97556
v -6.97800 0.00000 0.96000
v -6.97800 0.42000 0.96000
v -6.98444 0.42000 0.97556
v -6.97800 0.00000 0.96000
v -6.98444 0.00000 0.94444
v -6.98444 0.42000 0.94444
v -6.97800 0.42000 0.96000
v -6.98444 0.00000 0.94444
v -7.00000 0.00000 0.93800
v -7.00000 0.42000 0.93800
v -6.98444 0.42000 0.94444
v -7.00000 0.00000 0.93800
v -7.01556 0.00000 0.94444
v -7.01556 0.42000 0.94444
v -7.00000 0.42000 0.93800
v -7.01556 0.00000 0.94444
v -7.02200 0.00000 0.96000
v -7.02200 0.42000 0.96000
v -7.01556 0.42000 0.94444
v -7.02200 0.00000 0.96000
v -7.01556 0.00000 0.97556
v -7.01556 0.42000 0.97556
v -7.02200 0.42000 0.96000
v -7.01556 0.00000 0.97556
v -7.00000 0.00000 0.98200
v -7.00000 0.42000 0.98200
v -7.01556 0.42000 0.97556
v -7.01556 0.00000 0.97556
v -7.02200 0.00000 0.96000
v -7.01556 0.00000 0.94444
v -7.00000 0.00000 0.93800
v -6.98444 0.00000 0.94444
v -6.97800 0.00000 0.96000
v -6.98444 0.00000 0.97556
v -7.00000 0.00000 0.98200
v -7.00000 0.42000 0.98200
v -6.98444 0.42000 0.97556
v -6.97800 0.42000 0.96000
v -6.98444 0.42000 0.94444
v -7.00000 0.42000 0.93800
v -7.01556 0.42000 0.94444
v -7.02200 0.42000 0.96000
v -7.01556 0.42000 0.97556
v -6.40000 0.00000 0.98200
v -6.38444 0.00000 0.97556
v -6.38444 0.42000 0.97556
v -6.40000 0.42000 0.98200
v -6.38444 0.00000 0.97556
v -6.37800 0.00000 0.96000
v -6.37800 0.42000 0.96000
v -6.38444 0.42000 0.97556
v -6.37800 0.00000 0.96000
v -6.38444 0.00000 0.94444
v -6.38444 0.42000 0.94444
v -6.37800 0.42000 0.96000
v -6.38444 0.00000 0.94444
v -6.40000 0.00000 0.93800
v -6.40000 0.42000 0.93800
v -6.38444 0.42000 0.94444
v -6.40000 0.00000 0.93800
v -6.41556 0.00000 0.94444
v -6.41556 0.42000 0.94444
v -6.40000 0.42000 0.93800
v -6.41556 0.00000 0.94444
v -6.42200 0.00000 0.96000
v -6.42200 0.42000 0.96000
v -6.41556 0.42000 0.94444
v -6.42200 0.00000 0.96000
v -6.41556 0.00000 0.97556
v -6.41556 0.42000 0.97556
v -6.42200 0.42000 0.96000
v -6.41556 0.00000 0.97556
v -6.40000 0.00000 0.98200
v -6.40000 0.42000 0.98200
v -6.41556 0.42000 0.97556
v -6.41556 0.00000 0.97556
v -6.42200 0.00000 0.96000
v -6.41556 0.00000 0.94444
v -6.40000 0.00000 0.93800
v -6.38444 0.00000 0.94444
v -6.37800 0.00000 0.96000
v -6.38444 0.00000 0.97556
v -6.40000 0.00000 0.98200
v -6.40000 0.42000 0.98200
v -6.38444 0.42000 0.97556
v -6.37800 0.42000 0.96000
v -6.38444 0.42000 0.94444
v -6.40000 0.42000 0.93800
v -6.41556 0.42000 0.94444
v -6.42200 0.42000 0.96000
v -6.41556 0.42000 0.97556
v -1.00000 0.43500 -1.17000
v -1.00000 0.48500 -1.17000
v -1.00000 0.48500 -0.75000
v -1.00000 0.43500 -0.75000
v -4.30000 0.43500 -0.75000
v -4.30000 0.48500 -0.75000
v -4.30000 0.48500 -1.17000
v -4.30000 0.43500 -1.17000
v -4.28000 0.50500 -0.75000
v -1.02000 0.50500 -0.75000
v -1.02000 0.50500 -1.17000
v -4.28000 0.50500 -1.17000
v -4.28000 0.41500 -1.17000
v -1.02000 0.41500 -1.17000
v -1.02000 0.41500 -0.75000
v -4.28000 0.41500 -0.75000
v -4.28000 0.43500 -0.73000
v -1.02000 0.43500 -0.73000
v -1.02000 0.48500 -0.73000
v -4.28000 0.48500 -0.73000
v -4.28000 0.48500 -1.19000
v -1.02000 0.48500 -1.19000
v -1.02000 0.43500 -1.19000
v -4.28000 0.43500 -1.19000
v -4.30000 0.41500 -1.17000
v -1.00000 0.41500 -1.17000
v -1.00000 0.43500 -1.19000
v -4.30000 0.43500 -1.19000
v -4.30000 0.41500 -0.75000
v -1.00000 0.41500 -0.75000
v -1.00000 0.43500 -0.73000
v -4.30000 0.43500 -0.73000
v -4.30000 0.50500 -1.17000
v -1.00000 0.50500 -1.17000
v -1.00000 0.48500 -1.19000
v -4.30000 0.48500 -1.19000
v -4.30000 0.50500 -0.75000
v -1.00000 0.50500 -0.75000
v -1.00000 0.48500 -0.73000
v -4.30000 0.48500 -0.73000
v -4.30000 0.41500 -1.17000
v -4.30000 0.50500 -1.17000
v -4.28000 0.50500 -1.19000
v -4.28000 0.41500 -1.19000
v -4.30000 0.41500 -0.75000
v -4.30000 0.50500 -0.75000
v -4.28000 0.50500 -0.73000
v -4.28000 0.41500 -0.73000
v -1.00000 0.41500 -1.17000
v -1.00000 0.50500 -1.17000
v -1.02000 0.50500 -1.19000
v -1.02000 0.41500 -1.19000
v -1.00000 0.41500 -0.75000
v -1.00000 0.50500 -0.75000
v -1.02000 0.50500 -0.73000
v -1.02000 0.41500 -0.73000
v -4.30000 0.43500 -1.19000
v -4.30000 0.43500 -0.73000
v -4.28000 0.41500 -0.73000
v -4.28000 0.41500 -1.19000
v -4.30000 0.48500 -1.19000
v -4.30000 0.48500 -0.73000
v -4.28000 0.50500 -0.73000
v -4.28000 0.50500 -1.19000
v -1.00000 0.43500 -1.19000
v -1.00000 0.43500 -0.73000
v -1.02000 0.41500 -0.73000
v -1.02000 0.41500 -1.19000
v -1.00000 0.48500 -1.19000
v -1.00000 0.48500 -0.73000
v -1.02000 0.50500 -0.73000
v -1.02000 0.50500 -1.19000
v -4.30000 0.43500 -1.17000
v -4.28000 0.41500 -1.17000
v -4.28000 0.43500 -1.19000
v -4.30000 0.43500 -0.75000
v -4.28000 0.41500 -0.75000
v -4.28000 0.43500 -0.73000
v -4.30000 0.48500 -1.17000
v -4.28000 0.50500 -1.17000
v -4.28000 0.48500 -1.19000
v -4.30000 0.48500 -0.75000
v -4.28000 0.50500 -0.75000
v -4.28000 0.48500 -0.73000
v -1.00000 0.43500 -1.17000
v -1.02000 0.41500 -1.17000
v -1.02000 0.43500 -1.19000
v -1.00000 0.43500 -0.75000
v -1.02000 0.41500 -0.75000
v -1.02000 0.43500 -0.73000
v -1.00000 0.48500 -1.17000
v -1.02000 0.50500 -1.17000
v -1.02000 0.48500 -1.19000
v -1.00000 0.48500 -0.75000
v -1.02000 0.50500 -0.75000
v -1.02000 0.48500 -0.73000
v -1.00000 0.52000 -1.22000
v -1.00000 0.92000 -1.22000
v -1.00000 0.92000 -1.18000
v -1.00000 0.52000 -1.18000
v -4.30000 0.52000 -1.18000
v -4.30000 0.92000 -1.18000
v -4.30000 0.92000 -1.22000
v -4.30000 0.52000 -1.22000
v -4.28000 0.94000 -1.18000
v -1.02000 0.94000 -1.18000
v -1.02000 0.94000 -1.22000
v -4.28000 0.94000 -1.22000
v -4.28000 0.50000 -1.22000
v -1.02000 0.50000 -1.22000
v -1.02000 0.50000 -1.18000
v -4.28000 0.50000 -1.18000
v -4.28000 0.52000 -1.16000
v -1.02000 0.52000 -1.16000
v -1.02000 0.92000 -1.16000
v -4.28000 0.92000 -1.16000
v -4.28000 0.92000 -1.24000
v -1.02000 0.92000 -1.24000
v -1.02000 0.52000 -1.24000
v -4.28000 0.52000 -1.24000
v -4.30000 0.50000 -1.22000
v -1.00000 0.50000 -1.22000
v -1.00000 0.52000 -1.24000
v -4.30000 0.52000 -1.24000
v -4.30000 0.50000 -1.18000
v -1.00000 0.50000 -1.18000
v -1.00000 0.52000 -1.16000
v -4.30000 0.52000 -1.16000
v -4.30000 0.94000 -1.22000
v -1.00000 0.94000 -1.22000
v -1.00000 0.92000 -1.24000
v -4.30000 0.92000 -1.24000
v -4.30000 0.94000 -1.18000
v -1.00000 0.94000 -1.18000
v -1.00000 0.92000 -1.16000
v -4.30000 0.92000 -1.16000
v -4.30000 0.50000 -1.22000
v -4.30000 0.94000 -1.22000
v -4.28000 0.94000 -1.24000
v -4.28000 0.50000 -1.24000
v -4.30000 0.50000 -1.18000
v -4.30000 0.94000 -1.18000
v -4.28000 0.94000 -1.16000
v -4.28000 0.50000 -1.16000
v -1.00000 0.50000 -1.22000
v -1.00000 0.94000 -1.22000
v -1.02000 0.94000 -1.24000
v -1.02000 0.50000 -1.24000
v -1.00000 0.50000 -1.18000
v -1.00000 0.94000 -1.18000
v -1.02000 0.94000 -1.16000
v -1.02000 0.50000 -1.16000
v -4.30000 0.52000 -1.24000
v -4.30000 0.52000 -1.16000
v -4.28000 0.50000 -1.16000
v -4.28000 0.50000 -1.24000
v -4.30000 0.92000 -1.24000
v -4.30000 0.92000 -1.16000
v -4.28000 0.94000 -1.16000
v -4.28000 0.94000 -1.24000
v -1.00000 0.52000 -1.24000
v -1.00000 0.52000 -1.16000
v -1.02000 0.50000 -1.16000
v -1.02000 0.50000 -1.24000
v -1.00000 0.92000 -1.24000
v -1.00000 0.92000 -1.16000
v -1.02000 0.94000 -1.16000
v -1.02000 0.94000 -1.24000
v -4.30000 0.52000 -1.22000
v -4.28000 0.50000 -1.22000
v -4.28000 0.52000 -1.24000
v -4.30000 0.52000 -1.18000
v -4.28000 0.50000 -1.18000
v -4.28000 0.52000 -1.16000
v -4.30000 0.92000 -1.22000
v -4.28000 0.94000 -1.22000
v -4.28000 0.92000 -1.24000
v -4.30000 0.92000 -1.18000
v -4.28000 0.94000 -1.18000
v -4.28000 0.92000 -1.16000
v -1.00000 0.52000 -1.22000
v -1.02000 0.50000 -1.22000
v -1.02000 0.52000 -1.24000
v -1.00000 0.52000 -1.18000
v -1.02000 0.50000 -1.18000
v -1.02000 0.52000 -1.16000
v -1.00000 0.92000 -1.22000
v -1.02000 0.94000 -1.22000
v -1.02000 0.92000 -1.24000
v -1.00000 0.92000 -1.18000
v -1.02000 0.94000 -1.18000
v -1.02000 0.92000 -1.16000
v -1.10000 0.20000 -0.81000
v -1.10000 0.20000 -1.11000
v -1.10000 0.24000 -1.11000
v -1.10000 0.24000 -0.81000
v -4.20000 0.20000 -1.11000
v -4.20000 0.20000 -0.81000
v -4.20000 0.24000 -0.81000
v -4.20000 0.24000 -1.11000
v -4.20000 0.24000 -0.81000
v -1.10000 0.24000 -0.81000
v -1.10000 0.24000 -1.11000
v -4.20000 0.24000 -1.11000
v -4.20000 0.20000 -1.11000
v -1.10000 0.20000 -1.11000
v -1.10000 0.20000 -0.81000
v -4.20000 0.20000 -0.81000
v -4.20000 0.20000 -0.81000
v -1.10000 0.20000 -0.81000
v -1.10000 0.24000 -0.81000
v -4.20000 0.24000 -0.81000
v -1.10000 0.20000 -1.11000
v -4.20000 0.20000 -1.11000
v -4.20000 0.24000 -1.11000
v -1.10000 0.24000 -1.11000
v -4.00000 0.00000 -0.93800
v -3.98444 0.00000 -0.94444
v -3.98444 0.42000 -0.94444
v -4.00000 0.42000 -0.93800
v -3.98444 0.00000 -0.94444
v -3.97800 0.00000 -0.96000
v -3.97800 0.42000 -0.96000
v -3.98444 0.42000 -0.94444
v -3.97800 0.00000 -0.96000
v -3.98444 0.00000 -0.97556
v -3.98444 0.42000 -0.97556
v -3.97800 0.42000 -0.96000
v -3.98444 0.00000 -0.97556
v -4.00000 0.00000 -0.98200
v -4.00000 0.42000 -0.98200
v -3.98444 0.42000 -0.97556
v -4.00000 0.00000 -0.98200
v -4.01556 0.00000 -0.97556
v -4.01556 0.42000 -0.97556
v -4.00000 0.42000 -0.98200
v -4.01556 0.00000 -0.97556
v -4.02200 0.00000 -0.96000
v -4.02200 0.42000 -0.96000
v -4.01556 0.42000 -0.97556
v -4.02200 0.00000 -0.96000
v -4.01556 0.00000 -0.94444
v -4.01556 0.42000 -0.94444
v -4.02200 0.42000 -0.96000
v -4.01556 0.00000 -0.94444
v -4.00000 0.00000 -0.93800
v -4.00000 0.42000 -0.93800
v -4.01556 0.42000 -0.94444
v -4.01556 0.00000 -0.94444
v -4.02200 0.00000 -0.96000
v -4.01556 0.00000 -0.97556
v -4.00000 0.00000 -0.98200
v -3.98444 0.00000 -0.97556
v -3.97800 0.00000 -0.96000
v -3.98444 0.00000 -0.94444
v -4.00000 0.00000 -0.93800
v -4.00000 0.42000 -0.93800
v -3.98444 0.42000 -0.94444
v -3.97800 0.42000 -0.96000
v -3.98444 0.42000 -0.97556
v -4.00000 0.42000 -0.98200
v -4.01556 0.42000 -0.97556
v -4.02200 0.42000 -0.96000
v -4.01556 0.42000 -0.94444
v -2.65000 0.00000 -0.93800
v -2.63444 0.00000 -0.94444
v -2.63444 0.42000 -0.94444
v -2.65000 0.42000 -0.93800
v -2.63444 0.00000 -0.94444
v -2.62800 0.00000 -0.96000
v -2.62800 0.42000 -0.96000
v -2.63444 0.42000 -0.94444
v -2.62800 0.00000 -0.96000
v -2.63444 0.00000 -0.97556
v -2.63444 0.42000 -0.97556
v -2.62800 0.42000 -0.96000
v -2.63444 0.00000 -0.97556
v -2.65000 0.00000 -0.98200
v -2.65000 0.42000 -0.98200
v -2.63444 0.42000 -0.97556
v -2.65000 0.00000 -0.98200
v -2.66556 0.00000 -0.97556
v -2.66556 0.42000 -0.97556
v -2.65000 0.42000 -0.98200
v -2.66556 0.00000 -0.97556
v -2.67200 0.00000 -0.96000
v -2.67200 0.42000 -0.96000
v -2.66556 0.42000 -0.97556
v -2.67200 0.00000 -0.96000
v -2.66556 0.00000 -0.94444
v -2.66556 0.42000 -0.94444
v -2.67200 0.42000 -0.96000
v -2.66556 0.00000 -0.94444
v -2.65000 0.00000 -0.93800
v -2.65000 0.42000 -0.93800
v -2.66556 0.42000 -0.94444
v -2.66556 0.00000 -0.94444
v -2.67200 0.00000 -0.96000
v -2.66556 0.00000 -0.97556
v -2.65000 0.00000 -0.98200
v -2.63444 0.00000 -0.97556
v -2.62800 0.00000 -0.96000
v -2.63444 0.00000 -0.94444
v -2.65000 0.00000 -0.93800
v -2.65000 0.42000 -0.93800
v -2.63444 0.42000 -0.94444
v -2.62800 0.42000 -0.96000
v -2.63444 0.42000 -0.97556
v -2.65000 0.42000 -0.98200
v -2.66556 0.42000 -0.97556
v -2.67200 0.42000 -0.96000
v -2.66556 0.42000 -0.94444
v -1.30000 0.00000 -0.93800
v -1.28444 0.00000 -0.94444
v -1.28444 0.42000 -0.94444
v -1.30000 0.42000 -0.93800
v -1.28444 0.00000 -0.94444
v -1.27800 0.00000 -0.96000
v -1.27800 0.42000 -0.96000
v -1.28444 0.42000 -0.94444
v -1.27800 0.00000 -0.96000
v -1.28444 0.00000 -0.97556
v -1.28444 0.42000 -0.97556
v -1.27800 0.42000 -0.96000
v -1.28444 0.00000 -0.97556
v -1.30000 0.00000 -0.98200
v -1.30000 0.42000 -0.98200
v -1.28444 0.42000 -0.97556
v -1.30000 0.00000 -0.98200
v -1.31556 0.00000 -0.97556
v -1.31556 0.42000 -0.97556
v -1.30000 0.42000 -0.98200
v -1.31556 0.00000 -0.97556
v -1.32200 0.00000 -0.96000
v -1.32200 0.42000 -0.96000
v -1.31556 0.42000 -0.97556
v -1.32200 0.00000 -0.96000
v -1.31556 0.00000 -0.94444
v -1.31556 0.42000 -0.94444
v -1.32200 0.42000 -0.96000
v -1.31556 0.00000 -0.94444
v -1.30000 0.00000 -0.93800
v -1.30000 0.42000 -0.93800
v -1.31556 0.42000 -0.94444
v -1.31556 0.00000 -0.94444
v -1.32200 0.00000 -0.96000
v -1.31556 0.00000 -0.97556
v -1.30000 0.00000 -0.98200
v -1.28444 0.00000 -0.97556
v -1.27800 0.00000 -0.96000
v -1.28444 0.00000 -0.94444
v -1.30000 0.00000 -0.93800
v -1.30000 0.42000 -0.93800
v -1.28444 0.42000 -0.94444
v -1.27800 0.42000 -0.96000
v -1.28444 0.42000 -0.97556
v -1.30000 0.42000 -0.98200
v -1.31556 0.42000 -0.97556
v -1.32200 0.42000 -0.96000
v -1.31556 0.42000 -0.94444
v -1.00000 0.43500 0.75000
v -1.00000 0.48500 0.75000
v -1.00000 0.48500 1.17000
v -1.00000 0.43500 1.17000
v -4.30000 0.43500 1.17000
v -4.30000 0.48500 1.17000
v -4.30000 0.48500 0.75000
v -4.30000 0.43500 0.75000
v -4.28000 0.50500 1.17000
v -1.02000 0.50500 1.17000
v -1.02000 0.50500 0.75000
v -4.28000 0.50500 0.75000
v -4.28000 0.41500 0.75000
v -1.02000 0.41500 0.75000
v -1.02000 0.41500 1.17000
v -4.28000 0.41500 1.17000
v -4.28000 0.43500 1.19000
v -1.02000 0.43500 1.19000
v -1.02000 0.48500 1.19000
v -4.28000 0.48500 1.19000
v -4.28000 0.48500 0.73000
v -1.02000 0.48500 0.73000
v -1.02000 0.43500 0.73000
v -4.28000 0.43500 0.73000
v -4.30000 0.41500 0.75000
v -1.00000 0.41500 0.75000
v -1.00000 0.43500 0.73000
v -4.30000 0.43500 0.73000
v -4.30000 0.41500 1.17000
v -1.00000 0.41500 1.17000
v -1.00000 0.43500 1.19000
v -4.30000 0.43500 1.19000
v -4.30000 0.50500 0.75000
v -1.00000 0.50500 0.75000
v -1.00000 0.48500 0.73000
v -4.30000 0.48500 0.73000
v -4.30000 0.50500 1.17000
v -1.00000 0.50500 1.17000
v -1.00000 0.48500 1.19000
v -4.30000 0.48500 1.19000
v -4.30000 0.41500 0.75000
v -4.30000 0.50500 0.75000
v -4.28000 0.50500 0.73000
v -4.28000 0.41500 0.73000
v -4.30000 0.41500 1.17000
v -4.30000 0.50500 1.17000
v -4.28000 0.50500 1.19000
v -4.28000 0.41500 1.19000
v -1.00000 0.41500 0.75000
v -1.00000 0.50500 0.75000
v -1.02000 0.50500 0.73000
v -1.02000 0.41500 0.73000
v -1.00000 0.41500 1.17000
v -1.00000 0.50500 1.17000
v -1.02000 0.50500 1.19000
v -1.02000 0.41500 1.19000
v -4.30000 0.43500 0.73000
v -4.30000 0.43500 1.19000
v -4.28000 0.41500 1.19000
v -4.28000 0.41500 0.73000
v -4.30000 0.48500 0.73000
v -4.30000 0.48500 1.19000
v -4.28000 0.50500 1.19000
v -4.28000 0.50500 0.73000
v -1.00000 0.43500 0.73000
v -1.00000 0.43500 1.19000
v -1.02000 0.41500 1.19000
v -1.02000 0.41500 0.73000
v -1.00000 0.48500 0.73000
v -1.00000 0.48500 1.19000
v -1.02000 0.50500 1.19000
v -1.02000 0.50500 0.73000
v -4.30000 0.43500 0.75000
v -4.28000 0.41500 0.75000
v -4.28000 0.43500 0.73000
v -4.30000 0.43500 1.17000
v -4.28000 0.41500 1.17000
v -4.28000 0.43500 1.19000
v -4.30000 0.48500 0.75000
v -4.28000 0.50500 0.75000
v -4.28000 0.48500 0.73000
v -4.30000 0.48500 1.17000
v -4.28000 0.50500 1.17000
v -4.28000 0.48500 1.19000
v -1.00000 0.43500 0.75000
v -1.02000 0.41500 0.75000
v -1.02000 0.43500 0.73000
v -1.00000 0.43500 1.17000
v -1.02000 0.41500 1.17000
v -1.02000 0.43500 1.19000
v -1.00000 0.48500 0.75000
v -1.02000 0.50500 0.75000
v -1.02000 0.48500 0.73000
v -1.00000 0.48500 1.17000
v -1.02000 0.50500 1.17000
v -1.02000 0.48500 1.19000
v -1.00000 0.52000 1.18000
v -1.00000 0.92000 1.18000
v -1.00000 0.92000 1.22000
v -1.00000 0.52000 1.22000
v -4.30000 0.52000 1.22000
v -4.30000 0.92000 1.22000
v -4.30000 0.92000 1.18000
v -4.30000 0.52000 1.18000
v -4.28000 0.94000 1.22000
v -1.02000 0.94000 1.22000
v -1.02000 0.94000 1.18000
v -4.28000 0.94000 1.18000
v -4.28000 0.50000 1.18000
v -1.02000 0.50000 1.18000
v -1.02000 0.50000 1.22000
v -4.28000 0.50000 1.22000
v -4.28000 0.52000 1.24000
v -1.02000 0.52000 1.24000
v -1.02000 0.92000 1.24000
v -4.28000 0.92000 1.24000
v -4.28000 0.92000 1.16000
v -1.02000 0.92000 1.16000
v -1.02000 0.52000 1.16000
v -4.28000 0.52000 1.16000
v -4.30000 0.50000 1.18000
v -1.00000 0.50000 1.18000
v -1.00000 0.52000 1.16000
v -4.30000 0.52000 1.16000
v -4.30000 0.50000 1.22000
v -1.00000 0.50000 1.22000
v -1.00000 0.52000 1.24000
v -4.30000 0.52000 1.24000
v -4.30000 0.94000 1.18000
v -1.00000 0.94000 1.18000
v -1.00000 0.92000 1.16000
v -4.30000 0.92000 1.16000
v -4.30000 0.94000 1.22000
v -1.00000 0.94000 1.22000
v -1.00000 0.92000 1.24000
v -4.30000 0.92000 1.24000
v -4.30000 0.50000 1.18000
v -4.30000 0.94000 1.18000
v -4.28000 0.94000 1.16000
v -4.28000 0.50000 1.16000
v -4.30000 0.50000 1.22000
v -4.30000 0.94000 1.22000
v -4.28000 0.94000 1.24000
v -4.28000 0.50000 1.24000
v -1.00000 0.50000 1.18000
v -1.00000 0.94000 1.18000
v -1.02000 0.94000 1.16000
v -1.02000 0.50000 1.16000
v -1.00000 0.50000 1.22000
v -1.00000 0.94000 1.22000
v -1.02000 0.94000 1.24000
v -1.02000 0.50000 1.24000
v -4.30000 0.52000 1.16000
v -4.30000 0.52000 1.24000
v -4.28000 0.50000 1.24000
v -4.28000 0.50000 1.16000
v -4.30000 0.92000 1.16000
v -4.30000 0.92000 1.24000
v -4.28000 0.94000 1.24000
v -4.28000 0.94000 1.16000
v -1.00000 0.52000 1.16000
v -1.00000 0.52000 1.24000
v -1.02000 0.50000 1.24000
v -1.02000 0.50000 1.16000
v -1.00000 0.92000 1.16000
v -1.00000 0.92000 1.24000
v -1.02000 0.94000 1.24000
v -1.02000 0.94000 1.16000
v -4.30000 0.52000 1.18000
v -4.28000 0.50000 1.18000
v -4.28000 0.52000 1.16000
v -4.30000 0.52000 1.22000
v -4.28000 0.50000 1.22000
v -4.28000 0.52000 1.24000
v -4.30000 0.92000 1.18000
v -4.28000 0.94000 1.18000
v -4.28000 0.92000 1.16000
v -4.30000 0.92000 1.22000
v -4.28000 0.94000 1.22000
v -4.28000 0.92000 1.24000
v -1.00000 0.52000 1.18000
v -1.02000 0.50000 1.18000
v -1.02000 0.52000 1.16000
v -1.00000 0.52000 1.22000
v -1.02000 0.50000 1.22000
v -1.02000 0.52000 1.24000
v -1.00000 0.92000 1.18000
v -1.02000 0.94000 1.18000
v -1.02000 0.92000 1.16000
v -1.00000 0.92000 1.22000
v -1.02000 0.94000 1.22000
v -1.02000 0.92000 1.24000
v -1.10000 0.20000 1.11000
v -1.10000 0.20000 0.81000
v -1.10000 0.24000 0.81000
v -1.10000 0.24000 1.11000
v -4.20000 0.20000 0.81000
v -4.20000 0.20000 1.11000
v -4.20000 0.24000 1.11000
v -4.20000 0.24000 0.81000
v -4.20000 0.24000 1.11000
v -1.10000 0.24000 1.11000
v -1.10000 0.24000 0.81000
v -4.20000 0.24000 0.81000
v -4.20000 0.20000 0.81000
v -1.10000 0.20000 0.81000
v -1.10000 0.20000 1.11000
v -4.20000 0.20000 1.11000
v -4.20000 0.20000 1.11000
v -1.10000 0.20000 1.11000
v -1.10000 0.24000 1.11000
v -4.20000 0.24000 1.11000
v -1.10000 0.20000 0.81000
v -4.20000 0.20000 0.81000
v -4.20000 0.24000 0.81000
v -1.10000 0.24000 0.81000
v -4.00000 0.00000 0.98200
v -3.98444 0.00000 0.97556
v -3.98444 0.42000 0.97556
v -4.00000 0.42000 0.98200
v -3.98444 0.00000 0.97556
v -3.97800 0.00000 0.96000
v -3.97800 0.42000 0.96000
v -3.98444 0.42000 0.97556
v -3.97800 0.00000 0.96000
v -3.98444 0.00000 0.94444
v -3.98444 0.42000 0.94444
v -3.97800 0.42000 0.96000
v -3.98444 0.00000 0.94444
v -4.00000 0.00000 0.93800
v -4.00000 0.42000 0.93800
v -3.98444 0.42000 0.94444
v -4.00000 0.00000 0.93800
v -4.01556 0.00000 0.94444
v -4.01556 0.42000 0.94444
v -4.00000 0.42000 0.93800
v -4.01556 0.00000 0.94444
v -4.02200 0.00000 0.96000
v -4.02200 0.42000 0.96000
v -4.01556 0.42000 0.94444
v -4.02200 0.00000 0.96000
v -4.01556 0.00000 0.97556
v -4.01556 0.42000 0.97556
v -4.02200 0.42000 0.96000
v -4.01556 0.00000 0.97556
v -4.00000 0.00000 0.98200
v -4.00000 0.42000 0.98200
v -4.01556 0.42000 0.97556
v -4.01556 0.00000 0.97556
v -4.02200 0.00000 0.96000
v -4.01556 0.00000 0.94444
v -4.00000 0.00000 0.93800
v -3.98444 0.00000 0.94444
v -3.97800 0.00000 0.96000
v -3.98444 0.00000 0.97556
v -4.00000 0.00000 0.98200
v -4.00000 0.42000 0.98200
v -3.98444 0.42000 0.97556
v -3.97800 0.42000 0.96000
v -3.98444 0.42000 0.94444
v -4.00000 0.42000 0.93800
v -4.01556 0.42000 0.94444
v -4.02200 0.42000 0.96000
v -4.01556 0.42000 0.97556
v -2.65000 0.00000 0.98200
v -2.63444 0.00000 0.97556
v -2.63444 0.42000 0.97556
v -2.65000 0.42000 0.98200
v -2.63444 0.00000 0.97556
v -2.62800 0.00000 0.96000
v -2.62800 0.42000 0.96000
v -2.63444 0.42000 0.97556
v -2.62800 0.00000 0.96000
v -2.63444 0.00000 0.94444
v -2.63444 0.42000 0.94444
v -2.62800 0.42000 0.96000
v -2.63444 0.00000 0.94444
v -2.65000 0.00000 0.93800
v -2.65000 0.42000 0.93800
v -2.63444 0.42000 0.94444
v -2.65000 0.00000 0.93800
v -2.66556 0.00000 0.94444
v -2.66556 0.42000 0.94444
v -2.65000 0.42000 0.93800
v -2.66556 0.00000 0.94444
v -2.67200 0.00000 0.96000
v -2.67200 0.42000 0.96000
v -2.66556 0.42000 0.94444
v -2.67200 0.00000 0.96000
v -2.66556 0.00000 0.97556
v -2.66556 0.42000 0.97556
v -2.67200 0.42000 0.96000
v -2.66556 0.00000 0.97556
v -2.65000 0.00000 0.98200
v -2.65000 0.42000 0.98200
v -2.66556 0.42000 0.97556
v -2.66556 0.00000 0.97556
v -2.67200 0.00000 0.96000
v -2.66556 0.00000 0.94444
v -2.65000 0.00000 0.93800
v -2.63444 0.00000 0.94444
v -2.62800 0.00000 0.96000
v -2.63444 0.00000 0.97556
v -2.65000 0.00000 0.98200
v -2.65000 0.42000 0.98200
v -2.63444 0.42000 0.97556
v -2.62800 0.42000 0.96000
v -2.63444 0.42000 0.94444
v -2.65000 0.42000 0.93800
v -2.66556 0.42000 0.94444
v -2.67200 0.42000 0.96000
v -2.66556 0.42000 0.97556
v -1.30000 0.00000 0.98200
v -1.28444 0.00000 0.97556
v -1.28444 0.42000 0.97556
v -1.30000 0.42000 0.98200
v -1.28444 0.00000 0.97556
v -1.27800 0.00000 0.96000
v -1.27800 0.42000 0.96000
v -1.28444 0.42000 0.97556
v -1.27800 0.00000 0.96000
v -1.28444 0.00000 0.94444
v -1.28444 0.42000 0.94444
v -1.27800 0.42000 0.96000
v -1.28444 0.00000 0.94444
v -1.30000 0.00000 0.93800
v -1.30000 0.42000 0.93800
v -1.28444 0.42000 0.94444
v -1.30000 0.00000 0.93800
v -1.31556 0.00000 0.94444
v -1.31556 0.42000 0.94444
v -1.30000 0.42000 0.93800
v -1.31556 0.00000 0.94444
v -1.32200 0.00000 0.96000
v -1.32200 0.42000 0.96000
v -1.31556 0.42000 0.94444
v -1.32200 0.00000 0.96000
v -1.31556 0.00000 0.97556
v -1.31556 0.42000 0.97556
v -1.32200 0.42000 0.96000
v -1.31556 0.00000 0.97556
v -1.30000 0.00000 0.98200
v -1.30000 0.42000 0.98200
v -1.31556 0.42000 0.97556
v -1.31556 0.00000 0.97556
v -1.32200 0.00000 0.96000
v -1.31556 0.00000 0.94444
v -1.30000 0.00000 0.93800
v -1.28444 0.00000 0.94444
v -1.27800 0.00000 0.96000
v -1.28444 0.00000 0.97556
v -1.30000 0.00000 0.98200
v -1.30000 0.42000 0.98200
v -1.28444 0.42000 0.97556
v -1.27800 0.42000 0.96000
v -1.28444 0.42000 0.94444
v -1.30000 0.42000 0.93800
v -1.31556 0.42000 0.94444
v -1.32200 0.42000 0.96000
v -1.31556 0.42000 0.97556
v 4.30000 0.43500 -1.17000
v 4.30000 0.48500 -1.17000
v 4.30000 0.48500 -0.75000
v 4.30000 0.43500 -0.75000
v 1.00000 0.43500 -0.75000
v 1.00000 0.48500 -0.75000
v 1.00000 0.48500 -1.17000
v 1.00000 0.43500 -1.17000
v 1.02000 0.50500 -0.75000
v 4.28000 0.50500 -0.75000
v 4.28000 0.50500 -1.17000
v 1.02000 0.50500 -1.17000
v 1.02000 0.41500 -1.17000
v 4.28000 0.41500 -1.17000
v 4.28000 0.41500 -0.75000
v 1.02000 0.41500 -0.75000
v 1.02000 0.43500 -0.73000
v 4.28000 0.43500 -0.73000
v 4.28000 0.48500 -0.73000
v 1.02000 0.48500 -0.73000
v 1.02000 0.48500 -1.19000
v 4.28000 0.48500 -1.19000
v 4.28000 0.43500 -1.19000
v 1.02000 0.43500 -1.19000
v 1.00000 0.41500 -1.17000
v 4.30000 0.41500 -1.17000
v 4.30000 0.43500 -1.19000
v 1.00000 0.43500 -1.19000
v 1.00000 0.41500 -0.75000
v 4.30000 0.41500 -0.75000
v 4.30000 0.43500 -0.73000
v 1.00000 0.43500 -0.73000
v 1.00000 0.50500 -1.17000
v 4.30000 0.50500 -1.17000
v 4.30000 0.48500 -1.19000
v 1.00000 0.48500 -1.19000
v 1.00000 0.50500 -0.75000
v 4.30000 0.50500 -0.75000
v 4.30000 0.48500 -0.73000
v 1.00000 0.48500 -0.73000
v 1.00000 0.41500 -1.17000
v 1.00000 0.50500 -1.17000
v 1.02000 0.50500 -1.19000
v 1.02000 0.41500 -1.19000
v 1.00000 0.41500 -0.75000
v 1.00000 0.50500 -0.75000
v 1.02000 0.50500 -0.73000
v 1.02000 0.41500 -0.73000
v 4.30000 0.41500 -1.17000
v 4.30000 0.50500 -1.17000
v 4.28000 0.50500 -1.19000
v 4.28000 0.41500 -1.19000
v 4.30000 0.41500 -0.75000
v 4.30000 0.50500 -0.75000
v 4.28000 0.50500 -0.73000
v 4.28000 0.41500 -0.73000
v 1.00000 0.43500 -1.19000
v 1.00000 0.43500 -0.73000
v 1.02000 0.41500 -0.73000
v 1.02000 0.41500 -1.19000
v 1.00000 0.48500 -1.19000
v 1.00000 0.48500 -0.73000
v 1.02000 0.50500 -0.73000
v 1.02000 0.50500 -1.19000
v 4.30000 0.43500 -1.19000
v 4.30000 0.43500 -0.73000
v 4.28000 0.41500 -0.73000
v 4.28000 0.41500 -1.19000
v 4.30000 0.48500 -1.19000
v 4.30000 0.48500 -0.73000
v 4.28000 0.50500 -0.73000
v 4.28000 0.50500 -1.19000
v 1.00000 0.43500 -1.17000
v 1.02000 0.41500 -1.17000
v 1.02000 0.43500 -1.19000
v 1.00000 0.43500 -0.75000
v 1.02000 0.41500 -0.75000
v 1.02000 0.43500 -0.73000
v 1.00000 0.48500 -1.17000
v 1.02000 0.50500 -1.17000
v 1.02000 0.48500 -1.19000
v 1.00000 0.48500 -0.75000
v 1.02000 0.50500 -0.75000
v 1.02000 0.48500 -0.73000
v 4.30000 0.43500 -1.17000
v 4.28000 0.41500 -1.17000
v 4.28000 0.43500 -1.19000
v 4.30000 0.43500 -0.75000
v 4.28000 0.41500 -0.75000
v 4.28000 0.43500 -0.73000
v 4.30000 0.48500 -1.17000
v 4.28000 0.50500 -1.17000
v 4.28000 0.48500 -1.19000
v 4.30000 0.48500 -0.75000
v 4.28000 0.50500 -0.75000
v 4.28000 0.48500 -0.73000
v 4.30000 0.52000 -1.22000
v 4.30000 0.92000 -1.22000
v 4.30000 0.92000 -1.18000
v 4.30000 0.52000 -1.18000
v 1.00000 0.52000 -1.18000
v 1.00000 0.92000 -1.18000
v 1.00000 0.92000 -1.22000
v 1.00000 0.52000 -1.22000
v 1.02000 0.94000 -1.18000
v 4.28000 0.94000 -1.18000
v 4.28000 0.94000 -1.22000
v 1.02000 0.94000 -1.22000
v 1.02000 0.50000 -1.22000
v 4.28000 0.50000 -1.22000
v 4.28000 0.50000 -1.18000
v 1.02000 0.50000 -1.18000
v 1.02000 0.52000 -1.16000
v 4.28000 0.52000 -1.16000
v 4.28000 0.92000 -1.16000
v 1.02000 0.92000 -1.16000
v 1.02000 0.92000 -1.24000
v 4.28000 0.92000 -1.24000
v 4.28000 0.52000 -1.24000
v 1.02000 0.52000 -1.24000
v 1.00000 0.50000 -1.22000
v 4.30000 0.50000 -1.22000
v 4.30000 0.52000 -1.24000
v 1.00000 0.52000 -1.24000
v 1.00000 0.50000 -1.18000
v 4.30000 0.50000 -1.18000
v 4.30000 0.52000 -1.16000
v 1.00000 0.52000 -1.16000
v 1.00000 0.94000 -1.22000
v 4.30000 0.94000 -1.22000
v 4.30000 0.92000 -1.24000
v 1.00000 0.92000 -1.24000
v 1.00000 0.94000 -1.18000
v 4.30000 0.94000 -1.18000
v 4.30000 0.92000 -1.16000
v 1.00000 0.92000 -1.16000
v 1.00000 0.50000 -1.22000
v 1.00000 0.94000 -1.22000
v 1.02000 0.94000 -1.24000
v 1.02000 0.50000 -1.24000
v 1.00000 0.50000 -1.18000
v 1.00000 0.94000 -1.18000
v 1.02000 0.94000 -1.16000
v 1.02000 0.50000 -1.16000
v 4.30000 0.50000 -1.22000
v 4.30000 0.94000 -1.22000
v 4.28000 0.94000 -1.24000
v 4.28000 0.50000 -1.24000
v 4.30000 0.50000 -1.18000
v 4.30000 0.94000 -1.18000
v 4.28000 0.94000 -1.16000
v 4.28000 0.50000 -1.16000
v 1.00000 0.52000 -1.24000
v 1.00000 0.52000 -1.16000
v 1.02000 0.50000 -1.16000
v 1.02000 0.50000 -1.24000
v 1.00000 0.92000 -1.24000
v 1.00000 0.92000 -1.16000
v 1.02000 0.94000 -1.16000
v 1.02000 0.94000 -1.24000
v 4.30000 0.52000 -1.24000
v 4.30000 0.52000 -1.16000
v 4.28000 0.50000 -1.16000
v 4.28000 0.50000 -1.24000
v 4.30000 0.92000 -1.24000
v 4.30000 0.92000 -1.16000
v 4.28000 0.94000 -1.16000
v 4.28000 0.94000 -1.24000
v 1.00000 0.52000 -1.22000
v 1.02000 0.50000 -1.22000
v 1.02000 0.52000 -1.24000
v 1.00000 0.52000 -1.18000
v 1.02000 0.50000 -1.18000
v 1.02000 0.52000 -1.16000
v 1.00000 0.92000 -1.22000
v 1.02000 0.94000 -1.22000
v 1.02000 0.92000 -1.24000
v 1.00000 0.92000 -1.18000
v 1.02000 0.94000 -1.18000
v 1.02000 0.92000 -1.16000
v 4.30000 0.52000 -1.22000
v 4.28000 0.50000 -1.22000
v 4.28000 0.52000 -1.24000
v 4.30000 0.52000 -1.18000
v 4.28000 0.50000 -1.18000
v 4.28000 0.52000 -1.16000
v 4.30000 0.92000 -1.22000
v 4.28000 0.94000 -1.22000
v 4.28000 0.92000 -1.24000
v 4.30000 0.92000 -1.18000
v 4.28000 0.94000 -1.18000
v 4.28000 0.92000 -1.16000
v 4.20000 0.20000 -0.81000
v 4.20000 0.20000 -1.11000
v 4.20000 0.24000 -1.11000
v 4.20000 0.24000 -0.81000
v 1.10000 0.20000 -1.11000
v 1.10000 0.20000 -0.81000
v 1.10000 0.24000 -0.81000
v 1.10000 0.24000 -1.11000
v 1.10000 0.24000 -0.81000
v 4.20000 0.24000 -0.81000
v 4.20000 0.24000 -1.11000
v 1.10000 0.24000 -1.11000
v 1.10000 0.20000 -1.11000
v 4.20000 0.20000 -1.11000
v 4.20000 0.20000 -0.81000
v 1.10000 0.20000 -0.81000
v 1.10000 0.20000 -0.81000
v 4.20000 0.20000 -0.81000
v 4.20000 0.24000 -0.81000
v 1.10000 0.24000 -0.81000
v 4.20000 0.20000 -1.11000
v 1.10000 0.20000 -1.11000
v 1.10000 0.24000 -1.11000
v 4.20000 0.24000 -1.11000
v 1.30000 0.00000 -0.93800
v 1.31556 0.00000 -0.94444
v 1.31556 0.42000 -0.94444
v 1.30000 0.42000 -0.93800
v 1.31556 0.00000 -0.94444
v 1.32200 0.00000 -0.96000
v 1.32200 0.42000 -0.96000
v 1.31556 0.42000 -0.94444
v 1.32200 0.00000 -0.96000
v 1.31556 0.00000 -0.97556
v 1.31556 0.42000 -0.97556
v 1.32200 0.42000 -0.96000
v 1.31556 0.00000 -0.97556
v 1.30000 0.00000 -0.98200
v 1.30000 0.42000 -0.98200
v 1.31556 0.42000 -0.97556
v 1.30000 0.00000 -0.98200
v 1.28444 0.00000 -0.97556
v 1.28444 0.42000 -0.97556
v 1.30000 0.42000 -0.98200
v 1.28444 0.00000 -0.97556
v 1.27800 0.00000 -0.96000
v 1.27800 0.42000 -0.96000
v 1.28444 0.42000 -0.97556
v 1.27800 0.00000 -0.96000
v 1.28444 0.00000 -0.94444
v 1.28444 0.42000 -0.94444
v 1.27800 0.42000 -0.96000
v 1.28444 0.00000 -0.94444
v 1.30000 0.00000 -0.93800
v 1.30000 0.42000 -0.93800
v 1.28444 0.42000 -0.94444
v 1.28444 0.00000 -0.94444
v 1.27800 0.00000 -0.96000
v 1.28444 0.00000 -0.97556
v 1.30000 0.00000 -0.98200
v 1.31556 0.00000 -0.97556
v 1.32200 0.00000 -0.96000
v 1.31556 0.00000 -0.94444
v 1.30000 0.00000 -0.93800
v 1.30000 0.42000 -0.93800
v 1.31556 0.42000 -0.94444
v 1.32200 0.42000 -0.96000
v 1.31556 0.42000 -0.97556
v 1.30000 0.42000 -0.98200
v 1.28444 0.42000 -0.97556
v 1.27800 0.42000 -0.96000
v 1.28444 0.42000 -0.94444
v 2.65000 0.00000 -0.93800
v 2.66556 0.00000 -0.94444
v 2.66556 0.42000 -0.94444
v 2.65000 0.42000 -0.93800
v 2.66556 0.00000 -0.94444
v 2.67200 0.00000 -0.96000
v 2.67200 0.42000 -0.96000
v 2.66556 0.42000 -0.94444
v 2.67200 0.00000 -0.96000
v 2.66556 0.00000 -0.97556
v 2.66556 0.42000 -0.97556
v 2.67200 0.42000 -0.96000
v 2.66556 0.00000 -0.97556
v 2.65000 0.00000 -0.98200
v 2.65000 0.42000 -0.98200
v 2.66556 0.42000 -0.97556
v 2.65000 0.00000 -0.98200
v 2.63444 0.00000 -0.97556
v 2.63444 0.42000 -0.97556
v 2.65000 0.42000 -0.98200
v 2.63444 0.00000 -0.97556
v 2.62800 0.00000 -0.96000
v 2.62800 0.42000 -0.96000
v 2.63444 0.42000 -0.97556
v 2.62800 0.00000 -0.96000
v 2.63444 0.00000 -0.94444
v 2.63444 0.42000 -0.94444
v 2.62800 0.42000 -0.96000
v 2.63444 0.00000 -0.94444
v 2.65000 0.00000 -0.93800
v 2.65000 0.42000 -0.93800
v 2.63444 0.42000 -0.94444
v 2.63444 0.00000 -0.94444
v 2.62800 0.00000 -0.96000
v 2.63444 0.00000 -0.97556
v 2.65000 0.00000 -0.98200
v 2.66556 0.00000 -0.97556
v 2.67200 0.00000 -0.96000
v 2.66556 0.00000 -0.94444
v 2.65000 0.00000 -0.93800
v 2.65000 0.42000 -0.93800
v 2.66556 0.42000 -0.94444
v 2.67200 0.42000 -0.96000
v 2.66556 0.42000 -0.97556
v 2.65000 0.42000 -0.98200
v 2.63444 0.42000 -0.97556
v 2.62800 0.42000 -0.96000
v 2.63444 0.42000 -0.94444
v 4.00000 0.00000 -0.93800
v 4.01556 0.00000 -0.94444
v 4.01556 0.42000 -0.94444
v 4.00000 0.42000 -0.93800
v 4.01556 0.00000 -0.94444
v 4.02200 0.00000 -0.96000
v 4.02200 0.42000 -0.96000
v 4.01556 0.42000 -0.94444
v 4.02200 0.00000 -0.96000
v 4.01556 0.00000 -0.97556
v 4.01556 0.42000 -0.97556
v 4.02200 0.42000 -0.96000
v 4.01556 0.00000 -0.97556
v 4.00000 0.00000 -0.98200
v 4.00000 0.42000 -0.98200
v 4.01556 0.42000 -0.97556
v 4.00000 0.00000 -0.98200
v 3.98444 0.00000 -0.97556
v 3.98444 0.42000 -0.97556
v 4.00000 0.42000 -0.98200
v 3.98444 0.00000 -0.97556
v 3.97800 0.00000 -0.96000
v 3.97800 0.42000 -0.96000
v 3.98444 0.42000 -0.97556
v 3.97800 0.00000 -0.96000
v 3.98444 0.00000 -0.94444
v 3.98444 0.42000 -0.94444
v 3.97800 0.42000 -0.96000
v 3.98444 0.00000 -0.94444
v 4.00000 0.00000 -0.93800
v 4.00000 0.42000 -0.93800
v 3.98444 0.42000 -0.94444
v 3.98444 0.00000 -0.94444
v 3.97800 0.00000 -0.96000
v 3.98444 0.00000 -0.97556
v 4.00000 0.00000 -0.98200
v 4.01556 0.00000 -0.97556
v 4.02200 0.00000 -0.96000
v 4.01556 0.00000 -0.94444
v 4.00000 0.00000 -0.93800
v 4.00000 0.42000 -0.93800
v 4.01556 0.42000 -0.94444
v 4.02200 0.42000 -0.96000
v 4.01556 0.42000 -0.97556
v 4.00000 0.42000 -0.98200
v 3.98444 0.42000 -0.97556
v 3.97800 0.42000 -0.96000
v 3.98444 0.42000 -0.94444
v 4.30000 0.43500 0.75000
v 4.30000 0.48500 0.75000
v 4.30000 0.48500 1.17000
v 4.30000 0.43500 1.17000
v 1.00000 0.43500 1.17000
v 1.00000 0.48500 1.17000
v 1.00000 0.48500 0.75000
v 1.00000 0.43500 0.75000
v 1.02000 0.50500 1.17000
v 4.28000 0.50500 1.17000
v 4.28000 0.50500 0.75000
v 1.02000 0.50500 0.75000
v 1.02000 0.41500 0.75000
v 4.28000 0.41500 0.75000
v 4.28000 0.41500 1.17000
v 1.02000 0.41500 1.17000
v 1.02000 0.43500 1.19000
v 4.28000 0.43500 1.19000
v 4.28000 0.48500 1.19000
v 1.02000 0.48500 1.19000
v 1.02000 0.48500 0.73000
v 4.28000 0.48500 0.73000
v 4.28000 0.43500 0.73000
v 1.02000 0.43500 0.73000
v 1.00000 0.41500 0.75000
v 4.30000 0.41500 0.75000
v 4.30000 0.43500 0.73000
v 1.00000 0.43500 0.73000
v 1.00000 0.41500 1.17000
v 4.30000 0.41500 1.17000
v 4.30000 0.43500 1.19000
v 1.00000 0.43500 1.19000
v 1.00000 0.50500 0.75000
v 4.30000 0.50500 0.75000
v 4.30000 0.48500 0.73000
v 1.00000 0.48500 0.73000
v 1.00000 0.50500 1.17000
v 4.30000 0.50500 1.17000
v 4.30000 0.48500 1.19000
v 1.00000 0.48500 1.19000
v 1.00000 0.41500 0.75000
v 1.00000 0.50500 0.75000
v 1.02000 0.50500 0.73000
v 1.02000 0.41500 0.73000
v 1.00000 0.41500 1.17000
v 1.00000 0.50500 1.17000
v 1.02000 0.50500 1.19000
v 1.02000 0.41500 1.19000
v 4.30000 0.41500 0.75000
v 4.30000 0.50500 0.75000
v 4.28000 0.50500 0.73000
v 4.28000 0.41500 0.73000
v 4.30000 0.41500 1.17000
v 4.30000 0.50500 1.17000
v 4.28000 0.50500 1.19000
v 4.28000 0.41500 1.19000
v 1.00000 0.43500 0.73000
v 1.00000 0.43500 1.19000
v 1.02000 0.41500 1.19000
v 1.02000 0.41500 0.73000
v 1.00000 0.48500 0.73000
v 1.00000 0.48500 1.19000
v 1.02000 0.50500 1.19000
v 1.02000 0.50500 0.73000
v 4.30000 0.43500 0.73000
v 4.30000 0.43500 1.19000
v 4.28000 0.41500 1.19000
v 4.28000 0.41500 0.73000
v 4.30000 0.48500 0.73000
v 4.30000 0.48500 1.19000
v 4.28000 0.50500 1.19000
v 4.28000 0.50500 0.73000
v 1.00000 0.43500 0.75000
v 1.02000 0.41500 0.75000
v 1.02000 0.43500 0.73000
v 1.00000 0.43500 1.17000
v 1.02000 0.41500 1.17000
v 1.02000 0.43500 1.19000
v 1.00000 0.48500 0.75000
v 1.02000 0.50500 0.75000
v 1.02000 0.48500 0.73000
v 1.00000 0.48500 1.17000
v 1.02000 0.50500 1.17000
v 1.02000 0.48500 1.19000
v 4.30000 0.43500 0.75000
v 4.28000 0.41500 0.75000
v 4.28000 0.43500 0.73000
v 4.30000 0.43500 1.17000
v 4.28000 0.41500 1.17000
v 4.28000 0.43500 1.19000
v 4.30000 0.48500 0.75000
v 4.28000 0.50500 0.75000
v 4.28000 0.48500 0.73000
v 4.30000 0.48500 1.17000
v 4.28000 0.50500 1.17000
v 4.28000 0.48500 1.19000
v 4.30000 0.52000 1.18000
v 4.30000 0.92000 1.18000
v 4.30000 0.92000 1.22000
v 4.30000 0.52000 1.22000
v 1.00000 0.52000 1.22000
v 1.00000 0.92000 1.22000
v 1.00000 0.92000 1.18000
v 1.00000 0.52000 1.18000
v 1.02000 0.94000 1.22000
v 4.28000 0.94000 1.22000
v 4.28000 0.94000 1.18000
v 1.02000 0.94000 1.18000
v 1.02000 0.50000 1.18000
v 4.28000 0.50000 1.18000
v 4.28000 0.50000 1.22000
v 1.02000 0.50000 1.22000
v 1.02000 0.52000 1.24000
v 4.28000 0.52000 1.24000
v 4.28000 0.92000 1.24000
v 1.02000 0.92000 1.24000
v 1.02000 0.92000 1.16000
v 4.28000 0.92000 1.16000
v 4.28000 0.52000 1.16000
v 1.02000 0.52000 1.16000
v 1.00000 0.50000 1.18000
v 4.30000 0.50000 1.18000
v 4.30000 0.52000 1.16000
v 1.00000 0.52000 1.16000
v 1.00000 0.50000 1.22000
v 4.30000 0.50000 1.22000
v 4.30000 0.52000 1.24000
v 1.00000 0.52000 1.24000
v 1.00000 0.94000 1.18000
v 4.30000 0.94000 1.18000
v 4.30000 0.92000 1.16000
v 1.00000 0.92000 1.16000
v 1.00000 0.94000 1.22000
v 4.30000 0.94000 1.22000
v 4.30000 0.92000 1.24000
v 1.00000 0.92000 1.24000
v 1.00000 0.50000 1.18000
v 1.00000 0.94000 1.18000
v 1.02000 0.94000 1.16000
v 1.02000 0.50000 1.16000
v 1.00000 0.50000 1.22000
v 1.00000 0.94000 1.22000
v 1.02000 0.94000 1.24000
v 1.02000 0.50000 1.24000
v 4.30000 0.50000 1.18000
v 4.30000 0.94000 1.18000
v 4.28000 0.94000 1.16000
v 4.28000 0.50000 1.16000
v 4.30000 0.50000 1.22000
v 4.30000 0.94000 1.22000
v 4.28000 0.94000 1.24000
v 4.28000 0.50000 1.24000
v 1.00000 0.52000 1.16000
v 1.00000 0.52000 1.24000
v 1.02000 0.50000 1.24000
v 1.02000 0.50000 1.16000
v 1.00000 0.92000 1.16000
v 1.00000 0.92000 1.24000
v 1.02000 0.94000 1.24000
v 1.02000 0.94000 1.16000
v 4.30000 0.52000 1.16000
v 4.30000 0.52000 1.24000
v 4.28000 0.50000 1.24000
v 4.28000 0.50000 1.16000
v 4.30000 0.92000 1.16000
v 4.30000 0.92000 1.24000
v 4.28000 0.94000 1.24000
v 4.28000 0.94000 1.16000
v 1.00000 0.52000 1.18000
v 1.02000 0.50000 1.18000
v 1.02000 0.52000 1.16000
v 1.00000 0.52000 1.22000
v 1.02000 0.50000 1.22000
v 1.02000 0.52000 1.24000
v 1.00000 0.92000 1.18000
v 1.02000 0.94000 1.18000
v 1.02000 0.92000 1.16000
v 1.00000 0.92000 1.22000
v 1.02000 0.94000 1.22000
v 1.02000 0.92000 1.24000
v 4.30000 0.52000 1.18000
v 4.28000 0.50000 1.18000
v 4.28000 0.52000 1.16000
v 4.30000 0.52000 1.22000
v 4.28000 0.50000 1.22000
v 4.28000 0.52000 1.24000
v 4.30000 0.92000 1.18000
v 4.28000 0.94000 1.18000
v 4.28000 0.92000 1.16000
v 4.30000 0.92000 1.22000
v 4.28000 0.94000 1.22000
v 4.28000 0.92000 1.24000
v 4.20000 0.20000 1.11000
v 4.20000 0.20000 0.81000
v 4.20000 0.24000 0.81000
v 4.20000 0.24000 1.11000
v 1.10000 0.20000 0.81000
v 1.10000 0.20000 1.11000
v 1.10000 0.24000 1.11000
v 1.10000 0.24000 0.81000
v 1.10000 0.24000 1.11000
v 4.20000 0.24000 1.11000
v 4.20000 0.24000 0.81000
v 1.10000 0.24000 0.81000
v 1.10000 0.20000 0.81000
v 4.20000 0.20000 0.81000
v 4.20000 0.20000 1.11000
v 1.10000 0.20000 1.11000
v 1.10000 0.20000 1.11000
v 4.20000 0.20000 1.11000
v 4.20000 0.24000 1.11000
v 1.10000 0.24000 1.11000
v 4.20000 0.20000 0.81000
v 1.10000 0.20000 0.81000
v 1.10000 0.24000 0.81000
v 4.20000 0.24000 0.81000
v 1.30000 0.00000 0.98200
v 1.31556 0.00000 0.97556
v 1.31556 0.42000 0.97556
v 1.30000 0.42000 0.98200
v 1.31556 0.00000 0.97556
v 1.32200 0.00000 0.96000
v 1.32200 0.42000 0.96000
v 1.31556 0.42000 0.97556
v 1.32200 0.00000 0.96000
v 1.31556 0.00000 0.94444
v 1.31556 0.42000 0.94444
v 1.32200 0.42000 0.96000
v 1.31556 0.00000 0.94444
v 1.30000 0.00000 0.93800
v 1.30000 0.42000 0.93800
v 1.31556 0.42000 0.94444
v 1.30000 0.00000 0.93800
v 1.28444 0.00000 0.94444
v 1.28444 0.42000 0.94444
v 1.30000 0.42000 0.93800
v 1.28444 0.00000 0.94444
v 1.27800 0.00000 0.96000
v 1.27800 0.42000 0.96000
v 1.28444 0.42000 0.94444
v 1.27800 0.00000 0.96000
v 1.28444 0.00000 0.97556
v 1.28444 0.42000 0.97556
v 1.27800 0.42000 0.96000
v 1.28444 0.00000 0.97556
v 1.30000 0.00000 0.98200
v 1.30000 0.42000 0.98200
v 1.28444 0.42000 0.97556
v 1.28444 0.00000 0.97556
v 1.27800 0.00000 0.96000
v 1.28444 0.00000 0.94444
v 1.30000 0.00000 0.93800
v 1.31556 0.00000 0.94444
v 1.32200 0.00000 0.96000
v 1.31556 0.00000 0.97556
v 1.30000 0.00000 0.98200
v 1.30000 0.42000 0.98200
v 1.31556 0.42000 0.97556
v 1.32200 0.42000 0.96000
v 1.31556 0.42000 0.94444
v 1.30000 0.42000 0.93800
v 1.28444 0.42000 0.94444
v 1.27800 0.42000 0.96000
v 1.28444 0.42000 0.97556
v 2.65000 0.00000 0.98200
v 2.66556 0.00000 0.97556
v 2.66556 0.42000 0.97556
v 2.65000 0.42000 0.98200
v 2.66556 0.00000 0.97556
v 2.67200 0.00000 0.96000
v 2.67200 0.42000 0.96000
v 2.66556 0.42000 0.97556
v 2.67200 0.00000 0.96000
v 2.66556 0.00000 0.94444
v 2.66556 0.42000 0.94444
v 2.67200 0.42000 0.96000
v 2.66556 0.00000 0.94444
v 2.65000 0.00000 0.93800
v 2.65000 0.42000 0.93800
v 2.66556 0.42000 0.94444
v 2.65000 0.00000 0.93800
v 2.63444 0.00000 0.94444
v 2.63444 0.42000 0.94444
v 2.65000 0.42000 0.93800
v 2.63444 0.00000 0.94444
v 2.62800 0.00000 0.96000
v 2.62800 0.42000 0.96000
v 2.63444 0.42000 0.94444
v 2.62800 0.00000 0.96000
v 2.63444 0.00000 0.97556
v 2.63444 0.42000 0.97556
v 2.62800 0.42000 0.96000
v 2.63444 0.00000 0.97556
v 2.65000 0.00000 0.98200
v 2.65000 0.42000 0.98200
v 2.63444 0.42000 0.97556
v 2.63444 0.00000 0.97556
v 2.62800 0.00000 0.96000
v 2.63444 0.00000 0.94444
v 2.65000 0.00000 0.93800
v 2.66556 0.00000 0.94444
v 2.67200 0.00000 0.96000
v 2.66556 0.00000 0.97556
v 2.65000 0.00000 0.98200
v 2.65000 0.42000 0.98200
v 2.66556 0.42000 0.97556
v 2.67200 0.42000 0.96000
v 2.66556 0.42000 0.94444
v 2.65000 0.42000 0.93800
v 2.63444 0.42000 0.94444
v 2.62800 0.42000 0.96000
v 2.63444 0.42000 0.97556
v 4.00000 0.00000 0.98200
v 4.01556 0.00000 0.97556
v 4.01556 0.42000 0.97556
v 4.00000 0.42000 0.98200
v 4.01556 0.00000 0.97556
v 4.02200 0.00000 0.96000
v 4.02200 0.42000 0.96000
v 4.01556 0.42000 0.97556
v 4.02200 0.00000 0.96000
v 4.01556 0.00000 0.94444
v 4.01556 0.42000 0.94444
v 4.02200 0.42000 0.96000
v 4.01556 0.00000 0.94444
v 4.00000 0.00000 0.93800
v 4.00000 0.42000 0.93800
v 4.01556 0.42000 0.94444
v 4.00000 0.00000 0.93800
v 3.98444 0.00000 0.94444
v 3.98444 0.42000 0.94444
v 4.00000 0.42000 0.93800
v 3.98444 0.00000 0.94444
v 3.97800 0.00000 0.96000
v 3.97800 0.42000 0.96000
v 3.98444 0.42000 0.94444
v 3.97800 0.00000 0.96000
v 3.98444 0.00000 0.97556
v 3.98444 0.42000 0.97556
v 3.97800 0.42000 0.96000
v 3.98444 0.00000 0.97556
v 4.00000 0.00000 0.98200
v 4.00000 0.42000 0.98200
v 3.98444 0.42000 0.97556
v 3.98444 0.00000 0.97556
v 3.97800 0.00000 0.96000
v 3.98444 0.00000 0.94444
v 4.00000 0.00000 0.93800
v 4.01556 0.00000 0.94444
v 4.02200 0.00000 0.96000
v 4.01556 0.00000 0.97556
v 4.00000 0.00000 0.98200
v 4.00000 0.42000 0.98200
v 4.01556 0.42000 0.97556
v 4.02200 0.42000 0.96000
v 4.01556 0.42000 0.94444
v 4.00000 0.42000 0.93800
v 3.98444 0.42000 0.94444
v 3.97800 0.42000 0.96000
v 3.98444 0.42000 0.97556
v 7.90000 0.43500 -1.17000
v 7.90000 0.48500 -1.17000
v 7.90000 0.48500 -0.75000
v 7.90000 0.43500 -0.75000
v 6.10000 0.43500 -0.75000
v 6.10000 0.48500 -0.75000
v 6.10000 0.48500 -1.17000
v 6.10000 0.43500 -1.17000
v 6.12000 0.50500 -0.75000
v 7.88000 0.50500 -0.75000
v 7.88000 0.50500 -1.17000
v 6.12000 0.50500 -1.17000
v 6.12000 0.41500 -1.17000
v 7.88000 0.41500 -1.17000
v 7.88000 0.41500 -0.75000
v 6.12000 0.41500 -0.75000
v 6.12000 0.43500 -0.73000
v 7.88000 0.43500 -0.73000
v 7.88000 0.48500 -0.73000
v 6.12000 0.48500 -0.73000
v 6.12000 0.48500 -1.19000
v 7.88000 0.48500 -1.19000
v 7.88000 0.43500 -1.19000
v 6.12000 0.43500 -1.19000
v 6.10000 0.41500 -1.17000
v 7.90000 0.41500 -1.17000
v 7.90000 0.43500 -1.19000
v 6.10000 0.43500 -1.19000
v 6.10000 0.41500 -0.75000
v 7.90000 0.41500 -0.75000
v 7.90000 0.43500 -0.73000
v 6.10000 0.43500 -0.73000
v 6.10000 0.50500 -1.17000
v 7.90000 0.50500 -1.17000
v 7.90000 0.48500 -1.19000
v 6.10000 0.48500 -1.19000
v 6.10000 0.50500 -0.75000
v 7.90000 0.50500 -0.75000
v 7.90000 0.48500 -0.73000
v 6.10000 0.48500 -0.73000
v 6.10000 0.41500 -1.17000
v 6.10000 0.50500 -1.17000
v 6.12000 0.50500 -1.19000
v 6.12000 0.41500 -1.19000
v 6.10000 0.41500 -0.75000
v 6.10000 0.50500 -0.75000
v 6.12000 0.50500 -0.73000
v 6.12000 0.41500 -0.73000
v 7.90000 0.41500 -1.17000
v 7.90000 0.50500 -1.17000
v 7.88000 0.50500 -1.19000
v 7.88000 0.41500 -1.19000
v 7.90000 0.41500 -0.75000
v 7.90000 0.50500 -0.75000
v 7.88000 0.50500 -0.73000
v 7.88000 0.41500 -0.73000
v 6.10000 0.43500 -1.19000
v 6.10000 0.43500 -0.73000
v 6.12000 0.41500 -0.73000
v 6.12000 0.41500 -1.19000
v 6.10000 0.48500 -1.19000
v 6.10000 0.48500 -0.73000
v 6.12000 0.50500 -0.73000
v 6.12000 0.50500 -1.19000
v 7.90000 0.43500 -1.19000
v 7.90000 0.43500 -0.73000
v 7.88000 0.41500 -0.73000
v 7.88000 0.41500 -1.19000
v 7.90000 0.48500 -1.19000
v 7.90000 0.48500 -0.73000
v 7.88000 0.50500 -0.73000
v 7.88000 0.50500 -1.19000
v 6.10000 0.43500 -1.17000
v 6.12000 0.41500 -1.17000
v 6.12000 0.43500 -1.19000
v 6.10000 0.43500 -0.75000
v 6.12000 0.41500 -0.75000
v 6.12000 0.43500 -0.73000
v 6.10000 0.48500 -1.17000
v 6.12000 0.50500 -1.17000
v 6.12000 0.48500 -1.19000
v 6.10000 0.48500 -0.75000
v 6.12000 0.50500 -0.75000
v 6.12000 0.48500 -0.73000
v 7.90000 0.43500 -1.17000
v 7.88000 0.41500 -1.17000
v 7.88000 0.43500 -1.19000
v 7.90000 0.43500 -0.75000
v 7.88000 0.41500 -0.75000
v 7.88000 0.43500 -0.73000
v 7.90000 0.48500 -1.17000
v 7.88000 0.50500 -1.17000
v 7.88000 0.48500 -1.19000
v 7.90000 0.48500 -0.75000
v 7.88000 0.50500 -0.75000
v 7.88000 0.48500 -0.73000
v 7.90000 0.52000 -1.22000
v 7.90000 0.92000 -1.22000
v 7.90000 0.92000 -1.18000
v 7.90000 0.52000 -1.18000
v 6.10000 0.52000 -1.18000
v 6.10000 0.92000 -1.18000
v 6.10000 0.92000 -1.22000
v 6.10000 0.52000 -1.22000
v 6.12000 0.94000 -1.18000
v 7.88000 0.94000 -1.18000
v 7.88000 0.94000 -1.22000
v 6.12000 0.94000 -1.22000
v 6.12000 0.50000 -1.22000
v 7.88000 0.50000 -1.22000
v 7.88000 0.50000 -1.18000
v 6.12000 0.50000 -1.18000
v 6.12000 0.52000 -1.16000
v 7.88000 0.52000 -1.16000
v 7.88000 0.92000 -1.16000
v 6.12000 0.92000 -1.16000
v 6.12000 0.92000 -1.24000
v 7.88000 0.92000 -1.24000
v 7.88000 0.52000 -1.24000
v 6.12000 0.52000 -1.24000
v 6.10000 0.50000 -1.22000
v 7.90000 0.50000 -1.22000
v 7.90000 0.52000 -1.24000
v 6.10000 0.52000 -1.24000
v 6.10000 0.50000 -1.18000
v 7.90000 0.50000 -1.18000
v 7.90000 0.52000 -1.16000
v 6.10000 0.52000 -1.16000
v 6.10000 0.94000 -1.22000
v 7.90000 0.94000 -1.22000
v 7.90000 0.92000 -1.24000
v 6.10000 0.92000 -1.24000
v 6.10000 0.94000 -1.18000
v 7.90000 0.94000 -1.18000
v 7.90000 0.92000 -1.16000
v 6.10000 0.92000 -1.16000
v 6.10000 0.50000 -1.22000
v 6.10000 0.94000 -1.22000
v 6.12000 0.94000 -1.24000
v 6.12000 0.50000 -1.24000
v 6.10000 0.50000 -1.18000
v 6.10000 0.94000 -1.18000
v 6.12000 0.94000 -1.16000
v 6.12000 0.50000 -1.16000
v 7.90000 0.50000 -1.22000
v 7.90000 0.94000 -1.22000
v 7.88000 0.94000 -1.24000
v 7.88000 0.50000 -1.24000
v 7.90000 0.50000 -1.18000
v 7.90000 0.94000 -1.18000
v 7.88000 0.94000 -1.16000
v 7.88000 0.50000 -1.16000
v 6.10000 0.52000 -1.24000
v 6.10000 0.52000 -1.16000
v 6.12000 0.50000 -1.16000
v 6.12000 0.50000 -1.24000
v 6.10000 0.92000 -1.24000
v 6.10000 0.92000 -1.16000
v 6.12000 0.94000 -1.16000
v 6.12000 0.94000 -1.24000
v 7.90000 0.52000 -1.24000
v 7.90000 0.52000 -1.16000
v 7.88000 0.50000 -1.16000
v 7.88000 0.50000 -1.24000
v 7.90000 0.92000 -1.24000
v 7.90000 0.92000 -1.16000
v 7.88000 0.94000 -1.16000
v 7.88000 0.94000 -1.24000
v 6.10000 0.52000 -1.22000
v 6.12000 0.50000 -1.22000
v 6.12000 0.52000 -1.24000
v 6.10000 0.52000 -1.18000
v 6.12000 0.50000 -1.18000
v 6.12000 0.52000 -1.16000
v 6.10000 0.92000 -1.22000
v 6.12000 0.94000 -1.22000
v 6.12000 0.92000 -1.24000
v 6.10000 0.92000 -1.18000
v 6.12000 0.94000 -1.18000
v 6.12000 0.92000 -1.16000
v 7.90000 0.52000 -1.22000
v 7.88000 0.50000 -1.22000
v 7.88000 0.52000 -1.24000
v 7.90000 0.52000 -1.18000
v 7.88000 0.50000 -1.18000
v 7.88000 0.52000 -1.16000
v 7.90000 0.92000 -1.22000
v 7.88000 0.94000 -1.22000
v 7.88000 0.92000 -1.24000
v 7.90000 0.92000 -1.18000
v 7.88000 0.94000 -1.18000
v 7.88000 0.92000 -1.16000
v 7.80000 0.20000 -0.81000
v 7.80000 0.20000 -1.11000
v 7.80000 0.24000 -1.11000
v 7.80000 0.24000 -0.81000
v 6.20000 0.20000 -1.11000
v 6.20000 0.20000 -0.81000
v 6.20000 0.24000 -0.81000
v 6.20000 0.24000 -1.11000
v 6.20000 0.24000 -0.81000
v 7.80000 0.24000 -0.81000
v 7.80000 0.24000 -1.11000
v 6.20000 0.24000 -1.11000
v 6.20000 0.20000 -1.11000
v 7.80000 0.20000 -1.11000
v 7.80000 0.20000 -0.81000
v 6.20000 0.20000 -0.81000
v 6.20000 0.20000 -0.81000
v 7.80000 0.20000 -0.81000
v 7.80000 0.24000 -0.81000
v 6.20000 0.24000 -0.81000
v 7.80000 0.20000 -1.11000
v 6.20000 0.20000 -1.11000
v 6.20000 0.24000 -1.11000
v 7.80000 0.24000 -1.11000
v 6.40000 0.00000 -0.93800
v 6.41556 0.00000 -0.94444
v 6.41556 0.42000 -0.94444
v 6.40000 0.42000 -0.93800
v 6.41556 0.00000 -0.94444
v 6.42200 0.00000 -0.96000
v 6.42200 0.42000 -0.96000
v 6.41556 0.42000 -0.94444
v 6.42200 0.00000 -0.96000
v 6.41556 0.00000 -0.97556
v 6.41556 0.42000 -0.97556
v 6.42200 0.42000 -0.96000
v 6.41556 0.00000 -0.97556
v 6.40000 0.00000 -0.98200
v 6.40000 0.42000 -0.98200
v 6.41556 0.42000 -0.97556
v 6.40000 0.00000 -0.98200
v 6.38444 0.00000 -0.97556
v 6.38444 0.42000 -0.97556
v 6.40000 0.42000 -0.98200
v 6.38444 0.00000 -0.97556
v 6.37800 0.00000 -0.96000
v 6.37800 0.42000 -0.96000
v 6.38444 0.42000 -0.97556
v 6.37800 0.00000 -0.96000
v 6.38444 0.00000 -0.94444
v 6.38444 0.42000 -0.94444
v 6.37800 0.42000 -0.96000
v 6.38444 0.00000 -0.94444
v 6.40000 0.00000 -0.93800
v 6.40000 0.42000 -0.93800
v 6.38444 0.42000 -0.94444
v 6.38444 0.00000 -0.94444
v 6.37800 0.00000 -0.96000
v 6.38444 0.00000 -0.97556
v 6.40000 0.00000 -0.98200
v 6.41556 0.00000 -0.97556
v 6.42200 0.00000 -0.96000
v 6.41556 0.00000 -0.94444
v 6.40000 0.00000 -0.93800
v 6.40000 0.42000 -0.93800
v 6.41556 0.42000 -0.94444
v 6.42200 0.42000 -0.96000
v 6.41556 0.42000 -0.97556
v 6.40000 0.42000 -0.98200
v 6.38444 0.42000 -0.97556
v 6.37800 0.42000 -0.96000
v 6.38444 0.42000 -0.94444
v 7.00000 0.00000 -0.93800
v 7.01556 0.00000 -0.94444
v 7.01556 0.42000 -0.94444
v 7.00000 0.42000 -0.93800
v 7.01556 0.00000 -0.94444
v 7.02200 0.00000 -0.96000
v 7.02200 0.42000 -0.96000
v 7.01556 0.42000 -0.94444
v 7.02200 0.00000 -0.96000
v 7.01556 0.00000 -0.97556
v 7.01556 0.42000 -0.97556
v 7.02200 0.42000 -0.96000
v 7.01556 0.00000 -0.97556
v 7.00000 0.00000 -0.98200
v 7.00000 0.42000 -0.98200
v 7.01556 0.42000 -0.97556
v 7.00000 0.00000 -0.98200
v 6.98444 0.00000 -0.97556
v 6.98444 0.42000 -0.97556
v 7.00000 0.42000 -0.98200
v 6.98444 0.00000 -0.97556
v 6.97800 0.00000 -0.96000
v 6.97800 0.42000 -0.96000
v 6.98444 0.42000 -0.97556
v 6.97800 0.00000 -0.96000
v 6.98444 0.00000 -0.94444
v 6.98444 0.42000 -0.94444
v 6.97800 0.42000 -0.96000
v 6.98444 0.00000 -0.94444
v 7.00000 0.00000 -0.93800
v 7.00000 0.42000 -0.93800
v 6.98444 0.42000 -0.94444
v 6.98444 0.00000 -0.94444
v 6.97800 0.00000 -0.96000
v 6.98444 0.00000 -0.97556
v 7.00000 0.00000 -0.98200
v 7.01556 0.00000 -0.97556
v 7.02200 0.00000 -0.96000
v 7.01556 0.00000 -0.94444
v 7.00000 0.00000 -0.93800
v 7.00000 0.42000 -0.93800
v 7.01556 0.42000 -0.94444
v 7.02200 0.42000 -0.96000
v 7.01556 0.42000 -0.97556
v 7.00000 0.42000 -0.98200
v 6.98444 0.42000 -0.97556
v 6.97800 0.42000 -0.96000
v 6.98444 0.42000 -0.94444
v 7.60000 0.00000 -0.93800
v 7.61556 0.00000 -0.94444
v 7.61556 0.42000 -0.94444
v 7.60000 0.42000 -0.93800
v 7.61556 0.00000 -0.94444
v 7.62200 0.00000 -0.96000
v 7.62200 0.42000 -0.96000
v 7.61556 0.42000 -0.94444
v 7.62200 0.00000 -0.96000
v 7.61556 0.00000 -0.97556
v 7.61556 0.42000 -0.97556
v 7.62200 0.42000 -0.96000
v 7.61556 0.00000 -0.97556
v 7.60000 0.00000 -0.98200
v 7.60000 0.42000 -0.98200
v 7.61556 0.42000 -0.97556
v 7.60000 0.00000 -0.98200
v 7.58444 0.00000 -0.97556
v 7.58444 0.42000 -0.97556
v 7.60000 0.42000 -0.98200
v 7.58444 0.00000 -0.97556
v 7.57800 0.00000 -0.96000
v 7.57800 0.42000 -0.96000
v 7.58444 0.42000 -0.97556
v 7.57800 0.00000 -0.96000
v 7.58444 0.00000 -0.94444
v 7.58444 0.42000 -0.94444
v 7.57800 0.42000 -0.96000
v 7.58444 0.00000 -0.94444
v 7.60000 0.00000 -0.93800
v 7.60000 0.42000 -0.93800
v 7.58444 0.42000 -0.94444
v 7.58444 0.00000 -0.94444
v 7.57800 0.00000 -0.96000
v 7.58444 0.00000 -0.97556
v 7.60000 0.00000 -0.98200
v 7.61556 0.00000 -0.97556
v 7.62200 0.00000 -0.96000
v 7.61556 0.00000 -0.94444
v 7.60000 0.00000 -0.93800
v 7.60000 0.42000 -0.93800
v 7.61556 0.42000 -0.94444
v 7.62200 0.42000 -0.96000
v 7.61556 0.42000 -0.97556
v 7.60000 0.42000 -0.98200
v 7.58444 0.42000 -0.97556
v 7.57800 0.42000 -0.96000
v 7.58444 0.42000 -0.94444
v 7.90000 0.43500 0.75000
v 7.90000 0.48500 0.75000
v 7.90000 0.48500 1.17000
v 7.90000 0.43500 1.17000
v 6.10000 0.43500 1.17000
v 6.10000 0.48500 1.17000
v 6.10000 0.48500 0.75000
v 6.10000 0.43500 0.75000
v 6.12000 0.50500 1.17000
v 7.88000 0.50500 1.17000
v 7.88000 0.50500 0.75000
v 6.12000 0.50500 0.75000
v 6.12000 0.41500 0.75000
v 7.88000 0.41500 0.75000
v 7.88000 0.41500 1.17000
v 6.12000 0.41500 1.17000
v 6.12000 0.43500 1.19000
v 7.88000 0.43500 1.19000
v 7.88000 0.48500 1.19000
v 6.12000 0.48500 1.19000
v 6.12000 0.48500 0.73000
v 7.88000 0.48500 0.73000
v 7.88000 0.43500 0.73000
v 6.12000 0.43500 0.73000
v 6.10000 0.41500 0.75000
v 7.90000 0.41500 0.75000
v 7.90000 0.43500 0.73000
v 6.10000 0.43500 0.73000
v 6.10000 0.41500 1.17000
v 7.90000 0.41500 1.17000
v 7.90000 0.43500 1.19000
v 6.10000 0.43500 1.19000
v 6.10000 0.50500 0.75000
v 7.90000 0.50500 0.75000
v 7.90000 0.48500 0.73000
v 6.10000 0.48500 0.73000
v 6.10000 0.50500 1.17000
v 7.90000 0.50500 1.17000
v 7.90000 0.48500 1.19000
v 6.10000 0.48500 1.19000
v 6.10000 0.41500 0.75000
v 6.10000 0.50500 0.75000
v 6.12000 0.50500 0.73000
v 6.12000 0.41500 0.73000
v 6.10000 0.41500 1.17000
v 6.10000 0.50500 1.17000
v 6.12000 0.50500 1.19000
v 6.12000 0.41500 1.19000
v 7.90000 0.41500 0.75000
v 7.90000 0.50500 0.75000
v 7.88000 0.50500 0.73000
v 7.88000 0.41500 0.73000
v 7.90000 0.41500 1.17000
v 7.90000 0.50500 1.17000
v 7.88000 0.50500 1.19000
v 7.88000 0.41500 1.19000
v 6.10000 0.43500 0.73000
v 6.10000 0.43500 1.19000
v 6.12000 0.41500 1.19000
v 6.12000 0.41500 0.73000
v 6.10000 0.48500 0.73000
v 6.10000 0.48500 1.19000
v 6.12000 0.50500 1.19000
v 6.12000 0.50500 0.73000
v 7.90000 0.43500 0.73000
v 7.90000 0.43500 1.19000
v 7.88000 0.41500 1.19000
v 7.88000 0.41500 0.73000
v 7.90000 0.48500 0.73000
v 7.90000 0.48500 1.19000
v 7.88000 0.50500 1.19000
v 7.88000 0.50500 0.73000
v 6.10000 0.43500 0.75000
v 6.12000 0.41500 0.75000
v 6.12000 0.43500 0.73000
v 6.10000 0.43500 1.17000
v 6.12000 0.41500 1.17000
v 6.12000 0.43500 1.19000
v 6.10000 0.48500 0.75000
v 6.12000 0.50500 0.75000
v 6.12000 0.48500 0.73000
v 6.10000 0.48500 1.17000
v 6.12000 0.50500 1.17000
v 6.12000 0.48500 1.19000
v 7.90000 0.43500 0.75000
v 7.88000 0.41500 0.75000
v 7.88000 0.43500 0.73000
v 7.90000 0.43500 1.17000
v 7.88000 0.41500 1.17000
v 7.88000 0.43500 1.19000
v 7.90000 0.48500 0.75000
v 7.88000 0.50500 0.75000
v 7.88000 0.48500 0.73000
v 7.90000 0.48500 1.17000
v 7.88000 0.50500 1.17000
v 7.88000 0.48500 1.19000
v 7.90000 0.52000 1.18000
v 7.90000 0.92000 1.18000
v 7.90000 0.92000 1.22000
v 7.90000 0.52000 1.22000
v 6.10000 0.52000 1.22000
v 6.10000 0.92000 1.22000
v 6.10000 0.92000 1.18000
v 6.10000 0.52000 1.18000
v 6.12000 0.94000 1.22000
v 7.88000 0.94000 1.22000
v 7.88000 0.94000 1.18000
v 6.12000 0.94000 1.18000
v 6.12000 0.50000 1.18000
v 7.88000 0.50000 1.18000
v 7.88000 0.50000 1.22000
v 6.12000 0.50000 1.22000
v 6.12000 0.52000 1.24000
v 7.88000 0.52000 1.24000
v 7.88000 0.92000 1.24000
v 6.12000 0.92000 1.24000
v 6.12000 0.92000 1.16000
v 7.88000 0.92000 1.16000
v 7.88000 0.52000 1.16000
v 6.12000 0.52000 1.16000
v 6.10000 0.50000 1.18000
v 7.90000 0.50000 1.18000
v 7.90000 0.52000 1.16000
v 6.10000 0.52000 1.16000
v 6.10000 0.50000 1.22000
v 7.90000 0.50000 1.22000
v 7.90000 0.52000 1.24000
v 6.10000 0.52000 1.24000
v 6.10000 0.94000 1.18000
v 7.90000 0.94000 1.18000
v 7.90000 0.92000 1.16000
v 6.10000 0.92000 1.16000
v 6.10000 0.94000 1.22000
v 7.90000 0.94000 1.22000
v 7.90000 0.92000 1.24000
v 6.10000 0.92000 1.24000
v 6.10000 0.50000 1.18000
v 6.10000 0.94000 1.18000
v 6.12000 0.94000 1.16000
v 6.12000 0.50000 1.16000
v 6.10000 0.50000 1.22000
v 6.10000 0.94000 1.22000
v 6.12000 0.94000 1.24000
v 6.12000 0.50000 1.24000
v 7.90000 0.50000 1.18000
v 7.90000 0.94000 1.18000
v 7.88000 0.94000 1.16000
v 7.88000 0.50000 1.16000
v 7.90000 0.50000 1.22000
v 7.90000 0.94000 1.22000
v 7.88000 0.94000 1.24000
v 7.88000 0.50000 1.24000
v 6.10000 0.52000 1.16000
v 6.10000 0.52000 1.24000
v 6.12000 0.50000 1.24000
v 6.12000 0.50000 1.16000
v 6.10000 0.92000 1.16000
v 6.10000 0.92000 1.24000
v 6.12000 0.94000 1.24000
v 6.12000 0.94000 1.16000
v 7.90000 0.52000 1.16000
v 7.90000 0.52000 1.24000
v 7.88000 0.50000 1.24000
v 7.88000 0.50000 1.16000
v 7.90000 0.92000 1.16000
v 7.90000 0.92000 1.24000
v 7.88000 0.94000 1.24000
v 7.88000 0.94000 1.16000
v 6.10000 0.52000 1.18000
v 6.12000 0.50000 1.18000
v 6.12000 0.52000 1.16000
v 6.10000 0.52000 1.22000
v 6.12000 0.50000 1.22000
v 6.12000 0.52000 1.24000
v 6.10000 0.92000 1.18000
v 6.12000 0.94000 1.18000
v 6.12000 0.92000 1.16000
v 6.10000 0.92000 1.22000
v 6.12000 0.94000 1.22000
v 6.12000 0.92000 1.24000
v 7.90000 0.52000 1.18000
v 7.88000 0.50000 1.18000
v 7.88000 0.52000 1.16000
v 7.90000 0.52000 1.22000
v 7.88000 0.50000 1.22000
v 7.88000 0.52000 1.24000
v 7.90000 0.92000 1.18000
v 7.88000 0.94000 1.18000
v 7.88000 0.92000 1.16000
v 7.90000 0.92000 1.22000
v 7.88000 0.94000 1.22000
v 7.88000 0.92000 1.24000
v 7.80000 0.20000 1.11000
v 7.80000 0.20000 0.81000
v 7.80000 0.24000 0.81000
v 7.80000 0.24000 1.11000
v 6.20000 0.20000 0.81000
v 6.20000 0.20000 1.11000
v 6.20000 0.24000 1.11000
v 6.20000 0.24000 0.81000
v 6.20000 0.24000 1.11000
v 7.80000 0.24000 1.11000
v 7.80000 0.24000 0.81000
v 6.20000 0.24000 0.81000
v 6.20000 0.20000 0.81000
v 7.80000 0.20000 0.81000
v 7.80000 0.20000 1.11000
v 6.20000 0.20000 1.11000
v 6.20000 0.20000 1.11000
v 7.80000 0.20000 1.11000
v 7.80000 0.24000 1.11000
v 6.20000 0.24000 1.11000
v 7.80000 0.20000 0.81000
v 6.20000 0.20000 0.81000
v 6.20000 0.24000 0.81000
v 7.80000 0.24000 0.81000
v 6.40000 0.00000 0.98200
v 6.41556 0.00000 0.97556
v 6.41556 0.42000 0.97556
v 6.40000 0.42000 0.98200
v 6.41556 0.00000 0.97556
v 6.42200 0.00000 0.96000
v 6.42200 0.42000 0.96000
v 6.41556 0.42000 0.97556
v 6.42200 0.00000 0.96000
v 6.41556 0.00000 0.94444
v 6.41556 0.42000 0.94444
v 6.42200 0.42000 0.96000
v 6.41556 0.00000 0.94444
v 6.40000 0.00000 0.93800
v 6.40000 0.42000 0.93800
v 6.41556 0.42000 0.94444
v 6.40000 0.00000 0.93800
v 6.38444 0.00000 0.94444
v 6.38444 0.42000 0.94444
v 6.40000 0.42000 0.93800
v 6.38444 0.00000 0.94444
v 6.37800 0.00000 0.96000
v 6.37800 0.42000 0.96000
v 6.38444 0.42000 0.94444
v 6.37800 0.00000 0.96000
v 6.38444 0.00000 0.97556
v 6.38444 0.42000 0.97556
v 6.37800 0.42000 0.96000
v 6.38444 0.00000 0.97556
v 6.40000 0.00000 0.98200
v 6.40000 0.42000 0.98200
v 6.38444 0.42000 0.97556
v 6.38444 0.00000 0.97556
v 6.37800 0.00000 0.96000
v 6.38444 0.00000 0.94444
v 6.40000 0.00000 0.93800
v 6.41556 0.00000 0.94444
v 6.42200 0.00000 0.96000
v 6.41556 0.00000 0.97556
v 6.40000 0.00000 0.98200
v 6.40000 0.42000 0.98200
v 6.41556 0.42000 0.97556
v 6.42200 0.42000 0.96000
v 6.41556 0.42000 0.94444
v 6.40000 0.42000 0.93800
v 6.38444 0.42000 0.94444
v 6.37800 0.42000 0.96000
v 6.38444 0.42000 0.97556
v 7.00000 0.00000 0.98200
v 7.01556 0.00000 0.97556
v 7.01556 0.42000 0.97556
v 7.00000 0.42000 0.98200
v 7.01556 0.00000 0.97556
v 7.02200 0.00000 0.96000
v 7.02200 0.42000 0.96000
v 7.01556 0.42000 0.97556
v 7.02200 0.00000 0.96000
v 7.01556 0.00000 0.94444
v 7.01556 0.42000 0.94444
v 7.02200 0.42000 0.96000
v 7.01556 0.00000 0.94444
v 7.00000 0.00000 0.93800
v 7.00000 0.42000 0.93800
v 7.01556 0.42000 0.94444
v 7.00000 0.00000 0.93800
v 6.98444 0.00000 0.94444
v 6.98444 0.42000 0.94444
v 7.00000 0.42000 0.93800
v 6.98444 0.00000 0.94444
v 6.97800 0.00000 0.96000
v 6.97800 0.42000 0.96000
v 6.98444 0.42000 0.94444
v 6.97800 0.00000 0.96000
v 6.98444 0.00000 0.97556
v 6.98444 0.42000 0.97556
v 6.97800 0.42000 0.96000
v 6.98444 0.00000 0.97556
v 7.00000 0.00000 0.98200
v 7.00000 0.42000 0.98200
v 6.98444 0.42000 0.97556
v 6.98444 0.00000 0.97556
v 6.97800 0.00000 0.96000
v 6.98444 0.00000 0.94444
v 7.00000 0.00000 0.93800
v 7.01556 0.00000 0.94444
v 7.02200 0.00000 0.96000
v 7.01556 0.00000 0.97556
v 7.00000 0.00000 0.98200
v 7.00000 0.42000 0.98200
v 7.01556 0.42000 0.97556
v 7.02200 0.42000 0.96000
v 7.01556 0.42000 0.94444
v 7.00000 0.42000 0.93800
v 6.98444 0.42000 0.94444
v 6.97800 0.42000 0.96000
v 6.98444 0.42000 0.97556
v 7.60000 0.00000 0.98200
v 7.61556 0.00000 0.97556
v 7.61556 0.42000 0.97556
v 7.60000 0.42000 0.98200
v 7.61556 0.00000 0.97556
v 7.62200 0.00000 0.96000
v 7.62200 0.42000 0.96000
v 7.61556 0.42000 0.97556
v 7.62200 0.00000 0.96000
v 7.61556 0.00000 0.94444
v 7.61556 0.42000 0.94444
v 7.62200 0.42000 0.96000
v 7.61556 0.00000 0.94444
v 7.60000 0.00000 0.93800
v 7.60000 0.42000 0.93800
v 7.61556 0.42000 0.94444
v 7.60000 0.00000 0.93800
v 7.58444 0.00000 0.94444
v 7.58444 0.42000 0.94444
v 7.60000 0.42000 0.93800
v 7.58444 0.00000 0.94444
v 7.57800 0.00000 0.96000
v 7.57800 0.42000 0.96000
v 7.58444 0.42000 0.94444
v 7.57800 0.00000 0.96000
v 7.58444 0.00000 0.97556
v 7.58444 0.42000 0.97556
v 7.57800 0.42000 0.96000
v 7.58444 0.00000 0.97556
v 7.60000 0.00000 0.98200
v 7.60000 0.42000 0.98200
v 7.58444 0.42000 0.97556
v 7.58444 0.00000 0.97556
v 7.57800 0.00000 0.96000
v 7.58444 0.00000 0.94444
v 7.60000 0.00000 0.93800
v 7.61556 0.00000 0.94444
v 7.62200 0.00000 0.96000
v 7.61556 0.00000 0.97556
v 7.60000 0.00000 0.98200
v 7.60000 0.42000 0.98200
v 7.61556 0.42000 0.97556
v 7.62200 0.42000 0.96000
v 7.61556 0.42000 0.94444
v 7.60000 0.42000 0.93800
v 7.58444 0.42000 0.94444
v 7.57800 0.42000 0.96000
v 7.58444 0.42000 0.97556
v -7.20000 0.02000 -0.59400
v -7.18472 0.02000 -0.59897
v -7.18472 2.31000 -0.59897
v -7.20000 2.31000 -0.59400
v -7.18472 0.02000 -0.59897
v -7.17527 0.02000 -0.61197
v -7.17527 2.31000 -0.61197
v -7.18472 2.31000 -0.59897
v -7.17527 0.02000 -0.61197
v -7.17527 0.02000 -0.62803
v -7.17527 2.31000 -0.62803
v -7.17527 2.31000 -0.61197
v -7.17527 0.02000 -0.62803
v -7.18472 0.02000 -0.64103
v -7.18472 2.31000 -0.64103
v -7.17527 2.31000 -0.62803
v -7.18472 0.02000 -0.64103
v -7.20000 0.02000 -0.64600
v -7.20000 2.31000 -0.64600
v -7.18472 2.31000 -0.64103
v -7.20000 0.02000 -0.64600
v -7.21528 0.02000 -0.64103
v -7.21528 2.31000 -0.64103
v -7.20000 2.31000 -0.64600
v -7.21528 0.02000 -0.64103
v -7.22473 0.02000 -0.62803
v -7.22473 2.31000 -0.62803
v -7.21528 2.31000 -0.64103
v -7.22473 0.02000 -0.62803
v -7.22473 0.02000 -0.61197
v -7.22473 2.31000 -0.61197
v -7.22473 2.31000 -0.62803
v -7.22473 0.02000 -0.61197
v -7.21528 0.02000 -0.59897
v -7.21528 2.31000 -0.59897
v -7.22473 2.31000 -0.61197
v -7.21528 0.02000 -0.59897
v -7.20000 0.02000 -0.59400
v -7.20000 2.31000 -0.59400
v -7.21528 2.31000 -0.59897
v -7.21528 0.02000 -0.59897
v -7.22473 0.02000 -0.61197
v -7.22473 0.02000 -0.62803
v -7.21528 0.02000 -0.64103
v -7.20000 0.02000 -0.64600
v -7.18472 0.02000 -0.64103
v -7.17527 0.02000 -0.62803
v -7.17527 0.02000 -0.61197
v -7.18472 0.02000 -0.59897
v -7.20000 0.02000 -0.59400
v -7.20000 2.31000 -0.59400
v -7.18472 2.31000 -0.59897
v -7.17527 2.31000 -0.61197
v -7.17527 2.31000 -0.62803
v -7.18472 2.31000 -0.64103
v -7.20000 2.31000 -0.64600
v -7.21528 2.31000 -0.64103
v -7.22473 2.31000 -0.62803
v -7.22473 2.31000 -0.61197
v -7.21528 2.31000 -0.59897
v -7.20000 0.02000 0.64600
v -7.18472 0.02000 0.64103
v -7.18472 2.31000 0.64103
v -7.20000 2.31000 0.64600
v -7.18472 0.02000 0.64103
v -7.17527 0.02000 0.62803
v -7.17527 2.31000 0.62803
v -7.18472 2.31000 0.64103
v -7.17527 0.02000 0.62803
v -7.17527 0.02000 0.61197
v -7.17527 2.31000 0.61197
v -7.17527 2.31000 0.62803
v -7.17527 0.02000 0.61197
v -7.18472 0.02000 0.59897
v -7.18472 2.31000 0.59897
v -7.17527 2.31000 0.61197
v -7.18472 0.02000 0.59897
v -7.20000 0.02000 0.59400
v -7.20000 2.31000 0.59400
v -7.18472 2.31000 0.59897
v -7.20000 0.02000 0.59400
v -7.21528 0.02000 0.59897
v -7.21528 2.31000 0.59897
v -7.20000 2.31000 0.59400
v -7.21528 0.02000 0.59897
v -7.22473 0.02000 0.61197
v -7.22473 2.31000 0.61197
v -7.21528 2.31000 0.59897
v -7.22473 0.02000 0.61197
v -7.22473 0.02000 0.62803
v -7.22473 2.31000 0.62803
v -7.22473 2.31000 0.61197
v -7.22473 0.02000 0.62803
v -7.21528 0.02000 0.64103
v -7.21528 2.31000 0.64103
v -7.22473 2.31000 0.62803
v -7.21528 0.02000 0.64103
v -7.20000 0.02000 0.64600
v -7.20000 2.31000 0.64600
v -7.21528 2.31000 0.64103
v -7.21528 0.02000 0.64103
v -7.22473 0.02000 0.62803
v -7.22473 0.02000 0.61197
v -7.21528 0.02000 0.59897
v -7.20000 0.02000 0.59400
v -7.18472 0.02000 0.59897
v -7.17527 0.02000 0.61197
v -7.17527 0.02000 0.62803
v -7.18472 0.02000 0.64103
v -7.20000 0.02000 0.64600
v -7.20000 2.31000 0.64600
v -7.18472 2.31000 0.64103
v -7.17527 2.31000 0.62803
v -7.17527 2.31000 0.61197
v -7.18472 2.31000 0.59897
v -7.20000 2.31000 0.59400
v -7.21528 2.31000 0.59897
v -7.22473 2.31000 0.61197
v -7.22473 2.31000 0.62803
v -7.21528 2.31000 0.64103
v -3.10000 0.02000 -0.59400
v -3.08472 0.02000 -0.59897
v -3.08472 2.31000 -0.59897
v -3.10000 2.31000 -0.59400
v -3.08472 0.02000 -0.59897
v -3.07527 0.02000 -0.61197
v -3.07527 2.31000 -0.61197
v -3.08472 2.31000 -0.59897
v -3.07527 0.02000 -0.61197
v -3.07527 0.02000 -0.62803
v -3.07527 2.31000 -0.62803
v -3.07527 2.31000 -0.61197
v -3.07527 0.02000 -0.62803
v -3.08472 0.02000 -0.64103
v -3.08472 2.31000 -0.64103
v -3.07527 2.31000 -0.62803
v -3.08472 0.02000 -0.64103
v -3.10000 0.02000 -0.64600
v -3.10000 2.31000 -0.64600
v -3.08472 2.31000 -0.64103
v -3.10000 0.02000 -0.64600
v -3.11528 0.02000 -0.64103
v -3.11528 2.31000 -0.64103
v -3.10000 2.31000 -0.64600
v -3.11528 0.02000 -0.64103
v -3.12473 0.02000 -0.62803
v -3.12473 2.31000 -0.62803
v -3.11528 2.31000 -0.64103
v -3.12473 0.02000 -0.62803
v -3.12473 0.02000 -0.61197
v -3.12473 2.31000 -0.61197
v -3.12473 2.31000 -0.62803
v -3.12473 0.02000 -0.61197
v -3.11528 0.02000 -0.59897
v -3.11528 2.31000 -0.59897
v -3.12473 2.31000 -0.61197
v -3.11528 0.02000 -0.59897
v -3.10000 0.02000 -0.59400
v -3.10000 2.31000 -0.59400
v -3.11528 2.31000 -0.59897
v -3.11528 0.02000 -0.59897
v -3.12473 0.02000 -0.61197
v -3.12473 0.02000 -0.62803
v -3.11528 0.02000 -0.64103
v -3.10000 0.02000 -0.64600
v -3.08472 0.02000 -0.64103
v -3.07527 0.02000 -0.62803
v -3.07527 0.02000 -0.61197
v -3.08472 0.02000 -0.59897
v -3.10000 0.02000 -0.59400
v -3.10000 2.31000 -0.59400
v -3.08472 2.31000 -0.59897
v -3.07527 2.31000 -0.61197
v -3.07527 2.31000 -0.62803
v -3.08472 2.31000 -0.64103
v -3.10000 2.31000 -0.64600
v -3.11528 2.31000 -0.64103
v -3.12473 2.31000 -0.62803
v -3.12473 2.31000 -0.61197
v -3.11528 2.31000 -0.59897
v -3.10000 0.02000 0.64600
v -3.08472 0.02000 0.64103
v -3.08472 2.31000 0.64103
v -3.10000 2.31000 0.64600
v -3.08472 0.02000 0.64103
v -3.07527 0.02000 0.62803
v -3.07527 2.31000 0.62803
v -3.08472 2.31000 0.64103
v -3.07527 0.02000 0.62803
v -3.07527 0.02000 0.61197
v -3.07527 2.31000 0.61197
v -3.07527 2.31000 0.62803
v -3.07527 0.02000 0.61197
v -3.08472 0.02000 0.59897
v -3.08472 2.31000 0.59897
v -3.07527 2.31000 0.61197
v -3.08472 0.02000 0.59897
v -3.10000 0.02000 0.59400
v -3.10000 2.31000 0.59400
v -3.08472 2.31000 0.59897
v -3.10000 0.02000 0.59400
v -3.11528 0.02000 0.59897
v -3.11528 2.31000 0.59897
v -3.10000 2.31000 0.59400
v -3.11528 0.02000 0.59897
v -3.12473 0.02000 0.61197
v -3.12473 2.31000 0.61197
v -3.11528 2.31000 0.59897
v -3.12473 0.02000 0.61197
v -3.12473 0.02000 0.62803
v -3.12473 2.31000 0.62803
v -3.12473 2.31000 0.61197
v -3.12473 0.02000 0.62803
v -3.11528 0.02000 0.64103
v -3.11528 2.31000 0.64103
v -3.12473 2.31000 0.62803
v -3.11528 0.02000 0.64103
v -3.10000 0.02000 0.64600
v -3.10000 2.31000 0.64600
v -3.11528 2.31000 0.64103
v -3.11528 0.02000 0.64103
v -3.12473 0.02000 0.62803
v -3.12473 0.02000 0.61197
v -3.11528 0.02000 0.59897
v -3.10000 0.02000 0.59400
v -3.08472 0.02000 0.59897
v -3.07527 0.02000 0.61197
v -3.07527 0.02000 0.62803
v -3.08472 0.02000 0.64103
v -3.10000 0.02000 0.64600
v -3.10000 2.31000 0.64600
v -3.08472 2.31000 0.64103
v -3.07527 2.31000 0.62803
v -3.07527 2.31000 0.61197
v -3.08472 2.31000 0.59897
v -3.10000 2.31000 0.59400
v -3.11528 2.31000 0.59897
v -3.12473 2.31000 0.61197
v -3.12473 2.31000 0.62803
v -3.11528 2.31000 0.64103
v 3.10000 0.02000 -0.59400
v 3.11528 0.02000 -0.59897
v 3.11528 2.31000 -0.59897
v 3.10000 2.31000 -0.59400
v 3.11528 0.02000 -0.59897
v 3.12473 0.02000 -0.61197
v 3.12473 2.31000 -0.61197
v 3.11528 2.31000 -0.59897
v 3.12473 0.02000 -0.61197
v 3.12473 0.02000 -0.62803
v 3.12473 2.31000 -0.62803
v 3.12473 2.31000 -0.61197
v 3.12473 0.02000 -0.62803
v 3.11528 0.02000 -0.64103
v 3.11528 2.31000 -0.64103
v 3.12473 2.31000 -0.62803
v 3.11528 0.02000 -0.64103
v 3.10000 0.02000 -0.64600
v 3.10000 2.31000 -0.64600
v 3.11528 2.31000 -0.64103
v 3.10000 0.02000 -0.64600
v 3.08472 0.02000 -0.64103
v 3.08472 2.31000 -0.64103
v 3.10000 2.31000 -0.64600
v 3.08472 0.02000 -0.64103
v 3.07527 0.02000 -0.62803
v 3.07527 2.31000 -0.62803
v 3.08472 2.31000 -0.64103
v 3.07527 0.02000 -0.62803
v 3.07527 0.02000 -0.61197
v 3.07527 2.31000 -0.61197
v 3.07527 2.31000 -0.62803
v 3.07527 0.02000 -0.61197
v 3.08472 0.02000 -0.59897
v 3.08472 2.31000 -0.59897
v 3.07527 2.31000 -0.61197
v 3.08472 0.02000 -0.59897
v 3.10000 0.02000 -0.59400
v 3.10000 2.31000 -0.59400
v 3.08472 2.31000 -0.59897
v 3.08472 0.02000 -0.59897
v 3.07527 0.02000 -0.61197
v 3.07527 0.02000 -0.62803
v 3.08472 0.02000 -0.64103
v 3.10000 0.02000 -0.64600
v 3.11528 0.02000 -0.64103
v 3.12473 0.02000 -0.62803
v 3.12473 0.02000 -0.61197
v 3.11528 0.02000 -0.59897
v 3.10000 0.02000 -0.59400
v 3.10000 2.31000 -0.59400
v 3.11528 2.31000 -0.59897
v 3.12473 2.31000 -0.61197
v 3.12473 2.31000 -0.62803
v 3.11528 2.31000 -0.64103
v 3.10000 2.31000 -0.64600
v 3.08472 2.31000 -0.64103
v 3.07527 2.31000 -0.62803
v 3.07527 2.31000 -0.61197
v 3.08472 2.31000 -0.59897
v 3.10000 0.02000 0.64600
v 3.11528 0.02000 0.64103
v 3.11528 2.31000 0.64103
v 3.10000 2.31000 0.64600
v 3.11528 0.02000 0.64103
v 3.12473 0.02000 0.62803
v 3.12473 2.31000 0.62803
v 3.11528 2.31000 0.64103
v 3.12473 0.02000 0.62803
v 3.12473 0.02000 0.61197
v 3.12473 2.31000 0.61197
v 3.12473 2.31000 0.62803
v 3.12473 0.02000 0.61197
v 3.11528 0.02000 0.59897
v 3.11528 2.31000 0.59897
v 3.12473 2.31000 0.61197
v 3.11528 0.02000 0.59897
v 3.10000 0.02000 0.59400
v 3.10000 2.31000 0.59400
v 3.11528 2.31000 0.59897
v 3.10000 0.02000 0.59400
v 3.08472 0.02000 0.59897
v 3.08472 2.31000 0.59897
v 3.10000 2.31000 0.59400
v 3.08472 0.02000 0.59897
v 3.07527 0.02000 0.61197
v 3.07527 2.31000 0.61197
v 3.08472 2.31000 0.59897
v 3.07527 0.02000 0.61197
v 3.07527 0.02000 0.62803
v 3.07527 2.31000 0.62803
v 3.07527 2.31000 0.61197
v 3.07527 0.02000 0.62803
v 3.08472 0.02000 0.64103
v 3.08472 2.31000 0.64103
v 3.07527 2.31000 0.62803
v 3.08472 0.02000 0.64103
v 3.10000 0.02000 0.64600
v 3.10000 2.31000 0.64600
v 3.08472 2.31000 0.64103
v 3.08472 0.02000 0.64103
v 3.07527 0.02000 0.62803
v 3.07527 0.02000 0.61197
v 3.08472 0.02000 0.59897
v 3.10000 0.02000 0.59400
v 3.11528 0.02000 0.59897
v 3.12473 0.02000 0.61197
v 3.12473 0.02000 0.62803
v 3.11528 0.02000 0.64103
v 3.10000 0.02000 0.64600
v 3.10000 2.31000 0.64600
v 3.11528 2.31000 0.64103
v 3.12473 2.31000 0.62803
v 3.12473 2.31000 0.61197
v 3.11528 2.31000 0.59897
v 3.10000 2.31000 0.59400
v 3.08472 2.31000 0.59897
v 3.07527 2.31000 0.61197
v 3.07527 2.31000 0.62803
v 3.08472 2.31000 0.64103
v 7.20000 0.02000 -0.59400
v 7.21528 0.02000 -0.59897
v 7.21528 2.31000 -0.59897
v 7.20000 2.31000 -0.59400
v 7.21528 0.02000 -0.59897
v 7.22473 0.02000 -0.61197
v 7.22473 2.31000 -0.61197
v 7.21528 2.31000 -0.59897
v 7.22473 0.02000 -0.61197
v 7.22473 0.02000 -0.62803
v 7.22473 2.31000 -0.62803
v 7.22473 2.31000 -0.61197
v 7.22473 0.02000 -0.62803
v 7.21528 0.02000 -0.64103
v 7.21528 2.31000 -0.64103
v 7.22473 2.31000 -0.62803
v 7.21528 0.02000 -0.64103
v 7.20000 0.02000 -0.64600
v 7.20000 2.31000 -0.64600
v 7.21528 2.31000 -0.64103
v 7.20000 0.02000 -0.64600
v 7.18472 0.02000 -0.64103
v 7.18472 2.31000 -0.64103
v 7.20000 2.31000 -0.64600
v 7.18472 0.02000 -0.64103
v 7.17527 0.02000 -0.62803
v 7.17527 2.31000 -0.62803
v 7.18472 2.31000 -0.64103
v 7.17527 0.02000 -0.62803
v 7.17527 0.02000 -0.61197
v 7.17527 2.31000 -0.61197
v 7.17527 2.31000 -0.62803
v 7.17527 0.02000 -0.61197
v 7.18472 0.02000 -0.59897
v 7.18472 2.31000 -0.59897
v 7.17527 2.31000 -0.61197
v 7.18472 0.02000 -0.59897
v 7.20000 0.02000 -0.59400
v 7.20000 2.31000 -0.59400
v 7.18472 2.31000 -0.59897
v 7.18472 0.02000 -0.59897
v 7.17527 0.02000 -0.61197
v 7.17527 0.02000 -0.62803
v 7.18472 0.02000 -0.64103
v 7.20000 0.02000 -0.64600
v 7.21528 0.02000 -0.64103
v 7.22473 0.02000 -0.62803
v 7.22473 0.02000 -0.61197
v 7.21528 0.02000 -0.59897
v 7.20000 0.02000 -0.59400
v 7.20000 2.31000 -0.59400
v 7.21528 2.31000 -0.59897
v 7.22473 2.31000 -0.61197
v 7.22473 2.31000 -0.62803
v 7.21528 2.31000 -0.64103
v 7.20000 2.31000 -0.64600
v 7.18472 2.31000 -0.64103
v 7.17527 2.31000 -0.62803
v 7.17527 2.31000 -0.61197
v 7.18472 2.31000 -0.59897
v 7.20000 0.02000 0.64600
v 7.21528 0.02000 0.64103
v 7.21528 2.31000 0.64103
v 7.20000 2.31000 0.64600
v 7.21528 0.02000 0.64103
v 7.22473 0.02000 0.62803
v 7.22473 2.31000 0.62803
v 7.21528 2.31000 0.64103
v 7.22473 0.02000 0.62803
v 7.22473 0.02000 0.61197
v 7.22473 2.31000 0.61197
v 7.22473 2.31000 0.62803
v 7.22473 0.02000 0.61197
v 7.21528 0.02000 0.59897
v 7.21528 2.31000 0.59897
v 7.22473 2.31000 0.61197
v 7.21528 0.02000 0.59897
v 7.20000 0.02000 0.59400
v 7.20000 2.31000 0.59400
v 7.21528 2.31000 0.59897
v 7.20000 0.02000 0.59400
v 7.18472 0.02000 0.59897
v 7.18472 2.31000 0.59897
v 7.20000 2.31000 0.59400
v 7.18472 0.02000 0.59897
v 7.17527 0.02000 0.61197
v 7.17527 2.31000 0.61197
v 7.18472 2.31000 0.59897
v 7.17527 0.02000 0.61197
v 7.17527 0.02000 0.62803
v 7.17527 2.31000 0.62803
v 7.17527 2.31000 0.61197
v 7.17527 0.02000 0.62803
v 7.18472 0.02000 0.64103
v 7.18472 2.31000 0.64103
v 7.17527 2.31000 0.62803
v 7.18472 0.02000 0.64103
v 7.20000 0.02000 0.64600
v 7.20000 2.31000 0.64600
v 7.18472 2.31000 0.64103
v 7.18472 0.02000 0.64103
v 7.17527 0.02000 0.62803
v 7.17527 0.02000 0.61197
v 7.18472 0.02000 0.59897
v 7.20000 0.02000 0.59400
v 7.21528 0.02000 0.59897
v 7.22473 0.02000 0.61197
v 7.22473 0.02000 0.62803
v 7.21528 0.02000 0.64103
v 7.20000 0.02000 0.64600
v 7.20000 2.31000 0.64600
v 7.21528 2.31000 0.64103
v 7.22473 2.31000 0.62803
v 7.22473 2.31000 0.61197
v 7.21528 2.31000 0.59897
v 7.20000 2.31000 0.59400
v 7.18472 2.31000 0.59897
v 7.17527 2.31000 0.61197
v 7.17527 2.31000 0.62803
v 7.18472 2.31000 0.64103
v -6.15000 2.15000 -0.02400
v -6.15000 2.16411 -0.01942
v -4.25000 2.16411 -0.01942
v -4.25000 2.15000 -0.02400
v -6.15000 2.16411 -0.01942
v -6.15000 2.17283 -0.00742
v -4.25000 2.17283 -0.00742
v -4.25000 2.16411 -0.01942
v -6.15000 2.17283 -0.00742
v -6.15000 2.17283 0.00742
v -4.25000 2.17283 0.00742
v -4.25000 2.17283 -0.00742
v -6.15000 2.17283 0.00742
v -6.15000 2.16411 0.01942
v -4.25000 2.16411 0.01942
v -4.25000 2.17283 0.00742
v -6.15000 2.16411 0.01942
v -6.15000 2.15000 0.02400
v -4.25000 2.15000 0.02400
v -4.25000 2.16411 0.01942
v -6.15000 2.15000 0.02400
v -6.15000 2.13589 0.01942
v -4.25000 2.13589 0.01942
v -4.25000 2.15000 0.02400
v -6.15000 2.13589 0.01942
v -6.15000 2.12717 0.00742
v -4.25000 2.12717 0.00742
v -4.25000 2.13589 0.01942
v -6.15000 2.12717 0.00742
v -6.15000 2.12717 -0.00742
v -4.25000 2.12717 -0.00742
v -4.25000 2.12717 0.00742
v -6.15000 2.12717 -0.00742
v -6.15000 2.13589 -0.01942
v -4.25000 2.13589 -0.01942
v -4.25000 2.12717 -0.00742
v -6.15000 2.13589 -0.01942
v -6.15000 2.15000 -0.02400
v -4.25000 2.15000 -0.02400
v -4.25000 2.13589 -0.01942
v -6.15000 2.13589 -0.01942
v -6.15000 2.12717 -0.00742
v -6.15000 2.12717 0.00742
v -6.15000 2.13589 0.01942
v -6.15000 2.15000 0.02400
v -6.15000 2.16411 0.01942
v -6.15000 2.17283 0.00742
v -6.15000 2.17283 -0.00742
v -6.15000 2.16411 -0.01942
v -6.15000 2.15000 -0.02400
v -4.25000 2.15000 -0.02400
v -4.25000 2.16411 -0.01942
v -4.25000 2.17283 -0.00742
v -4.25000 2.17283 0.00742
v -4.25000 2.16411 0.01942
v -4.25000 2.15000 0.02400
v -4.25000 2.13589 0.01942
v -4.25000 2.12717 0.00742
v -4.25000 2.12717 -0.00742
v -4.25000 2.13589 -0.01942
v -0.95000 2.15000 -0.02400
v -0.95000 2.16411 -0.01942
v 0.95000 2.16411 -0.01942
v 0.95000 2.15000 -0.02400
v -0.95000 2.16411 -0.01942
v -0.95000 2.17283 -0.00742
v 0.95000 2.17283 -0.00742
v 0.95000 2.16411 -0.01942
v -0.95000 2.17283 -0.00742
v -0.95000 2.17283 0.00742
v 0.95000 2.17283 0.00742
v 0.95000 2.17283 -0.00742
v -0.95000 2.17283 0.00742
v -0.95000 2.16411 0.01942
v 0.95000 2.16411 0.01942
v 0.95000 2.17283 0.00742
v -0.95000 2.16411 0.01942
v -0.95000 2.15000 0.02400
v 0.95000 2.15000 0.02400
v 0.95000 2.16411 0.01942
v -0.95000 2.15000 0.02400
v -0.95000 2.13589 0.01942
v 0.95000 2.13589 0.01942
v 0.95000 2.15000 0.02400
v -0.95000 2.13589 0.01942
v -0.95000 2.12717 0.00742
v 0.95000 2.12717 0.00742
v 0.95000 2.13589 0.01942
v -0.95000 2.12717 0.00742
v -0.95000 2.12717 -0.00742
v 0.95000 2.12717 -0.00742
v 0.95000 2.12717 0.00742
v -0.95000 2.12717 -0.00742
v -0.95000 2.13589 -0.01942
v 0.95000 2.13589 -0.01942
v 0.95000 2.12717 -0.00742
v -0.95000 2.13589 -0.01942
v -0.95000 2.15000 -0.02400
v 0.95000 2.15000 -0.02400
v 0.95000 2.13589 -0.01942
v -0.95000 2.13589 -0.01942
v -0.95000 2.12717 -0.00742
v -0.95000 2.12717 0.00742
v -0.95000 2.13589 0.01942
v -0.95000 2.15000 0.02400
v -0.95000 2.16411 0.01942
v -0.95000 2.17283 0.00742
v -0.95000 2.17283 -0.00742
v -0.95000 2.16411 -0.01942
v -0.95000 2.15000 -0.02400
v 0.95000 2.15000 -0.02400
v 0.95000 2.16411 -0.01942
v 0.95000 2.17283 -0.00742
v 0.95000 2.17283 0.00742
v 0.95000 2.16411 0.01942
v 0.95000 2.15000 0.02400
v 0.95000 2.13589 0.01942
v 0.95000 2.12717 0.00742
v 0.95000 2.12717 -0.00742
v 0.95000 2.13589 -0.01942
v 4.25000 2.15000 -0.02400
v 4.25000 2.16411 -0.01942
v 6.15000 2.16411 -0.01942
v 6.15000 2.15000 -0.02400
v 4.25000 2.16411 -0.01942
v 4.25000 2.17283 -0.00742
v 6.15000 2.17283 -0.00742
v 6.15000 2.16411 -0.01942
v 4.25000 2.17283 -0.00742
v 4.25000 2.17283 0.00742
v 6.15000 2.17283 0.00742
v 6.15000 2.17283 -0.00742
v 4.25000 2.17283 0.00742
v 4.25000 2.16411 0.01942
v 6.15000 2.16411 0.01942
v 6.15000 2.17283 0.00742
v 4.25000 2.16411 0.01942
v 4.25000 2.15000 0.02400
v 6.15000 2.15000 0.02400
v 6.15000 2.16411 0.01942
v 4.25000 2.15000 0.02400
v 4.25000 2.13589 0.01942
v 6.15000 2.13589 0.01942
v 6.15000 2.15000 0.02400
v 4.25000 2.13589 0.01942
v 4.25000 2.12717 0.00742
v 6.15000 2.12717 0.00742
v 6.15000 2.13589 0.01942
v 4.25000 2.12717 0.00742
v 4.25000 2.12717 -0.00742
v 6.15000 2.12717 -0.00742
v 6.15000 2.12717 0.00742
v 4.25000 2.12717 -0.00742
v 4.25000 2.13589 -0.01942
v 6.15000 2.13589 -0.01942
v 6.15000 2.12717 -0.00742
v 4.25000 2.13589 -0.01942
v 4.25000 2.15000 -0.02400
v 6.15000 2.15000 -0.02400
v 6.15000 2.13589 -0.01942
v 4.25000 2.13589 -0.01942
v 4.25000 2.12717 -0.00742
v 4.25000 2.12717 0.00742
v 4.25000 2.13589 0.01942
v 4.25000 2.15000 0.02400
v 4.25000 2.16411 0.01942
v 4.25000 2.17283 0.00742
v 4.25000 2.17283 -0.00742
v 4.25000 2.16411 -0.01942
v 4.25000 2.15000 -0.02400
v 6.15000 2.15000 -0.02400
v 6.15000 2.16411 -0.01942
v 6.15000 2.17283 -0.00742
v 6.15000 2.17283 0.00742
v 6.15000 2.16411 0.01942
v 6.15000 2.15000 0.02400
v 6.15000 2.13589 0.01942
v 6.15000 2.12717 0.00742
v 6.15000 2.12717 -0.00742
v 6.15000 2.13589 -0.01942
v -5.90000 0.00000 -1.31000
v -5.90000 0.00000 -1.38000
v -5.90000 0.68000 -1.38000
v -5.90000 0.68000 -1.31000
v -8.80000 0.00000 -1.38000
v -8.80000 0.00000 -1.31000
v -8.80000 0.68000 -1.31000
v -8.80000 0.68000 -1.38000
v -8.80000 0.68000 -1.31000
v -5.90000 0.68000 -1.31000
v -5.90000 0.68000 -1.38000
v -8.80000 0.68000 -1.38000
v -8.80000 0.00000 -1.38000
v -5.90000 0.00000 -1.38000
v -5.90000 0.00000 -1.31000
v -8.80000 0.00000 -1.31000
v -8.80000 0.00000 -1.31000
v -5.90000 0.00000 -1.31000
v -5.90000 0.68000 -1.31000
v -8.80000 0.68000 -1.31000
v -5.90000 0.00000 -1.38000
v -8.80000 0.00000 -1.38000
v -8.80000 0.68000 -1.38000
v -5.90000 0.68000 -1.38000
v -5.90000 0.62000 -1.30750
v -5.90000 0.62000 -1.38250
v -5.90000 0.76000 -1.38250
v -5.90000 0.76000 -1.30750
v -8.80000 0.62000 -1.38250
v -8.80000 0.62000 -1.30750
v -8.80000 0.76000 -1.30750
v -8.80000 0.76000 -1.38250
v -8.80000 0.76000 -1.30750
v -5.90000 0.76000 -1.30750
v -5.90000 0.76000 -1.38250
v -8.80000 0.76000 -1.38250
v -8.80000 0.62000 -1.38250
v -5.90000 0.62000 -1.38250
v -5.90000 0.62000 -1.30750
v -8.80000 0.62000 -1.30750
v -8.80000 0.62000 -1.30750
v -5.90000 0.62000 -1.30750
v -5.90000 0.76000 -1.30750
v -8.80000 0.76000 -1.30750
v -5.90000 0.62000 -1.38250
v -8.80000 0.62000 -1.38250
v -8.80000 0.76000 -1.38250
v -5.90000 0.76000 -1.38250
v -8.64000 0.72000 -1.31000
v -8.64000 0.72000 -1.38000
v -8.64000 1.86000 -1.38000
v -8.64000 1.86000 -1.31000
v -8.80000 0.72000 -1.38000
v -8.80000 0.72000 -1.31000
v -8.80000 1.86000 -1.31000
v -8.80000 1.86000 -1.38000
v -8.80000 1.86000 -1.31000
v -8.64000 1.86000 -1.31000
v -8.64000 1.86000 -1.38000
v -8.80000 1.86000 -1.38000
v -8.80000 0.72000 -1.38000
v -8.64000 0.72000 -1.38000
v -8.64000 0.72000 -1.31000
v -8.80000 0.72000 -1.31000
v -8.80000 0.72000 -1.31000
v -8.64000 0.72000 -1.31000
v -8.64000 1.86000 -1.31000
v -8.80000 1.86000 -1.31000
v -8.64000 0.72000 -1.38000
v -8.80000 0.72000 -1.38000
v -8.80000 1.86000 -1.38000
v -8.64000 1.86000 -1.38000
v -7.27000 0.72000 -1.31000
v -7.27000 0.72000 -1.38000
v -7.27000 1.86000 -1.38000
v -7.27000 1.86000 -1.31000
v -7.43000 0.72000 -1.38000
v -7.43000 0.72000 -1.31000
v -7.43000 1.86000 -1.31000
v -7.43000 1.86000 -1.38000
v -7.43000 1.86000 -1.31000
v -7.27000 1.86000 -1.31000
v -7.27000 1.86000 -1.38000
v -7.43000 1.86000 -1.38000
v -7.43000 0.72000 -1.38000
v -7.27000 0.72000 -1.38000
v -7.27000 0.72000 -1.31000
v -7.43000 0.72000 -1.31000
v -7.43000 0.72000 -1.31000
v -7.27000 0.72000 -1.31000
v -7.27000 1.86000 -1.31000
v -7.43000 1.86000 -1.31000
v -7.27000 0.72000 -1.38000
v -7.43000 0.72000 -1.38000
v -7.43000 1.86000 -1.38000
v -7.27000 1.86000 -1.38000
v -5.90000 0.72000 -1.31000
v -5.90000 0.72000 -1.38000
v -5.90000 1.86000 -1.38000
v -5.90000 1.86000 -1.31000
v -6.06000 0.72000 -1.38000
v -6.06000 0.72000 -1.31000
v -6.06000 1.86000 -1.31000
v -6.06000 1.86000 -1.38000
v -6.06000 1.86000 -1.31000
v -5.90000 1.86000 -1.31000
v -5.90000 1.86000 -1.38000
v -6.06000 1.86000 -1.38000
v -6.06000 0.72000 -1.38000
v -5.90000 0.72000 -1.38000
v -5.90000 0.72000 -1.31000
v -6.06000 0.72000 -1.31000
v -6.06000 0.72000 -1.31000
v -5.90000 0.72000 -1.31000
v -5.90000 1.86000 -1.31000
v -6.06000 1.86000 -1.31000
v -5.90000 0.72000 -1.38000
v -6.06000 0.72000 -1.38000
v -6.06000 1.86000 -1.38000
v -5.90000 1.86000 -1.38000
v -7.43000 0.74000 -1.35000
v -7.43000 0.74000 -1.37000
v -7.43000 1.84000 -1.37000
v -7.43000 1.84000 -1.35000
v -8.64000 0.74000 -1.37000
v -8.64000 0.74000 -1.35000
v -8.64000 1.84000 -1.35000
v -8.64000 1.84000 -1.37000
v -8.64000 1.84000 -1.35000
v -7.43000 1.84000 -1.35000
v -7.43000 1.84000 -1.37000
v -8.64000 1.84000 -1.37000
v -8.64000 0.74000 -1.37000
v -7.43000 0.74000 -1.37000
v -7.43000 0.74000 -1.35000
v -8.64000 0.74000 -1.35000
v -8.64000 0.74000 -1.35000
v -7.43000 0.74000 -1.35000
v -7.43000 1.84000 -1.35000
v -8.64000 1.84000 -1.35000
v -7.43000 0.74000 -1.37000
v -8.64000 0.74000 -1.37000
v -8.64000 1.84000 -1.37000
v -7.43000 1.84000 -1.37000
v -7.41000 0.72000 -1.32000
v -7.41000 0.72000 -1.35000
v -7.41000 1.86000 -1.35000
v -7.41000 1.86000 -1.32000
v -8.66000 0.72000 -1.35000
v -8.66000 0.72000 -1.32000
v -8.66000 1.86000 -1.32000
v -8.66000 1.86000 -1.35000
v -8.66000 1.86000 -1.32000
v -7.41000 1.86000 -1.32000
v -7.41000 1.86000 -1.35000
v -8.66000 1.86000 -1.35000
v -8.66000 0.72000 -1.35000
v -7.41000 0.72000 -1.35000
v -7.41000 0.72000 -1.32000
v -8.66000 0.72000 -1.32000
v -6.06000 0.74000 -1.35000
v -6.06000 0.74000 -1.37000
v -6.06000 1.84000 -1.37000
v -6.06000 1.84000 -1.35000
v -7.27000 0.74000 -1.37000
v -7.27000 0.74000 -1.35000
v -7.27000 1.84000 -1.35000
v -7.27000 1.84000 -1.37000
v -7.27000 1.84000 -1.35000
v -6.06000 1.84000 -1.35000
v -6.06000 1.84000 -1.37000
v -7.27000 1.84000 -1.37000
v -7.27000 0.74000 -1.37000
v -6.06000 0.74000 -1.37000
v -6.06000 0.74000 -1.35000
v -7.27000 0.74000 -1.35000
v -7.27000 0.74000 -1.35000
v -6.06000 0.74000 -1.35000
v -6.06000 1.84000 -1.35000
v -7.27000 1.84000 -1.35000
v -6.06000 0.74000 -1.37000
v -7.27000 0.74000 -1.37000
v -7.27000 1.84000 -1.37000
v -6.06000 1.84000 -1.37000
v -6.04000 0.72000 -1.32000
v -6.04000 0.72000 -1.35000
v -6.04000 1.86000 -1.35000
v -6.04000 1.86000 -1.32000
v -7.29000 0.72000 -1.35000
v -7.29000 0.72000 -1.32000
v -7.29000 1.86000 -1.32000
v -7.29000 1.86000 -1.35000
v -7.29000 1.86000 -1.32000
v -6.04000 1.86000 -1.32000
v -6.04000 1.86000 -1.35000
v -7.29000 1.86000 -1.35000
v -7.29000 0.72000 -1.35000
v -6.04000 0.72000 -1.35000
v -6.04000 0.72000 -1.32000
v -7.29000 0.72000 -1.32000
v -5.90000 1.88000 -1.31000
v -5.90000 1.88000 -1.38000
v -5.90000 2.12000 -1.38000
v -5.90000 2.12000 -1.31000
v -8.80000 1.88000 -1.38000
v -8.80000 1.88000 -1.31000
v -8.80000 2.12000 -1.31000
v -8.80000 2.12000 -1.38000
v -8.80000 2.12000 -1.31000
v -5.90000 2.12000 -1.31000
v -5.90000 2.12000 -1.38000
v -8.80000 2.12000 -1.38000
v -8.80000 1.88000 -1.38000
v -5.90000 1.88000 -1.38000
v -5.90000 1.88000 -1.31000
v -8.80000 1.88000 -1.31000
v -8.80000 1.88000 -1.31000
v -5.90000 1.88000 -1.31000
v -5.90000 2.12000 -1.31000
v -8.80000 2.12000 -1.31000
v -5.90000 1.88000 -1.38000
v -8.80000 1.88000 -1.38000
v -8.80000 2.12000 -1.38000
v -5.90000 2.12000 -1.38000
v -8.80000 0.05000 -1.30000
v -5.90000 0.05000 -1.30000
v -5.90000 2.35000 -1.30000
v -8.80000 2.35000 -1.30000
v -0.70000 0.00000 -1.31000
v -0.70000 0.00000 -1.38000
v -0.70000 0.68000 -1.38000
v -0.70000 0.68000 -1.31000
v -4.50000 0.00000 -1.38000
v -4.50000 0.00000 -1.31000
v -4.50000 0.68000 -1.31000
v -4.50000 0.68000 -1.38000
v -4.50000 0.68000 -1.31000
v -0.70000 0.68000 -1.31000
v -0.70000 0.68000 -1.38000
v -4.50000 0.68000 -1.38000
v -4.50000 0.00000 -1.38000
v -0.70000 0.00000 -1.38000
v -0.70000 0.00000 -1.31000
v -4.50000 0.00000 -1.31000
v -4.50000 0.00000 -1.31000
v -0.70000 0.00000 -1.31000
v -0.70000 0.68000 -1.31000
v -4.50000 0.68000 -1.31000
v -0.70000 0.00000 -1.38000
v -4.50000 0.00000 -1.38000
v -4.50000 0.68000 -1.38000
v -0.70000 0.68000 -1.38000
v -0.70000 0.62000 -1.30750
v -0.70000 0.62000 -1.38250
v -0.70000 0.76000 -1.38250
v -0.70000 0.76000 -1.30750
v -4.50000 0.62000 -1.38250
v -4.50000 0.62000 -1.30750
v -4.50000 0.76000 -1.30750
v -4.50000 0.76000 -1.38250
v -4.50000 0.76000 -1.30750
v -0.70000 0.76000 -1.30750
v -0.70000 0.76000 -1.38250
v -4.50000 0.76000 -1.38250
v -4.50000 0.62000 -1.38250
v -0.70000 0.62000 -1.38250
v -0.70000 0.62000 -1.30750
v -4.50000 0.62000 -1.30750
v -4.50000 0.62000 -1.30750
v -0.70000 0.62000 -1.30750
v -0.70000 0.76000 -1.30750
v -4.50000 0.76000 -1.30750
v -0.70000 0.62000 -1.38250
v -4.50000 0.62000 -1.38250
v -4.50000 0.76000 -1.38250
v -0.70000 0.76000 -1.38250
v -4.34000 0.72000 -1.31000
v -4.34000 0.72000 -1.38000
v -4.34000 1.86000 -1.38000
v -4.34000 1.86000 -1.31000
v -4.50000 0.72000 -1.38000
v -4.50000 0.72000 -1.31000
v -4.50000 1.86000 -1.31000
v -4.50000 1.86000 -1.38000
v -4.50000 1.86000 -1.31000
v -4.34000 1.86000 -1.31000
v -4.34000 1.86000 -1.38000
v -4.50000 1.86000 -1.38000
v -4.50000 0.72000 -1.38000
v -4.34000 0.72000 -1.38000
v -4.34000 0.72000 -1.31000
v -4.50000 0.72000 -1.31000
v -4.50000 0.72000 -1.31000
v -4.34000 0.72000 -1.31000
v -4.34000 1.86000 -1.31000
v -4.50000 1.86000 -1.31000
v -4.34000 0.72000 -1.38000
v -4.50000 0.72000 -1.38000
v -4.50000 1.86000 -1.38000
v -4.34000 1.86000 -1.38000
v -2.52000 0.72000 -1.31000
v -2.52000 0.72000 -1.38000
v -2.52000 1.86000 -1.38000
v -2.52000 1.86000 -1.31000
v -2.68000 0.72000 -1.38000
v -2.68000 0.72000 -1.31000
v -2.68000 1.86000 -1.31000
v -2.68000 1.86000 -1.38000
v -2.68000 1.86000 -1.31000
v -2.52000 1.86000 -1.31000
v -2.52000 1.86000 -1.38000
v -2.68000 1.86000 -1.38000
v -2.68000 0.72000 -1.38000
v -2.52000 0.72000 -1.38000
v -2.52000 0.72000 -1.31000
v -2.68000 0.72000 -1.31000
v -2.68000 0.72000 -1.31000
v -2.52000 0.72000 -1.31000
v -2.52000 1.86000 -1.31000
v -2.68000 1.86000 -1.31000
v -2.52000 0.72000 -1.38000
v -2.68000 0.72000 -1.38000
v -2.68000 1.86000 -1.38000
v -2.52000 1.86000 -1.38000
v -0.70000 0.72000 -1.31000
v -0.70000 0.72000 -1.38000
v -0.70000 1.86000 -1.38000
v -0.70000 1.86000 -1.31000
v -0.86000 0.72000 -1.38000
v -0.86000 0.72000 -1.31000
v -0.86000 1.86000 -1.31000
v -0.86000 1.86000 -1.38000
v -0.86000 1.86000 -1.31000
v -0.70000 1.86000 -1.31000
v -0.70000 1.86000 -1.38000
v -0.86000 1.86000 -1.38000
v -0.86000 0.72000 -1.38000
v -0.70000 0.72000 -1.38000
v -0.70000 0.72000 -1.31000
v -0.86000 0.72000 -1.31000
v -0.86000 0.72000 -1.31000
v -0.70000 0.72000 -1.31000
v -0.70000 1.86000 -1.31000
v -0.86000 1.86000 -1.31000
v -0.70000 0.72000 -1.38000
v -0.86000 0.72000 -1.38000
v -0.86000 1.86000 -1.38000
v -0.70000 1.86000 -1.38000
v -2.68000 0.74000 -1.35000
v -2.68000 0.74000 -1.37000
v -2.68000 1.84000 -1.37000
v -2.68000 1.84000 -1.35000
v -4.34000 0.74000 -1.37000
v -4.34000 0.74000 -1.35000
v -4.34000 1.84000 -1.35000
v -4.34000 1.84000 -1.37000
v -4.34000 1.84000 -1.35000
v -2.68000 1.84000 -1.35000
v -2.68000 1.84000 -1.37000
v -4.34000 1.84000 -1.37000
v -4.34000 0.74000 -1.37000
v -2.68000 0.74000 -1.37000
v -2.68000 0.74000 -1.35000
v -4.34000 0.74000 -1.35000
v -4.34000 0.74000 -1.35000
v -2.68000 0.74000 -1.35000
v -2.68000 1.84000 -1.35000
v -4.34000 1.84000 -1.35000
v -2.68000 0.74000 -1.37000
v -4.34000 0.74000 -1.37000
v -4.34000 1.84000 -1.37000
v -2.68000 1.84000 -1.37000
v -2.66000 0.72000 -1.32000
v -2.66000 0.72000 -1.35000
v -2.66000 1.86000 -1.35000
v -2.66000 1.86000 -1.32000
v -4.36000 0.72000 -1.35000
v -4.36000 0.72000 -1.32000
v -4.36000 1.86000 -1.32000
v -4.36000 1.86000 -1.35000
v -4.36000 1.86000 -1.32000
v -2.66000 1.86000 -1.32000
v -2.66000 1.86000 -1.35000
v -4.36000 1.86000 -1.35000
v -4.36000 0.72000 -1.35000
v -2.66000 0.72000 -1.35000
v -2.66000 0.72000 -1.32000
v -4.36000 0.72000 -1.32000
v -0.86000 0.74000 -1.35000
v -0.86000 0.74000 -1.37000
v -0.86000 1.84000 -1.37000
v -0.86000 1.84000 -1.35000
v -2.52000 0.74000 -1.37000
v -2.52000 0.74000 -1.35000
v -2.52000 1.84000 -1.35000
v -2.52000 1.84000 -1.37000
v -2.52000 1.84000 -1.35000
v -0.86000 1.84000 -1.35000
v -0.86000 1.84000 -1.37000
v -2.52000 1.84000 -1.37000
v -2.52000 0.74000 -1.37000
v -0.86000 0.74000 -1.37000
v -0.86000 0.74000 -1.35000
v -2.52000 0.74000 -1.35000
v -2.52000 0.74000 -1.35000
v -0.86000 0.74000 -1.35000
v -0.86000 1.84000 -1.35000
v -2.52000 1.84000 -1.35000
v -0.86000 0.74000 -1.37000
v -2.52000 0.74000 -1.37000
v -2.52000 1.84000 -1.37000
v -0.86000 1.84000 -1.37000
v -0.84000 0.72000 -1.32000
v -0.84000 0.72000 -1.35000
v -0.84000 1.86000 -1.35000
v -0.84000 1.86000 -1.32000
v -2.54000 0.72000 -1.35000
v -2.54000 0.72000 -1.32000
v -2.54000 1.86000 -1.32000
v -2.54000 1.86000 -1.35000
v -2.54000 1.86000 -1.32000
v -0.84000 1.86000 -1.32000
v -0.84000 1.86000 -1.35000
v -2.54000 1.86000 -1.35000
v -2.54000 0.72000 -1.35000
v -0.84000 0.72000 -1.35000
v -0.84000 0.72000 -1.32000
v -2.54000 0.72000 -1.32000
v -0.70000 1.88000 -1.31000
v -0.70000 1.88000 -1.38000
v -0.70000 2.12000 -1.38000
v -0.70000 2.12000 -1.31000
v -4.50000 1.88000 -1.38000
v -4.50000 1.88000 -1.31000
v -4.50000 2.12000 -1.31000
v -4.50000 2.12000 -1.38000
v -4.50000 2.12000 -1.31000
v -0.70000 2.12000 -1.31000
v -0.70000 2.12000 -1.38000
v -4.50000 2.12000 -1.38000
v -4.50000 1.88000 -1.38000
v -0.70000 1.88000 -1.38000
v -0.70000 1.88000 -1.31000
v -4.50000 1.88000 -1.31000
v -4.50000 1.88000 -1.31000
v -0.70000 1.88000 -1.31000
v -0.70000 2.12000 -1.31000
v -4.50000 2.12000 -1.31000
v -0.70000 1.88000 -1.38000
v -4.50000 1.88000 -1.38000
v -4.50000 2.12000 -1.38000
v -0.70000 2.12000 -1.38000
v -4.50000 0.05000 -1.30000
v -0.70000 0.05000 -1.30000
v -0.70000 2.35000 -1.30000
v -4.50000 2.35000 -1.30000
v 4.50000 0.00000 -1.31000
v 4.50000 0.00000 -1.38000
v 4.50000 0.68000 -1.38000
v 4.50000 0.68000 -1.31000
v 0.70000 0.00000 -1.38000
v 0.70000 0.00000 -1.31000
v 0.70000 0.68000 -1.31000
v 0.70000 0.68000 -1.38000
v 0.70000 0.68000 -1.31000
v 4.50000 0.68000 -1.31000
v 4.50000 0.68000 -1.38000
v 0.70000 0.68000 -1.38000
v 0.70000 0.00000 -1.38000
v 4.50000 0.00000 -1.38000
v 4.50000 0.00000 -1.31000
v 0.70000 0.00000 -1.31000
v 0.70000 0.00000 -1.31000
v 4.50000 0.00000 -1.31000
v 4.50000 0.68000 -1.31000
v 0.70000 0.68000 -1.31000
v 4.50000 0.00000 -1.38000
v 0.70000 0.00000 -1.38000
v 0.70000 0.68000 -1.38000
v 4.50000 0.68000 -1.38000
v 4.50000 0.62000 -1.30750
v 4.50000 0.62000 -1.38250
v 4.50000 0.76000 -1.38250
v 4.50000 0.76000 -1.30750
v 0.70000 0.62000 -1.38250
v 0.70000 0.62000 -1.30750
v 0.70000 0.76000 -1.30750
v 0.70000 0.76000 -1.38250
v 0.70000 0.76000 -1.30750
v 4.50000 0.76000 -1.30750
v 4.50000 0.76000 -1.38250
v 0.70000 0.76000 -1.38250
v 0.70000 0.62000 -1.38250
v 4.50000 0.62000 -1.38250
v 4.50000 0.62000 -1.30750
v 0.70000 0.62000 -1.30750
v 0.70000 0.62000 -1.30750
v 4.50000 0.62000 -1.30750
v 4.50000 0.76000 -1.30750
v 0.70000 0.76000 -1.30750
v 4.50000 0.62000 -1.38250
v 0.70000 0.62000 -1.38250
v 0.70000 0.76000 -1.38250
v 4.50000 0.76000 -1.38250
v 0.86000 0.72000 -1.31000
v 0.86000 0.72000 -1.38000
v 0.86000 1.86000 -1.38000
v 0.86000 1.86000 -1.31000
v 0.70000 0.72000 -1.38000
v 0.70000 0.72000 -1.31000
v 0.70000 1.86000 -1.31000
v 0.70000 1.86000 -1.38000
v 0.70000 1.86000 -1.31000
v 0.86000 1.86000 -1.31000
v 0.86000 1.86000 -1.38000
v 0.70000 1.86000 -1.38000
v 0.70000 0.72000 -1.38000
v 0.86000 0.72000 -1.38000
v 0.86000 0.72000 -1.31000
v 0.70000 0.72000 -1.31000
v 0.70000 0.72000 -1.31000
v 0.86000 0.72000 -1.31000
v 0.86000 1.86000 -1.31000
v 0.70000 1.86000 -1.31000
v 0.86000 0.72000 -1.38000
v 0.70000 0.72000 -1.38000
v 0.70000 1.86000 -1.38000
v 0.86000 1.86000 -1.38000
v 2.68000 0.72000 -1.31000
v 2.68000 0.72000 -1.38000
v 2.68000 1.86000 -1.38000
v 2.68000 1.86000 -1.31000
v 2.52000 0.72000 -1.38000
v 2.52000 0.72000 -1.31000
v 2.52000 1.86000 -1.31000
v 2.52000 1.86000 -1.38000
v 2.52000 1.86000 -1.31000
v 2.68000 1.86000 -1.31000
v 2.68000 1.86000 -1.38000
v 2.52000 1.86000 -1.38000
v 2.52000 0.72000 -1.38000
v 2.68000 0.72000 -1.38000
v 2.68000 0.72000 -1.31000
v 2.52000 0.72000 -1.31000
v 2.52000 0.72000 -1.31000
v 2.68000 0.72000 -1.31000
v 2.68000 1.86000 -1.31000
v 2.52000 1.86000 -1.31000
v 2.68000 0.72000 -1.38000
v 2.52000 0.72000 -1.38000
v 2.52000 1.86000 -1.38000
v 2.68000 1.86000 -1.38000
v 4.50000 0.72000 -1.31000
v 4.50000 0.72000 -1.38000
v 4.50000 1.86000 -1.38000
v 4.50000 1.86000 -1.31000
v 4.34000 0.72000 -1.38000
v 4.34000 0.72000 -1.31000
v 4.34000 1.86000 -1.31000
v 4.34000 1.86000 -1.38000
v 4.34000 1.86000 -1.31000
v 4.50000 1.86000 -1.31000
v 4.50000 1.86000 -1.38000
v 4.34000 1.86000 -1.38000
v 4.34000 0.72000 -1.38000
v 4.50000 0.72000 -1.38000
v 4.50000 0.72000 -1.31000
v 4.34000 0.72000 -1.31000
v 4.34000 0.72000 -1.31000
v 4.50000 0.72000 -1.31000
v 4.50000 1.86000 -1.31000
v 4.34000 1.86000 -1.31000
v 4.50000 0.72000 -1.38000
v 4.34000 0.72000 -1.38000
v 4.34000 1.86000 -1.38000
v 4.50000 1.86000 -1.38000
v 2.52000 0.74000 -1.35000
v 2.52000 0.74000 -1.37000
v 2.52000 1.84000 -1.37000
v 2.52000 1.84000 -1.35000
v 0.86000 0.74000 -1.37000
v 0.86000 0.74000 -1.35000
v 0.86000 1.84000 -1.35000
v 0.86000 1.84000 -1.37000
v 0.86000 1.84000 -1.35000
v 2.52000 1.84000 -1.35000
v 2.52000 1.84000 -1.37000
v 0.86000 1.84000 -1.37000
v 0.86000 0.74000 -1.37000
v 2.52000 0.74000 -1.37000
v 2.52000 0.74000 -1.35000
v 0.86000 0.74000 -1.35000
v 0.86000 0.74000 -1.35000
v 2.52000 0.74000 -1.35000
v 2.52000 1.84000 -1.35000
v 0.86000 1.84000 -1.35000
v 2.52000 0.74000 -1.37000
v 0.86000 0.74000 -1.37000
v 0.86000 1.84000 -1.37000
v 2.52000 1.84000 -1.37000
v 2.54000 0.72000 -1.32000
v 2.54000 0.72000 -1.35000
v 2.54000 1.86000 -1.35000
v 2.54000 1.86000 -1.32000
v 0.84000 0.72000 -1.35000
v 0.84000 0.72000 -1.32000
v 0.84000 1.86000 -1.32000
v 0.84000 1.86000 -1.35000
v 0.84000 1.86000 -1.32000
v 2.54000 1.86000 -1.32000
v 2.54000 1.86000 -1.35000
v 0.84000 1.86000 -1.35000
v 0.84000 0.72000 -1.35000
v 2.54000 0.72000 -1.35000
v 2.54000 0.72000 -1.32000
v 0.84000 0.72000 -1.32000
v 4.34000 0.74000 -1.35000
v 4.34000 0.74000 -1.37000
v 4.34000 1.84000 -1.37000
v 4.34000 1.84000 -1.35000
v 2.68000 0.74000 -1.37000
v 2.68000 0.74000 -1.35000
v 2.68000 1.84000 -1.35000
v 2.68000 1.84000 -1.37000
v 2.68000 1.84000 -1.35000
v 4.34000 1.84000 -1.35000
v 4.34000 1.84000 -1.37000
v 2.68000 1.84000 -1.37000
v 2.68000 0.74000 -1.37000
v 4.34000 0.74000 -1.37000
v 4.34000 0.74000 -1.35000
v 2.68000 0.74000 -1.35000
v 2.68000 0.74000 -1.35000
v 4.34000 0.74000 -1.35000
v 4.34000 1.84000 -1.35000
v 2.68000 1.84000 -1.35000
v 4.34000 0.74000 -1.37000
v 2.68000 0.74000 -1.37000
v 2.68000 1.84000 -1.37000
v 4.34000 1.84000 -1.37000
v 4.36000 0.72000 -1.32000
v 4.36000 0.72000 -1.35000
v 4.36000 1.86000 -1.35000
v 4.36000 1.86000 -1.32000
v 2.66000 0.72000 -1.35000
v 2.66000 0.72000 -1.32000
v 2.66000 1.86000 -1.32000
v 2.66000 1.86000 -1.35000
v 2.66000 1.86000 -1.32000
v 4.36000 1.86000 -1.32000
v 4.36000 1.86000 -1.35000
v 2.66000 1.86000 -1.35000
v 2.66000 0.72000 -1.35000
v 4.36000 0.72000 -1.35000
v 4.36000 0.72000 -1.32000
v 2.66000 0.72000 -1.32000
v 4.50000 1.88000 -1.31000
v 4.50000 1.88000 -1.38000
v 4.50000 2.12000 -1.38000
v 4.50000 2.12000 -1.31000
v 0.70000 1.88000 -1.38000
v 0.70000 1.88000 -1.31000
v 0.70000 2.12000 -1.31000
v 0.70000 2.12000 -1.38000
v 0.70000 2.12000 -1.31000
v 4.50000 2.12000 -1.31000
v 4.50000 2.12000 -1.38000
v 0.70000 2.12000 -1.38000
v 0.70000 1.88000 -1.38000
v 4.50000 1.88000 -1.38000
v 4.50000 1.88000 -1.31000
v 0.70000 1.88000 -1.31000
v 0.70000 1.88000 -1.31000
v 4.50000 1.88000 -1.31000
v 4.50000 2.12000 -1.31000
v 0.70000 2.12000 -1.31000
v 4.50000 1.88000 -1.38000
v 0.70000 1.88000 -1.38000
v 0.70000 2.12000 -1.38000
v 4.50000 2.12000 -1.38000
v 0.70000 0.05000 -1.30000
v 4.50000 0.05000 -1.30000
v 4.50000 2.35000 -1.30000
v 0.70000 2.35000 -1.30000
v 8.80000 0.00000 -1.31000
v 8.80000 0.00000 -1.38000
v 8.80000 0.68000 -1.38000
v 8.80000 0.68000 -1.31000
v 5.90000 0.00000 -1.38000
v 5.90000 0.00000 -1.31000
v 5.90000 0.68000 -1.31000
v 5.90000 0.68000 -1.38000
v 5.90000 0.68000 -1.31000
v 8.80000 0.68000 -1.31000
v 8.80000 0.68000 -1.38000
v 5.90000 0.68000 -1.38000
v 5.90000 0.00000 -1.38000
v 8.80000 0.00000 -1.38000
v 8.80000 0.00000 -1.31000
v 5.90000 0.00000 -1.31000
v 5.90000 0.00000 -1.31000
v 8.80000 0.00000 -1.31000
v 8.80000 0.68000 -1.31000
v 5.90000 0.68000 -1.31000
v 8.80000 0.00000 -1.38000
v 5.90000 0.00000 -1.38000
v 5.90000 0.68000 -1.38000
v 8.80000 0.68000 -1.38000
v 8.80000 0.62000 -1.30750
v 8.80000 0.62000 -1.38250
v 8.80000 0.76000 -1.38250
v 8.80000 0.76000 -1.30750
v 5.90000 0.62000 -1.38250
v 5.90000 0.62000 -1.30750
v 5.90000 0.76000 -1.30750
v 5.90000 0.76000 -1.38250
v 5.90000 0.76000 -1.30750
v 8.80000 0.76000 -1.30750
v 8.80000 0.76000 -1.38250
v 5.90000 0.76000 -1.38250
v 5.90000 0.62000 -1.38250
v 8.80000 0.62000 -1.38250
v 8.80000 0.62000 -1.30750
v 5.90000 0.62000 -1.30750
v 5.90000 0.62000 -1.30750
v 8.80000 0.62000 -1.30750
v 8.80000 0.76000 -1.30750
v 5.90000 0.76000 -1.30750
v 8.80000 0.62000 -1.38250
v 5.90000 0.62000 -1.38250
v 5.90000 0.76000 -1.38250
v 8.80000 0.76000 -1.38250
v 6.06000 0.72000 -1.31000
v 6.06000 0.72000 -1.38000
v 6.06000 1.86000 -1.38000
v 6.06000 1.86000 -1.31000
v 5.90000 0.72000 -1.38000
v 5.90000 0.72000 -1.31000
v 5.90000 1.86000 -1.31000
v 5.90000 1.86000 -1.38000
v 5.90000 1.86000 -1.31000
v 6.06000 1.86000 -1.31000
v 6.06000 1.86000 -1.38000
v 5.90000 1.86000 -1.38000
v 5.90000 0.72000 -1.38000
v 6.06000 0.72000 -1.38000
v 6.06000 0.72000 -1.31000
v 5.90000 0.72000 -1.31000
v 5.90000 0.72000 -1.31000
v 6.06000 0.72000 -1.31000
v 6.06000 1.86000 -1.31000
v 5.90000 1.86000 -1.31000
v 6.06000 0.72000 -1.38000
v 5.90000 0.72000 -1.38000
v 5.90000 1.86000 -1.38000
v 6.06000 1.86000 -1.38000
v 7.43000 0.72000 -1.31000
v 7.43000 0.72000 -1.38000
v 7.43000 1.86000 -1.38000
v 7.43000 1.86000 -1.31000
v 7.27000 0.72000 -1.38000
v 7.27000 0.72000 -1.31000
v 7.27000 1.86000 -1.31000
v 7.27000 1.86000 -1.38000
v 7.27000 1.86000 -1.31000
v 7.43000 1.86000 -1.31000
v 7.43000 1.86000 -1.38000
v 7.27000 1.86000 -1.38000
v 7.27000 0.72000 -1.38000
v 7.43000 0.72000 -1.38000
v 7.43000 0.72000 -1.31000
v 7.27000 0.72000 -1.31000
v 7.27000 0.72000 -1.31000
v 7.43000 0.72000 -1.31000
v 7.43000 1.86000 -1.31000
v 7.27000 1.86000 -1.31000
v 7.43000 0.72000 -1.38000
v 7.27000 0.72000 -1.38000
v 7.27000 1.86000 -1.38000
v 7.43000 1.86000 -1.38000
v 8.80000 0.72000 -1.31000
v 8.80000 0.72000 -1.38000
v 8.80000 1.86000 -1.38000
v 8.80000 1.86000 -1.31000
v 8.64000 0.72000 -1.38000
v 8.64000 0.72000 -1.31000
v 8.64000 1.86000 -1.31000
v 8.64000 1.86000 -1.38000
v 8.64000 1.86000 -1.31000
v 8.80000 1.86000 -1.31000
v 8.80000 1.86000 -1.38000
v 8.64000 1.86000 -1.38000
v 8.64000 0.72000 -1.38000
v 8.80000 0.72000 -1.38000
v 8.80000 0.72000 -1.31000
v 8.64000 0.72000 -1.31000
v 8.64000 0.72000 -1.31000
v 8.80000 0.72000 -1.31000
v 8.80000 1.86000 -1.31000
v 8.64000 1.86000 -1.31000
v 8.80000 0.72000 -1.38000
v 8.64000 0.72000 -1.38000
v 8.64000 1.86000 -1.38000
v 8.80000 1.86000 -1.38000
v 7.27000 0.74000 -1.35000
v 7.27000 0.74000 -1.37000
v 7.27000 1.84000 -1.37000
v 7.27000 1.84000 -1.35000
v 6.06000 0.74000 -1.37000
v 6.06000 0.74000 -1.35000
v 6.06000 1.84000 -1.35000
v 6.06000 1.84000 -1.37000
v 6.06000 1.84000 -1.35000
v 7.27000 1.84000 -1.35000
v 7.27000 1.84000 -1.37000
v 6.06000 1.84000 -1.37000
v 6.06000 0.74000 -1.37000
v 7.27000 0.74000 -1.37000
v 7.27000 0.74000 -1.35000
v 6.06000 0.74000 -1.35000
v 6.06000 0.74000 -1.35000
v 7.27000 0.74000 -1.35000
v 7.27000 1.84000 -1.35000
v 6.06000 1.84000 -1.35000
v 7.27000 0.74000 -1.37000
v 6.06000 0.74000 -1.37000
v 6.06000 1.84000 -1.37000
v 7.27000 1.84000 -1.37000
v 7.29000 0.72000 -1.32000
v 7.29000 0.72000 -1.35000
v 7.29000 1.86000 -1.35000
v 7.29000 1.86000 -1.32000
v 6.04000 0.72000 -1.35000
v 6.04000 0.72000 -1.32000
v 6.04000 1.86000 -1.32000
v 6.04000 1.86000 -1.35000
v 6.04000 1.86000 -1.32000
v 7.29000 1.86000 -1.32000
v 7.29000 1.86000 -1.35000
v 6.04000 1.86000 -1.35000
v 6.04000 0.72000 -1.35000
v 7.29000 0.72000 -1.35000
v 7.29000 0.72000 -1.32000
v 6.04000 0.72000 -1.32000
v 8.64000 0.74000 -1.35000
v 8.64000 0.74000 -1.37000
v 8.64000 1.84000 -1.37000
v 8.64000 1.84000 -1.35000
v 7.43000 0.74000 -1.37000
v 7.43000 0.74000 -1.35000
v 7.43000 1.84000 -1.35000
v 7.43000 1.84000 -1.37000
v 7.43000 1.84000 -1.35000
v 8.64000 1.84000 -1.35000
v 8.64000 1.84000 -1.37000
v 7.43000 1.84000 -1.37000
v 7.43000 0.74000 -1.37000
v 8.64000 0.74000 -1.37000
v 8.64000 0.74000 -1.35000
v 7.43000 0.74000 -1.35000
v 7.43000 0.74000 -1.35000
v 8.64000 0.74000 -1.35000
v 8.64000 1.84000 -1.35000
v 7.43000 1.84000 -1.35000
v 8.64000 0.74000 -1.37000
v 7.43000 0.74000 -1.37000
v 7.43000 1.84000 -1.37000
v 8.64000 1.84000 -1.37000
v 8.66000 0.72000 -1.32000
v 8.66000 0.72000 -1.35000
v 8.66000 1.86000 -1.35000
v 8.66000 1.86000 -1.32000
v 7.41000 0.72000 -1.35000
v 7.41000 0.72000 -1.32000
v 7.41000 1.86000 -1.32000
v 7.41000 1.86000 -1.35000
v 7.41000 1.86000 -1.32000
v 8.66000 1.86000 -1.32000
v 8.66000 1.86000 -1.35000
v 7.41000 1.86000 -1.35000
v 7.41000 0.72000 -1.35000
v 8.66000 0.72000 -1.35000
v 8.66000 0.72000 -1.32000
v 7.41000 0.72000 -1.32000
v 8.80000 1.88000 -1.31000
v 8.80000 1.88000 -1.38000
v 8.80000 2.12000 -1.38000
v 8.80000 2.12000 -1.31000
v 5.90000 1.88000 -1.38000
v 5.90000 1.88000 -1.31000
v 5.90000 2.12000 -1.31000
v 5.90000 2.12000 -1.38000
v 5.90000 2.12000 -1.31000
v 8.80000 2.12000 -1.31000
v 8.80000 2.12000 -1.38000
v 5.90000 2.12000 -1.38000
v 5.90000 1.88000 -1.38000
v 8.80000 1.88000 -1.38000
v 8.80000 1.88000 -1.31000
v 5.90000 1.88000 -1.31000
v 5.90000 1.88000 -1.31000
v 8.80000 1.88000 -1.31000
v 8.80000 2.12000 -1.31000
v 5.90000 2.12000 -1.31000
v 8.80000 1.88000 -1.38000
v 5.90000 1.88000 -1.38000
v 5.90000 2.12000 -1.38000
v 8.80000 2.12000 -1.38000
v 5.90000 0.05000 -1.30000
v 8.80000 0.05000 -1.30000
v 8.80000 2.35000 -1.30000
v 5.90000 2.35000 -1.30000
v -5.88500 0.05000 -1.29500
v -5.88500 0.05000 -1.38500
v -5.88500 2.15000 -1.38500
v -5.88500 2.15000 -1.29500
v -5.91500 0.05000 -1.38500
v -5.91500 0.05000 -1.29500
v -5.91500 2.15000 -1.29500
v -5.91500 2.15000 -1.38500
v -5.91500 2.15000 -1.29500
v -5.88500 2.15000 -1.29500
v -5.88500 2.15000 -1.38500
v -5.91500 2.15000 -1.38500
v -5.91500 0.05000 -1.38500
v -5.88500 0.05000 -1.38500
v -5.88500 0.05000 -1.29500
v -5.91500 0.05000 -1.29500
v -5.91500 0.05000 -1.29500
v -5.88500 0.05000 -1.29500
v -5.88500 2.15000 -1.29500
v -5.91500 2.15000 -1.29500
v -5.88500 0.05000 -1.38500
v -5.91500 0.05000 -1.38500
v -5.91500 2.15000 -1.38500
v -5.88500 2.15000 -1.38500
v -4.48500 0.05000 -1.29500
v -4.48500 0.05000 -1.38500
v -4.48500 2.15000 -1.38500
v -4.48500 2.15000 -1.29500
v -4.51500 0.05000 -1.38500
v -4.51500 0.05000 -1.29500
v -4.51500 2.15000 -1.29500
v -4.51500 2.15000 -1.38500
v -4.51500 2.15000 -1.29500
v -4.48500 2.15000 -1.29500
v -4.48500 2.15000 -1.38500
v -4.51500 2.15000 -1.38500
v -4.51500 0.05000 -1.38500
v -4.48500 0.05000 -1.38500
v -4.48500 0.05000 -1.29500
v -4.51500 0.05000 -1.29500
v -4.51500 0.05000 -1.29500
v -4.48500 0.05000 -1.29500
v -4.48500 2.15000 -1.29500
v -4.51500 2.15000 -1.29500
v -4.48500 0.05000 -1.38500
v -4.51500 0.05000 -1.38500
v -4.51500 2.15000 -1.38500
v -4.48500 2.15000 -1.38500
v -4.49000 2.06000 -1.29500
v -4.49000 2.06000 -1.38500
v -4.49000 2.26000 -1.38500
v -4.49000 2.26000 -1.29500
v -5.91000 2.06000 -1.38500
v -5.91000 2.06000 -1.29500
v -5.91000 2.26000 -1.29500
v -5.91000 2.26000 -1.38500
v -5.91000 2.26000 -1.29500
v -4.49000 2.26000 -1.29500
v -4.49000 2.26000 -1.38500
v -5.91000 2.26000 -1.38500
v -5.91000 2.06000 -1.38500
v -4.49000 2.06000 -1.38500
v -4.49000 2.06000 -1.29500
v -5.91000 2.06000 -1.29500
v -5.91000 2.06000 -1.29500
v -4.49000 2.06000 -1.29500
v -4.49000 2.26000 -1.29500
v -5.91000 2.26000 -1.29500
v -4.49000 2.06000 -1.38500
v -5.91000 2.06000 -1.38500
v -5.91000 2.26000 -1.38500
v -4.49000 2.26000 -1.38500
v -4.49000 -0.00500 -1.16000
v -4.49000 -0.00500 -1.40000
v -4.49000 0.04500 -1.40000
v -4.49000 0.04500 -1.16000
v -5.91000 -0.00500 -1.40000
v -5.91000 -0.00500 -1.16000
v -5.91000 0.04500 -1.16000
v -5.91000 0.04500 -1.40000
v -5.91000 0.04500 -1.16000
v -4.49000 0.04500 -1.16000
v -4.49000 0.04500 -1.40000
v -5.91000 0.04500 -1.40000
v -5.91000 -0.00500 -1.40000
v -4.49000 -0.00500 -1.40000
v -4.49000 -0.00500 -1.16000
v -5.91000 -0.00500 -1.16000
v -5.91000 -0.00500 -1.16000
v -4.49000 -0.00500 -1.16000
v -4.49000 0.04500 -1.16000
v -5.91000 0.04500 -1.16000
v -4.49000 -0.00500 -1.40000
v -5.91000 -0.00500 -1.40000
v -5.91000 0.04500 -1.40000
v -4.49000 0.04500 -1.40000
v -4.51000 0.03500 -1.33000
v -4.51000 0.03500 -1.39000
v -4.51000 0.05500 -1.39000
v -4.51000 0.05500 -1.33000
v -5.89000 0.03500 -1.39000
v -5.89000 0.03500 -1.33000
v -5.89000 0.05500 -1.33000
v -5.89000 0.05500 -1.39000
v -5.89000 0.05500 -1.33000
v -4.51000 0.05500 -1.33000
v -4.51000 0.05500 -1.39000
v -5.89000 0.05500 -1.39000
v -5.89000 0.03500 -1.39000
v -4.51000 0.03500 -1.39000
v -4.51000 0.03500 -1.33000
v -5.89000 0.03500 -1.33000
v -5.89000 0.03500 -1.33000
v -4.51000 0.03500 -1.33000
v -4.51000 0.05500 -1.33000
v -5.89000 0.05500 -1.33000
v -4.51000 0.03500 -1.39000
v -5.89000 0.03500 -1.39000
v -5.89000 0.05500 -1.39000
v -4.51000 0.05500 -1.39000
v -0.68500 0.05000 -1.29500
v -0.68500 0.05000 -1.38500
v -0.68500 2.15000 -1.38500
v -0.68500 2.15000 -1.29500
v -0.71500 0.05000 -1.38500
v -0.71500 0.05000 -1.29500
v -0.71500 2.15000 -1.29500
v -0.71500 2.15000 -1.38500
v -0.71500 2.15000 -1.29500
v -0.68500 2.15000 -1.29500
v -0.68500 2.15000 -1.38500
v -0.71500 2.15000 -1.38500
v -0.71500 0.05000 -1.38500
v -0.68500 0.05000 -1.38500
v -0.68500 0.05000 -1.29500
v -0.71500 0.05000 -1.29500
v -0.71500 0.05000 -1.29500
v -0.68500 0.05000 -1.29500
v -0.68500 2.15000 -1.29500
v -0.71500 2.15000 -1.29500
v -0.68500 0.05000 -1.38500
v -0.71500 0.05000 -1.38500
v -0.71500 2.15000 -1.38500
v -0.68500 2.15000 -1.38500
v 0.71500 0.05000 -1.29500
v 0.71500 0.05000 -1.38500
v 0.71500 2.15000 -1.38500
v 0.71500 2.15000 -1.29500
v 0.68500 0.05000 -1.38500
v 0.68500 0.05000 -1.29500
v 0.68500 2.15000 -1.29500
v 0.68500 2.15000 -1.38500
v 0.68500 2.15000 -1.29500
v 0.71500 2.15000 -1.29500
v 0.71500 2.15000 -1.38500
v 0.68500 2.15000 -1.38500
v 0.68500 0.05000 -1.38500
v 0.71500 0.05000 -1.38500
v 0.71500 0.05000 -1.29500
v 0.68500 0.05000 -1.29500
v 0.68500 0.05000 -1.29500
v 0.71500 0.05000 -1.29500
v 0.71500 2.15000 -1.29500
v 0.68500 2.15000 -1.29500
v 0.71500 0.05000 -1.38500
v 0.68500 0.05000 -1.38500
v 0.68500 2.15000 -1.38500
v 0.71500 2.15000 -1.38500
v 0.71000 2.06000 -1.29500
v 0.71000 2.06000 -1.38500
v 0.71000 2.26000 -1.38500
v 0.71000 2.26000 -1.29500
v -0.71000 2.06000 -1.38500
v -0.71000 2.06000 -1.29500
v -0.71000 2.26000 -1.29500
v -0.71000 2.26000 -1.38500
v -0.71000 2.26000 -1.29500
v 0.71000 2.26000 -1.29500
v 0.71000 2.26000 -1.38500
v -0.71000 2.26000 -1.38500
v -0.71000 2.06000 -1.38500
v 0.71000 2.06000 -1.38500
v 0.71000 2.06000 -1.29500
v -0.71000 2.06000 -1.29500
v -0.71000 2.06000 -1.29500
v 0.71000 2.06000 -1.29500
v 0.71000 2.26000 -1.29500
v -0.71000 2.26000 -1.29500
v 0.71000 2.06000 -1.38500
v -0.71000 2.06000 -1.38500
v -0.71000 2.26000 -1.38500
v 0.71000 2.26000 -1.38500
v 0.71000 -0.00500 -1.16000
v 0.71000 -0.00500 -1.40000
v 0.71000 0.04500 -1.40000
v 0.71000 0.04500 -1.16000
v -0.71000 -0.00500 -1.40000
v -0.71000 -0.00500 -1.16000
v -0.71000 0.04500 -1.16000
v -0.71000 0.04500 -1.40000
v -0.71000 0.04500 -1.16000
v 0.71000 0.04500 -1.16000
v 0.71000 0.04500 -1.40000
v -0.71000 0.04500 -1.40000
v -0.71000 -0.00500 -1.40000
v 0.71000 -0.00500 -1.40000
v 0.71000 -0.00500 -1.16000
v -0.71000 -0.00500 -1.16000
v -0.71000 -0.00500 -1.16000
v 0.71000 -0.00500 -1.16000
v 0.71000 0.04500 -1.16000
v -0.71000 0.04500 -1.16000
v 0.71000 -0.00500 -1.40000
v -0.71000 -0.00500 -1.40000
v -0.71000 0.04500 -1.40000
v 0.71000 0.04500 -1.40000
v 0.69000 0.03500 -1.33000
v 0.69000 0.03500 -1.39000
v 0.69000 0.05500 -1.39000
v 0.69000 0.05500 -1.33000
v -0.69000 0.03500 -1.39000
v -0.69000 0.03500 -1.33000
v -0.69000 0.05500 -1.33000
v -0.69000 0.05500 -1.39000
v -0.69000 0.05500 -1.33000
v 0.69000 0.05500 -1.33000
v 0.69000 0.05500 -1.39000
v -0.69000 0.05500 -1.39000
v -0.69000 0.03500 -1.39000
v 0.69000 0.03500 -1.39000
v 0.69000 0.03500 -1.33000
v -0.69000 0.03500 -1.33000
v -0.69000 0.03500 -1.33000
v 0.69000 0.03500 -1.33000
v 0.69000 0.05500 -1.33000
v -0.69000 0.05500 -1.33000
v 0.69000 0.03500 -1.39000
v -0.69000 0.03500 -1.39000
v -0.69000 0.05500 -1.39000
v 0.69000 0.05500 -1.39000
v 4.51500 0.05000 -1.29500
v 4.51500 0.05000 -1.38500
v 4.51500 2.15000 -1.38500
v 4.51500 2.15000 -1.29500
v 4.48500 0.05000 -1.38500
v 4.48500 0.05000 -1.29500
v 4.48500 2.15000 -1.29500
v 4.48500 2.15000 -1.38500
v 4.48500 2.15000 -1.29500
v 4.51500 2.15000 -1.29500
v 4.51500 2.15000 -1.38500
v 4.48500 2.15000 -1.38500
v 4.48500 0.05000 -1.38500
v 4.51500 0.05000 -1.38500
v 4.51500 0.05000 -1.29500
v 4.48500 0.05000 -1.29500
v 4.48500 0.05000 -1.29500
v 4.51500 0.05000 -1.29500
v 4.51500 2.15000 -1.29500
v 4.48500 2.15000 -1.29500
v 4.51500 0.05000 -1.38500
v 4.48500 0.05000 -1.38500
v 4.48500 2.15000 -1.38500
v 4.51500 2.15000 -1.38500
v 5.91500 0.05000 -1.29500
v 5.91500 0.05000 -1.38500
v 5.91500 2.15000 -1.38500
v 5.91500 2.15000 -1.29500
v 5.88500 0.05000 -1.38500
v 5.88500 0.05000 -1.29500
v 5.88500 2.15000 -1.29500
v 5.88500 2.15000 -1.38500
v 5.88500 2.15000 -1.29500
v 5.91500 2.15000 -1.29500
v 5.91500 2.15000 -1.38500
v 5.88500 2.15000 -1.38500
v 5.88500 0.05000 -1.38500
v 5.91500 0.05000 -1.38500
v 5.91500 0.05000 -1.29500
v 5.88500 0.05000 -1.29500
v 5.88500 0.05000 -1.29500
v 5.91500 0.05000 -1.29500
v 5.91500 2.15000 -1.29500
v 5.88500 2.15000 -1.29500
v 5.91500 0.05000 -1.38500
v 5.88500 0.05000 -1.38500
v 5.88500 2.15000 -1.38500
v 5.91500 2.15000 -1.38500
v 5.91000 2.06000 -1.29500
v 5.91000 2.06000 -1.38500
v 5.91000 2.26000 -1.38500
v 5.91000 2.26000 -1.29500
v 4.49000 2.06000 -1.38500
v 4.49000 2.06000 -1.29500
v 4.49000 2.26000 -1.29500
v 4.49000 2.26000 -1.38500
v 4.49000 2.26000 -1.29500
v 5.91000 2.26000 -1.29500
v 5.91000 2.26000 -1.38500
v 4.49000 2.26000 -1.38500
v 4.49000 2.06000 -1.38500
v 5.91000 2.06000 -1.38500
v 5.91000 2.06000 -1.29500
v 4.49000 2.06000 -1.29500
v 4.49000 2.06000 -1.29500
v 5.91000 2.06000 -1.29500
v 5.91000 2.26000 -1.29500
v 4.49000 2.26000 -1.29500
v 5.91000 2.06000 -1.38500
v 4.49000 2.06000 -1.38500
v 4.49000 2.26000 -1.38500
v 5.91000 2.26000 -1.38500
v 5.91000 -0.00500 -1.16000
v 5.91000 -0.00500 -1.40000
v 5.91000 0.04500 -1.40000
v 5.91000 0.04500 -1.16000
v 4.49000 -0.00500 -1.40000
v 4.49000 -0.00500 -1.16000
v 4.49000 0.04500 -1.16000
v 4.49000 0.04500 -1.40000
v 4.49000 0.04500 -1.16000
v 5.91000 0.04500 -1.16000
v 5.91000 0.04500 -1.40000
v 4.49000 0.04500 -1.40000
v 4.49000 -0.00500 -1.40000
v 5.91000 -0.00500 -1.40000
v 5.91000 -0.00500 -1.16000
v 4.49000 -0.00500 -1.16000
v 4.49000 -0.00500 -1.16000
v 5.91000 -0.00500 -1.16000
v 5.91000 0.04500 -1.16000
v 4.49000 0.04500 -1.16000
v 5.91000 -0.00500 -1.40000
v 4.49000 -0.00500 -1.40000
v 4.49000 0.04500 -1.40000
v 5.91000 0.04500 -1.40000
v 5.89000 0.03500 -1.33000
v 5.89000 0.03500 -1.39000
v 5.89000 0.05500 -1.39000
v 5.89000 0.05500 -1.33000
v 4.51000 0.03500 -1.39000
v 4.51000 0.03500 -1.33000
v 4.51000 0.05500 -1.33000
v 4.51000 0.05500 -1.39000
v 4.51000 0.05500 -1.33000
v 5.89000 0.05500 -1.33000
v 5.89000 0.05500 -1.39000
v 4.51000 0.05500 -1.39000
v 4.51000 0.03500 -1.39000
v 5.89000 0.03500 -1.39000
v 5.89000 0.03500 -1.33000
v 4.51000 0.03500 -1.33000
v 4.51000 0.03500 -1.33000
v 5.89000 0.03500 -1.33000
v 5.89000 0.05500 -1.33000
v 4.51000 0.05500 -1.33000
v 5.89000 0.03500 -1.39000
v 4.51000 0.03500 -1.39000
v 4.51000 0.05500 -1.39000
v 5.89000 0.05500 -1.39000
v -5.90000 0.00000 1.38000
v -5.90000 0.00000 1.31000
v -5.90000 0.68000 1.31000
v -5.90000 0.68000 1.38000
v -8.80000 0.00000 1.31000
v -8.80000 0.00000 1.38000
v -8.80000 0.68000 1.38000
v -8.80000 0.68000 1.31000
v -8.80000 0.68000 1.38000
v -5.90000 0.68000 1.38000
v -5.90000 0.68000 1.31000
v -8.80000 0.68000 1.31000
v -8.80000 0.00000 1.31000
v -5.90000 0.00000 1.31000
v -5.90000 0.00000 1.38000
v -8.80000 0.00000 1.38000
v -8.80000 0.00000 1.38000
v -5.90000 0.00000 1.38000
v -5.90000 0.68000 1.38000
v -8.80000 0.68000 1.38000
v -5.90000 0.00000 1.31000
v -8.80000 0.00000 1.31000
v -8.80000 0.68000 1.31000
v -5.90000 0.68000 1.31000
v -5.90000 0.62000 1.38250
v -5.90000 0.62000 1.30750
v -5.90000 0.76000 1.30750
v -5.90000 0.76000 1.38250
v -8.80000 0.62000 1.30750
v -8.80000 0.62000 1.38250
v -8.80000 0.76000 1.38250
v -8.80000 0.76000 1.30750
v -8.80000 0.76000 1.38250
v -5.90000 0.76000 1.38250
v -5.90000 0.76000 1.30750
v -8.80000 0.76000 1.30750
v -8.80000 0.62000 1.30750
v -5.90000 0.62000 1.30750
v -5.90000 0.62000 1.38250
v -8.80000 0.62000 1.38250
v -8.80000 0.62000 1.38250
v -5.90000 0.62000 1.38250
v -5.90000 0.76000 1.38250
v -8.80000 0.76000 1.38250
v -5.90000 0.62000 1.30750
v -8.80000 0.62000 1.30750
v -8.80000 0.76000 1.30750
v -5.90000 0.76000 1.30750
v -8.64000 0.72000 1.38000
v -8.64000 0.72000 1.31000
v -8.64000 1.86000 1.31000
v -8.64000 1.86000 1.38000
v -8.80000 0.72000 1.31000
v -8.80000 0.72000 1.38000
v -8.80000 1.86000 1.38000
v -8.80000 1.86000 1.31000
v -8.80000 1.86000 1.38000
v -8.64000 1.86000 1.38000
v -8.64000 1.86000 1.31000
v -8.80000 1.86000 1.31000
v -8.80000 0.72000 1.31000
v -8.64000 0.72000 1.31000
v -8.64000 0.72000 1.38000
v -8.80000 0.72000 1.38000
v -8.80000 0.72000 1.38000
v -8.64000 0.72000 1.38000
v -8.64000 1.86000 1.38000
v -8.80000 1.86000 1.38000
v -8.64000 0.72000 1.31000
v -8.80000 0.72000 1.31000
v -8.80000 1.86000 1.31000
v -8.64000 1.86000 1.31000
v -7.27000 0.72000 1.38000
v -7.27000 0.72000 1.31000
v -7.27000 1.86000 1.31000
v -7.27000 1.86000 1.38000
v -7.43000 0.72000 1.31000
v -7.43000 0.72000 1.38000
v -7.43000 1.86000 1.38000
v -7.43000 1.86000 1.31000
v -7.43000 1.86000 1.38000
v -7.27000 1.86000 1.38000
v -7.27000 1.86000 1.31000
v -7.43000 1.86000 1.31000
v -7.43000 0.72000 1.31000
v -7.27000 0.72000 1.31000
v -7.27000 0.72000 1.38000
v -7.43000 0.72000 1.38000
v -7.43000 0.72000 1.38000
v -7.27000 0.72000 1.38000
v -7.27000 1.86000 1.38000
v -7.43000 1.86000 1.38000
v -7.27000 0.72000 1.31000
v -7.43000 0.72000 1.31000
v -7.43000 1.86000 1.31000
v -7.27000 1.86000 1.31000
v -5.90000 0.72000 1.38000
v -5.90000 0.72000 1.31000
v -5.90000 1.86000 1.31000
v -5.90000 1.86000 1.38000
v -6.06000 0.72000 1.31000
v -6.06000 0.72000 1.38000
v -6.06000 1.86000 1.38000
v -6.06000 1.86000 1.31000
v -6.06000 1.86000 1.38000
v -5.90000 1.86000 1.38000
v -5.90000 1.86000 1.31000
v -6.06000 1.86000 1.31000
v -6.06000 0.72000 1.31000
v -5.90000 0.72000 1.31000
v -5.90000 0.72000 1.38000
v -6.06000 0.72000 1.38000
v -6.06000 0.72000 1.38000
v -5.90000 0.72000 1.38000
v -5.90000 1.86000 1.38000
v -6.06000 1.86000 1.38000
v -5.90000 0.72000 1.31000
v -6.06000 0.72000 1.31000
v -6.06000 1.86000 1.31000
v -5.90000 1.86000 1.31000
v -7.43000 0.74000 1.37000
v -7.43000 0.74000 1.35000
v -7.43000 1.84000 1.35000
v -7.43000 1.84000 1.37000
v -8.64000 0.74000 1.35000
v -8.64000 0.74000 1.37000
v -8.64000 1.84000 1.37000
v -8.64000 1.84000 1.35000
v -8.64000 1.84000 1.37000
v -7.43000 1.84000 1.37000
v -7.43000 1.84000 1.35000
v -8.64000 1.84000 1.35000
v -8.64000 0.74000 1.35000
v -7.43000 0.74000 1.35000
v -7.43000 0.74000 1.37000
v -8.64000 0.74000 1.37000
v -8.64000 0.74000 1.37000
v -7.43000 0.74000 1.37000
v -7.43000 1.84000 1.37000
v -8.64000 1.84000 1.37000
v -7.43000 0.74000 1.35000
v -8.64000 0.74000 1.35000
v -8.64000 1.84000 1.35000
v -7.43000 1.84000 1.35000
v -7.41000 0.72000 1.35000
v -7.41000 0.72000 1.32000
v -7.41000 1.86000 1.32000
v -7.41000 1.86000 1.35000
v -8.66000 0.72000 1.32000
v -8.66000 0.72000 1.35000
v -8.66000 1.86000 1.35000
v -8.66000 1.86000 1.32000
v -8.66000 1.86000 1.35000
v -7.41000 1.86000 1.35000
v -7.41000 1.86000 1.32000
v -8.66000 1.86000 1.32000
v -8.66000 0.72000 1.32000
v -7.41000 0.72000 1.32000
v -7.41000 0.72000 1.35000
v -8.66000 0.72000 1.35000
v -6.06000 0.74000 1.37000
v -6.06000 0.74000 1.35000
v -6.06000 1.84000 1.35000
v -6.06000 1.84000 1.37000
v -7.27000 0.74000 1.35000
v -7.27000 0.74000 1.37000
v -7.27000 1.84000 1.37000
v -7.27000 1.84000 1.35000
v -7.27000 1.84000 1.37000
v -6.06000 1.84000 1.37000
v -6.06000 1.84000 1.35000
v -7.27000 1.84000 1.35000
v -7.27000 0.74000 1.35000
v -6.06000 0.74000 1.35000
v -6.06000 0.74000 1.37000
v -7.27000 0.74000 1.37000
v -7.27000 0.74000 1.37000
v -6.06000 0.74000 1.37000
v -6.06000 1.84000 1.37000
v -7.27000 1.84000 1.37000
v -6.06000 0.74000 1.35000
v -7.27000 0.74000 1.35000
v -7.27000 1.84000 1.35000
v -6.06000 1.84000 1.35000
v -6.04000 0.72000 1.35000
v -6.04000 0.72000 1.32000
v -6.04000 1.86000 1.32000
v -6.04000 1.86000 1.35000
v -7.29000 0.72000 1.32000
v -7.29000 0.72000 1.35000
v -7.29000 1.86000 1.35000
v -7.29000 1.86000 1.32000
v -7.29000 1.86000 1.35000
v -6.04000 1.86000 1.35000
v -6.04000 1.86000 1.32000
v -7.29000 1.86000 1.32000
v -7.29000 0.72000 1.32000
v -6.04000 0.72000 1.32000
v -6.04000 0.72000 1.35000
v -7.29000 0.72000 1.35000
v -5.90000 1.88000 1.38000
v -5.90000 1.88000 1.31000
v -5.90000 2.12000 1.31000
v -5.90000 2.12000 1.38000
v -8.80000 1.88000 1.31000
v -8.80000 1.88000 1.38000
v -8.80000 2.12000 1.38000
v -8.80000 2.12000 1.31000
v -8.80000 2.12000 1.38000
v -5.90000 2.12000 1.38000
v -5.90000 2.12000 1.31000
v -8.80000 2.12000 1.31000
v -8.80000 1.88000 1.31000
v -5.90000 1.88000 1.31000
v -5.90000 1.88000 1.38000
v -8.80000 1.88000 1.38000
v -8.80000 1.88000 1.38000
v -5.90000 1.88000 1.38000
v -5.90000 2.12000 1.38000
v -8.80000 2.12000 1.38000
v -5.90000 1.88000 1.31000
v -8.80000 1.88000 1.31000
v -8.80000 2.12000 1.31000
v -5.90000 2.12000 1.31000
v -5.90000 0.05000 1.30000
v -8.80000 0.05000 1.30000
v -8.80000 2.35000 1.30000
v -5.90000 2.35000 1.30000
v -0.70000 0.00000 1.38000
v -0.70000 0.00000 1.31000
v -0.70000 0.68000 1.31000
v -0.70000 0.68000 1.38000
v -4.50000 0.00000 1.31000
v -4.50000 0.00000 1.38000
v -4.50000 0.68000 1.38000
v -4.50000 0.68000 1.31000
v -4.50000 0.68000 1.38000
v -0.70000 0.68000 1.38000
v -0.70000 0.68000 1.31000
v -4.50000 0.68000 1.31000
v -4.50000 0.00000 1.31000
v -0.70000 0.00000 1.31000
v -0.70000 0.00000 1.38000
v -4.50000 0.00000 1.38000
v -4.50000 0.00000 1.38000
v -0.70000 0.00000 1.38000
v -0.70000 0.68000 1.38000
v -4.50000 0.68000 1.38000
v -0.70000 0.00000 1.31000
v -4.50000 0.00000 1.31000
v -4.50000 0.68000 1.31000
v -0.70000 0.68000 1.31000
v -0.70000 0.62000 1.38250
v -0.70000 0.62000 1.30750
v -0.70000 0.76000 1.30750
v -0.70000 0.76000 1.38250
v -4.50000 0.62000 1.30750
v -4.50000 0.62000 1.38250
v -4.50000 0.76000 1.38250
v -4.50000 0.76000 1.30750
v -4.50000 0.76000 1.38250
v -0.70000 0.76000 1.38250
v -0.70000 0.76000 1.30750
v -4.50000 0.76000 1.30750
v -4.50000 0.62000 1.30750
v -0.70000 0.62000 1.30750
v -0.70000 0.62000 1.38250
v -4.50000 0.62000 1.38250
v -4.50000 0.62000 1.38250
v -0.70000 0.62000 1.38250
v -0.70000 0.76000 1.38250
v -4.50000 0.76000 1.38250
v -0.70000 0.62000 1.30750
v -4.50000 0.62000 1.30750
v -4.50000 0.76000 1.30750
v -0.70000 0.76000 1.30750
v -4.34000 0.72000 1.38000
v -4.34000 0.72000 1.31000
v -4.34000 1.86000 1.31000
v -4.34000 1.86000 1.38000
v -4.50000 0.72000 1.31000
v -4.50000 0.72000 1.38000
v -4.50000 1.86000 1.38000
v -4.50000 1.86000 1.31000
v -4.50000 1.86000 1.38000
v -4.34000 1.86000 1.38000
v -4.34000 1.86000 1.31000
v -4.50000 1.86000 1.31000
v -4.50000 0.72000 1.31000
v -4.34000 0.72000 1.31000
v -4.34000 0.72000 1.38000
v -4.50000 0.72000 1.38000
v -4.50000 0.72000 1.38000
v -4.34000 0.72000 1.38000
v -4.34000 1.86000 1.38000
v -4.50000 1.86000 1.38000
v -4.34000 0.72000 1.31000
v -4.50000 0.72000 1.31000
v -4.50000 1.86000 1.31000
v -4.34000 1.86000 1.31000
v -2.52000 0.72000 1.38000
v -2.52000 0.72000 1.31000
v -2.52000 1.86000 1.31000
v -2.52000 1.86000 1.38000
v -2.68000 0.72000 1.31000
v -2.68000 0.72000 1.38000
v -2.68000 1.86000 1.38000
v -2.68000 1.86000 1.31000
v -2.68000 1.86000 1.38000
v -2.52000 1.86000 1.38000
v -2.52000 1.86000 1.31000
v -2.68000 1.86000 1.31000
v -2.68000 0.72000 1.31000
v -2.52000 0.72000 1.31000
v -2.52000 0.72000 1.38000
v -2.68000 0.72000 1.38000
v -2.68000 0.72000 1.38000
v -2.52000 0.72000 1.38000
v -2.52000 1.86000 1.38000
v -2.68000 1.86000 1.38000
v -2.52000 0.72000 1.31000
v -2.68000 0.72000 1.31000
v -2.68000 1.86000 1.31000
v -2.52000 1.86000 1.31000
v -0.70000 0.72000 1.38000
v -0.70000 0.72000 1.31000
v -0.70000 1.86000 1.31000
v -0.70000 1.86000 1.38000
v -0.86000 0.72000 1.31000
v -0.86000 0.72000 1.38000
v -0.86000 1.86000 1.38000
v -0.86000 1.86000 1.31000
v -0.86000 1.86000 1.38000
v -0.70000 1.86000 1.38000
v -0.70000 1.86000 1.31000
v -0.86000 1.86000 1.31000
v -0.86000 0.72000 1.31000
v -0.70000 0.72000 1.31000
v -0.70000 0.72000 1.38000
v -0.86000 0.72000 1.38000
v -0.86000 0.72000 1.38000
v -0.70000 0.72000 1.38000
v -0.70000 1.86000 1.38000
v -0.86000 1.86000 1.38000
v -0.70000 0.72000 1.31000
v -0.86000 0.72000 1.31000
v -0.86000 1.86000 1.31000
v -0.70000 1.86000 1.31000
v -2.68000 0.74000 1.37000
v -2.68000 0.74000 1.35000
v -2.68000 1.84000 1.35000
v -2.68000 1.84000 1.37000
v -4.34000 0.74000 1.35000
v -4.34000 0.74000 1.37000
v -4.34000 1.84000 1.37000
v -4.34000 1.84000 1.35000
v -4.34000 1.84000 1.37000
v -2.68000 1.84000 1.37000
v -2.68000 1.84000 1.35000
v -4.34000 1.84000 1.35000
v -4.34000 0.74000 1.35000
v -2.68000 0.74000 1.35000
v -2.68000 0.74000 1.37000
v -4.34000 0.74000 1.37000
v -4.34000 0.74000 1.37000
v -2.68000 0.74000 1.37000
v -2.68000 1.84000 1.37000
v -4.34000 1.84000 1.37000
v -2.68000 0.74000 1.35000
v -4.34000 0.74000 1.35000
v -4.34000 1.84000 1.35000
v -2.68000 1.84000 1.35000
v -2.66000 0.72000 1.35000
v -2.66000 0.72000 1.32000
v -2.66000 1.86000 1.32000
v -2.66000 1.86000 1.35000
v -4.36000 0.72000 1.32000
v -4.36000 0.72000 1.35000
v -4.36000 1.86000 1.35000
v -4.36000 1.86000 1.32000
v -4.36000 1.86000 1.35000
v -2.66000 1.86000 1.35000
v -2.66000 1.86000 1.32000
v -4.36000 1.86000 1.32000
v -4.36000 0.72000 1.32000
v -2.66000 0.72000 1.32000
v -2.66000 0.72000 1.35000
v -4.36000 0.72000 1.35000
v -0.86000 0.74000 1.37000
v -0.86000 0.74000 1.35000
v -0.86000 1.84000 1.35000
v -0.86000 1.84000 1.37000
v -2.52000 0.74000 1.35000
v -2.52000 0.74000 1.37000
v -2.52000 1.84000 1.37000
v -2.52000 1.84000 1.35000
v -2.52000 1.84000 1.37000
v -0.86000 1.84000 1.37000
v -0.86000 1.84000 1.35000
v -2.52000 1.84000 1.35000
v -2.52000 0.74000 1.35000
v -0.86000 0.74000 1.35000
v -0.86000 0.74000 1.37000
v -2.52000 0.74000 1.37000
v -2.52000 0.74000 1.37000
v -0.86000 0.74000 1.37000
v -0.86000 1.84000 1.37000
v -2.52000 1.84000 1.37000
v -0.86000 0.74000 1.35000
v -2.52000 0.74000 1.35000
v -2.52000 1.84000 1.35000
v -0.86000 1.84000 1.35000
v -0.84000 0.72000 1.35000
v -0.84000 0.72000 1.32000
v -0.84000 1.86000 1.32000
v -0.84000 1.86000 1.35000
v -2.54000 0.72000 1.32000
v -2.54000 0.72000 1.35000
v -2.54000 1.86000 1.35000
v -2.54000 1.86000 1.32000
v -2.54000 1.86000 1.35000
v -0.84000 1.86000 1.35000
v -0.84000 1.86000 1.32000
v -2.54000 1.86000 1.32000
v -2.54000 0.72000 1.32000
v -0.84000 0.72000 1.32000
v -0.84000 0.72000 1.35000
v -2.54000 0.72000 1.35000
v -0.70000 1.88000 1.38000
v -0.70000 1.88000 1.31000
v -0.70000 2.12000 1.31000
v -0.70000 2.12000 1.38000
v -4.50000 1.88000 1.31000
v -4.50000 1.88000 1.38000
v -4.50000 2.12000 1.38000
v -4.50000 2.12000 1.31000
v -4.50000 2.12000 1.38000
v -0.70000 2.12000 1.38000
v -0.70000 2.12000 1.31000
v -4.50000 2.12000 1.31000
v -4.50000 1.88000 1.31000
v -0.70000 1.88000 1.31000
v -0.70000 1.88000 1.38000
v -4.50000 1.88000 1.38000
v -4.50000 1.88000 1.38000
v -0.70000 1.88000 1.38000
v -0.70000 2.12000 1.38000
v -4.50000 2.12000 1.38000
v -0.70000 1.88000 1.31000
v -4.50000 1.88000 1.31000
v -4.50000 2.12000 1.31000
v -0.70000 2.12000 1.31000
v -0.70000 0.05000 1.30000
v -4.50000 0.05000 1.30000
v -4.50000 2.35000 1.30000
v -0.70000 2.35000 1.30000
v 4.50000 0.00000 1.38000
v 4.50000 0.00000 1.31000
v 4.50000 0.68000 1.31000
v 4.50000 0.68000 1.38000
v 0.70000 0.00000 1.31000
v 0.70000 0.00000 1.38000
v 0.70000 0.68000 1.38000
v 0.70000 0.68000 1.31000
v 0.70000 0.68000 1.38000
v 4.50000 0.68000 1.38000
v 4.50000 0.68000 1.31000
v 0.70000 0.68000 1.31000
v 0.70000 0.00000 1.31000
v 4.50000 0.00000 1.31000
v 4.50000 0.00000 1.38000
v 0.70000 0.00000 1.38000
v 0.70000 0.00000 1.38000
v 4.50000 0.00000 1.38000
v 4.50000 0.68000 1.38000
v 0.70000 0.68000 1.38000
v 4.50000 0.00000 1.31000
v 0.70000 0.00000 1.31000
v 0.70000 0.68000 1.31000
v 4.50000 0.68000 1.31000
v 4.50000 0.62000 1.38250
v 4.50000 0.62000 1.30750
v 4.50000 0.76000 1.30750
v 4.50000 0.76000 1.38250
v 0.70000 0.62000 1.30750
v 0.70000 0.62000 1.38250
v 0.70000 0.76000 1.38250
v 0.70000 0.76000 1.30750
v 0.70000 0.76000 1.38250
v 4.50000 0.76000 1.38250
v 4.50000 0.76000 1.30750
v 0.70000 0.76000 1.30750
v 0.70000 0.62000 1.30750
v 4.50000 0.62000 1.30750
v 4.50000 0.62000 1.38250
v 0.70000 0.62000 1.38250
v 0.70000 0.62000 1.38250
v 4.50000 0.62000 1.38250
v 4.50000 0.76000 1.38250
v 0.70000 0.76000 1.38250
v 4.50000 0.62000 1.30750
v 0.70000 0.62000 1.30750
v 0.70000 0.76000 1.30750
v 4.50000 0.76000 1.30750
v 0.86000 0.72000 1.38000
v 0.86000 0.72000 1.31000
v 0.86000 1.86000 1.31000
v 0.86000 1.86000 1.38000
v 0.70000 0.72000 1.31000
v 0.70000 0.72000 1.38000
v 0.70000 1.86000 1.38000
v 0.70000 1.86000 1.31000
v 0.70000 1.86000 1.38000
v 0.86000 1.86000 1.38000
v 0.86000 1.86000 1.31000
v 0.70000 1.86000 1.31000
v 0.70000 0.72000 1.31000
v 0.86000 0.72000 1.31000
v 0.86000 0.72000 1.38000
v 0.70000 0.72000 1.38000
v 0.70000 0.72000 1.38000
v 0.86000 0.72000 1.38000
v 0.86000 1.86000 1.38000
v 0.70000 1.86000 1.38000
v 0.86000 0.72000 1.31000
v 0.70000 0.72000 1.31000
v 0.70000 1.86000 1.31000
v 0.86000 1.86000 1.31000
v 2.68000 0.72000 1.38000
v 2.68000 0.72000 1.31000
v 2.68000 1.86000 1.31000
v 2.68000 1.86000 1.38000
v 2.52000 0.72000 1.31000
v 2.52000 0.72000 1.38000
v 2.52000 1.86000 1.38000
v 2.52000 1.86000 1.31000
v 2.52000 1.86000 1.38000
v 2.68000 1.86000 1.38000
v 2.68000 1.86000 1.31000
v 2.52000 1.86000 1.31000
v 2.52000 0.72000 1.31000
v 2.68000 0.72000 1.31000
v 2.68000 0.72000 1.38000
v 2.52000 0.72000 1.38000
v 2.52000 0.72000 1.38000
v 2.68000 0.72000 1.38000
v 2.68000 1.86000 1.38000
v 2.52000 1.86000 1.38000
v 2.68000 0.72000 1.31000
v 2.52000 0.72000 1.31000
v 2.52000 1.86000 1.31000
v 2.68000 1.86000 1.31000
v 4.50000 0.72000 1.38000
v 4.50000 0.72000 1.31000
v 4.50000 1.86000 1.31000
v 4.50000 1.86000 1.38000
v 4.34000 0.72000 1.31000
v 4.34000 0.72000 1.38000
v 4.34000 1.86000 1.38000
v 4.34000 1.86000 1.31000
v 4.34000 1.86000 1.38000
v 4.50000 1.86000 1.38000
v 4.50000 1.86000 1.31000
v 4.34000 1.86000 1.31000
v 4.34000 0.72000 1.31000
v 4.50000 0.72000 1.31000
v 4.50000 0.72000 1.38000
v 4.34000 0.72000 1.38000
v 4.34000 0.72000 1.38000
v 4.50000 0.72000 1.38000
v 4.50000 1.86000 1.38000
v 4.34000 1.86000 1.38000
v 4.50000 0.72000 1.31000
v 4.34000 0.72000 1.31000
v 4.34000 1.86000 1.31000
v 4.50000 1.86000 1.31000
v 2.52000 0.74000 1.37000
v 2.52000 0.74000 1.35000
v 2.52000 1.84000 1.35000
v 2.52000 1.84000 1.37000
v 0.86000 0.74000 1.35000
v 0.86000 0.74000 1.37000
v 0.86000 1.84000 1.37000
v 0.86000 1.84000 1.35000
v 0.86000 1.84000 1.37000
v 2.52000 1.84000 1.37000
v 2.52000 1.84000 1.35000
v 0.86000 1.84000 1.35000
v 0.86000 0.74000 1.35000
v 2.52000 0.74000 1.35000
v 2.52000 0.74000 1.37000
v 0.86000 0.74000 1.37000
v 0.86000 0.74000 1.37000
v 2.52000 0.74000 1.37000
v 2.52000 1.84000 1.37000
v 0.86000 1.84000 1.37000
v 2.52000 0.74000 1.35000
v 0.86000 0.74000 1.35000
v 0.86000 1.84000 1.35000
v 2.52000 1.84000 1.35000
v 2.54000 0.72000 1.35000
v 2.54000 0.72000 1.32000
v 2.54000 1.86000 1.32000
v 2.54000 1.86000 1.35000
v 0.84000 0.72000 1.32000
v 0.84000 0.72000 1.35000
v 0.84000 1.86000 1.35000
v 0.84000 1.86000 1.32000
v 0.84000 1.86000 1.35000
v 2.54000 1.86000 1.35000
v 2.54000 1.86000 1.32000
v 0.84000 1.86000 1.32000
v 0.84000 0.72000 1.32000
v 2.54000 0.72000 1.32000
v 2.54000 0.72000 1.35000
v 0.84000 0.72000 1.35000
v 4.34000 0.74000 1.37000
v 4.34000 0.74000 1.35000
v 4.34000 1.84000 1.35000
v 4.34000 1.84000 1.37000
v 2.68000 0.74000 1.35000
v 2.68000 0.74000 1.37000
v 2.68000 1.84000 1.37000
v 2.68000 1.84000 1.35000
v 2.68000 1.84000 1.37000
v 4.34000 1.84000 1.37000
v 4.34000 1.84000 1.35000
v 2.68000 1.84000 1.35000
v 2.68000 0.74000 1.35000
v 4.34000 0.74000 1.35000
v 4.34000 0.74000 1.37000
v 2.68000 0.74000 1.37000
v 2.68000 0.74000 1.37000
v 4.34000 0.74000 1.37000
v 4.34000 1.84000 1.37000
v 2.68000 1.84000 1.37000
v 4.34000 0.74000 1.35000
v 2.68000 0.74000 1.35000
v 2.68000 1.84000 1.35000
v 4.34000 1.84000 1.35000
v 4.36000 0.72000 1.35000
v 4.36000 0.72000 1.32000
v 4.36000 1.86000 1.32000
v 4.36000 1.86000 1.35000
v 2.66000 0.72000 1.32000
v 2.66000 0.72000 1.35000
v 2.66000 1.86000 1.35000
v 2.66000 1.86000 1.32000
v 2.66000 1.86000 1.35000
v 4.36000 1.86000 1.35000
v 4.36000 1.86000 1.32000
v 2.66000 1.86000 1.32000
v 2.66000 0.72000 1.32000
v 4.36000 0.72000 1.32000
v 4.36000 0.72000 1.35000
v 2.66000 0.72000 1.35000
v 4.50000 1.88000 1.38000
v 4.50000 1.88000 1.31000
v 4.50000 2.12000 1.31000
v 4.50000 2.12000 1.38000
v 0.70000 1.88000 1.31000
v 0.70000 1.88000 1.38000
v 0.70000 2.12000 1.38000
v 0.70000 2.12000 1.31000
v 0.70000 2.12000 1.38000
v 4.50000 2.12000 1.38000
v 4.50000 2.12000 1.31000
v 0.70000 2.12000 1.31000
v 0.70000 1.88000 1.31000
v 4.50000 1.88000 1.31000
v 4.50000 1.88000 1.38000
v 0.70000 1.88000 1.38000
v 0.70000 1.88000 1.38000
v 4.50000 1.88000 1.38000
v 4.50000 2.12000 1.38000
v 0.70000 2.12000 1.38000
v 4.50000 1.88000 1.31000
v 0.70000 1.88000 1.31000
v 0.70000 2.12000 1.31000
v 4.50000 2.12000 1.31000
v 4.50000 0.05000 1.30000
v 0.70000 0.05000 1.30000
v 0.70000 2.35000 1.30000
v 4.50000 2.35000 1.30000
v 8.80000 0.00000 1.38000
v 8.80000 0.00000 1.31000
v 8.80000 0.68000 1.31000
v 8.80000 0.68000 1.38000
v 5.90000 0.00000 1.31000
v 5.90000 0.00000 1.38000
v 5.90000 0.68000 1.38000
v 5.90000 0.68000 1.31000
v 5.90000 0.68000 1.38000
v 8.80000 0.68000 1.38000
v 8.80000 0.68000 1.31000
v 5.90000 0.68000 1.31000
v 5.90000 0.00000 1.31000
v 8.80000 0.00000 1.31000
v 8.80000 0.00000 1.38000
v 5.90000 0.00000 1.38000
v 5.90000 0.00000 1.38000
v 8.80000 0.00000 1.38000
v 8.80000 0.68000 1.38000
v 5.90000 0.68000 1.38000
v 8.80000 0.00000 1.31000
v 5.90000 0.00000 1.31000
v 5.90000 0.68000 1.31000
v 8.80000 0.68000 1.31000
v 8.80000 0.62000 1.38250
v 8.80000 0.62000 1.30750
v 8.80000 0.76000 1.30750
v 8.80000 0.76000 1.38250
v 5.90000 0.62000 1.30750
v 5.90000 0.62000 1.38250
v 5.90000 0.76000 1.38250
v 5.90000 0.76000 1.30750
v 5.90000 0.76000 1.38250
v 8.80000 0.76000 1.38250
v 8.80000 0.76000 1.30750
v 5.90000 0.76000 1.30750
v 5.90000 0.62000 1.30750
v 8.80000 0.62000 1.30750
v 8.80000 0.62000 1.38250
v 5.90000 0.62000 1.38250
v 5.90000 0.62000 1.38250
v 8.80000 0.62000 1.38250
v 8.80000 0.76000 1.38250
v 5.90000 0.76000 1.38250
v 8.80000 0.62000 1.30750
v 5.90000 0.62000 1.30750
v 5.90000 0.76000 1.30750
v 8.80000 0.76000 1.30750
v 6.06000 0.72000 1.38000
v 6.06000 0.72000 1.31000
v 6.06000 1.86000 1.31000
v 6.06000 1.86000 1.38000
v 5.90000 0.72000 1.31000
v 5.90000 0.72000 1.38000
v 5.90000 1.86000 1.38000
v 5.90000 1.86000 1.31000
v 5.90000 1.86000 1.38000
v 6.06000 1.86000 1.38000
v 6.06000 1.86000 1.31000
v 5.90000 1.86000 1.31000
v 5.90000 0.72000 1.31000
v 6.06000 0.72000 1.31000
v 6.06000 0.72000 1.38000
v 5.90000 0.72000 1.38000
v 5.90000 0.72000 1.38000
v 6.06000 0.72000 1.38000
v 6.06000 1.86000 1.38000
v 5.90000 1.86000 1.38000
v 6.06000 0.72000 1.31000
v 5.90000 0.72000 1.31000
v 5.90000 1.86000 1.31000
v 6.06000 1.86000 1.31000
v 7.43000 0.72000 1.38000
v 7.43000 0.72000 1.31000
v 7.43000 1.86000 1.31000
v 7.43000 1.86000 1.38000
v 7.27000 0.72000 1.31000
v 7.27000 0.72000 1.38000
v 7.27000 1.86000 1.38000
v 7.27000 1.86000 1.31000
v 7.27000 1.86000 1.38000
v 7.43000 1.86000 1.38000
v 7.43000 1.86000 1.31000
v 7.27000 1.86000 1.31000
v 7.27000 0.72000 1.31000
v 7.43000 0.72000 1.31000
v 7.43000 0.72000 1.38000
v 7.27000 0.72000 1.38000
v 7.27000 0.72000 1.38000
v 7.43000 0.72000 1.38000
v 7.43000 1.86000 1.38000
v 7.27000 1.86000 1.38000
v 7.43000 0.72000 1.31000
v 7.27000 0.72000 1.31000
v 7.27000 1.86000 1.31000
v 7.43000 1.86000 1.31000
v 8.80000 0.72000 1.38000
v 8.80000 0.72000 1.31000
v 8.80000 1.86000 1.31000
v 8.80000 1.86000 1.38000
v 8.64000 0.72000 1.31000
v 8.64000 0.72000 1.38000
v 8.64000 1.86000 1.38000
v 8.64000 1.86000 1.31000
v 8.64000 1.86000 1.38000
v 8.80000 1.86000 1.38000
v 8.80000 1.86000 1.31000
v 8.64000 1.86000 1.31000
v 8.64000 0.72000 1.31000
v 8.80000 0.72000 1.31000
v 8.80000 0.72000 1.38000
v 8.64000 0.72000 1.38000
v 8.64000 0.72000 1.38000
v 8.80000 0.72000 1.38000
v 8.80000 1.86000 1.38000
v 8.64000 1.86000 1.38000
v 8.80000 0.72000 1.31000
v 8.64000 0.72000 1.31000
v 8.64000 1.86000 1.31000
v 8.80000 1.86000 1.31000
v 7.27000 0.74000 1.37000
v 7.27000 0.74000 1.35000
v 7.27000 1.84000 1.35000
v 7.27000 1.84000 1.37000
v 6.06000 0.74000 1.35000
v 6.06000 0.74000 1.37000
v 6.06000 1.84000 1.37000
v 6.06000 1.84000 1.35000
v 6.06000 1.84000 1.37000
v 7.27000 1.84000 1.37000
v 7.27000 1.84000 1.35000
v 6.06000 1.84000 1.35000
v 6.06000 0.74000 1.35000
v 7.27000 0.74000 1.35000
v 7.27000 0.74000 1.37000
v 6.06000 0.74000 1.37000
v 6.06000 0.74000 1.37000
v 7.27000 0.74000 1.37000
v 7.27000 1.84000 1.37000
v 6.06000 1.84000 1.37000
v 7.27000 0.74000 1.35000
v 6.06000 0.74000 1.35000
v 6.06000 1.84000 1.35000
v 7.27000 1.84000 1.35000
v 7.29000 0.72000 1.35000
v 7.29000 0.72000 1.32000
v 7.29000 1.86000 1.32000
v 7.29000 1.86000 1.35000
v 6.04000 0.72000 1.32000
v 6.04000 0.72000 1.35000
v 6.04000 1.86000 1.35000
v 6.04000 1.86000 1.32000
v 6.04000 1.86000 1.35000
v 7.29000 1.86000 1.35000
v 7.29000 1.86000 1.32000
v 6.04000 1.86000 1.32000
v 6.04000 0.72000 1.32000
v 7.29000 0.72000 1.32000
v 7.29000 0.72000 1.35000
v 6.04000 0.72000 1.35000
v 8.64000 0.74000 1.37000
v 8.64000 0.74000 1.35000
v 8.64000 1.84000 1.35000
v 8.64000 1.84000 1.37000
v 7.43000 0.74000 1.35000
v 7.43000 0.74000 1.37000
v 7.43000 1.84000 1.37000
v 7.43000 1.84000 1.35000
v 7.43000 1.84000 1.37000
v 8.64000 1.84000 1.37000
v 8.64000 1.84000 1.35000
v 7.43000 1.84000 1.35000
v 7.43000 0.74000 1.35000
v 8.64000 0.74000 1.35000
v 8.64000 0.74000 1.37000
v 7.43000 0.74000 1.37000
v 7.43000 0.74000 1.37000
v 8.64000 0.74000 1.37000
v 8.64000 1.84000 1.37000
v 7.43000 1.84000 1.37000
v 8.64000 0.74000 1.35000
v 7.43000 0.74000 1.35000
v 7.43000 1.84000 1.35000
v 8.64000 1.84000 1.35000
v 8.66000 0.72000 1.35000
v 8.66000 0.72000 1.32000
v 8.66000 1.86000 1.32000
v 8.66000 1.86000 1.35000
v 7.41000 0.72000 1.32000
v 7.41000 0.72000 1.35000
v 7.41000 1.86000 1.35000
v 7.41000 1.86000 1.32000
v 7.41000 1.86000 1.35000
v 8.66000 1.86000 1.35000
v 8.66000 1.86000 1.32000
v 7.41000 1.86000 1.32000
v 7.41000 0.72000 1.32000
v 8.66000 0.72000 1.32000
v 8.66000 0.72000 1.35000
v 7.41000 0.72000 1.35000
v 8.80000 1.88000 1.38000
v 8.80000 1.88000 1.31000
v 8.80000 2.12000 1.31000
v 8.80000 2.12000 1.38000
v 5.90000 1.88000 1.31000
v 5.90000 1.88000 1.38000
v 5.90000 2.12000 1.38000
v 5.90000 2.12000 1.31000
v 5.90000 2.12000 1.38000
v 8.80000 2.12000 1.38000
v 8.80000 2.12000 1.31000
v 5.90000 2.12000 1.31000
v 5.90000 1.88000 1.31000
v 8.80000 1.88000 1.31000
v 8.80000 1.88000 1.38000
v 5.90000 1.88000 1.38000
v 5.90000 1.88000 1.38000
v 8.80000 1.88000 1.38000
v 8.80000 2.12000 1.38000
v 5.90000 2.12000 1.38000
v 8.80000 1.88000 1.31000
v 5.90000 1.88000 1.31000
v 5.90000 2.12000 1.31000
v 8.80000 2.12000 1.31000
v 8.80000 0.05000 1.30000
v 5.90000 0.05000 1.30000
v 5.90000 2.35000 1.30000
v 8.80000 2.35000 1.30000
v -5.88500 0.05000 1.38500
v -5.88500 0.05000 1.29500
v -5.88500 2.15000 1.29500
v -5.88500 2.15000 1.38500
v -5.91500 0.05000 1.29500
v -5.91500 0.05000 1.38500
v -5.91500 2.15000 1.38500
v -5.91500 2.15000 1.29500
v -5.91500 2.15000 1.38500
v -5.88500 2.15000 1.38500
v -5.88500 2.15000 1.29500
v -5.91500 2.15000 1.29500
v -5.91500 0.05000 1.29500
v -5.88500 0.05000 1.29500
v -5.88500 0.05000 1.38500
v -5.91500 0.05000 1.38500
v -5.91500 0.05000 1.38500
v -5.88500 0.05000 1.38500
v -5.88500 2.15000 1.38500
v -5.91500 2.15000 1.38500
v -5.88500 0.05000 1.29500
v -5.91500 0.05000 1.29500
v -5.91500 2.15000 1.29500
v -5.88500 2.15000 1.29500
v -4.48500 0.05000 1.38500
v -4.48500 0.05000 1.29500
v -4.48500 2.15000 1.29500
v -4.48500 2.15000 1.38500
v -4.51500 0.05000 1.29500
v -4.51500 0.05000 1.38500
v -4.51500 2.15000 1.38500
v -4.51500 2.15000 1.29500
v -4.51500 2.15000 1.38500
v -4.48500 2.15000 1.38500
v -4.48500 2.15000 1.29500
v -4.51500 2.15000 1.29500
v -4.51500 0.05000 1.29500
v -4.48500 0.05000 1.29500
v -4.48500 0.05000 1.38500
v -4.51500 0.05000 1.38500
v -4.51500 0.05000 1.38500
v -4.48500 0.05000 1.38500
v -4.48500 2.15000 1.38500
v -4.51500 2.15000 1.38500
v -4.48500 0.05000 1.29500
v -4.51500 0.05000 1.29500
v -4.51500 2.15000 1.29500
v -4.48500 2.15000 1.29500
v -4.49000 2.06000 1.38500
v -4.49000 2.06000 1.29500
v -4.49000 2.26000 1.29500
v -4.49000 2.26000 1.38500
v -5.91000 2.06000 1.29500
v -5.91000 2.06000 1.38500
v -5.91000 2.26000 1.38500
v -5.91000 2.26000 1.29500
v -5.91000 2.26000 1.38500
v -4.49000 2.26000 1.38500
v -4.49000 2.26000 1.29500
v -5.91000 2.26000 1.29500
v -5.91000 2.06000 1.29500
v -4.49000 2.06000 1.29500
v -4.49000 2.06000 1.38500
v -5.91000 2.06000 1.38500
v -5.91000 2.06000 1.38500
v -4.49000 2.06000 1.38500
v -4.49000 2.26000 1.38500
v -5.91000 2.26000 1.38500
v -4.49000 2.06000 1.29500
v -5.91000 2.06000 1.29500
v -5.91000 2.26000 1.29500
v -4.49000 2.26000 1.29500
v -4.49000 -0.00500 1.40000
v -4.49000 -0.00500 1.16000
v -4.49000 0.04500 1.16000
v -4.49000 0.04500 1.40000
v -5.91000 -0.00500 1.16000
v -5.91000 -0.00500 1.40000
v -5.91000 0.04500 1.40000
v -5.91000 0.04500 1.16000
v -5.91000 0.04500 1.40000
v -4.49000 0.04500 1.40000
v -4.49000 0.04500 1.16000
v -5.91000 0.04500 1.16000
v -5.91000 -0.00500 1.16000
v -4.49000 -0.00500 1.16000
v -4.49000 -0.00500 1.40000
v -5.91000 -0.00500 1.40000
v -5.91000 -0.00500 1.40000
v -4.49000 -0.00500 1.40000
v -4.49000 0.04500 1.40000
v -5.91000 0.04500 1.40000
v -4.49000 -0.00500 1.16000
v -5.91000 -0.00500 1.16000
v -5.91000 0.04500 1.16000
v -4.49000 0.04500 1.16000
v -4.51000 0.03500 1.39000
v -4.51000 0.03500 1.33000
v -4.51000 0.05500 1.33000
v -4.51000 0.05500 1.39000
v -5.89000 0.03500 1.33000
v -5.89000 0.03500 1.39000
v -5.89000 0.05500 1.39000
v -5.89000 0.05500 1.33000
v -5.89000 0.05500 1.39000
v -4.51000 0.05500 1.39000
v -4.51000 0.05500 1.33000
v -5.89000 0.05500 1.33000
v -5.89000 0.03500 1.33000
v -4.51000 0.03500 1.33000
v -4.51000 0.03500 1.39000
v -5.89000 0.03500 1.39000
v -5.89000 0.03500 1.39000
v -4.51000 0.03500 1.39000
v -4.51000 0.05500 1.39000
v -5.89000 0.05500 1.39000
v -4.51000 0.03500 1.33000
v -5.89000 0.03500 1.33000
v -5.89000 0.05500 1.33000
v -4.51000 0.05500 1.33000
v -0.68500 0.05000 1.38500
v -0.68500 0.05000 1.29500
v -0.68500 2.15000 1.29500
v -0.68500 2.15000 1.38500
v -0.71500 0.05000 1.29500
v -0.71500 0.05000 1.38500
v -0.71500 2.15000 1.38500
v -0.71500 2.15000 1.29500
v -0.71500 2.15000 1.38500
v -0.68500 2.15000 1.38500
v -0.68500 2.15000 1.29500
v -0.71500 2.15000 1.29500
v -0.71500 0.05000 1.29500
v -0.68500 0.05000 1.29500
v -0.68500 0.05000 1.38500
v -0.71500 0.05000 1.38500
v -0.71500 0.05000 1.38500
v -0.68500 0.05000 1.38500
v -0.68500 2.15000 1.38500
v -0.71500 2.15000 1.38500
v -0.68500 0.05000 1.29500
v -0.71500 0.05000 1.29500
v -0.71500 2.15000 1.29500
v -0.68500 2.15000 1.29500
v 0.71500 0.05000 1.38500
v 0.71500 0.05000 1.29500
v 0.71500 2.15000 1.29500
v 0.71500 2.15000 1.38500
v 0.68500 0.05000 1.29500
v 0.68500 0.05000 1.38500
v 0.68500 2.15000 1.38500
v 0.68500 2.15000 1.29500
v 0.68500 2.15000 1.38500
v 0.71500 2.15000 1.38500
v 0.71500 2.15000 1.29500
v 0.68500 2.15000 1.29500
v 0.68500 0.05000 1.29500
v 0.71500 0.05000 1.29500
v 0.71500 0.05000 1.38500
v 0.68500 0.05000 1.38500
v 0.68500 0.05000 1.38500
v 0.71500 0.05000 1.38500
v 0.71500 2.15000 1.38500
v 0.68500 2.15000 1.38500
v 0.71500 0.05000 1.29500
v 0.68500 0.05000 1.29500
v 0.68500 2.15000 1.29500
v 0.71500 2.15000 1.29500
v 0.71000 2.06000 1.38500
v 0.71000 2.06000 1.29500
v 0.71000 2.26000 1.29500
v 0.71000 2.26000 1.38500
v -0.71000 2.06000 1.29500
v -0.71000 2.06000 1.38500
v -0.71000 2.26000 1.38500
v -0.71000 2.26000 1.29500
v -0.71000 2.26000 1.38500
v 0.71000 2.26000 1.38500
v 0.71000 2.26000 1.29500
v -0.71000 2.26000 1.29500
v -0.71000 2.06000 1.29500
v 0.71000 2.06000 1.29500
v 0.71000 2.06000 1.38500
v -0.71000 2.06000 1.38500
v -0.71000 2.06000 1.38500
v 0.71000 2.06000 1.38500
v 0.71000 2.26000 1.38500
v -0.71000 2.26000 1.38500
v 0.71000 2.06000 1.29500
v -0.71000 2.06000 1.29500
v -0.71000 2.26000 1.29500
v 0.71000 2.26000 1.29500
v 0.71000 -0.00500 1.40000
v 0.71000 -0.00500 1.16000
v 0.71000 0.04500 1.16000
v 0.71000 0.04500 1.40000
v -0.71000 -0.00500 1.16000
v -0.71000 -0.00500 1.40000
v -0.71000 0.04500 1.40000
v -0.71000 0.04500 1.16000
v -0.71000 0.04500 1.40000
v 0.71000 0.04500 1.40000
v 0.71000 0.04500 1.16000
v -0.71000 0.04500 1.16000
v -0.71000 -0.00500 1.16000
v 0.71000 -0.00500 1.16000
v 0.71000 -0.00500 1.40000
v -0.71000 -0.00500 1.40000
v -0.71000 -0.00500 1.40000
v 0.71000 -0.00500 1.40000
v 0.71000 0.04500 1.40000
v -0.71000 0.04500 1.40000
v 0.71000 -0.00500 1.16000
v -0.71000 -0.00500 1.16000
v -0.71000 0.04500 1.16000
v 0.71000 0.04500 1.16000
v 0.69000 0.03500 1.39000
v 0.69000 0.03500 1.33000
v 0.69000 0.05500 1.33000
v 0.69000 0.05500 1.39000
v -0.69000 0.03500 1.33000
v -0.69000 0.03500 1.39000
v -0.69000 0.05500 1.39000
v -0.69000 0.05500 1.33000
v -0.69000 0.05500 1.39000
v 0.69000 0.05500 1.39000
v 0.69000 0.05500 1.33000
v -0.69000 0.05500 1.33000
v -0.69000 0.03500 1.33000
v 0.69000 0.03500 1.33000
v 0.69000 0.03500 1.39000
v -0.69000 0.03500 1.39000
v -0.69000 0.03500 1.39000
v 0.69000 0.03500 1.39000
v 0.69000 0.05500 1.39000
v -0.69000 0.05500 1.39000
v 0.69000 0.03500 1.33000
v -0.69000 0.03500 1.33000
v -0.69000 0.05500 1.33000
v 0.69000 0.05500 1.33000
v 4.51500 0.05000 1.38500
v 4.51500 0.05000 1.29500
v 4.51500 2.15000 1.29500
v 4.51500 2.15000 1.38500
v 4.48500 0.05000 1.29500
v 4.48500 0.05000 1.38500
v 4.48500 2.15000 1.38500
v 4.48500 2.15000 1.29500
v 4.48500 2.15000 1.38500
v 4.51500 2.15000 1.38500
v 4.51500 2.15000 1.29500
v 4.48500 2.15000 1.29500
v 4.48500 0.05000 1.29500
v 4.51500 0.05000 1.29500
v 4.51500 0.05000 1.38500
v 4.48500 0.05000 1.38500
v 4.48500 0.05000 1.38500
v 4.51500 0.05000 1.38500
v 4.51500 2.15000 1.38500
v 4.48500 2.15000 1.38500
v 4.51500 0.05000 1.29500
v 4.48500 0.05000 1.29500
v 4.48500 2.15000 1.29500
v 4.51500 2.15000 1.29500
v 5.91500 0.05000 1.38500
v 5.91500 0.05000 1.29500
v 5.91500 2.15000 1.29500
v 5.91500 2.15000 1.38500
v 5.88500 0.05000 1.29500
v 5.88500 0.05000 1.38500
v 5.88500 2.15000 1.38500
v 5.88500 2.15000 1.29500
v 5.88500 2.15000 1.38500
v 5.91500 2.15000 1.38500
v 5.91500 2.15000 1.29500
v 5.88500 2.15000 1.29500
v 5.88500 0.05000 1.29500
v 5.91500 0.05000 1.29500
v 5.91500 0.05000 1.38500
v 5.88500 0.05000 1.38500
v 5.88500 0.05000 1.38500
v 5.91500 0.05000 1.38500
v 5.91500 2.15000 1.38500
v 5.88500 2.15000 1.38500
v 5.91500 0.05000 1.29500
v 5.88500 0.05000 1.29500
v 5.88500 2.15000 1.29500
v 5.91500 2.15000 1.29500
v 5.91000 2.06000 1.38500
v 5.91000 2.06000 1.29500
v 5.91000 2.26000 1.29500
v 5.91000 2.26000 1.38500
v 4.49000 2.06000 1.29500
v 4.49000 2.06000 1.38500
v 4.49000 2.26000 1.38500
v 4.49000 2.26000 1.29500
v 4.49000 2.26000 1.38500
v 5.91000 2.26000 1.38500
v 5.91000 2.26000 1.29500
v 4.49000 2.26000 1.29500
v 4.49000 2.06000 1.29500
v 5.91000 2.06000 1.29500
v 5.91000 2.06000 1.38500
v 4.49000 2.06000 1.38500
v 4.49000 2.06000 1.38500
v 5.91000 2.06000 1.38500
v 5.91000 2.26000 1.38500
v 4.49000 2.26000 1.38500
v 5.91000 2.06000 1.29500
v 4.49000 2.06000 1.29500
v 4.49000 2.26000 1.29500
v 5.91000 2.26000 1.29500
v 5.91000 -0.00500 1.40000
v 5.91000 -0.00500 1.16000
v 5.91000 0.04500 1.16000
v 5.91000 0.04500 1.40000
v 4.49000 -0.00500 1.16000
v 4.49000 -0.00500 1.40000
v 4.49000 0.04500 1.40000
v 4.49000 0.04500 1.16000
v 4.49000 0.04500 1.40000
v 5.91000 0.04500 1.40000
v 5.91000 0.04500 1.16000
v 4.49000 0.04500 1.16000
v 4.49000 -0.00500 1.16000
v 5.91000 -0.00500 1.16000
v 5.91000 -0.00500 1.40000
v 4.49000 -0.00500 1.40000
v 4.49000 -0.00500 1.40000
v 5.91000 -0.00500 1.40000
v 5.91000 0.04500 1.40000
v 4.49000 0.04500 1.40000
v 5.91000 -0.00500 1.16000
v 4.49000 -0.00500 1.16000
v 4.49000 0.04500 1.16000
v 5.91000 0.04500 1.16000
v 5.89000 0.03500 1.39000
v 5.89000 0.03500 1.33000
v 5.89000 0.05500 1.33000
v 5.89000 0.05500 1.39000
v 4.51000 0.03500 1.33000
v 4.51000 0.03500 1.39000
v 4.51000 0.05500 1.39000
v 4.51000 0.05500 1.33000
v 4.51000 0.05500 1.39000
v 5.89000 0.05500 1.39000
v 5.89000 0.05500 1.33000
v 4.51000 0.05500 1.33000
v 4.51000 0.03500 1.33000
v 5.89000 0.03500 1.33000
v 5.89000 0.03500 1.39000
v 4.51000 0.03500 1.39000
v 4.51000 0.03500 1.39000
v 5.89000 0.03500 1.39000
v 5.89000 0.05500 1.39000
v 4.51000 0.05500 1.39000
v 5.89000 0.03500 1.33000
v 4.51000 0.03500 1.33000
v 4.51000 0.05500 1.33000
v 5.89000 0.05500 1.33000
v -8.80000 2.16570 -1.37063
v 8.80000 2.16570 -1.37063
v 8.80000 2.10000 -1.38000
v -8.80000 2.10000 -1.38000
v -8.80000 2.22979 -1.34243
v 8.80000 2.22979 -1.34243
v 8.80000 2.16570 -1.37063
v -8.80000 2.16570 -1.37063
v -8.80000 2.29068 -1.29513
v 8.80000 2.29068 -1.29513
v 8.80000 2.22979 -1.34243
v -8.80000 2.22979 -1.34243
v -8.80000 2.34687 -1.22816
v 8.80000 2.34687 -1.22816
v 8.80000 2.29068 -1.29513
v -8.80000 2.29068 -1.29513
v -8.80000 2.39698 -1.14050
v 8.80000 2.39698 -1.14050
v 8.80000 2.34687 -1.22816
v -8.80000 2.34687 -1.22816
v -8.80000 2.43979 -1.03027
v 8.80000 2.43979 -1.03027
v 8.80000 2.39698 -1.14050
v -8.80000 2.39698 -1.14050
v -8.80000 2.47422 -0.89383
v 8.80000 2.47422 -0.89383
v 8.80000 2.43979 -1.03027
v -8.80000 2.43979 -1.03027
v -8.80000 2.49944 -0.72338
v 8.80000 2.49944 -0.72338
v 8.80000 2.47422 -0.89383
v -8.80000 2.47422 -0.89383
v -8.80000 2.51483 -0.49746
v 8.80000 2.51483 -0.49746
v 8.80000 2.49944 -0.72338
v -8.80000 2.49944 -0.72338
v -8.80000 2.52000 -0.00000
v 8.80000 2.52000 -0.00000
v 8.80000 2.51483 -0.49746
v -8.80000 2.51483 -0.49746
v 8.80000 2.06000 -1.36000
v 8.80000 2.06000 -1.42000
v 8.80000 2.12000 -1.42000
v 8.80000 2.12000 -1.36000
v -8.80000 2.06000 -1.42000
v -8.80000 2.06000 -1.36000
v -8.80000 2.12000 -1.36000
v -8.80000 2.12000 -1.42000
v -8.80000 2.12000 -1.36000
v 8.80000 2.12000 -1.36000
v 8.80000 2.12000 -1.42000
v -8.80000 2.12000 -1.42000
v -8.80000 2.06000 -1.42000
v 8.80000 2.06000 -1.42000
v 8.80000 2.06000 -1.36000
v -8.80000 2.06000 -1.36000
v -8.80000 2.06000 -1.36000
v 8.80000 2.06000 -1.36000
v 8.80000 2.12000 -1.36000
v -8.80000 2.12000 -1.36000
v 8.80000 2.06000 -1.42000
v -8.80000 2.06000 -1.42000
v -8.80000 2.12000 -1.42000
v 8.80000 2.12000 -1.42000
v -8.80000 2.10000 1.38000
v 8.80000 2.10000 1.38000
v 8.80000 2.16570 1.37063
v -8.80000 2.16570 1.37063
v -8.80000 2.16570 1.37063
v 8.80000 2.16570 1.37063
v 8.80000 2.22979 1.34243
v -8.80000 2.22979 1.34243
v -8.80000 2.22979 1.34243
v 8.80000 2.22979 1.34243
v 8.80000 2.29068 1.29513
v -8.80000 2.29068 1.29513
v -8.80000 2.29068 1.29513
v 8.80000 2.29068 1.29513
v 8.80000 2.34687 1.22816
v -8.80000 2.34687 1.22816
v -8.80000 2.34687 1.22816
v 8.80000 2.34687 1.22816
v 8.80000 2.39698 1.14050
v -8.80000 2.39698 1.14050
v -8.80000 2.39698 1.14050
v 8.80000 2.39698 1.14050
v 8.80000 2.43979 1.03027
v -8.80000 2.43979 1.03027
v -8.80000 2.43979 1.03027
v 8.80000 2.43979 1.03027
v 8.80000 2.47422 0.89383
v -8.80000 2.47422 0.89383
v -8.80000 2.47422 0.89383
v 8.80000 2.47422 0.89383
v 8.80000 2.49944 0.72338
v -8.80000 2.49944 0.72338
v -8.80000 2.49944 0.72338
v 8.80000 2.49944 0.72338
v 8.80000 2.51483 0.49746
v -8.80000 2.51483 0.49746
v -8.80000 2.51483 0.49746
v 8.80000 2.51483 0.49746
v 8.80000 2.52000 0.00000
v -8.80000 2.52000 0.00000
v 8.80000 2.06000 1.42000
v 8.80000 2.06000 1.36000
v 8.80000 2.12000 1.36000
v 8.80000 2.12000 1.42000
v -8.80000 2.06000 1.36000
v -8.80000 2.06000 1.42000
v -8.80000 2.12000 1.42000
v -8.80000 2.12000 1.36000
v -8.80000 2.12000 1.42000
v 8.80000 2.12000 1.42000
v 8.80000 2.12000 1.36000
v -8.80000 2.12000 1.36000
v -8.80000 2.06000 1.36000
v 8.80000 2.06000 1.36000
v 8.80000 2.06000 1.42000
v -8.80000 2.06000 1.42000
v -8.80000 2.06000 1.42000
v 8.80000 2.06000 1.42000
v 8.80000 2.12000 1.42000
v -8.80000 2.12000 1.42000
v 8.80000 2.06000 1.36000
v -8.80000 2.06000 1.36000
v -8.80000 2.12000 1.36000
v 8.80000 2.12000 1.36000
v -4.30000 2.81000 -0.73000
v -4.30000 3.05000 -0.73000
v -4.30000 3.05000 0.73000
v -4.30000 2.81000 0.73000
v -6.90000 2.81000 0.73000
v -6.90000 3.05000 0.73000
v -6.90000 3.05000 -0.73000
v -6.90000 2.81000 -0.73000
v -6.88000 3.07000 0.73000
v -4.32000 3.07000 0.73000
v -4.32000 3.07000 -0.73000
v -6.88000 3.07000 -0.73000
v -6.88000 2.79000 -0.73000
v -4.32000 2.79000 -0.73000
v -4.32000 2.79000 0.73000
v -6.88000 2.79000 0.73000
v -6.88000 2.81000 0.75000
v -4.32000 2.81000 0.75000
v -4.32000 3.05000 0.75000
v -6.88000 3.05000 0.75000
v -6.88000 3.05000 -0.75000
v -4.32000 3.05000 -0.75000
v -4.32000 2.81000 -0.75000
v -6.88000 2.81000 -0.75000
v -6.90000 2.79000 -0.73000
v -4.30000 2.79000 -0.73000
v -4.30000 2.81000 -0.75000
v -6.90000 2.81000 -0.75000
v -6.90000 2.79000 0.73000
v -4.30000 2.79000 0.73000
v -4.30000 2.81000 0.75000
v -6.90000 2.81000 0.75000
v -6.90000 3.07000 -0.73000
v -4.30000 3.07000 -0.73000
v -4.30000 3.05000 -0.75000
v -6.90000 3.05000 -0.75000
v -6.90000 3.07000 0.73000
v -4.30000 3.07000 0.73000
v -4.30000 3.05000 0.75000
v -6.90000 3.05000 0.75000
v -6.90000 2.79000 -0.73000
v -6.90000 3.07000 -0.73000
v -6.88000 3.07000 -0.75000
v -6.88000 2.79000 -0.75000
v -6.90000 2.79000 0.73000
v -6.90000 3.07000 0.73000
v -6.88000 3.07000 0.75000
v -6.88000 2.79000 0.75000
v -4.30000 2.79000 -0.73000
v -4.30000 3.07000 -0.73000
v -4.32000 3.07000 -0.75000
v -4.32000 2.79000 -0.75000
v -4.30000 2.79000 0.73000
v -4.30000 3.07000 0.73000
v -4.32000 3.07000 0.75000
v -4.32000 2.79000 0.75000
v -6.90000 2.81000 -0.75000
v -6.90000 2.81000 0.75000
v -6.88000 2.79000 0.75000
v -6.88000 2.79000 -0.75000
v -6.90000 3.05000 -0.75000
v -6.90000 3.05000 0.75000
v -6.88000 3.07000 0.75000
v -6.88000 3.07000 -0.75000
v -4.30000 2.81000 -0.75000
v -4.30000 2.81000 0.75000
v -4.32000 2.79000 0.75000
v -4.32000 2.79000 -0.75000
v -4.30000 3.05000 -0.75000
v -4.30000 3.05000 0.75000
v -4.32000 3.07000 0.75000
v -4.32000 3.07000 -0.75000
v -6.90000 2.81000 -0.73000
v -6.88000 2.79000 -0.73000
v -6.88000 2.81000 -0.75000
v -6.90000 2.81000 0.73000
v -6.88000 2.79000 0.73000
v -6.88000 2.81000 0.75000
v -6.90000 3.05000 -0.73000
v -6.88000 3.07000 -0.73000
v -6.88000 3.05000 -0.75000
v -6.90000 3.05000 0.73000
v -6.88000 3.07000 0.73000
v -6.88000 3.05000 0.75000
v -4.30000 2.81000 -0.73000
v -4.32000 2.79000 -0.73000
v -4.32000 2.81000 -0.75000
v -4.30000 2.81000 0.73000
v -4.32000 2.79000 0.73000
v -4.32000 2.81000 0.75000
v -4.30000 3.05000 -0.73000
v -4.32000 3.07000 -0.73000
v -4.32000 3.05000 -0.75000
v -4.30000 3.05000 0.73000
v -4.32000 3.07000 0.73000
v -4.32000 3.05000 0.75000
v -6.73000 2.83000 0.76200
v -6.73000 2.83000 0.75000
v -6.73000 3.03000 0.75000
v -6.73000 3.03000 0.76200
v -6.83000 2.83000 0.75000
v -6.83000 2.83000 0.76200
v -6.83000 3.03000 0.76200
v -6.83000 3.03000 0.75000
v -6.83000 3.03000 0.76200
v -6.73000 3.03000 0.76200
v -6.73000 3.03000 0.75000
v -6.83000 3.03000 0.75000
v -6.83000 2.83000 0.75000
v -6.73000 2.83000 0.75000
v -6.73000 2.83000 0.76200
v -6.83000 2.83000 0.76200
v -6.83000 2.83000 0.76200
v -6.73000 2.83000 0.76200
v -6.73000 3.03000 0.76200
v -6.83000 3.03000 0.76200
v -6.73000 2.83000 0.75000
v -6.83000 2.83000 0.75000
v -6.83000 3.03000 0.75000
v -6.73000 3.03000 0.75000
v -6.51000 2.83000 0.76200
v -6.51000 2.83000 0.75000
v -6.51000 3.03000 0.75000
v -6.51000 3.03000 0.76200
v -6.61000 2.83000 0.75000
v -6.61000 2.83000 0.76200
v -6.61000 3.03000 0.76200
v -6.61000 3.03000 0.75000
v -6.61000 3.03000 0.76200
v -6.51000 3.03000 0.76200
v -6.51000 3.03000 0.75000
v -6.61000 3.03000 0.75000
v -6.61000 2.83000 0.75000
v -6.51000 2.83000 0.75000
v -6.51000 2.83000 0.76200
v -6.61000 2.83000 0.76200
v -6.61000 2.83000 0.76200
v -6.51000 2.83000 0.76200
v -6.51000 3.03000 0.76200
v -6.61000 3.03000 0.76200
v -6.51000 2.83000 0.75000
v -6.61000 2.83000 0.75000
v -6.61000 3.03000 0.75000
v -6.51000 3.03000 0.75000
v -6.29000 2.83000 0.76200
v -6.29000 2.83000 0.75000
v -6.29000 3.03000 0.75000
v -6.29000 3.03000 0.76200
v -6.39000 2.83000 0.75000
v -6.39000 2.83000 0.76200
v -6.39000 3.03000 0.76200
v -6.39000 3.03000 0.75000
v -6.39000 3.03000 0.76200
v -6.29000 3.03000 0.76200
v -6.29000 3.03000 0.75000
v -6.39000 3.03000 0.75000
v -6.39000 2.83000 0.75000
v -6.29000 2.83000 0.75000
v -6.29000 2.83000 0.76200
v -6.39000 2.83000 0.76200
v -6.39000 2.83000 0.76200
v -6.29000 2.83000 0.76200
v -6.29000 3.03000 0.76200
v -6.39000 3.03000 0.76200
v -6.29000 2.83000 0.75000
v -6.39000 2.83000 0.75000
v -6.39000 3.03000 0.75000
v -6.29000 3.03000 0.75000
v -6.07000 2.83000 0.76200
v -6.07000 2.83000 0.75000
v -6.07000 3.03000 0.75000
v -6.07000 3.03000 0.76200
v -6.17000 2.83000 0.75000
v -6.17000 2.83000 0.76200
v -6.17000 3.03000 0.76200
v -6.17000 3.03000 0.75000
v -6.17000 3.03000 0.76200
v -6.07000 3.03000 0.76200
v -6.07000 3.03000 0.75000
v -6.17000 3.03000 0.75000
v -6.17000 2.83000 0.75000
v -6.07000 2.83000 0.75000
v -6.07000 2.83000 0.76200
v -6.17000 2.83000 0.76200
v -6.17000 2.83000 0.76200
v -6.07000 2.83000 0.76200
v -6.07000 3.03000 0.76200
v -6.17000 3.03000 0.76200
v -6.07000 2.83000 0.75000
v -6.17000 2.83000 0.75000
v -6.17000 3.03000 0.75000
v -6.07000 3.03000 0.75000
v -5.85000 2.83000 0.76200
v -5.85000 2.83000 0.75000
v -5.85000 3.03000 0.75000
v -5.85000 3.03000 0.76200
v -5.95000 2.83000 0.75000
v -5.95000 2.83000 0.76200
v -5.95000 3.03000 0.76200
v -5.95000 3.03000 0.75000
v -5.95000 3.03000 0.76200
v -5.85000 3.03000 0.76200
v -5.85000 3.03000 0.75000
v -5.95000 3.03000 0.75000
v -5.95000 2.83000 0.75000
v -5.85000 2.83000 0.75000
v -5.85000 2.83000 0.76200
v -5.95000 2.83000 0.76200
v -5.95000 2.83000 0.76200
v -5.85000 2.83000 0.76200
v -5.85000 3.03000 0.76200
v -5.95000 3.03000 0.76200
v -5.85000 2.83000 0.75000
v -5.95000 2.83000 0.75000
v -5.95000 3.03000 0.75000
v -5.85000 3.03000 0.75000
v -5.63000 2.83000 0.76200
v -5.63000 2.83000 0.75000
v -5.63000 3.03000 0.75000
v -5.63000 3.03000 0.76200
v -5.73000 2.83000 0.75000
v -5.73000 2.83000 0.76200
v -5.73000 3.03000 0.76200
v -5.73000 3.03000 0.75000
v -5.73000 3.03000 0.76200
v -5.63000 3.03000 0.76200
v -5.63000 3.03000 0.75000
v -5.73000 3.03000 0.75000
v -5.73000 2.83000 0.75000
v -5.63000 2.83000 0.75000
v -5.63000 2.83000 0.76200
v -5.73000 2.83000 0.76200
v -5.73000 2.83000 0.76200
v -5.63000 2.83000 0.76200
v -5.63000 3.03000 0.76200
v -5.73000 3.03000 0.76200
v -5.63000 2.83000 0.75000
v -5.73000 2.83000 0.75000
v -5.73000 3.03000 0.75000
v -5.63000 3.03000 0.75000
v -5.41000 2.83000 0.76200
v -5.41000 2.83000 0.75000
v -5.41000 3.03000 0.75000
v -5.41000 3.03000 0.76200
v -5.51000 2.83000 0.75000
v -5.51000 2.83000 0.76200
v -5.51000 3.03000 0.76200
v -5.51000 3.03000 0.75000
v -5.51000 3.03000 0.76200
v -5.41000 3.03000 0.76200
v -5.41000 3.03000 0.75000
v -5.51000 3.03000 0.75000
v -5.51000 2.83000 0.75000
v -5.41000 2.83000 0.75000
v -5.41000 2.83000 0.76200
v -5.51000 2.83000 0.76200
v -5.51000 2.83000 0.76200
v -5.41000 2.83000 0.76200
v -5.41000 3.03000 0.76200
v -5.51000 3.03000 0.76200
v -5.41000 2.83000 0.75000
v -5.51000 2.83000 0.75000
v -5.51000 3.03000 0.75000
v -5.41000 3.03000 0.75000
v -5.19000 2.83000 0.76200
v -5.19000 2.83000 0.75000
v -5.19000 3.03000 0.75000
v -5.19000 3.03000 0.76200
v -5.29000 2.83000 0.75000
v -5.29000 2.83000 0.76200
v -5.29000 3.03000 0.76200
v -5.29000 3.03000 0.75000
v -5.29000 3.03000 0.76200
v -5.19000 3.03000 0.76200
v -5.19000 3.03000 0.75000
v -5.29000 3.03000 0.75000
v -5.29000 2.83000 0.75000
v -5.19000 2.83000 0.75000
v -5.19000 2.83000 0.76200
v -5.29000 2.83000 0.76200
v -5.29000 2.83000 0.76200
v -5.19000 2.83000 0.76200
v -5.19000 3.03000 0.76200
v -5.29000 3.03000 0.76200
v -5.19000 2.83000 0.75000
v -5.29000 2.83000 0.75000
v -5.29000 3.03000 0.75000
v -5.19000 3.03000 0.75000
v -4.97000 2.83000 0.76200
v -4.97000 2.83000 0.75000
v -4.97000 3.03000 0.75000
v -4.97000 3.03000 0.76200
v -5.07000 2.83000 0.75000
v -5.07000 2.83000 0.76200
v -5.07000 3.03000 0.76200
v -5.07000 3.03000 0.75000
v -5.07000 3.03000 0.76200
v -4.97000 3.03000 0.76200
v -4.97000 3.03000 0.75000
v -5.07000 3.03000 0.75000
v -5.07000 2.83000 0.75000
v -4.97000 2.83000 0.75000
v -4.97000 2.83000 0.76200
v -5.07000 2.83000 0.76200
v -5.07000 2.83000 0.76200
v -4.97000 2.83000 0.76200
v -4.97000 3.03000 0.76200
v -5.07000 3.03000 0.76200
v -4.97000 2.83000 0.75000
v -5.07000 2.83000 0.75000
v -5.07000 3.03000 0.75000
v -4.97000 3.03000 0.75000
v -4.75000 2.83000 0.76200
v -4.75000 2.83000 0.75000
v -4.75000 3.03000 0.75000
v -4.75000 3.03000 0.76200
v -4.85000 2.83000 0.75000
v -4.85000 2.83000 0.76200
v -4.85000 3.03000 0.76200
v -4.85000 3.03000 0.75000
v -4.85000 3.03000 0.76200
v -4.75000 3.03000 0.76200
v -4.75000 3.03000 0.75000
v -4.85000 3.03000 0.75000
v -4.85000 2.83000 0.75000
v -4.75000 2.83000 0.75000
v -4.75000 2.83000 0.76200
v -4.85000 2.83000 0.76200
v -4.85000 2.83000 0.76200
v -4.75000 2.83000 0.76200
v -4.75000 3.03000 0.76200
v -4.85000 3.03000 0.76200
v -4.75000 2.83000 0.75000
v -4.85000 2.83000 0.75000
v -4.85000 3.03000 0.75000
v -4.75000 3.03000 0.75000
v -4.53000 2.83000 0.76200
v -4.53000 2.83000 0.75000
v -4.53000 3.03000 0.75000
v -4.53000 3.03000 0.76200
v -4.63000 2.83000 0.75000
v -4.63000 2.83000 0.76200
v -4.63000 3.03000 0.76200
v -4.63000 3.03000 0.75000
v -4.63000 3.03000 0.76200
v -4.53000 3.03000 0.76200
v -4.53000 3.03000 0.75000
v -4.63000 3.03000 0.75000
v -4.63000 2.83000 0.75000
v -4.53000 2.83000 0.75000
v -4.53000 2.83000 0.76200
v -4.63000 2.83000 0.76200
v -4.63000 2.83000 0.76200
v -4.53000 2.83000 0.76200
v -4.53000 3.03000 0.76200
v -4.63000 3.03000 0.76200
v -4.53000 2.83000 0.75000
v -4.63000 2.83000 0.75000
v -4.63000 3.03000 0.75000
v -4.53000 3.03000 0.75000
v 2.00000 2.81000 -0.83000
v 2.00000 3.09000 -0.83000
v 2.00000 3.09000 0.83000
v 2.00000 2.81000 0.83000
v -1.20000 2.81000 0.83000
v -1.20000 3.09000 0.83000
v -1.20000 3.09000 -0.83000
v -1.20000 2.81000 -0.83000
v -1.18000 3.11000 0.83000
v 1.98000 3.11000 0.83000
v 1.98000 3.11000 -0.83000
v -1.18000 3.11000 -0.83000
v -1.18000 2.79000 -0.83000
v 1.98000 2.79000 -0.83000
v 1.98000 2.79000 0.83000
v -1.18000 2.79000 0.83000
v -1.18000 2.81000 0.85000
v 1.98000 2.81000 0.85000
v 1.98000 3.09000 0.85000
v -1.18000 3.09000 0.85000
v -1.18000 3.09000 -0.85000
v 1.98000 3.09000 -0.85000
v 1.98000 2.81000 -0.85000
v -1.18000 2.81000 -0.85000
v -1.20000 2.79000 -0.83000
v 2.00000 2.79000 -0.83000
v 2.00000 2.81000 -0.85000
v -1.20000 2.81000 -0.85000
v -1.20000 2.79000 0.83000
v 2.00000 2.79000 0.83000
v 2.00000 2.81000 0.85000
v -1.20000 2.81000 0.85000
v -1.20000 3.11000 -0.83000
v 2.00000 3.11000 -0.83000
v 2.00000 3.09000 -0.85000
v -1.20000 3.09000 -0.85000
v -1.20000 3.11000 0.83000
v 2.00000 3.11000 0.83000
v 2.00000 3.09000 0.85000
v -1.20000 3.09000 0.85000
v -1.20000 2.79000 -0.83000
v -1.20000 3.11000 -0.83000
v -1.18000 3.11000 -0.85000
v -1.18000 2.79000 -0.85000
v -1.20000 2.79000 0.83000
v -1.20000 3.11000 0.83000
v -1.18000 3.11000 0.85000
v -1.18000 2.79000 0.85000
v 2.00000 2.79000 -0.83000
v 2.00000 3.11000 -0.83000
v 1.98000 3.11000 -0.85000
v 1.98000 2.79000 -0.85000
v 2.00000 2.79000 0.83000
v 2.00000 3.11000 0.83000
v 1.98000 3.11000 0.85000
v 1.98000 2.79000 0.85000
v -1.20000 2.81000 -0.85000
v -1.20000 2.81000 0.85000
v -1.18000 2.79000 0.85000
v -1.18000 2.79000 -0.85000
v -1.20000 3.09000 -0.85000
v -1.20000 3.09000 0.85000
v -1.18000 3.11000 0.85000
v -1.18000 3.11000 -0.85000
v 2.00000 2.81000 -0.85000
v 2.00000 2.81000 0.85000
v 1.98000 2.79000 0.85000
v 1.98000 2.79000 -0.85000
v 2.00000 3.09000 -0.85000
v 2.00000 3.09000 0.85000
v 1.98000 3.11000 0.85000
v 1.98000 3.11000 -0.85000
v -1.20000 2.81000 -0.83000
v -1.18000 2.79000 -0.83000
v -1.18000 2.81000 -0.85000
v -1.20000 2.81000 0.83000
v -1.18000 2.79000 0.83000
v -1.18000 2.81000 0.85000
v -1.20000 3.09000 -0.83000
v -1.18000 3.11000 -0.83000
v -1.18000 3.09000 -0.85000
v -1.20000 3.09000 0.83000
v -1.18000 3.11000 0.83000
v -1.18000 3.09000 0.85000
v 2.00000 2.81000 -0.83000
v 1.98000 2.79000 -0.83000
v 1.98000 2.81000 -0.85000
v 2.00000 2.81000 0.83000
v 1.98000 2.79000 0.83000
v 1.98000 2.81000 0.85000
v 2.00000 3.09000 -0.83000
v 1.98000 3.11000 -0.83000
v 1.98000 3.09000 -0.85000
v 2.00000 3.09000 0.83000
v 1.98000 3.11000 0.83000
v 1.98000 3.09000 0.85000
v -1.03000 2.83000 0.86200
v -1.03000 2.83000 0.85000
v -1.03000 3.07000 0.85000
v -1.03000 3.07000 0.86200
v -1.13000 2.83000 0.85000
v -1.13000 2.83000 0.86200
v -1.13000 3.07000 0.86200
v -1.13000 3.07000 0.85000
v -1.13000 3.07000 0.86200
v -1.03000 3.07000 0.86200
v -1.03000 3.07000 0.85000
v -1.13000 3.07000 0.85000
v -1.13000 2.83000 0.85000
v -1.03000 2.83000 0.85000
v -1.03000 2.83000 0.86200
v -1.13000 2.83000 0.86200
v -1.13000 2.83000 0.86200
v -1.03000 2.83000 0.86200
v -1.03000 3.07000 0.86200
v -1.13000 3.07000 0.86200
v -1.03000 2.83000 0.85000
v -1.13000 2.83000 0.85000
v -1.13000 3.07000 0.85000
v -1.03000 3.07000 0.85000
v -0.81000 2.83000 0.86200
v -0.81000 2.83000 0.85000
v -0.81000 3.07000 0.85000
v -0.81000 3.07000 0.86200
v -0.91000 2.83000 0.85000
v -0.91000 2.83000 0.86200
v -0.91000 3.07000 0.86200
v -0.91000 3.07000 0.85000
v -0.91000 3.07000 0.86200
v -0.81000 3.07000 0.86200
v -0.81000 3.07000 0.85000
v -0.91000 3.07000 0.85000
v -0.91000 2.83000 0.85000
v -0.81000 2.83000 0.85000
v -0.81000 2.83000 0.86200
v -0.91000 2.83000 0.86200
v -0.91000 2.83000 0.86200
v -0.81000 2.83000 0.86200
v -0.81000 3.07000 0.86200
v -0.91000 3.07000 0.86200
v -0.81000 2.83000 0.85000
v -0.91000 2.83000 0.85000
v -0.91000 3.07000 0.85000
v -0.81000 3.07000 0.85000
v -0.59000 2.83000 0.86200
v -0.59000 2.83000 0.85000
v -0.59000 3.07000 0.85000
v -0.59000 3.07000 0.86200
v -0.69000 2.83000 0.85000
v -0.69000 2.83000 0.86200
v -0.69000 3.07000 0.86200
v -0.69000 3.07000 0.85000
v -0.69000 3.07000 0.86200
v -0.59000 3.07000 0.86200
v -0.59000 3.07000 0.85000
v -0.69000 3.07000 0.85000
v -0.69000 2.83000 0.85000
v -0.59000 2.83000 0.85000
v -0.59000 2.83000 0.86200
v -0.69000 2.83000 0.86200
v -0.69000 2.83000 0.86200
v -0.59000 2.83000 0.86200
v -0.59000 3.07000 0.86200
v -0.69000 3.07000 0.86200
v -0.59000 2.83000 0.85000
v -0.69000 2.83000 0.85000
v -0.69000 3.07000 0.85000
v -0.59000 3.07000 0.85000
v -0.37000 2.83000 0.86200
v -0.37000 2.83000 0.85000
v -0.37000 3.07000 0.85000
v -0.37000 3.07000 0.86200
v -0.47000 2.83000 0.85000
v -0.47000 2.83000 0.86200
v -0.47000 3.07000 0.86200
v -0.47000 3.07000 0.85000
v -0.47000 3.07000 0.86200
v -0.37000 3.07000 0.86200
v -0.37000 3.07000 0.85000
v -0.47000 3.07000 0.85000
v -0.47000 2.83000 0.85000
v -0.37000 2.83000 0.85000
v -0.37000 2.83000 0.86200
v -0.47000 2.83000 0.86200
v -0.47000 2.83000 0.86200
v -0.37000 2.83000 0.86200
v -0.37000 3.07000 0.86200
v -0.47000 3.07000 0.86200
v -0.37000 2.83000 0.85000
v -0.47000 2.83000 0.85000
v -0.47000 3.07000 0.85000
v -0.37000 3.07000 0.85000
v -0.15000 2.83000 0.86200
v -0.15000 2.83000 0.85000
v -0.15000 3.07000 0.85000
v -0.15000 3.07000 0.86200
v -0.25000 2.83000 0.85000
v -0.25000 2.83000 0.86200
v -0.25000 3.07000 0.86200
v -0.25000 3.07000 0.85000
v -0.25000 3.07000 0.86200
v -0.15000 3.07000 0.86200
v -0.15000 3.07000 0.85000
v -0.25000 3.07000 0.85000
v -0.25000 2.83000 0.85000
v -0.15000 2.83000 0.85000
v -0.15000 2.83000 0.86200
v -0.25000 2.83000 0.86200
v -0.25000 2.83000 0.86200
v -0.15000 2.83000 0.86200
v -0.15000 3.07000 0.86200
v -0.25000 3.07000 0.86200
v -0.15000 2.83000 0.85000
v -0.25000 2.83000 0.85000
v -0.25000 3.07000 0.85000
v -0.15000 3.07000 0.85000
v 0.07000 2.83000 0.86200
v 0.07000 2.83000 0.85000
v 0.07000 3.07000 0.85000
v 0.07000 3.07000 0.86200
v -0.03000 2.83000 0.85000
v -0.03000 2.83000 0.86200
v -0.03000 3.07000 0.86200
v -0.03000 3.07000 0.85000
v -0.03000 3.07000 0.86200
v 0.07000 3.07000 0.86200
v 0.07000 3.07000 0.85000
v -0.03000 3.07000 0.85000
v -0.03000 2.83000 0.85000
v 0.07000 2.83000 0.85000
v 0.07000 2.83000 0.86200
v -0.03000 2.83000 0.86200
v -0.03000 2.83000 0.86200
v 0.07000 2.83000 0.86200
v 0.07000 3.07000 0.86200
v -0.03000 3.07000 0.86200
v 0.07000 2.83000 0.85000
v -0.03000 2.83000 0.85000
v -0.03000 3.07000 0.85000
v 0.07000 3.07000 0.85000
v 0.29000 2.83000 0.86200
v 0.29000 2.83000 0.85000
v 0.29000 3.07000 0.85000
v 0.29000 3.07000 0.86200
v 0.19000 2.83000 0.85000
v 0.19000 2.83000 0.86200
v 0.19000 3.07000 0.86200
v 0.19000 3.07000 0.85000
v 0.19000 3.07000 0.86200
v 0.29000 3.07000 0.86200
v 0.29000 3.07000 0.85000
v 0.19000 3.07000 0.85000
v 0.19000 2.83000 0.85000
v 0.29000 2.83000 0.85000
v 0.29000 2.83000 0.86200
v 0.19000 2.83000 0.86200
v 0.19000 2.83000 0.86200
v 0.29000 2.83000 0.86200
v 0.29000 3.07000 0.86200
v 0.19000 3.07000 0.86200
v 0.29000 2.83000 0.85000
v 0.19000 2.83000 0.85000
v 0.19000 3.07000 0.85000
v 0.29000 3.07000 0.85000
v 0.51000 2.83000 0.86200
v 0.51000 2.83000 0.85000
v 0.51000 3.07000 0.85000
v 0.51000 3.07000 0.86200
v 0.41000 2.83000 0.85000
v 0.41000 2.83000 0.86200
v 0.41000 3.07000 0.86200
v 0.41000 3.07000 0.85000
v 0.41000 3.07000 0.86200
v 0.51000 3.07000 0.86200
v 0.51000 3.07000 0.85000
v 0.41000 3.07000 0.85000
v 0.41000 2.83000 0.85000
v 0.51000 2.83000 0.85000
v 0.51000 2.83000 0.86200
v 0.41000 2.83000 0.86200
v 0.41000 2.83000 0.86200
v 0.51000 2.83000 0.86200
v 0.51000 3.07000 0.86200
v 0.41000 3.07000 0.86200
v 0.51000 2.83000 0.85000
v 0.41000 2.83000 0.85000
v 0.41000 3.07000 0.85000
v 0.51000 3.07000 0.85000
v 0.73000 2.83000 0.86200
v 0.73000 2.83000 0.85000
v 0.73000 3.07000 0.85000
v 0.73000 3.07000 0.86200
v 0.63000 2.83000 0.85000
v 0.63000 2.83000 0.86200
v 0.63000 3.07000 0.86200
v 0.63000 3.07000 0.85000
v 0.63000 3.07000 0.86200
v 0.73000 3.07000 0.86200
v 0.73000 3.07000 0.85000
v 0.63000 3.07000 0.85000
v 0.63000 2.83000 0.85000
v 0.73000 2.83000 0.85000
v 0.73000 2.83000 0.86200
v 0.63000 2.83000 0.86200
v 0.63000 2.83000 0.86200
v 0.73000 2.83000 0.86200
v 0.73000 3.07000 0.86200
v 0.63000 3.07000 0.86200
v 0.73000 2.83000 0.85000
v 0.63000 2.83000 0.85000
v 0.63000 3.07000 0.85000
v 0.73000 3.07000 0.85000
v 0.95000 2.83000 0.86200
v 0.95000 2.83000 0.85000
v 0.95000 3.07000 0.85000
v 0.95000 3.07000 0.86200
v 0.85000 2.83000 0.85000
v 0.85000 2.83000 0.86200
v 0.85000 3.07000 0.86200
v 0.85000 3.07000 0.85000
v 0.85000 3.07000 0.86200
v 0.95000 3.07000 0.86200
v 0.95000 3.07000 0.85000
v 0.85000 3.07000 0.85000
v 0.85000 2.83000 0.85000
v 0.95000 2.83000 0.85000
v 0.95000 2.83000 0.86200
v 0.85000 2.83000 0.86200
v 0.85000 2.83000 0.86200
v 0.95000 2.83000 0.86200
v 0.95000 3.07000 0.86200
v 0.85000 3.07000 0.86200
v 0.95000 2.83000 0.85000
v 0.85000 2.83000 0.85000
v 0.85000 3.07000 0.85000
v 0.95000 3.07000 0.85000
v 1.17000 2.83000 0.86200
v 1.17000 2.83000 0.85000
v 1.17000 3.07000 0.85000
v 1.17000 3.07000 0.86200
v 1.07000 2.83000 0.85000
v 1.07000 2.83000 0.86200
v 1.07000 3.07000 0.86200
v 1.07000 3.07000 0.85000
v 1.07000 3.07000 0.86200
v 1.17000 3.07000 0.86200
v 1.17000 3.07000 0.85000
v 1.07000 3.07000 0.85000
v 1.07000 2.83000 0.85000
v 1.17000 2.83000 0.85000
v 1.17000 2.83000 0.86200
v 1.07000 2.83000 0.86200
v 1.07000 2.83000 0.86200
v 1.17000 2.83000 0.86200
v 1.17000 3.07000 0.86200
v 1.07000 3.07000 0.86200
v 1.17000 2.83000 0.85000
v 1.07000 2.83000 0.85000
v 1.07000 3.07000 0.85000
v 1.17000 3.07000 0.85000
v 1.39000 2.83000 0.86200
v 1.39000 2.83000 0.85000
v 1.39000 3.07000 0.85000
v 1.39000 3.07000 0.86200
v 1.29000 2.83000 0.85000
v 1.29000 2.83000 0.86200
v 1.29000 3.07000 0.86200
v 1.29000 3.07000 0.85000
v 1.29000 3.07000 0.86200
v 1.39000 3.07000 0.86200
v 1.39000 3.07000 0.85000
v 1.29000 3.07000 0.85000
v 1.29000 2.83000 0.85000
v 1.39000 2.83000 0.85000
v 1.39000 2.83000 0.86200
v 1.29000 2.83000 0.86200
v 1.29000 2.83000 0.86200
v 1.39000 2.83000 0.86200
v 1.39000 3.07000 0.86200
v 1.29000 3.07000 0.86200
v 1.39000 2.83000 0.85000
v 1.29000 2.83000 0.85000
v 1.29000 3.07000 0.85000
v 1.39000 3.07000 0.85000
v 1.61000 2.83000 0.86200
v 1.61000 2.83000 0.85000
v 1.61000 3.07000 0.85000
v 1.61000 3.07000 0.86200
v 1.51000 2.83000 0.85000
v 1.51000 2.83000 0.86200
v 1.51000 3.07000 0.86200
v 1.51000 3.07000 0.85000
v 1.51000 3.07000 0.86200
v 1.61000 3.07000 0.86200
v 1.61000 3.07000 0.85000
v 1.51000 3.07000 0.85000
v 1.51000 2.83000 0.85000
v 1.61000 2.83000 0.85000
v 1.61000 2.83000 0.86200
v 1.51000 2.83000 0.86200
v 1.51000 2.83000 0.86200
v 1.61000 2.83000 0.86200
v 1.61000 3.07000 0.86200
v 1.51000 3.07000 0.86200
v 1.61000 2.83000 0.85000
v 1.51000 2.83000 0.85000
v 1.51000 3.07000 0.85000
v 1.61000 3.07000 0.85000
v 1.83000 2.83000 0.86200
v 1.83000 2.83000 0.85000
v 1.83000 3.07000 0.85000
v 1.83000 3.07000 0.86200
v 1.73000 2.83000 0.85000
v 1.73000 2.83000 0.86200
v 1.73000 3.07000 0.86200
v 1.73000 3.07000 0.85000
v 1.73000 3.07000 0.86200
v 1.83000 3.07000 0.86200
v 1.83000 3.07000 0.85000
v 1.73000 3.07000 0.85000
v 1.73000 2.83000 0.85000
v 1.83000 2.83000 0.85000
v 1.83000 2.83000 0.86200
v 1.73000 2.83000 0.86200
v 1.73000 2.83000 0.86200
v 1.83000 2.83000 0.86200
v 1.83000 3.07000 0.86200
v 1.73000 3.07000 0.86200
v 1.83000 2.83000 0.85000
v 1.73000 2.83000 0.85000
v 1.73000 3.07000 0.85000
v 1.83000 3.07000 0.85000
v 7.10000 2.81000 -0.63000
v 7.10000 3.01000 -0.63000
v 7.10000 3.01000 0.63000
v 7.10000 2.81000 0.63000
v 4.90000 2.81000 0.63000
v 4.90000 3.01000 0.63000
v 4.90000 3.01000 -0.63000
v 4.90000 2.81000 -0.63000
v 4.92000 3.03000 0.63000
v 7.08000 3.03000 0.63000
v 7.08000 3.03000 -0.63000
v 4.92000 3.03000 -0.63000
v 4.92000 2.79000 -0.63000
v 7.08000 2.79000 -0.63000
v 7.08000 2.79000 0.63000
v 4.92000 2.79000 0.63000
v 4.92000 2.81000 0.65000
v 7.08000 2.81000 0.65000
v 7.08000 3.01000 0.65000
v 4.92000 3.01000 0.65000
v 4.92000 3.01000 -0.65000
v 7.08000 3.01000 -0.65000
v 7.08000 2.81000 -0.65000
v 4.92000 2.81000 -0.65000
v 4.90000 2.79000 -0.63000
v 7.10000 2.79000 -0.63000
v 7.10000 2.81000 -0.65000
v 4.90000 2.81000 -0.65000
v 4.90000 2.79000 0.63000
v 7.10000 2.79000 0.63000
v 7.10000 2.81000 0.65000
v 4.90000 2.81000 0.65000
v 4.90000 3.03000 -0.63000
v 7.10000 3.03000 -0.63000
v 7.10000 3.01000 -0.65000
v 4.90000 3.01000 -0.65000
v 4.90000 3.03000 0.63000
v 7.10000 3.03000 0.63000
v 7.10000 3.01000 0.65000
v 4.90000 3.01000 0.65000
v 4.90000 2.79000 -0.63000
v 4.90000 3.03000 -0.63000
v 4.92000 3.03000 -0.65000
v 4.92000 2.79000 -0.65000
v 4.90000 2.79000 0.63000
v 4.90000 3.03000 0.63000
v 4.92000 3.03000 0.65000
v 4.92000 2.79000 0.65000
v 7.10000 2.79000 -0.63000
v 7.10000 3.03000 -0.63000
v 7.08000 3.03000 -0.65000
v 7.08000 2.79000 -0.65000
v 7.10000 2.79000 0.63000
v 7.10000 3.03000 0.63000
v 7.08000 3.03000 0.65000
v 7.08000 2.79000 0.65000
v 4.90000 2.81000 -0.65000
v 4.90000 2.81000 0.65000
v 4.92000 2.79000 0.65000
v 4.92000 2.79000 -0.65000
v 4.90000 3.01000 -0.65000
v 4.90000 3.01000 0.65000
v 4.92000 3.03000 0.65000
v 4.92000 3.03000 -0.65000
v 7.10000 2.81000 -0.65000
v 7.10000 2.81000 0.65000
v 7.08000 2.79000 0.65000
v 7.08000 2.79000 -0.65000
v 7.10000 3.01000 -0.65000
v 7.10000 3.01000 0.65000
v 7.08000 3.03000 0.65000
v 7.08000 3.03000 -0.65000
v 4.90000 2.81000 -0.63000
v 4.92000 2.79000 -0.63000
v 4.92000 2.81000 -0.65000
v 4.90000 2.81000 0.63000
v 4.92000 2.79000 0.63000
v 4.92000 2.81000 0.65000
v 4.90000 3.01000 -0.63000
v 4.92000 3.03000 -0.63000
v 4.92000 3.01000 -0.65000
v 4.90000 3.01000 0.63000
v 4.92000 3.03000 0.63000
v 4.92000 3.01000 0.65000
v 7.10000 2.81000 -0.63000
v 7.08000 2.79000 -0.63000
v 7.08000 2.81000 -0.65000
v 7.10000 2.81000 0.63000
v 7.08000 2.79000 0.63000
v 7.08000 2.81000 0.65000
v 7.10000 3.01000 -0.63000
v 7.08000 3.03000 -0.63000
v 7.08000 3.01000 -0.65000
v 7.10000 3.01000 0.63000
v 7.08000 3.03000 0.63000
v 7.08000 3.01000 0.65000
v 5.07000 2.83000 0.66200
v 5.07000 2.83000 0.65000
v 5.07000 2.99000 0.65000
v 5.07000 2.99000 0.66200
v 4.97000 2.83000 0.65000
v 4.97000 2.83000 0.66200
v 4.97000 2.99000 0.66200
v 4.97000 2.99000 0.65000
v 4.97000 2.99000 0.66200
v 5.07000 2.99000 0.66200
v 5.07000 2.99000 0.65000
v 4.97000 2.99000 0.65000
v 4.97000 2.83000 0.65000
v 5.07000 2.83000 0.65000
v 5.07000 2.83000 0.66200
v 4.97000 2.83000 0.66200
v 4.97000 2.83000 0.66200
v 5.07000 2.83000 0.66200
v 5.07000 2.99000 0.66200
v 4.97000 2.99000 0.66200
v 5.07000 2.83000 0.65000
v 4.97000 2.83000 0.65000
v 4.97000 2.99000 0.65000
v 5.07000 2.99000 0.65000
v 5.29000 2.83000 0.66200
v 5.29000 2.83000 0.65000
v 5.29000 2.99000 0.65000
v 5.29000 2.99000 0.66200
v 5.19000 2.83000 0.65000
v 5.19000 2.83000 0.66200
v 5.19000 2.99000 0.66200
v 5.19000 2.99000 0.65000
v 5.19000 2.99000 0.66200
v 5.29000 2.99000 0.66200
v 5.29000 2.99000 0.65000
v 5.19000 2.99000 0.65000
v 5.19000 2.83000 0.65000
v 5.29000 2.83000 0.65000
v 5.29000 2.83000 0.66200
v 5.19000 2.83000 0.66200
v 5.19000 2.83000 0.66200
v 5.29000 2.83000 0.66200
v 5.29000 2.99000 0.66200
v 5.19000 2.99000 0.66200
v 5.29000 2.83000 0.65000
v 5.19000 2.83000 0.65000
v 5.19000 2.99000 0.65000
v 5.29000 2.99000 0.65000
v 5.51000 2.83000 0.66200
v 5.51000 2.83000 0.65000
v 5.51000 2.99000 0.65000
v 5.51000 2.99000 0.66200
v 5.41000 2.83000 0.65000
v 5.41000 2.83000 0.66200
v 5.41000 2.99000 0.66200
v 5.41000 2.99000 0.65000
v 5.41000 2.99000 0.66200
v 5.51000 2.99000 0.66200
v 5.51000 2.99000 0.65000
v 5.41000 2.99000 0.65000
v 5.41000 2.83000 0.65000
v 5.51000 2.83000 0.65000
v 5.51000 2.83000 0.66200
v 5.41000 2.83000 0.66200
v 5.41000 2.83000 0.66200
v 5.51000 2.83000 0.66200
v 5.51000 2.99000 0.66200
v 5.41000 2.99000 0.66200
v 5.51000 2.83000 0.65000
v 5.41000 2.83000 0.65000
v 5.41000 2.99000 0.65000
v 5.51000 2.99000 0.65000
v 5.73000 2.83000 0.66200
v 5.73000 2.83000 0.65000
v 5.73000 2.99000 0.65000
v 5.73000 2.99000 0.66200
v 5.63000 2.83000 0.65000
v 5.63000 2.83000 0.66200
v 5.63000 2.99000 0.66200
v 5.63000 2.99000 0.65000
v 5.63000 2.99000 0.66200
v 5.73000 2.99000 0.66200
v 5.73000 2.99000 0.65000
v 5.63000 2.99000 0.65000
v 5.63000 2.83000 0.65000
v 5.73000 2.83000 0.65000
v 5.73000 2.83000 0.66200
v 5.63000 2.83000 0.66200
v 5.63000 2.83000 0.66200
v 5.73000 2.83000 0.66200
v 5.73000 2.99000 0.66200
v 5.63000 2.99000 0.66200
v 5.73000 2.83000 0.65000
v 5.63000 2.83000 0.65000
v 5.63000 2.99000 0.65000
v 5.73000 2.99000 0.65000
v 5.95000 2.83000 0.66200
v 5.95000 2.83000 0.65000
v 5.95000 2.99000 0.65000
v 5.95000 2.99000 0.66200
v 5.85000 2.83000 0.65000
v 5.85000 2.83000 0.66200
v 5.85000 2.99000 0.66200
v 5.85000 2.99000 0.65000
v 5.85000 2.99000 0.66200
v 5.95000 2.99000 0.66200
v 5.95000 2.99000 0.65000
v 5.85000 2.99000 0.65000
v 5.85000 2.83000 0.65000
v 5.95000 2.83000 0.65000
v 5.95000 2.83000 0.66200
v 5.85000 2.83000 0.66200
v 5.85000 2.83000 0.66200
v 5.95000 2.83000 0.66200
v 5.95000 2.99000 0.66200
v 5.85000 2.99000 0.66200
v 5.95000 2.83000 0.65000
v 5.85000 2.83000 0.65000
v 5.85000 2.99000 0.65000
v 5.95000 2.99000 0.65000
v 6.17000 2.83000 0.66200
v 6.17000 2.83000 0.65000
v 6.17000 2.99000 0.65000
v 6.17000 2.99000 0.66200
v 6.07000 2.83000 0.65000
v 6.07000 2.83000 0.66200
v 6.07000 2.99000 0.66200
v 6.07000 2.99000 0.65000
v 6.07000 2.99000 0.66200
v 6.17000 2.99000 0.66200
v 6.17000 2.99000 0.65000
v 6.07000 2.99000 0.65000
v 6.07000 2.83000 0.65000
v 6.17000 2.83000 0.65000
v 6.17000 2.83000 0.66200
v 6.07000 2.83000 0.66200
v 6.07000 2.83000 0.66200
v 6.17000 2.83000 0.66200
v 6.17000 2.99000 0.66200
v 6.07000 2.99000 0.66200
v 6.17000 2.83000 0.65000
v 6.07000 2.83000 0.65000
v 6.07000 2.99000 0.65000
v 6.17000 2.99000 0.65000
v 6.39000 2.83000 0.66200
v 6.39000 2.83000 0.65000
v 6.39000 2.99000 0.65000
v 6.39000 2.99000 0.66200
v 6.29000 2.83000 0.65000
v 6.29000 2.83000 0.66200
v 6.29000 2.99000 0.66200
v 6.29000 2.99000 0.65000
v 6.29000 2.99000 0.66200
v 6.39000 2.99000 0.66200
v 6.39000 2.99000 0.65000
v 6.29000 2.99000 0.65000
v 6.29000 2.83000 0.65000
v 6.39000 2.83000 0.65000
v 6.39000 2.83000 0.66200
v 6.29000 2.83000 0.66200
v 6.29000 2.83000 0.66200
v 6.39000 2.83000 0.66200
v 6.39000 2.99000 0.66200
v 6.29000 2.99000 0.66200
v 6.39000 2.83000 0.65000
v 6.29000 2.83000 0.65000
v 6.29000 2.99000 0.65000
v 6.39000 2.99000 0.65000
v 6.61000 2.83000 0.66200
v 6.61000 2.83000 0.65000
v 6.61000 2.99000 0.65000
v 6.61000 2.99000 0.66200
v 6.51000 2.83000 0.65000
v 6.51000 2.83000 0.66200
v 6.51000 2.99000 0.66200
v 6.51000 2.99000 0.65000
v 6.51000 2.99000 0.66200
v 6.61000 2.99000 0.66200
v 6.61000 2.99000 0.65000
v 6.51000 2.99000 0.65000
v 6.51000 2.83000 0.65000
v 6.61000 2.83000 0.65000
v 6.61000 2.83000 0.66200
v 6.51000 2.83000 0.66200
v 6.51000 2.83000 0.66200
v 6.61000 2.83000 0.66200
v 6.61000 2.99000 0.66200
v 6.51000 2.99000 0.66200
v 6.61000 2.83000 0.65000
v 6.51000 2.83000 0.65000
v 6.51000 2.99000 0.65000
v 6.61000 2.99000 0.65000
v 6.83000 2.83000 0.66200
v 6.83000 2.83000 0.65000
v 6.83000 2.99000 0.65000
v 6.83000 2.99000 0.66200
v 6.73000 2.83000 0.65000
v 6.73000 2.83000 0.66200
v 6.73000 2.99000 0.66200
v 6.73000 2.99000 0.65000
v 6.73000 2.99000 0.66200
v 6.83000 2.99000 0.66200
v 6.83000 2.99000 0.65000
v 6.73000 2.99000 0.65000
v 6.73000 2.83000 0.65000
v 6.83000 2.83000 0.65000
v 6.83000 2.83000 0.66200
v 6.73000 2.83000 0.66200
v 6.73000 2.83000 0.66200
v 6.83000 2.83000 0.66200
v 6.83000 2.99000 0.66200
v 6.73000 2.99000 0.66200
v 6.83000 2.83000 0.65000
v 6.73000 2.83000 0.65000
v 6.73000 2.99000 0.65000
v 6.83000 2.99000 0.65000
v 7.05000 2.83000 0.66200
v 7.05000 2.83000 0.65000
v 7.05000 2.99000 0.65000
v 7.05000 2.99000 0.66200
v 6.95000 2.83000 0.65000
v 6.95000 2.83000 0.66200
v 6.95000 2.99000 0.66200
v 6.95000 2.99000 0.65000
v 6.95000 2.99000 0.66200
v 7.05000 2.99000 0.66200
v 7.05000 2.99000 0.65000
v 6.95000 2.99000 0.65000
v 6.95000 2.83000 0.65000
v 7.05000 2.83000 0.65000
v 7.05000 2.83000 0.66200
v 6.95000 2.83000 0.66200
v 6.95000 2.83000 0.66200
v 7.05000 2.83000 0.66200
v 7.05000 2.99000 0.66200
v 6.95000 2.99000 0.66200
v 7.05000 2.83000 0.65000
v 6.95000 2.83000 0.65000
v 6.95000 2.99000 0.65000
v 7.05000 2.99000 0.65000
v -8.20000 2.85000 -0.91000
v -8.20000 2.88527 -0.89854
v 8.20000 2.88527 -0.89854
v 8.20000 2.85000 -0.91000
v -8.20000 2.88527 -0.89854
v -8.20000 2.90706 -0.86854
v 8.20000 2.90706 -0.86854
v 8.20000 2.88527 -0.89854
v -8.20000 2.90706 -0.86854
v -8.20000 2.90706 -0.83146
v 8.20000 2.90706 -0.83146
v 8.20000 2.90706 -0.86854
v -8.20000 2.90706 -0.83146
v -8.20000 2.88527 -0.80146
v 8.20000 2.88527 -0.80146
v 8.20000 2.90706 -0.83146
v -8.20000 2.88527 -0.80146
v -8.20000 2.85000 -0.79000
v 8.20000 2.85000 -0.79000
v 8.20000 2.88527 -0.80146
v -8.20000 2.85000 -0.79000
v -8.20000 2.81473 -0.80146
v 8.20000 2.81473 -0.80146
v 8.20000 2.85000 -0.79000
v -8.20000 2.81473 -0.80146
v -8.20000 2.79294 -0.83146
v 8.20000 2.79294 -0.83146
v 8.20000 2.81473 -0.80146
v -8.20000 2.79294 -0.83146
v -8.20000 2.79294 -0.86854
v 8.20000 2.79294 -0.86854
v 8.20000 2.79294 -0.83146
v -8.20000 2.79294 -0.86854
v -8.20000 2.81473 -0.89854
v 8.20000 2.81473 -0.89854
v 8.20000 2.79294 -0.86854
v -8.20000 2.81473 -0.89854
v -8.20000 2.85000 -0.91000
v 8.20000 2.85000 -0.91000
v 8.20000 2.81473 -0.89854
v -8.20000 2.81473 -0.89854
v -8.20000 2.79294 -0.86854
v -8.20000 2.79294 -0.83146
v -8.20000 2.81473 -0.80146
v -8.20000 2.85000 -0.79000
v -8.20000 2.88527 -0.80146
v -8.20000 2.90706 -0.83146
v -8.20000 2.90706 -0.86854
v -8.20000 2.88527 -0.89854
v -8.20000 2.85000 -0.91000
v 8.20000 2.85000 -0.91000
v 8.20000 2.88527 -0.89854
v 8.20000 2.90706 -0.86854
v 8.20000 2.90706 -0.83146
v 8.20000 2.88527 -0.80146
v 8.20000 2.85000 -0.79000
v 8.20000 2.81473 -0.80146
v 8.20000 2.79294 -0.83146
v 8.20000 2.79294 -0.86854
v 8.20000 2.81473 -0.89854
v -8.20000 2.85000 0.79000
v -8.20000 2.88527 0.80146
v 8.20000 2.88527 0.80146
v 8.20000 2.85000 0.79000
v -8.20000 2.88527 0.80146
v -8.20000 2.90706 0.83146
v 8.20000 2.90706 0.83146
v 8.20000 2.88527 0.80146
v -8.20000 2.90706 0.83146
v -8.20000 2.90706 0.86854
v 8.20000 2.90706 0.86854
v 8.20000 2.90706 0.83146
v -8.20000 2.90706 0.86854
v -8.20000 2.88527 0.89854
v 8.20000 2.88527 0.89854
v 8.20000 2.90706 0.86854
v -8.20000 2.88527 0.89854
v -8.20000 2.85000 0.91000
v 8.20000 2.85000 0.91000
v 8.20000 2.88527 0.89854
v -8.20000 2.85000 0.91000
v -8.20000 2.81473 0.89854
v 8.20000 2.81473 0.89854
v 8.20000 2.85000 0.91000
v -8.20000 2.81473 0.89854
v -8.20000 2.79294 0.86854
v 8.20000 2.79294 0.86854
v 8.20000 2.81473 0.89854
v -8.20000 2.79294 0.86854
v -8.20000 2.79294 0.83146
v 8.20000 2.79294 0.83146
v 8.20000 2.79294 0.86854
v -8.20000 2.79294 0.83146
v -8.20000 2.81473 0.80146
v 8.20000 2.81473 0.80146
v 8.20000 2.79294 0.83146
v -8.20000 2.81473 0.80146
v -8.20000 2.85000 0.79000
v 8.20000 2.85000 0.79000
v 8.20000 2.81473 0.80146
v -8.20000 2.81473 0.80146
v -8.20000 2.79294 0.83146
v -8.20000 2.79294 0.86854
v -8.20000 2.81473 0.89854
v -8.20000 2.85000 0.91000
v -8.20000 2.88527 0.89854
v -8.20000 2.90706 0.86854
v -8.20000 2.90706 0.83146
v -8.20000 2.88527 0.80146
v -8.20000 2.85000 0.79000
v 8.20000 2.85000 0.79000
v 8.20000 2.88527 0.80146
v 8.20000 2.90706 0.83146
v 8.20000 2.90706 0.86854
v 8.20000 2.88527 0.89854
v 8.20000 2.85000 0.91000
v 8.20000 2.81473 0.89854
v 8.20000 2.79294 0.86854
v 8.20000 2.79294 0.83146
v 8.20000 2.81473 0.80146
v -8.68000 0.00000 1.33000
v -8.68000 0.00000 -1.33000
v -8.68000 2.40000 -1.33000
v -8.68000 2.40000 1.33000
v -8.80000 0.00000 -1.33000
v -8.80000 0.00000 1.33000
v -8.80000 2.40000 1.33000
v -8.80000 2.40000 -1.33000
v -8.80000 2.40000 1.33000
v -8.68000 2.40000 1.33000
v -8.68000 2.40000 -1.33000
v -8.80000 2.40000 -1.33000
v -8.80000 0.00000 -1.33000
v -8.68000 0.00000 -1.33000
v -8.68000 0.00000 1.33000
v -8.80000 0.00000 1.33000
v -8.80000 0.00000 1.33000
v -8.68000 0.00000 1.33000
v -8.68000 2.40000 1.33000
v -8.80000 2.40000 1.33000
v -8.68000 0.00000 -1.33000
v -8.80000 0.00000 -1.33000
v -8.80000 2.40000 -1.33000
v -8.68000 2.40000 -1.33000
v -8.61000 0.07500 0.40000
v -8.61000 0.07500 -0.40000
v -8.61000 2.02500 -0.40000
v -8.61000 2.02500 0.40000
v -8.71000 0.07500 -0.40000
v -8.71000 0.07500 0.40000
v -8.71000 2.02500 0.40000
v -8.71000 2.02500 -0.40000
v -8.71000 2.02500 0.40000
v -8.61000 2.02500 0.40000
v -8.61000 2.02500 -0.40000
v -8.71000 2.02500 -0.40000
v -8.71000 0.07500 -0.40000
v -8.61000 0.07500 -0.40000
v -8.61000 0.07500 0.40000
v -8.71000 0.07500 0.40000
v -8.71000 0.07500 0.40000
v -8.61000 0.07500 0.40000
v -8.61000 2.02500 0.40000
v -8.71000 2.02500 0.40000
v -8.61000 0.07500 -0.40000
v -8.71000 0.07500 -0.40000
v -8.71000 2.02500 -0.40000
v -8.61000 2.02500 -0.40000
v -8.69000 1.25000 0.31000
v -8.69000 1.25000 -0.31000
v -8.69000 1.85000 -0.31000
v -8.69000 1.85000 0.31000
v -8.73000 1.25000 -0.31000
v -8.73000 1.25000 0.31000
v -8.73000 1.85000 0.31000
v -8.73000 1.85000 -0.31000
v -8.73000 1.85000 0.31000
v -8.69000 1.85000 0.31000
v -8.69000 1.85000 -0.31000
v -8.73000 1.85000 -0.31000
v -8.73000 1.25000 -0.31000
v -8.69000 1.25000 -0.31000
v -8.69000 1.25000 0.31000
v -8.73000 1.25000 0.31000
v -8.73000 1.25000 0.31000
v -8.69000 1.25000 0.31000
v -8.69000 1.85000 0.31000
v -8.73000 1.85000 0.31000
v -8.69000 1.25000 -0.31000
v -8.73000 1.25000 -0.31000
v -8.73000 1.85000 -0.31000
v -8.69000 1.85000 -0.31000
v -8.81000 -0.11000 0.15000
v -8.81000 -0.11000 -0.15000
v -8.81000 0.15000 -0.15000
v -8.81000 0.15000 0.15000
v -9.11000 -0.11000 -0.15000
v -9.11000 -0.11000 0.15000
v -9.11000 0.15000 0.15000
v -9.11000 0.15000 -0.15000
v -9.11000 0.15000 0.15000
v -8.81000 0.15000 0.15000
v -8.81000 0.15000 -0.15000
v -9.11000 0.15000 -0.15000
v -9.11000 -0.11000 -0.15000
v -8.81000 -0.11000 -0.15000
v -8.81000 -0.11000 0.15000
v -9.11000 -0.11000 0.15000
v -9.11000 -0.11000 0.15000
v -8.81000 -0.11000 0.15000
v -8.81000 0.15000 0.15000
v -9.11000 0.15000 0.15000
v -8.81000 -0.11000 -0.15000
v -9.11000 -0.11000 -0.15000
v -9.11000 0.15000 -0.15000
v -8.81000 0.15000 -0.15000
v 8.24000 2.10000 1.38000
v 8.80000 2.10000 1.38000
v 8.80000 2.10000 -1.38000
v 8.24000 2.10000 -1.38000
v 8.24000 0.00000 -1.38000
v 8.80000 0.00000 -1.38000
v 8.80000 0.00000 1.38000
v 8.24000 0.00000 1.38000
v 8.24000 0.00000 1.38000
v 8.80000 0.00000 1.38000
v 8.80000 2.10000 1.38000
v 8.24000 2.10000 1.38000
v 8.80000 0.00000 -1.38000
v 8.24000 0.00000 -1.38000
v 8.24000 2.10000 -1.38000
v 8.80000 2.10000 -1.38000
v 8.25000 0.00000 1.38000
v 8.25000 0.00000 -1.38000
v 8.80000 0.10000 -1.38000
v 8.80000 0.10000 1.38000
v 8.25000 0.00000 -1.38000
v 8.18918 0.33452 -1.26960
v 8.73918 0.43452 -1.26960
v 8.80000 0.10000 -1.38000
v 8.18918 0.33452 -1.26960
v 8.18918 0.33452 1.26960
v 8.73918 0.43452 1.26960
v 8.73918 0.43452 -1.26960
v 8.18918 0.33452 1.26960
v 8.25000 0.00000 1.38000
v 8.80000 0.10000 1.38000
v 8.73918 0.43452 1.26960
v 8.18918 0.33452 1.26960
v 8.18918 0.33452 -1.26960
v 8.25000 0.00000 -1.38000
v 8.25000 0.00000 1.38000
v 8.80000 0.10000 1.38000
v 8.80000 0.10000 -1.38000
v 8.73918 0.43452 -1.26960
v 8.73918 0.43452 1.26960
v 8.81000 1.15000 1.06950
v 8.81000 1.15000 -1.06950
v 8.81000 1.95000 -1.06950
v 8.81000 1.95000 1.06950
v 8.75000 1.15000 -1.06950
v 8.75000 1.15000 1.06950
v 8.75000 1.95000 1.06950
v 8.75000 1.95000 -1.06950
v 8.75000 1.95000 1.06950
v 8.81000 1.95000 1.06950
v 8.81000 1.95000 -1.06950
v 8.75000 1.95000 -1.06950
v 8.75000 1.15000 -1.06950
v 8.81000 1.15000 -1.06950
v 8.81000 1.15000 1.06950
v 8.75000 1.15000 1.06950
v 8.75000 1.15000 1.06950
v 8.81000 1.15000 1.06950
v 8.81000 1.95000 1.06950
v 8.75000 1.95000 1.06950
v 8.81000 1.15000 -1.06950
v 8.75000 1.15000 -1.06950
v 8.75000 1.95000 -1.06950
v 8.81000 1.95000 -1.06950
v 8.82000 1.99000 1.38000
v 8.82000 1.99000 -1.38000
v 8.82000 2.45000 -1.38000
v 8.82000 2.45000 1.38000
v 8.74000 1.99000 -1.38000
v 8.74000 1.99000 1.38000
v 8.74000 2.45000 1.38000
v 8.74000 2.45000 -1.38000
v 8.74000 2.45000 1.38000
v 8.82000 2.45000 1.38000
v 8.82000 2.45000 -1.38000
v 8.74000 2.45000 -1.38000
v 8.74000 1.99000 -1.38000
v 8.82000 1.99000 -1.38000
v 8.82000 1.99000 1.38000
v 8.74000 1.99000 1.38000
v 8.74000 1.99000 1.38000
v 8.82000 1.99000 1.38000
v 8.82000 2.45000 1.38000
v 8.74000 2.45000 1.38000
v 8.82000 1.99000 -1.38000
v 8.74000 1.99000 -1.38000
v 8.74000 2.45000 -1.38000
v 8.82000 2.45000 -1.38000
v 8.82000 0.09000 1.38000
v 8.82000 0.09000 -1.38000
v 8.82000 1.15000 -1.38000
v 8.82000 1.15000 1.38000
v 8.74000 0.09000 -1.38000
v 8.74000 0.09000 1.38000
v 8.74000 1.15000 1.38000
v 8.74000 1.15000 -1.38000
v 8.74000 1.15000 1.38000
v 8.82000 1.15000 1.38000
v 8.82000 1.15000 -1.38000
v 8.74000 1.15000 -1.38000
v 8.74000 0.09000 -1.38000
v 8.82000 0.09000 -1.38000
v 8.82000 0.09000 1.38000
v 8.74000 0.09000 1.38000
v 8.74000 0.09000 1.38000
v 8.82000 0.09000 1.38000
v 8.82000 1.15000 1.38000
v 8.74000 1.15000 1.38000
v 8.82000 0.09000 -1.38000
v 8.74000 0.09000 -1.38000
v 8.74000 1.15000 -1.38000
v 8.82000 1.15000 -1.38000
v 8.81000 0.72000 -0.92000
v 8.81000 0.72000 -0.92000
v 8.81000 0.80660 -0.87000
v 8.81000 0.82000 -0.92000
v 8.81000 0.72000 -0.92000
v 8.81000 0.72000 -0.92000
v 8.81000 0.77000 -0.83340
v 8.81000 0.80660 -0.87000
v 8.81000 0.72000 -0.92000
v 8.81000 0.72000 -0.92000
v 8.81000 0.72000 -0.82000
v 8.81000 0.77000 -0.83340
v 8.81000 0.72000 -0.92000
v 8.81000 0.72000 -0.92000
v 8.81000 0.67000 -0.83340
v 8.81000 0.72000 -0.82000
v 8.81000 0.72000 -0.92000
v 8.81000 0.72000 -0.92000
v 8.81000 0.63340 -0.87000
v 8.81000 0.67000 -0.83340
v 8.81000 0.72000 -0.92000
v 8.81000 0.72000 -0.92000
v 8.81000 0.62000 -0.92000
v 8.81000 0.63340 -0.87000
v 8.81000 0.72000 -0.92000
v 8.81000 0.72000 -0.92000
v 8.81000 0.63340 -0.97000
v 8.81000 0.62000 -0.92000
v 8.81000 0.72000 -0.92000
v 8.81000 0.72000 -0.92000
v 8.81000 0.67000 -1.00660
v 8.81000 0.63340 -0.97000
v 8.81000 0.72000 -0.92000
v 8.81000 0.72000 -0.92000
v 8.81000 0.72000 -1.02000
v 8.81000 0.67000 -1.00660
v 8.81000 0.72000 -0.92000
v 8.81000 0.72000 -0.92000
v 8.81000 0.77000 -1.00660
v 8.81000 0.72000 -1.02000
v 8.81000 0.72000 -0.92000
v 8.81000 0.72000 -0.92000
v 8.81000 0.80660 -0.97000
v 8.81000 0.77000 -1.00660
v 8.81000 0.72000 -0.92000
v 8.81000 0.72000 -0.92000
v 8.81000 0.82000 -0.92000
v 8.81000 0.80660 -0.97000
v 8.81000 0.82000 -0.92000
v 8.81000 0.80660 -0.87000
v 8.86000 0.80660 -0.87000
v 8.86000 0.82000 -0.92000
v 8.81000 0.80660 -0.87000
v 8.81000 0.77000 -0.83340
v 8.86000 0.77000 -0.83340
v 8.86000 0.80660 -0.87000
v 8.81000 0.77000 -0.83340
v 8.81000 0.72000 -0.82000
v 8.86000 0.72000 -0.82000
v 8.86000 0.77000 -0.83340
v 8.81000 0.72000 -0.82000
v 8.81000 0.67000 -0.83340
v 8.86000 0.67000 -0.83340
v 8.86000 0.72000 -0.82000
v 8.81000 0.67000 -0.83340
v 8.81000 0.63340 -0.87000
v 8.86000 0.63340 -0.87000
v 8.86000 0.67000 -0.83340
v 8.81000 0.63340 -0.87000
v 8.81000 0.62000 -0.92000
v 8.86000 0.62000 -0.92000
v 8.86000 0.63340 -0.87000
v 8.81000 0.62000 -0.92000
v 8.81000 0.63340 -0.97000
v 8.86000 0.63340 -0.97000
v 8.86000 0.62000 -0.92000
v 8.81000 0.63340 -0.97000
v 8.81000 0.67000 -1.00660
v 8.86000 0.67000 -1.00660
v 8.86000 0.63340 -0.97000
v 8.81000 0.67000 -1.00660
v 8.81000 0.72000 -1.02000
v 8.86000 0.72000 -1.02000
v 8.86000 0.67000 -1.00660
v 8.81000 0.72000 -1.02000
v 8.81000 0.77000 -1.00660
v 8.86000 0.77000 -1.00660
v 8.86000 0.72000 -1.02000
v 8.81000 0.77000 -1.00660
v 8.81000 0.80660 -0.97000
v 8.86000 0.80660 -0.97000
v 8.86000 0.77000 -1.00660
v 8.81000 0.80660 -0.97000
v 8.81000 0.82000 -0.92000
v 8.86000 0.82000 -0.92000
v 8.86000 0.80660 -0.97000
v 8.86000 0.82000 -0.92000
v 8.86000 0.80660 -0.87000
v 8.86000 0.77000 -0.83340
v 8.86000 0.72000 -0.82000
v 8.86000 0.67000 -0.83340
v 8.86000 0.63340 -0.87000
v 8.86000 0.62000 -0.92000
v 8.86000 0.63340 -0.97000
v 8.86000 0.67000 -1.00660
v 8.86000 0.72000 -1.02000
v 8.86000 0.77000 -1.00660
v 8.86000 0.80660 -0.97000
v 8.81000 1.10000 -1.10000
v 8.81000 1.10000 -1.10000
v 8.81000 1.14854 -1.06473
v 8.81000 1.16000 -1.10000
v 8.81000 1.10000 -1.10000
v 8.81000 1.10000 -1.10000
v 8.81000 1.11854 -1.04294
v 8.81000 1.14854 -1.06473
v 8.81000 1.10000 -1.10000
v 8.81000 1.10000 -1.10000
v 8.81000 1.08146 -1.04294
v 8.81000 1.11854 -1.04294
v 8.81000 1.10000 -1.10000
v 8.81000 1.10000 -1.10000
v 8.81000 1.05146 -1.06473
v 8.81000 1.08146 -1.04294
v 8.81000 1.10000 -1.10000
v 8.81000 1.10000 -1.10000
v 8.81000 1.04000 -1.10000
v 8.81000 1.05146 -1.06473
v 8.81000 1.10000 -1.10000
v 8.81000 1.10000 -1.10000
v 8.81000 1.05146 -1.13527
v 8.81000 1.04000 -1.10000
v 8.81000 1.10000 -1.10000
v 8.81000 1.10000 -1.10000
v 8.81000 1.08146 -1.15706
v 8.81000 1.05146 -1.13527
v 8.81000 1.10000 -1.10000
v 8.81000 1.10000 -1.10000
v 8.81000 1.11854 -1.15706
v 8.81000 1.08146 -1.15706
v 8.81000 1.10000 -1.10000
v 8.81000 1.10000 -1.10000
v 8.81000 1.14854 -1.13527
v 8.81000 1.11854 -1.15706
v 8.81000 1.10000 -1.10000
v 8.81000 1.10000 -1.10000
v 8.81000 1.16000 -1.10000
v 8.81000 1.14854 -1.13527
v 8.81000 1.16000 -1.10000
v 8.81000 1.14854 -1.06473
v 8.85000 1.14854 -1.06473
v 8.85000 1.16000 -1.10000
v 8.81000 1.14854 -1.06473
v 8.81000 1.11854 -1.04294
v 8.85000 1.11854 -1.04294
v 8.85000 1.14854 -1.06473
v 8.81000 1.11854 -1.04294
v 8.81000 1.08146 -1.04294
v 8.85000 1.08146 -1.04294
v 8.85000 1.11854 -1.04294
v 8.81000 1.08146 -1.04294
v 8.81000 1.05146 -1.06473
v 8.85000 1.05146 -1.06473
v 8.85000 1.08146 -1.04294
v 8.81000 1.05146 -1.06473
v 8.81000 1.04000 -1.10000
v 8.85000 1.04000 -1.10000
v 8.85000 1.05146 -1.06473
v 8.81000 1.04000 -1.10000
v 8.81000 1.05146 -1.13527
v 8.85000 1.05146 -1.13527
v 8.85000 1.04000 -1.10000
v 8.81000 1.05146 -1.13527
v 8.81000 1.08146 -1.15706
v 8.85000 1.08146 -1.15706
v 8.85000 1.05146 -1.13527
v 8.81000 1.08146 -1.15706
v 8.81000 1.11854 -1.15706
v 8.85000 1.11854 -1.15706
v 8.85000 1.08146 -1.15706
v 8.81000 1.11854 -1.15706
v 8.81000 1.14854 -1.13527
v 8.85000 1.14854 -1.13527
v 8.85000 1.11854 -1.15706
v 8.81000 1.14854 -1.13527
v 8.81000 1.16000 -1.10000
v 8.85000 1.16000 -1.10000
v 8.85000 1.14854 -1.13527
v 8.85000 1.16000 -1.10000
v 8.85000 1.14854 -1.06473
v 8.85000 1.11854 -1.04294
v 8.85000 1.08146 -1.04294
v 8.85000 1.05146 -1.06473
v 8.85000 1.04000 -1.10000
v 8.85000 1.05146 -1.13527
v 8.85000 1.08146 -1.15706
v 8.85000 1.11854 -1.15706
v 8.85000 1.14854 -1.13527
v 8.81000 0.72000 0.92000
v 8.81000 0.72000 0.92000
v 8.81000 0.80660 0.97000
v 8.81000 0.82000 0.92000
v 8.81000 0.72000 0.92000
v 8.81000 0.72000 0.92000
v 8.81000 0.77000 1.00660
v 8.81000 0.80660 0.97000
v 8.81000 0.72000 0.92000
v 8.81000 0.72000 0.92000
v 8.81000 0.72000 1.02000
v 8.81000 0.77000 1.00660
v 8.81000 0.72000 0.92000
v 8.81000 0.72000 0.92000
v 8.81000 0.67000 1.00660
v 8.81000 0.72000 1.02000
v 8.81000 0.72000 0.92000
v 8.81000 0.72000 0.92000
v 8.81000 0.63340 0.97000
v 8.81000 0.67000 1.00660
v 8.81000 0.72000 0.92000
v 8.81000 0.72000 0.92000
v 8.81000 0.62000 0.92000
v 8.81000 0.63340 0.97000
v 8.81000 0.72000 0.92000
v 8.81000 0.72000 0.92000
v 8.81000 0.63340 0.87000
v 8.81000 0.62000 0.92000
v 8.81000 0.72000 0.92000
v 8.81000 0.72000 0.92000
v 8.81000 0.67000 0.83340
v 8.81000 0.63340 0.87000
v 8.81000 0.72000 0.92000
v 8.81000 0.72000 0.92000
v 8.81000 0.72000 0.82000
v 8.81000 0.67000 0.83340
v 8.81000 0.72000 0.92000
v 8.81000 0.72000 0.92000
v 8.81000 0.77000 0.83340
v 8.81000 0.72000 0.82000
v 8.81000 0.72000 0.92000
v 8.81000 0.72000 0.92000
v 8.81000 0.80660 0.87000
v 8.81000 0.77000 0.83340
v 8.81000 0.72000 0.92000
v 8.81000 0.72000 0.92000
v 8.81000 0.82000 0.92000
v 8.81000 0.80660 0.87000
v 8.81000 0.82000 0.92000
v 8.81000 0.80660 0.97000
v 8.86000 0.80660 0.97000
v 8.86000 0.82000 0.92000
v 8.81000 0.80660 0.97000
v 8.81000 0.77000 1.00660
v 8.86000 0.77000 1.00660
v 8.86000 0.80660 0.97000
v 8.81000 0.77000 1.00660
v 8.81000 0.72000 1.02000
v 8.86000 0.72000 1.02000
v 8.86000 0.77000 1.00660
v 8.81000 0.72000 1.02000
v 8.81000 0.67000 1.00660
v 8.86000 0.67000 1.00660
v 8.86000 0.72000 1.02000
v 8.81000 0.67000 1.00660
v 8.81000 0.63340 0.97000
v 8.86000 0.63340 0.97000
v 8.86000 0.67000 1.00660
v 8.81000 0.63340 0.97000
v 8.81000 0.62000 0.92000
v 8.86000 0.62000 0.92000
v 8.86000 0.63340 0.97000
v 8.81000 0.62000 0.92000
v 8.81000 0.63340 0.87000
v 8.86000 0.63340 0.87000
v 8.86000 0.62000 0.92000
v 8.81000 0.63340 0.87000
v 8.81000 0.67000 0.83340
v 8.86000 0.67000 0.83340
v 8.86000 0.63340 0.87000
v 8.81000 0.67000 0.83340
v 8.81000 0.72000 0.82000
v 8.86000 0.72000 0.82000
v 8.86000 0.67000 0.83340
v 8.81000 0.72000 0.82000
v 8.81000 0.77000 0.83340
v 8.86000 0.77000 0.83340
v 8.86000 0.72000 0.82000
v 8.81000 0.77000 0.83340
v 8.81000 0.80660 0.87000
v 8.86000 0.80660 0.87000
v 8.86000 0.77000 0.83340
v 8.81000 0.80660 0.87000
v 8.81000 0.82000 0.92000
v 8.86000 0.82000 0.92000
v 8.86000 0.80660 0.87000
v 8.86000 0.82000 0.92000
v 8.86000 0.80660 0.97000
v 8.86000 0.77000 1.00660
v 8.86000 0.72000 1.02000
v 8.86000 0.67000 1.00660
v 8.86000 0.63340 0.97000
v 8.86000 0.62000 0.92000
v 8.86000 0.63340 0.87000
v 8.86000 0.67000 0.83340
v 8.86000 0.72000 0.82000
v 8.86000 0.77000 0.83340
v 8.86000 0.80660 0.87000
v 8.81000 1.10000 1.10000
v 8.81000 1.10000 1.10000
v 8.81000 1.14854 1.13527
v 8.81000 1.16000 1.10000
v 8.81000 1.10000 1.10000
v 8.81000 1.10000 1.10000
v 8.81000 1.11854 1.15706
v 8.81000 1.14854 1.13527
v 8.81000 1.10000 1.10000
v 8.81000 1.10000 1.10000
v 8.81000 1.08146 1.15706
v 8.81000 1.11854 1.15706
v 8.81000 1.10000 1.10000
v 8.81000 1.10000 1.10000
v 8.81000 1.05146 1.13527
v 8.81000 1.08146 1.15706
v 8.81000 1.10000 1.10000
v 8.81000 1.10000 1.10000
v 8.81000 1.04000 1.10000
v 8.81000 1.05146 1.13527
v 8.81000 1.10000 1.10000
v 8.81000 1.10000 1.10000
v 8.81000 1.05146 1.06473
v 8.81000 1.04000 1.10000
v 8.81000 1.10000 1.10000
v 8.81000 1.10000 1.10000
v 8.81000 1.08146 1.04294
v 8.81000 1.05146 1.06473
v 8.81000 1.10000 1.10000
v 8.81000 1.10000 1.10000
v 8.81000 1.11854 1.04294
v 8.81000 1.08146 1.04294
v 8.81000 1.10000 1.10000
v 8.81000 1.10000 1.10000
v 8.81000 1.14854 1.06473
v 8.81000 1.11854 1.04294
v 8.81000 1.10000 1.10000
v 8.81000 1.10000 1.10000
v 8.81000 1.16000 1.10000
v 8.81000 1.14854 1.06473
v 8.81000 1.16000 1.10000
v 8.81000 1.14854 1.13527
v 8.85000 1.14854 1.13527
v 8.85000 1.16000 1.10000
v 8.81000 1.14854 1.13527
v 8.81000 1.11854 1.15706
v 8.85000 1.11854 1.15706
v 8.85000 1.14854 1.13527
v 8.81000 1.11854 1.15706
v 8.81000 1.08146 1.15706
v 8.85000 1.08146 1.15706
v 8.85000 1.11854 1.15706
v 8.81000 1.08146 1.15706
v 8.81000 1.05146 1.13527
v 8.85000 1.05146 1.13527
v 8.85000 1.08146 1.15706
v 8.81000 1.05146 1.13527
v 8.81000 1.04000 1.10000
v 8.85000 1.04000 1.10000
v 8.85000 1.05146 1.13527
v 8.81000 1.04000 1.10000
v 8.81000 1.05146 1.06473
v 8.85000 1.05146 1.06473
v 8.85000 1.04000 1.10000
v 8.81000 1.05146 1.06473
v 8.81000 1.08146 1.04294
v 8.85000 1.08146 1.04294
v 8.85000 1.05146 1.06473
v 8.81000 1.08146 1.04294
v 8.81000 1.11854 1.04294
v 8.85000 1.11854 1.04294
v 8.85000 1.08146 1.04294
v 8.81000 1.11854 1.04294
v 8.81000 1.14854 1.06473
v 8.85000 1.14854 1.06473
v 8.85000 1.11854 1.04294
v 8.81000 1.14854 1.06473
v 8.81000 1.16000 1.10000
v 8.85000 1.16000 1.10000
v 8.85000 1.14854 1.06473
v 8.85000 1.16000 1.10000
v 8.85000 1.14854 1.13527
v 8.85000 1.11854 1.15706
v 8.85000 1.08146 1.15706
v 8.85000 1.05146 1.13527
v 8.85000 1.04000 1.10000
v 8.85000 1.05146 1.06473
v 8.85000 1.08146 1.04294
v 8.85000 1.11854 1.04294
v 8.85000 1.14854 1.06473
v 8.94000 0.03000 0.25000
v 8.94000 0.03000 -0.25000
v 8.94000 0.37000 -0.25000
v 8.94000 0.37000 0.25000
v 8.78000 0.03000 -0.25000
v 8.78000 0.03000 0.25000
v 8.78000 0.37000 0.25000
v 8.78000 0.37000 -0.25000
v 8.78000 0.37000 0.25000
v 8.94000 0.37000 0.25000
v 8.94000 0.37000 -0.25000
v 8.78000 0.37000 -0.25000
v 8.78000 0.03000 -0.25000
v 8.94000 0.03000 -0.25000
v 8.94000 0.03000 0.25000
v 8.78000 0.03000 0.25000
v 8.78000 0.03000 0.25000
v 8.94000 0.03000 0.25000
v 8.94000 0.37000 0.25000
v 8.78000 0.37000 0.25000
v 8.94000 0.03000 -0.25000
v 8.78000 0.03000 -0.25000
v 8.78000 0.37000 -0.25000
v 8.94000 0.37000 -0.25000
v 9.10000 0.04000 0.12000
v 9.10000 0.04000 -0.12000
v 9.10000 0.24000 -0.12000
v 9.10000 0.24000 0.12000
v 8.90000 0.04000 -0.12000
v 8.90000 0.04000 0.12000
v 8.90000 0.24000 0.12000
v 8.90000 0.24000 -0.12000
v 8.90000 0.24000 0.12000
v 9.10000 0.24000 0.12000
v 9.10000 0.24000 -0.12000
v 8.90000 0.24000 -0.12000
v 8.90000 0.04000 -0.12000
v 9.10000 0.04000 -0.12000
v 9.10000 0.04000 0.12000
v 8.90000 0.04000 0.12000
v 8.90000 0.04000 0.12000
v 9.10000 0.04000 0.12000
v 9.10000 0.24000 0.12000
v 8.90000 0.24000 0.12000
v 9.10000 0.04000 -0.12000
v 8.90000 0.04000 -0.12000
v 8.90000 0.24000 -0.12000
v 9.10000 0.24000 -0.12000
vt -1.33000 -0.28000
vt 1.33000 -0.28000
vt 1.33000 0.00000
vt -1.33000 0.00000
vt -1.33000 -0.28000
vt 1.33000 -0.28000
vt 1.33000 0.00000
vt -1.33000 0.00000
vt -8.80000 -1.33000
vt 8.80000 -1.33000
vt 8.80000 1.33000
vt -8.80000 1.33000
vt -8.80000 -1.33000
vt 8.80000 -1.33000
vt 8.80000 1.33000
vt -8.80000 1.33000
vt -8.80000 -0.28000
vt 8.80000 -0.28000
vt 8.80000 0.00000
vt -8.80000 0.00000
vt -8.80000 -0.28000
vt 8.80000 -0.28000
vt 8.80000 0.00000
vt -8.80000 0.00000
vt -1.35000 -0.71250
vt 1.35000 -0.71250
vt 1.35000 -0.33750
vt -1.35000 -0.33750
vt -1.35000 -0.71250
vt 1.35000 -0.71250
vt 1.35000 -0.33750
vt -1.35000 -0.33750
vt -10.25000 -1.35000
vt 10.25000 -1.35000
vt 10.25000 1.35000
vt -10.25000 1.35000
vt -10.25000 -1.35000
vt 10.25000 -1.35000
vt 10.25000 1.35000
vt -10.25000 1.35000
vt -10.25000 -0.71250
vt 10.25000 -0.71250
vt 10.25000 -0.33750
vt -10.25000 -0.33750
vt -10.25000 -0.71250
vt 10.25000 -0.71250
vt 10.25000 -0.33750
vt -10.25000 -0.33750
vt -2.06250 -1.57500
vt -0.68750 -1.57500
vt -0.68750 -0.72500
vt -2.06250 -0.72500
vt 0.68750 -1.57500
vt 2.06250 -1.57500
vt 2.06250 -0.72500
vt 0.68750 -0.72500
vt -19.62500 -2.06250
vt -17.37500 -2.06250
vt -17.37500 -0.68750
vt -19.62500 -0.68750
vt -19.62500 0.68750
vt -17.37500 0.68750
vt -17.37500 2.06250
vt -19.62500 2.06250
vt -19.62500 -1.57500
vt -17.37500 -1.57500
vt -17.37500 -0.72500
vt -19.62500 -0.72500
vt 17.37500 -1.57500
vt 19.62500 -1.57500
vt 19.62500 -0.72500
vt 17.37500 -0.72500
vt 0.00000 0.00000
vt 0.14661 0.00000
vt 0.14661 3.33333
vt 0.00000 3.33333
vt 0.14661 0.00000
vt 0.29322 0.00000
vt 0.29322 3.33333
vt 0.14661 3.33333
vt 0.29322 0.00000
vt 0.43982 0.00000
vt 0.43982 3.33333
vt 0.29322 3.33333
vt 0.43982 0.00000
vt 0.58643 0.00000
vt 0.58643 3.33333
vt 0.43982 3.33333
vt 0.58643 0.00000
vt 0.73304 0.00000
vt 0.73304 3.33333
vt 0.58643 3.33333
vt 0.73304 0.00000
vt 0.87965 0.00000
vt 0.87965 3.33333
vt 0.73304 3.33333
vt 0.87965 0.00000
vt 1.02625 0.00000
vt 1.02625 3.33333
vt 0.87965 3.33333
vt 1.02625 0.00000
vt 1.17286 0.00000
vt 1.17286 3.33333
vt 1.02625 3.33333
vt 1.17286 0.00000
vt 1.31947 0.00000
vt 1.31947 3.33333
vt 1.17286 3.33333
vt 1.31947 0.00000
vt 1.46608 0.00000
vt 1.46608 3.33333
vt 1.31947 3.33333
vt 0.18877 -0.13715
vt 0.07210 -0.22191
vt -0.07210 -0.22191
vt -0.18877 -0.13715
vt -0.23333 0.00000
vt -0.18877 0.13715
vt -0.07210 0.22191
vt 0.07210 0.22191
vt 0.18877 0.13715
vt 0.23333 0.00000
vt 0.23333 0.00000
vt 0.18877 0.13715
vt 0.07210 0.22191
vt -0.07210 0.22191
vt -0.18877 0.13715
vt -0.23333 0.00000
vt -0.18877 -0.13715
vt -0.07210 -0.22191
vt 0.07210 -0.22191
vt 0.18877 -0.13715
vt -2.06250 -1.57500
vt -0.68750 -1.57500
vt -0.68750 -0.72500
vt -2.06250 -0.72500
vt 0.68750 -1.57500
vt 2.06250 -1.57500
vt 2.06250 -0.72500
vt 0.68750 -0.72500
vt -13.45833 -2.06250
vt -11.20833 -2.06250
vt -11.20833 -0.68750
vt -13.45833 -0.68750
vt -13.45833 0.68750
vt -11.20833 0.68750
vt -11.20833 2.06250
vt -13.45833 2.06250
vt -13.45833 -1.57500
vt -11.20833 -1.57500
vt -11.20833 -0.72500
vt -13.45833 -0.72500
vt 11.20833 -1.57500
vt 13.45833 -1.57500
vt 13.45833 -0.72500
vt 11.20833 -0.72500
vt 0.00000 0.00000
vt 0.14661 0.00000
vt 0.14661 3.33333
vt 0.00000 3.33333
vt 0.14661 0.00000
vt 0.29322 0.00000
vt 0.29322 3.33333
vt 0.14661 3.33333
vt 0.29322 0.00000
vt 0.43982 0.00000
vt 0.43982 3.33333
vt 0.29322 3.33333
vt 0.43982 0.00000
vt 0.58643 0.00000
vt 0.58643 3.33333
vt 0.43982 3.33333
vt 0.58643 0.00000
vt 0.73304 0.00000
vt 0.73304 3.33333
vt 0.58643 3.33333
vt 0.73304 0.00000
vt 0.87965 0.00000
vt 0.87965 3.33333
vt 0.73304 3.33333
vt 0.87965 0.00000
vt 1.02625 0.00000
vt 1.02625 3.33333
vt 0.87965 3.33333
vt 1.02625 0.00000
vt 1.17286 0.00000
vt 1.17286 3.33333
vt 1.02625 3.33333
vt 1.17286 0.00000
vt 1.31947 0.00000
vt 1.31947 3.33333
vt 1.17286 3.33333
vt 1.31947 0.00000
vt 1.46608 0.00000
vt 1.46608 3.33333
vt 1.31947 3.33333
vt 0.18877 -0.13715
vt 0.07210 -0.22191
vt -0.07210 -0.22191
vt -0.18877 -0.13715
vt -0.23333 0.00000
vt -0.18877 0.13715
vt -0.07210 0.22191
vt 0.07210 0.22191
vt 0.18877 0.13715
vt 0.23333 0.00000
vt 0.23333 0.00000
vt 0.18877 0.13715
vt 0.07210 0.22191
vt -0.07210 0.22191
vt -0.18877 0.13715
vt -0.23333 0.00000
vt -0.18877 -0.13715
vt -0.07210 -0.22191
vt 0.07210 -0.22191
vt 0.18877 -0.13715
vt -2.06250 -1.57500
vt -0.68750 -1.57500
vt -0.68750 -0.72500
vt -2.06250 -0.72500
vt 0.68750 -1.57500
vt 2.06250 -1.57500
vt 2.06250 -0.72500
vt 0.68750 -0.72500
vt -7.29167 -2.06250
vt -5.04167 -2.06250
vt -5.04167 -0.68750
vt -7.29167 -0.68750
vt -7.29167 0.68750
vt -5.04167 0.68750
vt -5.04167 2.06250
vt -7.29167 2.06250
vt -7.29167 -1.57500
vt -5.04167 -1.57500
vt -5.04167 -0.72500
vt -7.29167 -0.72500
vt 5.04167 -1.57500
vt 7.29167 -1.57500
vt 7.29167 -0.72500
vt 5.04167 -0.72500
vt 0.00000 0.00000
vt 0.14661 0.00000
vt 0.14661 3.33333
vt 0.00000 3.33333
vt 0.14661 0.00000
vt 0.29322 0.00000
vt 0.29322 3.33333
vt 0.14661 3.33333
vt 0.29322 0.00000
vt 0.43982 0.00000
vt 0.43982 3.33333
vt 0.29322 3.33333
vt 0.43982 0.00000
vt 0.58643 0.00000
vt 0.58643 3.33333
vt 0.43982 3.33333
vt 0.58643 0.00000
vt 0.73304 0.00000
vt 0.73304 3.33333
vt 0.58643 3.33333
vt 0.73304 0.00000
vt 0.87965 0.00000
vt 0.87965 3.33333
vt 0.73304 3.33333
vt 0.87965 0.00000
vt 1.02625 0.00000
vt 1.02625 3.33333
vt 0.87965 3.33333
vt 1.02625 0.00000
vt 1.17286 0.00000
vt 1.17286 3.33333
vt 1.02625 3.33333
vt 1.17286 0.00000
vt 1.31947 0.00000
vt 1.31947 3.33333
vt 1.17286 3.33333
vt 1.31947 0.00000
vt 1.46608 0.00000
vt 1.46608 3.33333
vt 1.31947 3.33333
vt 0.18877 -0.13715
vt 0.07210 -0.22191
vt -0.07210 -0.22191
vt -0.18877 -0.13715
vt -0.23333 0.00000
vt -0.18877 0.13715
vt -0.07210 0.22191
vt 0.07210 0.22191
vt 0.18877 0.13715
vt 0.23333 0.00000
vt 0.23333 0.00000
vt 0.18877 0.13715
vt 0.07210 0.22191
vt -0.07210 0.22191
vt -0.18877 0.13715
vt -0.23333 0.00000
vt -0.18877 -0.13715
vt -0.07210 -0.22191
vt 0.07210 -0.22191
vt 0.18877 -0.13715
vt -2.06250 -1.57500
vt -0.68750 -1.57500
vt -0.68750 -0.72500
vt -2.06250 -0.72500
vt 0.68750 -1.57500
vt 2.06250 -1.57500
vt 2.06250 -0.72500
vt 0.68750 -0.72500
vt -1.12500 -2.06250
vt 1.12500 -2.06250
vt 1.12500 -0.68750
vt -1.12500 -0.68750
vt -1.12500 0.68750
vt 1.12500 0.68750
vt 1.12500 2.06250
vt -1.12500 2.06250
vt -1.12500 -1.57500
vt 1.12500 -1.57500
vt 1.12500 -0.72500
vt -1.12500 -0.72500
vt -1.12500 -1.57500
vt 1.12500 -1.57500
vt 1.12500 -0.72500
vt -1.12500 -0.72500
vt 0.00000 0.00000
vt 0.14661 0.00000
vt 0.14661 3.33333
vt 0.00000 3.33333
vt 0.14661 0.00000
vt 0.29322 0.00000
vt 0.29322 3.33333
vt 0.14661 3.33333
vt 0.29322 0.00000
vt 0.43982 0.00000
vt 0.43982 3.33333
vt 0.29322 3.33333
vt 0.43982 0.00000
vt 0.58643 0.00000
vt 0.58643 3.33333
vt 0.43982 3.33333
vt 0.58643 0.00000
vt 0.73304 0.00000
vt 0.73304 3.33333
vt 0.58643 3.33333
vt 0.73304 0.00000
vt 0.87965 0.00000
vt 0.87965 3.33333
vt 0.73304 3.33333
vt 0.87965 0.00000
vt 1.02625 0.00000
vt 1.02625 3.33333
vt 0.87965 3.33333
vt 1.02625 0.00000
vt 1.17286 0.00000
vt 1.17286 3.33333
vt 1.02625 3.33333
vt 1.17286 0.00000
vt 1.31947 0.00000
vt 1.31947 3.33333
vt 1.17286 3.33333
vt 1.31947 0.00000
vt 1.46608 0.00000
vt 1.46608 3.33333
vt 1.31947 3.33333
vt 0.18877 -0.13715
vt 0.07210 -0.22191
vt -0.07210 -0.22191
vt -0.18877 -0.13715
vt -0.23333 0.00000
vt -0.18877 0.13715
vt -0.07210 0.22191
vt 0.07210 0.22191
vt 0.18877 0.13715
vt 0.23333 0.00000
vt 0.23333 0.00000
vt 0.18877 0.13715
vt 0.07210 0.22191
vt -0.07210 0.22191
vt -0.18877 0.13715
vt -0.23333 0.00000
vt -0.18877 -0.13715
vt -0.07210 -0.22191
vt 0.07210 -0.22191
vt 0.18877 -0.13715
vt -2.06250 -1.57500
vt -0.68750 -1.57500
vt -0.68750 -0.72500
vt -2.06250 -0.72500
vt 0.68750 -1.57500
vt 2.06250 -1.57500
vt 2.06250 -0.72500
vt 0.68750 -0.72500
vt 5.04167 -2.06250
vt 7.29167 -2.06250
vt 7.29167 -0.68750
vt 5.04167 -0.68750
vt 5.04167 0.68750
vt 7.29167 0.68750
vt 7.29167 2.06250
vt 5.04167 2.06250
vt 5.04167 -1.57500
vt 7.29167 -1.57500
vt 7.29167 -0.72500
vt 5.04167 -0.72500
vt -7.29167 -1.57500
vt -5.04167 -1.57500
vt -5.04167 -0.72500
vt -7.29167 -0.72500
vt 0.00000 0.00000
vt 0.14661 0.00000
vt 0.14661 3.33333
vt 0.00000 3.33333
vt 0.14661 0.00000
vt 0.29322 0.00000
vt 0.29322 3.33333
vt 0.14661 3.33333
vt 0.29322 0.00000
vt 0.43982 0.00000
vt 0.43982 3.33333
vt 0.29322 3.33333
vt 0.43982 0.00000
vt 0.58643 0.00000
vt 0.58643 3.33333
vt 0.43982 3.33333
vt 0.58643 0.00000
vt 0.73304 0.00000
vt 0.73304 3.33333
vt 0.58643 3.33333
vt 0.73304 0.00000
vt 0.87965 0.00000
vt 0.87965 3.33333
vt 0.73304 3.33333
vt 0.87965 0.00000
vt 1.02625 0.00000
vt 1.02625 3.33333
vt 0.87965 3.33333
vt 1.02625 0.00000
vt 1.17286 0.00000
vt 1.17286 3.33333
vt 1.02625 3.33333
vt 1.17286 0.00000
vt 1.31947 0.00000
vt 1.31947 3.33333
vt 1.17286 3.33333
vt 1.31947 0.00000
vt 1.46608 0.00000
vt 1.46608 3.33333
vt 1.31947 3.33333
vt 0.18877 -0.13715
vt 0.07210 -0.22191
vt -0.07210 -0.22191
vt -0.18877 -0.13715
vt -0.23333 0.00000
vt -0.18877 0.13715
vt -0.07210 0.22191
vt 0.07210 0.22191
vt 0.18877 0.13715
vt 0.23333 0.00000
vt 0.23333 0.00000
vt 0.18877 0.13715
vt 0.07210 0.22191
vt -0.07210 0.22191
vt -0.18877 0.13715
vt -0.23333 0.00000
vt -0.18877 -0.13715
vt -0.07210 -0.22191
vt 0.07210 -0.22191
vt 0.18877 -0.13715
vt -2.06250 -1.57500
vt -0.68750 -1.57500
vt -0.68750 -0.72500
vt -2.06250 -0.72500
vt 0.68750 -1.57500
vt 2.06250 -1.57500
vt 2.06250 -0.72500
vt 0.68750 -0.72500
vt 11.20833 -2.06250
vt 13.45833 -2.06250
vt 13.45833 -0.68750
vt 11.20833 -0.68750
vt 11.20833 0.68750
vt 13.45833 0.68750
vt 13.45833 2.06250
vt 11.20833 2.06250
vt 11.20833 -1.57500
vt 13.45833 -1.57500
vt 13.45833 -0.72500
vt 11.20833 -0.72500
vt -13.45833 -1.57500
vt -11.20833 -1.57500
vt -11.20833 -0.72500
vt -13.45833 -0.72500
vt 0.00000 0.00000
vt 0.14661 0.00000
vt 0.14661 3.33333
vt 0.00000 3.33333
vt 0.14661 0.00000
vt 0.29322 0.00000
vt 0.29322 3.33333
vt 0.14661 3.33333
vt 0.29322 0.00000
vt 0.43982 0.00000
vt 0.43982 3.33333
vt 0.29322 3.33333
vt 0.43982 0.00000
vt 0.58643 0.00000
vt 0.58643 3.33333
vt 0.43982 3.33333
vt 0.58643 0.00000
vt 0.73304 0.00000
vt 0.73304 3.33333
vt 0.58643 3.33333
vt 0.73304 0.00000
vt 0.87965 0.00000
vt 0.87965 3.33333
vt 0.73304 3.33333
vt 0.87965 0.00000
vt 1.02625 0.00000
vt 1.02625 3.33333
vt 0.87965 3.33333
vt 1.02625 0.00000
vt 1.17286 0.00000
vt 1.17286 3.33333
vt 1.02625 3.33333
vt 1.17286 0.00000
vt 1.31947 0.00000
vt 1.31947 3.33333
vt 1.17286 3.33333
vt 1.31947 0.00000
vt 1.46608 0.00000
vt 1.46608 3.33333
vt 1.31947 3.33333
vt 0.18877 -0.13715
vt 0.07210 -0.22191
vt -0.07210 -0.22191
vt -0.18877 -0.13715
vt -0.23333 0.00000
vt -0.18877 0.13715
vt -0.07210 0.22191
vt 0.07210 0.22191
vt 0.18877 0.13715
vt 0.23333 0.00000
vt 0.23333 0.00000
vt 0.18877 0.13715
vt 0.07210 0.22191
vt -0.07210 0.22191
vt -0.18877 0.13715
vt -0.23333 0.00000
vt -0.18877 -0.13715
vt -0.07210 -0.22191
vt 0.07210 -0.22191
vt 0.18877 -0.13715
vt -2.06250 -1.57500
vt -0.68750 -1.57500
vt -0.68750 -0.72500
vt -2.06250 -0.72500
vt 0.68750 -1.57500
vt 2.06250 -1.57500
vt 2.06250 -0.72500
vt 0.68750 -0.72500
vt 17.37500 -2.06250
vt 19.62500 -2.06250
vt 19.62500 -0.68750
vt 17.37500 -0.68750
vt 17.37500 0.68750
vt 19.62500 0.68750
vt 19.62500 2.06250
vt 17.37500 2.06250
vt 17.37500 -1.57500
vt 19.62500 -1.57500
vt 19.62500 -0.72500
vt 17.37500 -0.72500
vt -19.62500 -1.57500
vt -17.37500 -1.57500
vt -17.37500 -0.72500
vt -19.62500 -0.72500
vt 0.00000 0.00000
vt 0.14661 0.00000
vt 0.14661 3.33333
vt 0.00000 3.33333
vt 0.14661 0.00000
vt 0.29322 0.00000
vt 0.29322 3.33333
vt 0.14661 3.33333
vt 0.29322 0.00000
vt 0.43982 0.00000
vt 0.43982 3.33333
vt 0.29322 3.33333
vt 0.43982 0.00000
vt 0.58643 0.00000
vt 0.58643 3.33333
vt 0.43982 3.33333
vt 0.58643 0.00000
vt 0.73304 0.00000
vt 0.73304 3.33333
vt 0.58643 3.33333
vt 0.73304 0.00000
vt 0.87965 0.00000
vt 0.87965 3.33333
vt 0.73304 3.33333
vt 0.87965 0.00000
vt 1.02625 0.00000
vt 1.02625 3.33333
vt 0.87965 3.33333
vt 1.02625 0.00000
vt 1.17286 0.00000
vt 1.17286 3.33333
vt 1.02625 3.33333
vt 1.17286 0.00000
vt 1.31947 0.00000
vt 1.31947 3.33333
vt 1.17286 3.33333
vt 1.31947 0.00000
vt 1.46608 0.00000
vt 1.46608 3.33333
vt 1.31947 3.33333
vt 0.18877 -0.13715
vt 0.07210 -0.22191
vt -0.07210 -0.22191
vt -0.18877 -0.13715
vt -0.23333 0.00000
vt -0.18877 0.13715
vt -0.07210 0.22191
vt 0.07210 0.22191
vt 0.18877 0.13715
vt 0.23333 0.00000
vt 0.23333 0.00000
vt 0.18877 0.13715
vt 0.07210 0.22191
vt -0.07210 0.22191
vt -0.18877 0.13715
vt -0.23333 0.00000
vt -0.18877 -0.13715
vt -0.07210 -0.22191
vt 0.07210 -0.22191
vt 0.18877 -0.13715
vt -1.76250 -0.43750
vt 1.76250 -0.43750
vt 1.76250 -0.31250
vt -1.76250 -0.31250
vt -1.76250 -0.43750
vt 1.76250 -0.43750
vt 1.76250 -0.31250
vt -1.76250 -0.31250
vt -1.57500 0.00000
vt 1.57500 0.00000
vt 1.57500 0.02500
vt -1.57500 0.02500
vt -1.57500 0.00000
vt 1.57500 0.00000
vt 1.57500 0.02500
vt -1.57500 0.02500
vt -10.75000 -1.57500
vt 10.75000 -1.57500
vt 10.75000 1.57500
vt -10.75000 1.57500
vt -10.75000 -1.57500
vt 10.75000 -1.57500
vt 10.75000 1.57500
vt -10.75000 1.57500
vt -10.75000 0.00000
vt 10.75000 0.00000
vt 10.75000 0.02500
vt -10.75000 0.02500
vt -10.75000 0.00000
vt 10.75000 0.00000
vt 10.75000 0.02500
vt -10.75000 0.02500
vt -10.75000 -1.53750
vt 10.75000 -1.53750
vt 10.75000 1.53750
vt -10.75000 1.53750
vt -0.42500 5.72500
vt 0.42500 5.72500
vt 0.42500 5.82500
vt -0.42500 5.82500
vt -0.42500 5.72500
vt 0.42500 5.72500
vt 0.42500 5.82500
vt -0.42500 5.82500
vt -21.37500 -0.42500
vt -17.62500 -0.42500
vt -17.62500 0.42500
vt -21.37500 0.42500
vt -21.37500 -0.42500
vt -17.62500 -0.42500
vt -17.62500 0.42500
vt -21.37500 0.42500
vt -21.37500 5.72500
vt -17.62500 5.72500
vt -17.62500 5.82500
vt -21.37500 5.82500
vt 17.62500 5.72500
vt 21.37500 5.72500
vt 21.37500 5.82500
vt 17.62500 5.82500
vt -0.42500 5.72500
vt 0.42500 5.72500
vt 0.42500 5.82500
vt -0.42500 5.82500
vt -0.42500 5.72500
vt 0.42500 5.72500
vt 0.42500 5.82500
vt -0.42500 5.82500
vt -16.50000 -0.42500
vt -12.75000 -0.42500
vt -12.75000 0.42500
vt -16.50000 0.42500
vt -16.50000 -0.42500
vt -12.75000 -0.42500
vt -12.75000 0.42500
vt -16.50000 0.42500
vt -16.50000 5.72500
vt -12.75000 5.72500
vt -12.75000 5.82500
vt -16.50000 5.82500
vt 12.75000 5.72500
vt 16.50000 5.72500
vt 16.50000 5.82500
vt 12.75000 5.82500
vt -0.42500 5.72500
vt 0.42500 5.72500
vt 0.42500 5.82500
vt -0.42500 5.82500
vt -0.42500 5.72500
vt 0.42500 5.72500
vt 0.42500 5.82500
vt -0.42500 5.82500
vt -11.62500 -0.42500
vt -7.87500 -0.42500
vt -7.87500 0.42500
vt -11.62500 0.42500
vt -11.62500 -0.42500
vt -7.87500 -0.42500
vt -7.87500 0.42500
vt -11.62500 0.42500
vt -11.62500 5.72500
vt -7.87500 5.72500
vt -7.87500 5.82500
vt -11.62500 5.82500
vt 7.87500 5.72500
vt 11.62500 5.72500
vt 11.62500 5.82500
vt 7.87500 5.82500
vt -0.42500 5.72500
vt 0.42500 5.72500
vt 0.42500 5.82500
vt -0.42500 5.82500
vt -0.42500 5.72500
vt 0.42500 5.72500
vt 0.42500 5.82500
vt -0.42500 5.82500
vt -6.75000 -0.42500
vt -3.00000 -0.42500
vt -3.00000 0.42500
vt -6.75000 0.42500
vt -6.75000 -0.42500
vt -3.00000 -0.42500
vt -3.00000 0.42500
vt -6.75000 0.42500
vt -6.75000 5.72500
vt -3.00000 5.72500
vt -3.00000 5.82500
vt -6.75000 5.82500
vt 3.00000 5.72500
vt 6.75000 5.72500
vt 6.75000 5.82500
vt 3.00000 5.82500
vt -0.42500 5.72500
vt 0.42500 5.72500
vt 0.42500 5.82500
vt -0.42500 5.82500
vt -0.42500 5.72500
vt 0.42500 5.72500
vt 0.42500 5.82500
vt -0.42500 5.82500
vt -1.87500 -0.42500
vt 1.87500 -0.42500
vt 1.87500 0.42500
vt -1.87500 0.42500
vt -1.87500 -0.42500
vt 1.87500 -0.42500
vt 1.87500 0.42500
vt -1.87500 0.42500
vt -1.87500 5.72500
vt 1.87500 5.72500
vt 1.87500 5.82500
vt -1.87500 5.82500
vt -1.87500 5.72500
vt 1.87500 5.72500
vt 1.87500 5.82500
vt -1.87500 5.82500
vt -0.42500 5.72500
vt 0.42500 5.72500
vt 0.42500 5.82500
vt -0.42500 5.82500
vt -0.42500 5.72500
vt 0.42500 5.72500
vt 0.42500 5.82500
vt -0.42500 5.82500
vt 3.00000 -0.42500
vt 6.75000 -0.42500
vt 6.75000 0.42500
vt 3.00000 0.42500
vt 3.00000 -0.42500
vt 6.75000 -0.42500
vt 6.75000 0.42500
vt 3.00000 0.42500
vt 3.00000 5.72500
vt 6.75000 5.72500
vt 6.75000 5.82500
vt 3.00000 5.82500
vt -6.75000 5.72500
vt -3.00000 5.72500
vt -3.00000 5.82500
vt -6.75000 5.82500
vt -0.42500 5.72500
vt 0.42500 5.72500
vt 0.42500 5.82500
vt -0.42500 5.82500
vt -0.42500 5.72500
vt 0.42500 5.72500
vt 0.42500 5.82500
vt -0.42500 5.82500
vt 7.87500 -0.42500
vt 11.62500 -0.42500
vt 11.62500 0.42500
vt 7.87500 0.42500
vt 7.87500 -0.42500
vt 11.62500 -0.42500
vt 11.62500 0.42500
vt 7.87500 0.42500
vt 7.87500 5.72500
vt 11.62500 5.72500
vt 11.62500 5.82500
vt 7.87500 5.82500
vt -11.62500 5.72500
vt -7.87500 5.72500
vt -7.87500 5.82500
vt -11.62500 5.82500
vt -0.42500 5.72500
vt 0.42500 5.72500
vt 0.42500 5.82500
vt -0.42500 5.82500
vt -0.42500 5.72500
vt 0.42500 5.72500
vt 0.42500 5.82500
vt -0.42500 5.82500
vt 12.75000 -0.42500
vt 16.50000 -0.42500
vt 16.50000 0.42500
vt 12.75000 0.42500
vt 12.75000 -0.42500
vt 16.50000 -0.42500
vt 16.50000 0.42500
vt 12.75000 0.42500
vt 12.75000 5.72500
vt 16.50000 5.72500
vt 16.50000 5.82500
vt 12.75000 5.82500
vt -16.50000 5.72500
vt -12.75000 5.72500
vt -12.75000 5.82500
vt -16.50000 5.82500
vt -0.42500 5.72500
vt 0.42500 5.72500
vt 0.42500 5.82500
vt -0.42500 5.82500
vt -0.42500 5.72500
vt 0.42500 5.72500
vt 0.42500 5.82500
vt -0.42500 5.82500
vt 17.62500 -0.42500
vt 21.37500 -0.42500
vt 21.37500 0.42500
vt 17.62500 0.42500
vt 17.62500 -0.42500
vt 21.37500 -0.42500
vt 21.37500 0.42500
vt 17.62500 0.42500
vt 17.62500 5.72500
vt 21.37500 5.72500
vt 21.37500 5.82500
vt 17.62500 5.82500
vt -21.37500 5.72500
vt -17.62500 5.72500
vt -17.62500 5.82500
vt -21.37500 5.82500
vt -0.06250 -0.52500
vt 0.06250 -0.52500
vt 0.06250 0.52500
vt -0.06250 0.52500
vt -0.06250 0.52500
vt 0.06250 0.52500
vt 0.06250 -0.52500
vt -0.06250 -0.52500
vt -2.20000 0.52500
vt 2.20000 0.52500
vt 2.20000 -0.52500
vt -2.20000 -0.52500
vt -2.20000 -0.52500
vt 2.20000 -0.52500
vt 2.20000 0.52500
vt -2.20000 0.52500
vt -2.20000 -0.06250
vt 2.20000 -0.06250
vt 2.20000 0.06250
vt -2.20000 0.06250
vt -2.20000 0.06250
vt 2.20000 0.06250
vt 2.20000 -0.06250
vt -2.20000 -0.06250
vt 0.00000 0.00000
vt 4.50000 0.00000
vt 4.50000 0.05000
vt 0.00000 0.05000
vt 0.00000 0.00000
vt 4.50000 0.00000
vt 4.50000 0.05000
vt 0.00000 0.05000
vt 0.00000 0.00000
vt 4.50000 0.00000
vt 4.50000 0.05000
vt 0.00000 0.05000
vt 0.00000 0.00000
vt 4.50000 0.00000
vt 4.50000 0.05000
vt 0.00000 0.05000
vt 0.00000 0.00000
vt 0.22500 0.00000
vt 0.22500 0.05000
vt 0.00000 0.05000
vt 0.00000 0.00000
vt 0.22500 0.00000
vt 0.22500 0.05000
vt 0.00000 0.05000
vt 0.00000 0.00000
vt 0.22500 0.00000
vt 0.22500 0.05000
vt 0.00000 0.05000
vt 0.00000 0.00000
vt 0.22500 0.00000
vt 0.22500 0.05000
vt 0.00000 0.05000
vt 0.00000 0.00000
vt 1.15000 0.00000
vt 1.15000 0.05000
vt 0.00000 0.05000
vt 0.00000 0.00000
vt 1.15000 0.00000
vt 1.15000 0.05000
vt 0.00000 0.05000
vt 0.00000 0.00000
vt 1.15000 0.00000
vt 1.15000 0.05000
vt 0.00000 0.05000
vt 0.00000 0.00000
vt 1.15000 0.00000
vt 1.15000 0.05000
vt 0.00000 0.05000
vt 0.00000 0.00000
vt 0.05000 0.00000
vt 0.00000 0.05000
vt 0.00000 0.00000
vt 0.05000 0.00000
vt 0.00000 0.05000
vt 0.00000 0.00000
vt 0.05000 0.00000
vt 0.00000 0.05000
vt 0.00000 0.00000
vt 0.05000 0.00000
vt 0.00000 0.05000
vt 0.00000 0.00000
vt 0.05000 0.00000
vt 0.00000 0.05000
vt 0.00000 0.00000
vt 0.05000 0.00000
vt 0.00000 0.05000
vt 0.00000 0.00000
vt 0.05000 0.00000
vt 0.00000 0.05000
vt 0.00000 0.00000
vt 0.05000 0.00000
vt 0.00000 0.05000
vt -0.50000 -0.05000
vt 0.50000 -0.05000
vt 0.50000 0.05000
vt -0.50000 0.05000
vt -0.50000 0.05000
vt 0.50000 0.05000
vt 0.50000 -0.05000
vt -0.50000 -0.05000
vt -2.20000 0.05000
vt 2.20000 0.05000
vt 2.20000 -0.05000
vt -2.20000 -0.05000
vt -2.20000 -0.05000
vt 2.20000 -0.05000
vt 2.20000 0.05000
vt -2.20000 0.05000
vt -2.20000 -0.50000
vt 2.20000 -0.50000
vt 2.20000 0.50000
vt -2.20000 0.50000
vt -2.20000 0.50000
vt 2.20000 0.50000
vt 2.20000 -0.50000
vt -2.20000 -0.50000
vt 0.00000 0.00000
vt 4.50000 0.00000
vt 4.50000 0.05000
vt 0.00000 0.05000
vt 0.00000 0.00000
vt 4.50000 0.00000
vt 4.50000 0.05000
vt 0.00000 0.05000
vt 0.00000 0.00000
vt 4.50000 0.00000
vt 4.50000 0.05000
vt 0.00000 0.05000
vt 0.00000 0.00000
vt 4.50000 0.00000
vt 4.50000 0.05000
vt 0.00000 0.05000
vt 0.00000 0.00000
vt 1.10000 0.00000
vt 1.10000 0.05000
vt 0.00000 0.05000
vt 0.00000 0.00000
vt 1.10000 0.00000
vt 1.10000 0.05000
vt 0.00000 0.05000
vt 0.00000 0.00000
vt 1.10000 0.00000
vt 1.10000 0.05000
vt 0.00000 0.05000
vt 0.00000 0.00000
vt 1.10000 0.00000
vt 1.10000 0.05000
vt 0.00000 0.05000
vt 0.00000 0.00000
vt 0.20000 0.00000
vt 0.20000 0.05000
vt 0.00000 0.05000
vt 0.00000 0.00000
vt 0.20000 0.00000
vt 0.20000 0.05000
vt 0.00000 0.05000
vt 0.00000 0.00000
vt 0.20000 0.00000
vt 0.20000 0.05000
vt 0.00000 0.05000
vt 0.00000 0.00000
vt 0.20000 0.00000
vt 0.20000 0.05000
vt 0.00000 0.05000
vt 0.00000 0.00000
vt 0.05000 0.00000
vt 0.00000 0.05000
vt 0.00000 0.00000
vt 0.05000 0.00000
vt 0.00000 0.05000
vt 0.00000 0.00000
vt 0.05000 0.00000
vt 0.00000 0.05000
vt 0.00000 0.00000
vt 0.05000 0.00000
vt 0.00000 0.05000
vt 0.00000 0.00000
vt 0.05000 0.00000
vt 0.00000 0.05000
vt 0.00000 0.00000
vt 0.05000 0.00000
vt 0.00000 0.05000
vt 0.00000 0.00000
vt 0.05000 0.00000
vt 0.00000 0.05000
vt 0.00000 0.00000
vt 0.05000 0.00000
vt 0.00000 0.05000
vt 2.70000 0.66667
vt 3.70000 0.66667
vt 3.70000 0.80000
vt 2.70000 0.80000
vt -3.70000 0.66667
vt -2.70000 0.66667
vt -2.70000 0.80000
vt -3.70000 0.80000
vt -26.00000 2.70000
vt -20.66667 2.70000
vt -20.66667 3.70000
vt -26.00000 3.70000
vt -26.00000 -3.70000
vt -20.66667 -3.70000
vt -20.66667 -2.70000
vt -26.00000 -2.70000
vt -26.00000 0.66667
vt -20.66667 0.66667
vt -20.66667 0.80000
vt -26.00000 0.80000
vt 20.66667 0.66667
vt 26.00000 0.66667
vt 26.00000 0.80000
vt 20.66667 0.80000
vt 0.00000 0.00000
vt 0.08639 0.00000
vt 0.08639 2.10000
vt 0.00000 2.10000
vt 0.08639 0.00000
vt 0.17279 0.00000
vt 0.17279 2.10000
vt 0.08639 2.10000
vt 0.17279 0.00000
vt 0.25918 0.00000
vt 0.25918 2.10000
vt 0.17279 2.10000
vt 0.25918 0.00000
vt 0.34558 0.00000
vt 0.34558 2.10000
vt 0.25918 2.10000
vt 0.34558 0.00000
vt 0.43197 0.00000
vt 0.43197 2.10000
vt 0.34558 2.10000
vt 0.43197 0.00000
vt 0.51836 0.00000
vt 0.51836 2.10000
vt 0.43197 2.10000
vt 0.51836 0.00000
vt 0.60476 0.00000
vt 0.60476 2.10000
vt 0.51836 2.10000
vt 0.60476 0.00000
vt 0.69115 0.00000
vt 0.69115 2.10000
vt 0.60476 2.10000
vt 0.07778 -0.07778
vt -0.00000 -0.11000
vt -0.07778 -0.07778
vt -0.11000 0.00000
vt -0.07778 0.07778
vt 0.00000 0.11000
vt 0.07778 0.07778
vt 0.11000 0.00000
vt 0.11000 0.00000
vt 0.07778 0.07778
vt 0.00000 0.11000
vt -0.07778 0.07778
vt -0.11000 0.00000
vt -0.07778 -0.07778
vt -0.00000 -0.11000
vt 0.07778 -0.07778
vt 0.00000 0.00000
vt 0.08639 0.00000
vt 0.08639 2.10000
vt 0.00000 2.10000
vt 0.08639 0.00000
vt 0.17279 0.00000
vt 0.17279 2.10000
vt 0.08639 2.10000
vt 0.17279 0.00000
vt 0.25918 0.00000
vt 0.25918 2.10000
vt 0.17279 2.10000
vt 0.25918 0.00000
vt 0.34558 0.00000
vt 0.34558 2.10000
vt 0.25918 2.10000
vt 0.34558 0.00000
vt 0.43197 0.00000
vt 0.43197 2.10000
vt 0.34558 2.10000
vt 0.43197 0.00000
vt 0.51836 0.00000
vt 0.51836 2.10000
vt 0.43197 2.10000
vt 0.51836 0.00000
vt 0.60476 0.00000
vt 0.60476 2.10000
vt 0.51836 2.10000
vt 0.60476 0.00000
vt 0.69115 0.00000
vt 0.69115 2.10000
vt 0.60476 2.10000
vt 0.07778 -0.07778
vt -0.00000 -0.11000
vt -0.07778 -0.07778
vt -0.11000 0.00000
vt -0.07778 0.07778
vt 0.00000 0.11000
vt 0.07778 0.07778
vt 0.11000 0.00000
vt 0.11000 0.00000
vt 0.07778 0.07778
vt 0.00000 0.11000
vt -0.07778 0.07778
vt -0.11000 0.00000
vt -0.07778 -0.07778
vt -0.00000 -0.11000
vt 0.07778 -0.07778
vt 0.00000 0.00000
vt 0.08639 0.00000
vt 0.08639 2.10000
vt 0.00000 2.10000
vt 0.08639 0.00000
vt 0.17279 0.00000
vt 0.17279 2.10000
vt 0.08639 2.10000
vt 0.17279 0.00000
vt 0.25918 0.00000
vt 0.25918 2.10000
vt 0.17279 2.10000
vt 0.25918 0.00000
vt 0.34558 0.00000
vt 0.34558 2.10000
vt 0.25918 2.10000
vt 0.34558 0.00000
vt 0.43197 0.00000
vt 0.43197 2.10000
vt 0.34558 2.10000
vt 0.43197 0.00000
vt 0.51836 0.00000
vt 0.51836 2.10000
vt 0.43197 2.10000
vt 0.51836 0.00000
vt 0.60476 0.00000
vt 0.60476 2.10000
vt 0.51836 2.10000
vt 0.60476 0.00000
vt 0.69115 0.00000
vt 0.69115 2.10000
vt 0.60476 2.10000
vt 0.07778 -0.07778
vt -0.00000 -0.11000
vt -0.07778 -0.07778
vt -0.11000 0.00000
vt -0.07778 0.07778
vt 0.00000 0.11000
vt 0.07778 0.07778
vt 0.11000 0.00000
vt 0.11000 0.00000
vt 0.07778 0.07778
vt 0.00000 0.11000
vt -0.07778 0.07778
vt -0.11000 0.00000
vt -0.07778 -0.07778
vt -0.00000 -0.11000
vt 0.07778 -0.07778
vt -0.06250 -0.52500
vt 0.06250 -0.52500
vt 0.06250 0.52500
vt -0.06250 0.52500
vt -0.06250 0.52500
vt 0.06250 0.52500
vt 0.06250 -0.52500
vt -0.06250 -0.52500
vt -2.20000 0.52500
vt 2.20000 0.52500
vt 2.20000 -0.52500
vt -2.20000 -0.52500
vt -2.20000 -0.52500
vt 2.20000 -0.52500
vt 2.20000 0.52500
vt -2.20000 0.52500
vt -2.20000 -0.06250
vt 2.20000 -0.06250
vt 2.20000 0.06250
vt -2.20000 0.06250
vt -2.20000 0.06250
vt 2.20000 0.06250
vt 2.20000 -0.06250
vt -2.20000 -0.06250
vt 0.00000 0.00000
vt 4.50000 0.00000
vt 4.50000 0.05000
vt 0.00000 0.05000
vt 0.00000 0.00000
vt 4.50000 0.00000
vt 4.50000 0.05000
vt 0.00000 0.05000
vt 0.00000 0.00000
vt 4.50000 0.00000
vt 4.50000 0.05000
vt 0.00000 0.05000
vt 0.00000 0.00000
vt 4.50000 0.00000
vt 4.50000 0.05000
vt 0.00000 0.05000
vt 0.00000 0.00000
vt 0.22500 0.00000
vt 0.22500 0.05000
vt 0.00000 0.05000
vt 0.00000 0.00000
vt 0.22500 0.00000
vt 0.22500 0.05000
vt 0.00000 0.05000
vt 0.00000 0.00000
vt 0.22500 0.00000
vt 0.22500 0.05000
vt 0.00000 0.05000
vt 0.00000 0.00000
vt 0.22500 0.00000
vt 0.22500 0.05000
vt 0.00000 0.05000
vt 0.00000 0.00000
vt 1.15000 0.00000
vt 1.15000 0.05000
vt 0.00000 0.05000
vt 0.00000 0.00000
vt 1.15000 0.00000
vt 1.15000 0.05000
vt 0.00000 0.05000
vt 0.00000 0.00000
vt 1.15000 0.00000
vt 1.15000 0.05000
vt 0.00000 0.05000
vt 0.00000 0.00000
vt 1.15000 0.00000
vt 1.15000 0.05000
vt 0.00000 0.05000
vt 0.00000 0.00000
vt 0.05000 0.00000
vt 0.00000 0.05000
vt 0.00000 0.00000
vt 0.05000 0.00000
vt 0.00000 0.05000
vt 0.00000 0.00000
vt 0.05000 0.00000
vt 0.00000 0.05000
vt 0.00000 0.00000
vt 0.05000 0.00000
vt 0.00000 0.05000
vt 0.00000 0.00000
vt 0.05000 0.00000
vt 0.00000 0.05000
vt 0.00000 0.00000
vt 0.05000 0.00000
vt 0.00000 0.05000
vt 0.00000 0.00000
vt 0.05000 0.00000
vt 0.00000 0.05000
vt 0.00000 0.00000
vt 0.05000 0.00000
vt 0.00000 0.05000
vt -0.50000 -0.05000
vt 0.50000 -0.05000
vt 0.50000 0.05000
vt -0.50000 0.05000
vt -0.50000 0.05000
vt 0.50000 0.05000
vt 0.50000 -0.05000
vt -0.50000 -0.05000
vt -2.20000 0.05000
vt 2.20000 0.05000
vt 2.20000 -0.05000
vt -2.20000 -0.05000
vt -2.20000 -0.05000
vt 2.20000 -0.05000
vt 2.20000 0.05000
vt -2.20000 0.05000
vt -2.20000 -0.50000
vt 2.20000 -0.50000
vt 2.20000 0.50000
vt -2.20000 0.50000
vt -2.20000 0.50000
vt 2.20000 0.50000
vt 2.20000 -0.50000
vt -2.20000 -0.50000
vt 0.00000 0.00000
vt 4.50000 0.00000
vt 4.50000 0.05000
vt 0.00000 0.05000
vt 0.00000 0.00000
vt 4.50000 0.00000
vt 4.50000 0.05000
vt 0.00000 0.05000
vt 0.00000 0.00000
vt 4.50000 0.00000
vt 4.50000 0.05000
vt 0.00000 0.05000
vt 0.00000 0.00000
vt 4.50000 0.00000
vt 4.50000 0.05000
vt 0.00000 0.05000
vt 0.00000 0.00000
vt 1.10000 0.00000
vt 1.10000 0.05000
vt 0.00000 0.05000
vt 0.00000 0.00000
vt 1.10000 0.00000
vt 1.10000 0.05000
vt 0.00000 0.05000
vt 0.00000 0.00000
vt 1.10000 0.00000
vt 1.10000 0.05000
vt 0.00000 0.05000
vt 0.00000 0.00000
vt 1.10000 0.00000
vt 1.10000 0.05000
vt 0.00000 0.05000
vt 0.00000 0.00000
vt 0.20000 0.00000
vt 0.20000 0.05000
vt 0.00000 0.05000
vt 0.00000 0.00000
vt 0.20000 0.00000
vt 0.20000 0.05000
vt 0.00000 0.05000
vt 0.00000 0.00000
vt 0.20000 0.00000
vt 0.20000 0.05000
vt 0.00000 0.05000
vt 0.00000 0.00000
vt 0.20000 0.00000
vt 0.20000 0.05000
vt 0.00000 0.05000
vt 0.00000 0.00000
vt 0.05000 0.00000
vt 0.00000 0.05000
vt 0.00000 0.00000
vt 0.05000 0.00000
vt 0.00000 0.05000
vt 0.00000 0.00000
vt 0.05000 0.00000
vt 0.00000 0.05000
vt 0.00000 0.00000
vt 0.05000 0.00000
vt 0.00000 0.05000
vt 0.00000 0.00000
vt 0.05000 0.00000
vt 0.00000 0.05000
vt 0.00000 0.00000
vt 0.05000 0.00000
vt 0.00000 0.05000
vt 0.00000 0.00000
vt 0.05000 0.00000
vt 0.00000 0.05000
vt 0.00000 0.00000
vt 0.05000 0.00000
vt 0.00000 0.05000
vt -3.70000 0.66667
vt -2.70000 0.66667
vt -2.70000 0.80000
vt -3.70000 0.80000
vt 2.70000 0.66667
vt 3.70000 0.66667
vt 3.70000 0.80000
vt 2.70000 0.80000
vt -26.00000 -3.70000
vt -20.66667 -3.70000
vt -20.66667 -2.70000
vt -26.00000 -2.70000
vt -26.00000 2.70000
vt -20.66667 2.70000
vt -20.66667 3.70000
vt -26.00000 3.70000
vt -26.00000 0.66667
vt -20.66667 0.66667
vt -20.66667 0.80000
vt -26.00000 0.80000
vt 20.66667 0.66667
vt 26.00000 0.66667
vt 26.00000 0.80000
vt 20.66667 0.80000
vt 0.00000 0.00000
vt 0.08639 0.00000
vt 0.08639 2.10000
vt 0.00000 2.10000
vt 0.08639 0.00000
vt 0.17279 0.00000
vt 0.17279 2.10000
vt 0.08639 2.10000
vt 0.17279 0.00000
vt 0.25918 0.00000
vt 0.25918 2.10000
vt 0.17279 2.10000
vt 0.25918 0.00000
vt 0.34558 0.00000
vt 0.34558 2.10000
vt 0.25918 2.10000
vt 0.34558 0.00000
vt 0.43197 0.00000
vt 0.43197 2.10000
vt 0.34558 2.10000
vt 0.43197 0.00000
vt 0.51836 0.00000
vt 0.51836 2.10000
vt 0.43197 2.10000
vt 0.51836 0.00000
vt 0.60476 0.00000
vt 0.60476 2.10000
vt 0.51836 2.10000
vt 0.60476 0.00000
vt 0.69115 0.00000
vt 0.69115 2.10000
vt 0.60476 2.10000
vt 0.07778 -0.07778
vt -0.00000 -0.11000
vt -0.07778 -0.07778
vt -0.11000 0.00000
vt -0.07778 0.07778
vt 0.00000 0.11000
vt 0.07778 0.07778
vt 0.11000 0.00000
vt 0.11000 0.00000
vt 0.07778 0.07778
vt 0.00000 0.11000
vt -0.07778 0.07778
vt -0.11000 0.00000
vt -0.07778 -0.07778
vt -0.00000 -0.11000
vt 0.07778 -0.07778
vt 0.00000 0.00000
vt 0.08639 0.00000
vt 0.08639 2.10000
vt 0.00000 2.10000
vt 0.08639 0.00000
vt 0.17279 0.00000
vt 0.17279 2.10000
vt 0.08639 2.10000
vt 0.17279 0.00000
vt 0.25918 0.00000
vt 0.25918 2.10000
vt 0.17279 2.10000
vt 0.25918 0.00000
vt 0.34558 0.00000
vt 0.34558 2.10000
vt 0.25918 2.10000
vt 0.34558 0.00000
vt 0.43197 0.00000
vt 0.43197 2.10000
vt 0.34558 2.10000
vt 0.43197 0.00000
vt 0.51836 0.00000
vt 0.51836 2.10000
vt 0.43197 2.10000
vt 0.51836 0.00000
vt 0.60476 0.00000
vt 0.60476 2.10000
vt 0.51836 2.10000
vt 0.60476 0.00000
vt 0.69115 0.00000
vt 0.69115 2.10000
vt 0.60476 2.10000
vt 0.07778 -0.07778
vt -0.00000 -0.11000
vt -0.07778 -0.07778
vt -0.11000 0.00000
vt -0.07778 0.07778
vt 0.00000 0.11000
vt 0.07778 0.07778
vt 0.11000 0.00000
vt 0.11000 0.00000
vt 0.07778 0.07778
vt 0.00000 0.11000
vt -0.07778 0.07778
vt -0.11000 0.00000
vt -0.07778 -0.07778
vt -0.00000 -0.11000
vt 0.07778 -0.07778
vt 0.00000 0.00000
vt 0.08639 0.00000
vt 0.08639 2.10000
vt 0.00000 2.10000
vt 0.08639 0.00000
vt 0.17279 0.00000
vt 0.17279 2.10000
vt 0.08639 2.10000
vt 0.17279 0.00000
vt 0.25918 0.00000
vt 0.25918 2.10000
vt 0.17279 2.10000
vt 0.25918 0.00000
vt 0.34558 0.00000
vt 0.34558 2.10000
vt 0.25918 2.10000
vt 0.34558 0.00000
vt 0.43197 0.00000
vt 0.43197 2.10000
vt 0.34558 2.10000
vt 0.43197 0.00000
vt 0.51836 0.00000
vt 0.51836 2.10000
vt 0.43197 2.10000
vt 0.51836 0.00000
vt 0.60476 0.00000
vt 0.60476 2.10000
vt 0.51836 2.10000
vt 0.60476 0.00000
vt 0.69115 0.00000
vt 0.69115 2.10000
vt 0.60476 2.10000
vt 0.07778 -0.07778
vt -0.00000 -0.11000
vt -0.07778 -0.07778
vt -0.11000 0.00000
vt -0.07778 0.07778
vt 0.00000 0.11000
vt 0.07778 0.07778
vt 0.11000 0.00000
vt 0.11000 0.00000
vt 0.07778 0.07778
vt 0.00000 0.11000
vt -0.07778 0.07778
vt -0.11000 0.00000
vt -0.07778 -0.07778
vt -0.00000 -0.11000
vt 0.07778 -0.07778
vt -0.06250 -0.52500
vt 0.06250 -0.52500
vt 0.06250 0.52500
vt -0.06250 0.52500
vt -0.06250 0.52500
vt 0.06250 0.52500
vt 0.06250 -0.52500
vt -0.06250 -0.52500
vt -4.07500 0.52500
vt 4.07500 0.52500
vt 4.07500 -0.52500
vt -4.07500 -0.52500
vt -4.07500 -0.52500
vt 4.07500 -0.52500
vt 4.07500 0.52500
vt -4.07500 0.52500
vt -4.07500 -0.06250
vt 4.07500 -0.06250
vt 4.07500 0.06250
vt -4.07500 0.06250
vt -4.07500 0.06250
vt 4.07500 0.06250
vt 4.07500 -0.06250
vt -4.07500 -0.06250
vt 0.00000 0.00000
vt 8.25000 0.00000
vt 8.25000 0.05000
vt 0.00000 0.05000
vt 0.00000 0.00000
vt 8.25000 0.00000
vt 8.25000 0.05000
vt 0.00000 0.05000
vt 0.00000 0.00000
vt 8.25000 0.00000
vt 8.25000 0.05000
vt 0.00000 0.05000
vt 0.00000 0.00000
vt 8.25000 0.00000
vt 8.25000 0.05000
vt 0.00000 0.05000
vt 0.00000 0.00000
vt 0.22500 0.00000
vt 0.22500 0.05000
vt 0.00000 0.05000
vt 0.00000 0.00000
vt 0.22500 0.00000
vt 0.22500 0.05000
vt 0.00000 0.05000
vt 0.00000 0.00000
vt 0.22500 0.00000
vt 0.22500 0.05000
vt 0.00000 0.05000
vt 0.00000 0.00000
vt 0.22500 0.00000
vt 0.22500 0.05000
vt 0.00000 0.05000
vt 0.00000 0.00000
vt 1.15000 0.00000
vt 1.15000 0.05000
vt 0.00000 0.05000
vt 0.00000 0.00000
vt 1.15000 0.00000
vt 1.15000 0.05000
vt 0.00000 0.05000
vt 0.00000 0.00000
vt 1.15000 0.00000
vt 1.15000 0.05000
vt 0.00000 0.05000
vt 0.00000 0.00000
vt 1.15000 0.00000
vt 1.15000 0.05000
vt 0.00000 0.05000
vt 0.00000 0.00000
vt 0.05000 0.00000
vt 0.00000 0.05000
vt 0.00000 0.00000
vt 0.05000 0.00000
vt 0.00000 0.05000
vt 0.00000 0.00000
vt 0.05000 0.00000
vt 0.00000 0.05000
vt 0.00000 0.00000
vt 0.05000 0.00000
vt 0.00000 0.05000
vt 0.00000 0.00000
vt 0.05000 0.00000
vt 0.00000 0.05000
vt 0.00000 0.00000
vt 0.05000 0.00000
vt 0.00000 0.05000
vt 0.00000 0.00000
vt 0.05000 0.00000
vt 0.00000 0.05000
vt 0.00000 0.00000
vt 0.05000 0.00000
vt 0.00000 0.05000
vt -0.50000 -0.05000
vt 0.50000 -0.05000
vt 0.50000 0.05000
vt -0.50000 0.05000
vt -0.50000 0.05000
vt 0.50000 0.05000
vt 0.50000 -0.05000
vt -0.50000 -0.05000
vt -4.07500 0.05000
vt 4.07500 0.05000
vt 4.07500 -0.05000
vt -4.07500 -0.05000
vt -4.07500 -0.05000
vt 4.07500 -0.05000
vt 4.07500 0.05000
vt -4.07500 0.05000
vt -4.07500 -0.50000
vt 4.07500 -0.50000
vt 4.07500 0.50000
vt -4.07500 0.50000
vt -4.07500 0.50000
vt 4.07500 0.50000
vt 4.07500 -0.50000
vt -4.07500 -0.50000
vt 0.00000 0.00000
vt 8.25000 0.00000
vt 8.25000 0.05000
vt 0.00000 0.05000
vt 0.00000 0.00000
vt 8.25000 0.00000
vt 8.25000 0.05000
vt 0.00000 0.05000
vt 0.00000 0.00000
vt 8.25000 0.00000
vt 8.25000 0.05000
vt 0.00000 0.05000
vt 0.00000 0.00000
vt 8.25000 0.00000
vt 8.25000 0.05000
vt 0.00000 0.05000
vt 0.00000 0.00000
vt 1.10000 0.00000
vt 1.10000 0.05000
vt 0.00000 0.05000
vt 0.00000 0.00000
vt 1.10000 0.00000
vt 1.10000 0.05000
vt 0.00000 0.05000
vt 0.00000 0.00000
vt 1.10000 0.00000
vt 1.10000 0.05000
vt 0.00000 0.05000
vt 0.00000 0.00000
vt 1.10000 0.00000
vt 1.10000 0.05000
vt 0.00000 0.05000
vt 0.00000 0.00000
vt 0.20000 0.00000
vt 0.20000 0.05000
vt 0.00000 0.05000
vt 0.00000 0.00000
vt 0.20000 0.00000
vt 0.20000 0.05000
vt 0.00000 0.05000
vt 0.00000 0.00000
vt 0.20000 0.00000
vt 0.20000 0.05000
vt 0.00000 0.05000
vt 0.00000 0.00000
vt 0.20000 0.00000
vt 0.20000 0.05000
vt 0.00000 0.05000
vt 0.00000 0.00000
vt 0.05000 0.00000
vt 0.00000 0.05000
vt 0.00000 0.00000
vt 0.05000 0.00000
vt 0.00000 0.05000
vt 0.00000 0.00000
vt 0.05000 0.00000
vt 0.00000 0.05000
vt 0.00000 0.00000
vt 0.05000 0.00000
vt 0.00000 0.05000
vt 0.00000 0.00000
vt 0.05000 0.00000
vt 0.00000 0.05000
vt 0.00000 0.00000
vt 0.05000 0.00000
vt 0.00000 0.05000
vt 0.00000 0.00000
vt 0.05000 0.00000
vt 0.00000 0.05000
vt 0.00000 0.00000
vt 0.05000 0.00000
vt 0.00000 0.05000
vt 2.70000 0.66667
vt 3.70000 0.66667
vt 3.70000 0.80000
vt 2.70000 0.80000
vt -3.70000 0.66667
vt -2.70000 0.66667
vt -2.70000 0.80000
vt -3.70000 0.80000
vt -14.00000 2.70000
vt -3.66667 2.70000
vt -3.66667 3.70000
vt -14.00000 3.70000
vt -14.00000 -3.70000
vt -3.66667 -3.70000
vt -3.66667 -2.70000
vt -14.00000 -2.70000
vt -14.00000 0.66667
vt -3.66667 0.66667
vt -3.66667 0.80000
vt -14.00000 0.80000
vt 3.66667 0.66667
vt 14.00000 0.66667
vt 14.00000 0.80000
vt 3.66667 0.80000
vt 0.00000 0.00000
vt 0.08639 0.00000
vt 0.08639 2.10000
vt 0.00000 2.10000
vt 0.08639 0.00000
vt 0.17279 0.00000
vt 0.17279 2.10000
vt 0.08639 2.10000
vt 0.17279 0.00000
vt 0.25918 0.00000
vt 0.25918 2.10000
vt 0.17279 2.10000
vt 0.25918 0.00000
vt 0.34558 0.00000
vt 0.34558 2.10000
vt 0.25918 2.10000
vt 0.34558 0.00000
vt 0.43197 0.00000
vt 0.43197 2.10000
vt 0.34558 2.10000
vt 0.43197 0.00000
vt 0.51836 0.00000
vt 0.51836 2.10000
vt 0.43197 2.10000
vt 0.51836 0.00000
vt 0.60476 0.00000
vt 0.60476 2.10000
vt 0.51836 2.10000
vt 0.60476 0.00000
vt 0.69115 0.00000
vt 0.69115 2.10000
vt 0.60476 2.10000
vt 0.07778 -0.07778
vt -0.00000 -0.11000
vt -0.07778 -0.07778
vt -0.11000 0.00000
vt -0.07778 0.07778
vt 0.00000 0.11000
vt 0.07778 0.07778
vt 0.11000 0.00000
vt 0.11000 0.00000
vt 0.07778 0.07778
vt 0.00000 0.11000
vt -0.07778 0.07778
vt -0.11000 0.00000
vt -0.07778 -0.07778
vt -0.00000 -0.11000
vt 0.07778 -0.07778
vt 0.00000 0.00000
vt 0.08639 0.00000
vt 0.08639 2.10000
vt 0.00000 2.10000
vt 0.08639 0.00000
vt 0.17279 0.00000
vt 0.17279 2.10000
vt 0.08639 2.10000
vt 0.17279 0.00000
vt 0.25918 0.00000
vt 0.25918 2.10000
vt 0.17279 2.10000
vt 0.25918 0.00000
vt 0.34558 0.00000
vt 0.34558 2.10000
vt 0.25918 2.10000
vt 0.34558 0.00000
vt 0.43197 0.00000
vt 0.43197 2.10000
vt 0.34558 2.10000
vt 0.43197 0.00000
vt 0.51836 0.00000
vt 0.51836 2.10000
vt 0.43197 2.10000
vt 0.51836 0.00000
vt 0.60476 0.00000
vt 0.60476 2.10000
vt 0.51836 2.10000
vt 0.60476 0.00000
vt 0.69115 0.00000
vt 0.69115 2.10000
vt 0.60476 2.10000
vt 0.07778 -0.07778
vt -0.00000 -0.11000
vt -0.07778 -0.07778
vt -0.11000 0.00000
vt -0.07778 0.07778
vt 0.00000 0.11000
vt 0.07778 0.07778
vt 0.11000 0.00000
vt 0.11000 0.00000
vt 0.07778 0.07778
vt 0.00000 0.11000
vt -0.07778 0.07778
vt -0.11000 0.00000
vt -0.07778 -0.07778
vt -0.00000 -0.11000
vt 0.07778 -0.07778
vt 0.00000 0.00000
vt 0.08639 0.00000
vt 0.08639 2.10000
vt 0.00000 2.10000
vt 0.08639 0.00000
vt 0.17279 0.00000
vt 0.17279 2.10000
vt 0.08639 2.10000
vt 0.17279 0.00000
vt 0.25918 0.00000
vt 0.25918 2.10000
vt 0.17279 2.10000
vt 0.25918 0.00000
vt 0.34558 0.00000
vt 0.34558 2.10000
vt 0.25918 2.10000
vt 0.34558 0.00000
vt 0.43197 0.00000
vt 0.43197 2.10000
vt 0.34558 2.10000
vt 0.43197 0.00000
vt 0.51836 0.00000
vt 0.51836 2.10000
vt 0.43197 2.10000
vt 0.51836 0.00000
vt 0.60476 0.00000
vt 0.60476 2.10000
vt 0.51836 2.10000
vt 0.60476 0.00000
vt 0.69115 0.00000
vt 0.69115 2.10000
vt 0.60476 2.10000
vt 0.07778 -0.07778
vt -0.00000 -0.11000
vt -0.07778 -0.07778
vt -0.11000 0.00000
vt -0.07778 0.07778
vt 0.00000 0.11000
vt 0.07778 0.07778
vt 0.11000 0.00000
vt 0.11000 0.00000
vt 0.07778 0.07778
vt 0.00000 0.11000
vt -0.07778 0.07778
vt -0.11000 0.00000
vt -0.07778 -0.07778
vt -0.00000 -0.11000
vt 0.07778 -0.07778
vt -0.06250 -0.52500
vt 0.06250 -0.52500
vt 0.06250 0.52500
vt -0.06250 0.52500
vt -0.06250 0.52500
vt 0.06250 0.52500
vt 0.06250 -0.52500
vt -0.06250 -0.52500
vt -4.07500 0.52500
vt 4.07500 0.52500
vt 4.07500 -0.52500
vt -4.07500 -0.52500
vt -4.07500 -0.52500
vt 4.07500 -0.52500
vt 4.07500 0.52500
vt -4.07500 0.52500
vt -4.07500 -0.06250
vt 4.07500 -0.06250
vt 4.07500 0.06250
vt -4.07500 0.06250
vt -4.07500 0.06250
vt 4.07500 0.06250
vt 4.07500 -0.06250
vt -4.07500 -0.06250
vt 0.00000 0.00000
vt 8.25000 0.00000
vt 8.25000 0.05000
vt 0.00000 0.05000
vt 0.00000 0.00000
vt 8.25000 0.00000
vt 8.25000 0.05000
vt 0.00000 0.05000
vt 0.00000 0.00000
vt 8.25000 0.00000
vt 8.25000 0.05000
vt 0.00000 0.05000
vt 0.00000 0.00000
vt 8.25000 0.00000
vt 8.25000 0.05000
vt 0.00000 0.05000
vt 0.00000 0.00000
vt 0.22500 0.00000
vt 0.22500 0.05000
vt 0.00000 0.05000
vt 0.00000 0.00000
vt 0.22500 0.00000
vt 0.22500 0.05000
vt 0.00000 0.05000
vt 0.00000 0.00000
vt 0.22500 0.00000
vt 0.22500 0.05000
vt 0.00000 0.05000
vt 0.00000 0.00000
vt 0.22500 0.00000
vt 0.22500 0.05000
vt 0.00000 0.05000
vt 0.00000 0.00000
vt 1.15000 0.00000
vt 1.15000 0.05000
vt 0.00000 0.05000
vt 0.00000 0.00000
vt 1.15000 0.00000
vt 1.15000 0.05000
vt 0.00000 0.05000
vt 0.00000 0.00000
vt 1.15000 0.00000
vt 1.15000 0.05000
vt 0.00000 0.05000
vt 0.00000 0.00000
vt 1.15000 0.00000
vt 1.15000 0.05000
vt 0.00000 0.05000
vt 0.00000 0.00000
vt 0.05000 0.00000
vt 0.00000 0.05000
vt 0.00000 0.00000
vt 0.05000 0.00000
vt 0.00000 0.05000
vt 0.00000 0.00000
vt 0.05000 0.00000
vt 0.00000 0.05000
vt 0.00000 0.00000
vt 0.05000 0.00000
vt 0.00000 0.05000
vt 0.00000 0.00000
vt 0.05000 0.00000
vt 0.00000 0.05000
vt 0.00000 0.00000
vt 0.05000 0.00000
vt 0.00000 0.05000
vt 0.00000 0.00000
vt 0.05000 0.00000
vt 0.00000 0.05000
vt 0.00000 0.00000
vt 0.05000 0.00000
vt 0.00000 0.05000
vt -0.50000 -0.05000
vt 0.50000 -0.05000
vt 0.50000 0.05000
vt -0.50000 0.05000
vt -0.50000 0.05000
vt 0.50000 0.05000
vt 0.50000 -0.05000
vt -0.50000 -0.05000
vt -4.07500 0.05000
vt 4.07500 0.05000
vt 4.07500 -0.05000
vt -4.07500 -0.05000
vt -4.07500 -0.05000
vt 4.07500 -0.05000
vt 4.07500 0.05000
vt -4.07500 0.05000
vt -4.07500 -0.50000
vt 4.07500 -0.50000
vt 4.07500 0.50000
vt -4.07500 0.50000
vt -4.07500 0.50000
vt 4.07500 0.50000
vt 4.07500 -0.50000
vt -4.07500 -0.50000
vt 0.00000 0.00000
vt 8.25000 0.00000
vt 8.25000 0.05000
vt 0.00000 0.05000
vt 0.00000 0.00000
vt 8.25000 0.00000
vt 8.25000 0.05000
vt 0.00000 0.05000
vt 0.00000 0.00000
vt 8.25000 0.00000
vt 8.25000 0.05000
vt 0.00000 0.05000
vt 0.00000 0.00000
vt 8.25000 0.00000
vt 8.25000 0.05000
vt 0.00000 0.05000
vt 0.00000 0.00000
vt 1.10000 0.00000
vt 1.10000 0.05000
vt 0.00000 0.05000
vt 0.00000 0.00000
vt 1.10000 0.00000
vt 1.10000 0.05000
vt 0.00000 0.05000
vt 0.00000 0.00000
vt 1.10000 0.00000
vt 1.10000 0.05000
vt 0.00000 0.05000
vt 0.00000 0.00000
vt 1.10000 0.00000
vt 1.10000 0.05000
vt 0.00000 0.05000
vt 0.00000 0.00000
vt 0.20000 0.00000
vt 0.20000 0.05000
vt 0.00000 0.05000
vt 0.00000 0.00000
vt 0.20000 0.00000
vt 0.20000 0.05000
vt 0.00000 0.05000
vt 0.00000 0.00000
vt 0.20000 0.00000
vt 0.20000 0.05000
vt 0.00000 0.05000
vt 0.00000 0.00000
vt 0.20000 0.00000
vt 0.20000 0.05000
vt 0.00000 0.05000
vt 0.00000 0.00000
vt 0.05000 0.00000
vt 0.00000 0.05000
vt 0.00000 0.00000
vt 0.05000 0.00000
vt 0.00000 0.05000
vt 0.00000 0.00000
vt 0.05000 0.00000
vt 0.00000 0.05000
vt 0.00000 0.00000
vt 0.05000 0.00000
vt 0.00000 0.05000
vt 0.00000 0.00000
vt 0.05000 0.00000
vt 0.00000 0.05000
vt 0.00000 0.00000
vt 0.05000 0.00000
vt 0.00000 0.05000
vt 0.00000 0.00000
vt 0.05000 0.00000
vt 0.00000 0.05000
vt 0.00000 0.00000
vt 0.05000 0.00000
vt 0.00000 0.05000
vt -3.70000 0.66667
vt -2.70000 0.66667
vt -2.70000 0.80000
vt -3.70000 0.80000
vt 2.70000 0.66667
vt 3.70000 0.66667
vt 3.70000 0.80000
vt 2.70000 0.80000
vt -14.00000 -3.70000
vt -3.66667 -3.70000
vt -3.66667 -2.70000
vt -14.00000 -2.70000
vt -14.00000 2.70000
vt -3.66667 2.70000
vt -3.66667 3.70000
vt -14.00000 3.70000
vt -14.00000 0.66667
vt -3.66667 0.66667
vt -3.66667 0.80000
vt -14.00000 0.80000
vt 3.66667 0.66667
vt 14.00000 0.66667
vt 14.00000 0.80000
vt 3.66667 0.80000
vt 0.00000 0.00000
vt 0.08639 0.00000
vt 0.08639 2.10000
vt 0.00000 2.10000
vt 0.08639 0.00000
vt 0.17279 0.00000
vt 0.17279 2.10000
vt 0.08639 2.10000
vt 0.17279 0.00000
vt 0.25918 0.00000
vt 0.25918 2.10000
vt 0.17279 2.10000
vt 0.25918 0.00000
vt 0.34558 0.00000
vt 0.34558 2.10000
vt 0.25918 2.10000
vt 0.34558 0.00000
vt 0.43197 0.00000
vt 0.43197 2.10000
vt 0.34558 2.10000
vt 0.43197 0.00000
vt 0.51836 0.00000
vt 0.51836 2.10000
vt 0.43197 2.10000
vt 0.51836 0.00000
vt 0.60476 0.00000
vt 0.60476 2.10000
vt 0.51836 2.10000
vt 0.60476 0.00000
vt 0.69115 0.00000
vt 0.69115 2.10000
vt 0.60476 2.10000
vt 0.07778 -0.07778
vt -0.00000 -0.11000
vt -0.07778 -0.07778
vt -0.11000 0.00000
vt -0.07778 0.07778
vt 0.00000 0.11000
vt 0.07778 0.07778
vt 0.11000 0.00000
vt 0.11000 0.00000
vt 0.07778 0.07778
vt 0.00000 0.11000
vt -0.07778 0.07778
vt -0.11000 0.00000
vt -0.07778 -0.07778
vt -0.00000 -0.11000
vt 0.07778 -0.07778
vt 0.00000 0.00000
vt 0.08639 0.00000
vt 0.08639 2.10000
vt 0.00000 2.10000
vt 0.08639 0.00000
vt 0.17279 0.00000
vt 0.17279 2.10000
vt 0.08639 2.10000
vt 0.17279 0.00000
vt 0.25918 0.00000
vt 0.25918 2.10000
vt 0.17279 2.10000
vt 0.25918 0.00000
vt 0.34558 0.00000
vt 0.34558 2.10000
vt 0.25918 2.10000
vt 0.34558 0.00000
vt 0.43197 0.00000
vt 0.43197 2.10000
vt 0.34558 2.10000
vt 0.43197 0.00000
vt 0.51836 0.00000
vt 0.51836 2.10000
vt 0.43197 2.10000
vt 0.51836 0.00000
vt 0.60476 0.00000
vt 0.60476 2.10000
vt 0.51836 2.10000
vt 0.60476 0.00000
vt 0.69115 0.00000
vt 0.69115 2.10000
vt 0.60476 2.10000
vt 0.07778 -0.07778
vt -0.00000 -0.11000
vt -0.07778 -0.07778
vt -0.11000 0.00000
vt -0.07778 0.07778
vt 0.00000 0.11000
vt 0.07778 0.07778
vt 0.11000 0.00000
vt 0.11000 0.00000
vt 0.07778 0.07778
vt 0.00000 0.11000
vt -0.07778 0.07778
vt -0.11000 0.00000
vt -0.07778 -0.07778
vt -0.00000 -0.11000
vt 0.07778 -0.07778
vt 0.00000 0.00000
vt 0.08639 0.00000
vt 0.08639 2.10000
vt 0.00000 2.10000
vt 0.08639 0.00000
vt 0.17279 0.00000
vt 0.17279 2.10000
vt 0.08639 2.10000
vt 0.17279 0.00000
vt 0.25918 0.00000
vt 0.25918 2.10000
vt 0.17279 2.10000
vt 0.25918 0.00000
vt 0.34558 0.00000
vt 0.34558 2.10000
vt 0.25918 2.10000
vt 0.34558 0.00000
vt 0.43197 0.00000
vt 0.43197 2.10000
vt 0.34558 2.10000
vt 0.43197 0.00000
vt 0.51836 0.00000
vt 0.51836 2.10000
vt 0.43197 2.10000
vt 0.51836 0.00000
vt 0.60476 0.00000
vt 0.60476 2.10000
vt 0.51836 2.10000
vt 0.60476 0.00000
vt 0.69115 0.00000
vt 0.69115 2.10000
vt 0.60476 2.10000
vt 0.07778 -0.07778
vt -0.00000 -0.11000
vt -0.07778 -0.07778
vt -0.11000 0.00000
vt -0.07778 0.07778
vt 0.00000 0.11000
vt 0.07778 0.07778
vt 0.11000 0.00000
vt 0.11000 0.00000
vt 0.07778 0.07778
vt 0.00000 0.11000
vt -0.07778 0.07778
vt -0.11000 0.00000
vt -0.07778 -0.07778
vt -0.00000 -0.11000
vt 0.07778 -0.07778
vt -0.06250 -0.52500
vt 0.06250 -0.52500
vt 0.06250 0.52500
vt -0.06250 0.52500
vt -0.06250 0.52500
vt 0.06250 0.52500
vt 0.06250 -0.52500
vt -0.06250 -0.52500
vt -4.07500 0.52500
vt 4.07500 0.52500
vt 4.07500 -0.52500
vt -4.07500 -0.52500
vt -4.07500 -0.52500
vt 4.07500 -0.52500
vt 4.07500 0.52500
vt -4.07500 0.52500
vt -4.07500 -0.06250
vt 4.07500 -0.06250
vt 4.07500 0.06250
vt -4.07500 0.06250
vt -4.07500 0.06250
vt 4.07500 0.06250
vt 4.07500 -0.06250
vt -4.07500 -0.06250
vt 0.00000 0.00000
vt 8.25000 0.00000
vt 8.25000 0.05000
vt 0.00000 0.05000
vt 0.00000 0.00000
vt 8.25000 0.00000
vt 8.25000 0.05000
vt 0.00000 0.05000
vt 0.00000 0.00000
vt 8.25000 0.00000
vt 8.25000 0.05000
vt 0.00000 0.05000
vt 0.00000 0.00000
vt 8.25000 0.00000
vt 8.25000 0.05000
vt 0.00000 0.05000
vt 0.00000 0.00000
vt 0.22500 0.00000
vt 0.22500 0.05000
vt 0.00000 0.05000
vt 0.00000 0.00000
vt 0.22500 0.00000
vt 0.22500 0.05000
vt 0.00000 0.05000
vt 0.00000 0.00000
vt 0.22500 0.00000
vt 0.22500 0.05000
vt 0.00000 0.05000
vt 0.00000 0.00000
vt 0.22500 0.00000
vt 0.22500 0.05000
vt 0.00000 0.05000
vt 0.00000 0.00000
vt 1.15000 0.00000
vt 1.15000 0.05000
vt 0.00000 0.05000
vt 0.00000 0.00000
vt 1.15000 0.00000
vt 1.15000 0.05000
vt 0.00000 0.05000
vt 0.00000 0.00000
vt 1.15000 0.00000
vt 1.15000 0.05000
vt 0.00000 0.05000
vt 0.00000 0.00000
vt 1.15000 0.00000
vt 1.15000 0.05000
vt 0.00000 0.05000
vt 0.00000 0.00000
vt 0.05000 0.00000
vt 0.00000 0.05000
vt 0.00000 0.00000
vt 0.05000 0.00000
vt 0.00000 0.05000
vt 0.00000 0.00000
vt 0.05000 0.00000
vt 0.00000 0.05000
vt 0.00000 0.00000
vt 0.05000 0.00000
vt 0.00000 0.05000
vt 0.00000 0.00000
vt 0.05000 0.00000
vt 0.00000 0.05000
vt 0.00000 0.00000
vt 0.05000 0.00000
vt 0.00000 0.05000
vt 0.00000 0.00000
vt 0.05000 0.00000
vt 0.00000 0.05000
vt 0.00000 0.00000
vt 0.05000 0.00000
vt 0.00000 0.05000
vt -0.50000 -0.05000
vt 0.50000 -0.05000
vt 0.50000 0.05000
vt -0.50000 0.05000
vt -0.50000 0.05000
vt 0.50000 0.05000
vt 0.50000 -0.05000
vt -0.50000 -0.05000
vt -4.07500 0.05000
vt 4.07500 0.05000
vt 4.07500 -0.05000
vt -4.07500 -0.05000
vt -4.07500 -0.05000
vt 4.07500 -0.05000
vt 4.07500 0.05000
vt -4.07500 0.05000
vt -4.07500 -0.50000
vt 4.07500 -0.50000
vt 4.07500 0.50000
vt -4.07500 0.50000
vt -4.07500 0.50000
vt 4.07500 0.50000
vt 4.07500 -0.50000
vt -4.07500 -0.50000
vt 0.00000 0.00000
vt 8.25000 0.00000
vt 8.25000 0.05000
vt 0.00000 0.05000
vt 0.00000 0.00000
vt 8.25000 0.00000
vt 8.25000 0.05000
vt 0.00000 0.05000
vt 0.00000 0.00000
vt 8.25000 0.00000
vt 8.25000 0.05000
vt 0.00000 0.05000
vt 0.00000 0.00000
vt 8.25000 0.00000
vt 8.25000 0.05000
vt 0.00000 0.05000
vt 0.00000 0.00000
vt 1.10000 0.00000
vt 1.10000 0.05000
vt 0.00000 0.05000
vt 0.00000 0.00000
vt 1.10000 0.00000
vt 1.10000 0.05000
vt 0.00000 0.05000
vt 0.00000 0.00000
vt 1.10000 0.00000
vt 1.10000 0.05000
vt 0.00000 0.05000
vt 0.00000 0.00000
vt 1.10000 0.00000
vt 1.10000 0.05000
vt 0.00000 0.05000
vt 0.00000 0.00000
vt 0.20000 0.00000
vt 0.20000 0.05000
vt 0.00000 0.05000
vt 0.00000 0.00000
vt 0.20000 0.00000
vt 0.20000 0.05000
vt 0.00000 0.05000
vt 0.00000 0.00000
vt 0.20000 0.00000
vt 0.20000 0.05000
vt 0.00000 0.05000
vt 0.00000 0.00000
vt 0.20000 0.00000
vt 0.20000 0.05000
vt 0.00000 0.05000
vt 0.00000 0.00000
vt 0.05000 0.00000
vt 0.00000 0.05000
vt 0.00000 0.00000
vt 0.05000 0.00000
vt 0.00000 0.05000
vt 0.00000 0.00000
vt 0.05000 0.00000
vt 0.00000 0.05000
vt 0.00000 0.00000
vt 0.05000 0.00000
vt 0.00000 0.05000
vt 0.00000 0.00000
vt 0.05000 0.00000
vt 0.00000 0.05000
vt 0.00000 0.00000
vt 0.05000 0.00000
vt 0.00000 0.05000
vt 0.00000 0.00000
vt 0.05000 0.00000
vt 0.00000 0.05000
vt 0.00000 0.00000
vt 0.05000 0.00000
vt 0.00000 0.05000
vt 2.70000 0.66667
vt 3.70000 0.66667
vt 3.70000 0.80000
vt 2.70000 0.80000
vt -3.70000 0.66667
vt -2.70000 0.66667
vt -2.70000 0.80000
vt -3.70000 0.80000
vt 3.66667 2.70000
vt 14.00000 2.70000
vt 14.00000 3.70000
vt 3.66667 3.70000
vt 3.66667 -3.70000
vt 14.00000 -3.70000
vt 14.00000 -2.70000
vt 3.66667 -2.70000
vt 3.66667 0.66667
vt 14.00000 0.66667
vt 14.00000 0.80000
vt 3.66667 0.80000
vt -14.00000 0.66667
vt -3.66667 0.66667
vt -3.66667 0.80000
vt -14.00000 0.80000
vt 0.00000 0.00000
vt 0.08639 0.00000
vt 0.08639 2.10000
vt 0.00000 2.10000
vt 0.08639 0.00000
vt 0.17279 0.00000
vt 0.17279 2.10000
vt 0.08639 2.10000
vt 0.17279 0.00000
vt 0.25918 0.00000
vt 0.25918 2.10000
vt 0.17279 2.10000
vt 0.25918 0.00000
vt 0.34558 0.00000
vt 0.34558 2.10000
vt 0.25918 2.10000
vt 0.34558 0.00000
vt 0.43197 0.00000
vt 0.43197 2.10000
vt 0.34558 2.10000
vt 0.43197 0.00000
vt 0.51836 0.00000
vt 0.51836 2.10000
vt 0.43197 2.10000
vt 0.51836 0.00000
vt 0.60476 0.00000
vt 0.60476 2.10000
vt 0.51836 2.10000
vt 0.60476 0.00000
vt 0.69115 0.00000
vt 0.69115 2.10000
vt 0.60476 2.10000
vt 0.07778 -0.07778
vt -0.00000 -0.11000
vt -0.07778 -0.07778
vt -0.11000 0.00000
vt -0.07778 0.07778
vt 0.00000 0.11000
vt 0.07778 0.07778
vt 0.11000 0.00000
vt 0.11000 0.00000
vt 0.07778 0.07778
vt 0.00000 0.11000
vt -0.07778 0.07778
vt -0.11000 0.00000
vt -0.07778 -0.07778
vt -0.00000 -0.11000
vt 0.07778 -0.07778
vt 0.00000 0.00000
vt 0.08639 0.00000
vt 0.08639 2.10000
vt 0.00000 2.10000
vt 0.08639 0.00000
vt 0.17279 0.00000
vt 0.17279 2.10000
vt 0.08639 2.10000
vt 0.17279 0.00000
vt 0.25918 0.00000
vt 0.25918 2.10000
vt 0.17279 2.10000
vt 0.25918 0.00000
vt 0.34558 0.00000
vt 0.34558 2.10000
vt 0.25918 2.10000
vt 0.34558 0.00000
vt 0.43197 0.00000
vt 0.43197 2.10000
vt 0.34558 2.10000
vt 0.43197 0.00000
vt 0.51836 0.00000
vt 0.51836 2.10000
vt 0.43197 2.10000
vt 0.51836 0.00000
vt 0.60476 0.00000
vt 0.60476 2.10000
vt 0.51836 2.10000
vt 0.60476 0.00000
vt 0.69115 0.00000
vt 0.69115 2.10000
vt 0.60476 2.10000
vt 0.07778 -0.07778
vt -0.00000 -0.11000
vt -0.07778 -0.07778
vt -0.11000 0.00000
vt -0.07778 0.07778
vt 0.00000 0.11000
vt 0.07778 0.07778
vt 0.11000 0.00000
vt 0.11000 0.00000
vt 0.07778 0.07778
vt 0.00000 0.11000
vt -0.07778 0.07778
vt -0.11000 0.00000
vt -0.07778 -0.07778
vt -0.00000 -0.11000
vt 0.07778 -0.07778
vt 0.00000 0.00000
vt 0.08639 0.00000
vt 0.08639 2.10000
vt 0.00000 2.10000
vt 0.08639 0.00000
vt 0.17279 0.00000
vt 0.17279 2.10000
vt 0.08639 2.10000
vt 0.17279 0.00000
vt 0.25918 0.00000
vt 0.25918 2.10000
vt 0.17279 2.10000
vt 0.25918 0.00000
vt 0.34558 0.00000
vt 0.34558 2.10000
vt 0.25918 2.10000
vt 0.34558 0.00000
vt 0.43197 0.00000
vt 0.43197 2.10000
vt 0.34558 2.10000
vt 0.43197 0.00000
vt 0.51836 0.00000
vt 0.51836 2.10000
vt 0.43197 2.10000
vt 0.51836 0.00000
vt 0.60476 0.00000
vt 0.60476 2.10000
vt 0.51836 2.10000
vt 0.60476 0.00000
vt 0.69115 0.00000
vt 0.69115 2.10000
vt 0.60476 2.10000
vt 0.07778 -0.07778
vt -0.00000 -0.11000
vt -0.07778 -0.07778
vt -0.11000 0.00000
vt -0.07778 0.07778
vt 0.00000 0.11000
vt 0.07778 0.07778
vt 0.11000 0.00000
vt 0.11000 0.00000
vt 0.07778 0.07778
vt 0.00000 0.11000
vt -0.07778 0.07778
vt -0.11000 0.00000
vt -0.07778 -0.07778
vt -0.00000 -0.11000
vt 0.07778 -0.07778
vt -0.06250 -0.52500
vt 0.06250 -0.52500
vt 0.06250 0.52500
vt -0.06250 0.52500
vt -0.06250 0.52500
vt 0.06250 0.52500
vt 0.06250 -0.52500
vt -0.06250 -0.52500
vt -4.07500 0.52500
vt 4.07500 0.52500
vt 4.07500 -0.52500
vt -4.07500 -0.52500
vt -4.07500 -0.52500
vt 4.07500 -0.52500
vt 4.07500 0.52500
vt -4.07500 0.52500
vt -4.07500 -0.06250
vt 4.07500 -0.06250
vt 4.07500 0.06250
vt -4.07500 0.06250
vt -4.07500 0.06250
vt 4.07500 0.06250
vt 4.07500 -0.06250
vt -4.07500 -0.06250
vt 0.00000 0.00000
vt 8.25000 0.00000
vt 8.25000 0.05000
vt 0.00000 0.05000
vt 0.00000 0.00000
vt 8.25000 0.00000
vt 8.25000 0.05000
vt 0.00000 0.05000
vt 0.00000 0.00000
vt 8.25000 0.00000
vt 8.25000 0.05000
vt 0.00000 0.05000
vt 0.00000 0.00000
vt 8.25000 0.00000
vt 8.25000 0.05000
vt 0.00000 0.05000
vt 0.00000 0.00000
vt 0.22500 0.00000
vt 0.22500 0.05000
vt 0.00000 0.05000
vt 0.00000 0.00000
vt 0.22500 0.00000
vt 0.22500 0.05000
vt 0.00000 0.05000
vt 0.00000 0.00000
vt 0.22500 0.00000
vt 0.22500 0.05000
vt 0.00000 0.05000
vt 0.00000 0.00000
vt 0.22500 0.00000
vt 0.22500 0.05000
vt 0.00000 0.05000
vt 0.00000 0.00000
vt 1.15000 0.00000
vt 1.15000 0.05000
vt 0.00000 0.05000
vt 0.00000 0.00000
vt 1.15000 0.00000
vt 1.15000 0.05000
vt 0.00000 0.05000
vt 0.00000 0.00000
vt 1.15000 0.00000
vt 1.15000 0.05000
vt 0.00000 0.05000
vt 0.00000 0.00000
vt 1.15000 0.00000
vt 1.15000 0.05000
vt 0.00000 0.05000
vt 0.00000 0.00000
vt 0.05000 0.00000
vt 0.00000 0.05000
vt 0.00000 0.00000
vt 0.05000 0.00000
vt 0.00000 0.05000
vt 0.00000 0.00000
vt 0.05000 0.00000
vt 0.00000 0.05000
vt 0.00000 0.00000
vt 0.05000 0.00000
vt 0.00000 0.05000
vt 0.00000 0.00000
vt 0.05000 0.00000
vt 0.00000 0.05000
vt 0.00000 0.00000
vt 0.05000 0.00000
vt 0.00000 0.05000
vt 0.00000 0.00000
vt 0.05000 0.00000
vt 0.00000 0.05000
vt 0.00000 0.00000
vt 0.05000 0.00000
vt 0.00000 0.05000
vt -0.50000 -0.05000
vt 0.50000 -0.05000
vt 0.50000 0.05000
vt -0.50000 0.05000
vt -0.50000 0.05000
vt 0.50000 0.05000
vt 0.50000 -0.05000
vt -0.50000 -0.05000
vt -4.07500 0.05000
vt 4.07500 0.05000
vt 4.07500 -0.05000
vt -4.07500 -0.05000
vt -4.07500 -0.05000
vt 4.07500 -0.05000
vt 4.07500 0.05000
vt -4.07500 0.05000
vt -4.07500 -0.50000
vt 4.07500 -0.50000
vt 4.07500 0.50000
vt -4.07500 0.50000
vt -4.07500 0.50000
vt 4.07500 0.50000
vt 4.07500 -0.50000
vt -4.07500 -0.50000
vt 0.00000 0.00000
vt 8.25000 0.00000
vt 8.25000 0.05000
vt 0.00000 0.05000
vt 0.00000 0.00000
vt 8.25000 0.00000
vt 8.25000 0.05000
vt 0.00000 0.05000
vt 0.00000 0.00000
vt 8.25000 0.00000
vt 8.25000 0.05000
vt 0.00000 0.05000
vt 0.00000 0.00000
vt 8.25000 0.00000
vt 8.25000 0.05000
vt 0.00000 0.05000
vt 0.00000 0.00000
vt 1.10000 0.00000
vt 1.10000 0.05000
vt 0.00000 0.05000
vt 0.00000 0.00000
vt 1.10000 0.00000
vt 1.10000 0.05000
vt 0.00000 0.05000
vt 0.00000 0.00000
vt 1.10000 0.00000
vt 1.10000 0.05000
vt 0.00000 0.05000
vt 0.00000 0.00000
vt 1.10000 0.00000
vt 1.10000 0.05000
vt 0.00000 0.05000
vt 0.00000 0.00000
vt 0.20000 0.00000
vt 0.20000 0.05000
vt 0.00000 0.05000
vt 0.00000 0.00000
vt 0.20000 0.00000
vt 0.20000 0.05000
vt 0.00000 0.05000
vt 0.00000 0.00000
vt 0.20000 0.00000
vt 0.20000 0.05000
vt 0.00000 0.05000
vt 0.00000 0.00000
vt 0.20000 0.00000
vt 0.20000 0.05000
vt 0.00000 0.05000
vt 0.00000 0.00000
vt 0.05000 0.00000
vt 0.00000 0.05000
vt 0.00000 0.00000
vt 0.05000 0.00000
vt 0.00000 0.05000
vt 0.00000 0.00000
vt 0.05000 0.00000
vt 0.00000 0.05000
vt 0.00000 0.00000
vt 0.05000 0.00000
vt 0.00000 0.05000
vt 0.00000 0.00000
vt 0.05000 0.00000
vt 0.00000 0.05000
vt 0.00000 0.00000
vt 0.05000 0.00000
vt 0.00000 0.05000
vt 0.00000 0.00000
vt 0.05000 0.00000
vt 0.00000 0.05000
vt 0.00000 0.00000
vt 0.05000 0.00000
vt 0.00000 0.05000
vt -3.70000 0.66667
vt -2.70000 0.66667
vt -2.70000 0.80000
vt -3.70000 0.80000
vt 2.70000 0.66667
vt 3.70000 0.66667
vt 3.70000 0.80000
vt 2.70000 0.80000
vt 3.66667 -3.70000
vt 14.00000 -3.70000
vt 14.00000 -2.70000
vt 3.66667 -2.70000
vt 3.66667 2.70000
vt 14.00000 2.70000
vt 14.00000 3.70000
vt 3.66667 3.70000
vt 3.66667 0.66667
vt 14.00000 0.66667
vt 14.00000 0.80000
vt 3.66667 0.80000
vt -14.00000 0.66667
vt -3.66667 0.66667
vt -3.66667 0.80000
vt -14.00000 0.80000
vt 0.00000 0.00000
vt 0.08639 0.00000
vt 0.08639 2.10000
vt 0.00000 2.10000
vt 0.08639 0.00000
vt 0.17279 0.00000
vt 0.17279 2.10000
vt 0.08639 2.10000
vt 0.17279 0.00000
vt 0.25918 0.00000
vt 0.25918 2.10000
vt 0.17279 2.10000
vt 0.25918 0.00000
vt 0.34558 0.00000
vt 0.34558 2.10000
vt 0.25918 2.10000
vt 0.34558 0.00000
vt 0.43197 0.00000
vt 0.43197 2.10000
vt 0.34558 2.10000
vt 0.43197 0.00000
vt 0.51836 0.00000
vt 0.51836 2.10000
vt 0.43197 2.10000
vt 0.51836 0.00000
vt 0.60476 0.00000
vt 0.60476 2.10000
vt 0.51836 2.10000
vt 0.60476 0.00000
vt 0.69115 0.00000
vt 0.69115 2.10000
vt 0.60476 2.10000
vt 0.07778 -0.07778
vt -0.00000 -0.11000
vt -0.07778 -0.07778
vt -0.11000 0.00000
vt -0.07778 0.07778
vt 0.00000 0.11000
vt 0.07778 0.07778
vt 0.11000 0.00000
vt 0.11000 0.00000
vt 0.07778 0.07778
vt 0.00000 0.11000
vt -0.07778 0.07778
vt -0.11000 0.00000
vt -0.07778 -0.07778
vt -0.00000 -0.11000
vt 0.07778 -0.07778
vt 0.00000 0.00000
vt 0.08639 0.00000
vt 0.08639 2.10000
vt 0.00000 2.10000
vt 0.08639 0.00000
vt 0.17279 0.00000
vt 0.17279 2.10000
vt 0.08639 2.10000
vt 0.17279 0.00000
vt 0.25918 0.00000
vt 0.25918 2.10000
vt 0.17279 2.10000
vt 0.25918 0.00000
vt 0.34558 0.00000
vt 0.34558 2.10000
vt 0.25918 2.10000
vt 0.34558 0.00000
vt 0.43197 0.00000
vt 0.43197 2.10000
vt 0.34558 2.10000
vt 0.43197 0.00000
vt 0.51836 0.00000
vt 0.51836 2.10000
vt 0.43197 2.10000
vt 0.51836 0.00000
vt 0.60476 0.00000
vt 0.60476 2.10000
vt 0.51836 2.10000
vt 0.60476 0.00000
vt 0.69115 0.00000
vt 0.69115 2.10000
vt 0.60476 2.10000
vt 0.07778 -0.07778
vt -0.00000 -0.11000
vt -0.07778 -0.07778
vt -0.11000 0.00000
vt -0.07778 0.07778
vt 0.00000 0.11000
vt 0.07778 0.07778
vt 0.11000 0.00000
vt 0.11000 0.00000
vt 0.07778 0.07778
vt 0.00000 0.11000
vt -0.07778 0.07778
vt -0.11000 0.00000
vt -0.07778 -0.07778
vt -0.00000 -0.11000
vt 0.07778 -0.07778
vt 0.00000 0.00000
vt 0.08639 0.00000
vt 0.08639 2.10000
vt 0.00000 2.10000
vt 0.08639 0.00000
vt 0.17279 0.00000
vt 0.17279 2.10000
vt 0.08639 2.10000
vt 0.17279 0.00000
vt 0.25918 0.00000
vt 0.25918 2.10000
vt 0.17279 2.10000
vt 0.25918 0.00000
vt 0.34558 0.00000
vt 0.34558 2.10000
vt 0.25918 2.10000
vt 0.34558 0.00000
vt 0.43197 0.00000
vt 0.43197 2.10000
vt 0.34558 2.10000
vt 0.43197 0.00000
vt 0.51836 0.00000
vt 0.51836 2.10000
vt 0.43197 2.10000
vt 0.51836 0.00000
vt 0.60476 0.00000
vt 0.60476 2.10000
vt 0.51836 2.10000
vt 0.60476 0.00000
vt 0.69115 0.00000
vt 0.69115 2.10000
vt 0.60476 2.10000
vt 0.07778 -0.07778
vt -0.00000 -0.11000
vt -0.07778 -0.07778
vt -0.11000 0.00000
vt -0.07778 0.07778
vt 0.00000 0.11000
vt 0.07778 0.07778
vt 0.11000 0.00000
vt 0.11000 0.00000
vt 0.07778 0.07778
vt 0.00000 0.11000
vt -0.07778 0.07778
vt -0.11000 0.00000
vt -0.07778 -0.07778
vt -0.00000 -0.11000
vt 0.07778 -0.07778
vt -0.06250 -0.52500
vt 0.06250 -0.52500
vt 0.06250 0.52500
vt -0.06250 0.52500
vt -0.06250 0.52500
vt 0.06250 0.52500
vt 0.06250 -0.52500
vt -0.06250 -0.52500
vt -2.20000 0.52500
vt 2.20000 0.52500
vt 2.20000 -0.52500
vt -2.20000 -0.52500
vt -2.20000 -0.52500
vt 2.20000 -0.52500
vt 2.20000 0.52500
vt -2.20000 0.52500
vt -2.20000 -0.06250
vt 2.20000 -0.06250
vt 2.20000 0.06250
vt -2.20000 0.06250
vt -2.20000 0.06250
vt 2.20000 0.06250
vt 2.20000 -0.06250
vt -2.20000 -0.06250
vt 0.00000 0.00000
vt 4.50000 0.00000
vt 4.50000 0.05000
vt 0.00000 0.05000
vt 0.00000 0.00000
vt 4.50000 0.00000
vt 4.50000 0.05000
vt 0.00000 0.05000
vt 0.00000 0.00000
vt 4.50000 0.00000
vt 4.50000 0.05000
vt 0.00000 0.05000
vt 0.00000 0.00000
vt 4.50000 0.00000
vt 4.50000 0.05000
vt 0.00000 0.05000
vt 0.00000 0.00000
vt 0.22500 0.00000
vt 0.22500 0.05000
vt 0.00000 0.05000
vt 0.00000 0.00000
vt 0.22500 0.00000
vt 0.22500 0.05000
vt 0.00000 0.05000
vt 0.00000 0.00000
vt 0.22500 0.00000
vt 0.22500 0.05000
vt 0.00000 0.05000
vt 0.00000 0.00000
vt 0.22500 0.00000
vt 0.22500 0.05000
vt 0.00000 0.05000
vt 0.00000 0.00000
vt 1.15000 0.00000
vt 1.15000 0.05000
vt 0.00000 0.05000
vt 0.00000 0.00000
vt 1.15000 0.00000
vt 1.15000 0.05000
vt 0.00000 0.05000
vt 0.00000 0.00000
vt 1.15000 0.00000
vt 1.15000 0.05000
vt 0.00000 0.05000
vt 0.00000 0.00000
vt 1.15000 0.00000
vt 1.15000 0.05000
vt 0.00000 0.05000
vt 0.00000 0.00000
vt 0.05000 0.00000
vt 0.00000 0.05000
vt 0.00000 0.00000
vt 0.05000 0.00000
vt 0.00000 0.05000
vt 0.00000 0.00000
vt 0.05000 0.00000
vt 0.00000 0.05000
vt 0.00000 0.00000
vt 0.05000 0.00000
vt 0.00000 0.05000
vt 0.00000 0.00000
vt 0.05000 0.00000
vt 0.00000 0.05000
vt 0.00000 0.00000
vt 0.05000 0.00000
vt 0.00000 0.05000
vt 0.00000 0.00000
vt 0.05000 0.00000
vt 0.00000 0.05000
vt 0.00000 0.00000
vt 0.05000 0.00000
vt 0.00000 0.05000
vt -0.50000 -0.05000
vt 0.50000 -0.05000
vt 0.50000 0.05000
vt -0.50000 0.05000
vt -0.50000 0.05000
vt 0.50000 0.05000
vt 0.50000 -0.05000
vt -0.50000 -0.05000
vt -2.20000 0.05000
vt 2.20000 0.05000
vt 2.20000 -0.05000
vt -2.20000 -0.05000
vt -2.20000 -0.05000
vt 2.20000 -0.05000
vt 2.20000 0.05000
vt -2.20000 0.05000
vt -2.20000 -0.50000
vt 2.20000 -0.50000
vt 2.20000 0.50000
vt -2.20000 0.50000
vt -2.20000 0.50000
vt 2.20000 0.50000
vt 2.20000 -0.50000
vt -2.20000 -0.50000
vt 0.00000 0.00000
vt 4.50000 0.00000
vt 4.50000 0.05000
vt 0.00000 0.05000
vt 0.00000 0.00000
vt 4.50000 0.00000
vt 4.50000 0.05000
vt 0.00000 0.05000
vt 0.00000 0.00000
vt 4.50000 0.00000
vt 4.50000 0.05000
vt 0.00000 0.05000
vt 0.00000 0.00000
vt 4.50000 0.00000
vt 4.50000 0.05000
vt 0.00000 0.05000
vt 0.00000 0.00000
vt 1.10000 0.00000
vt 1.10000 0.05000
vt 0.00000 0.05000
vt 0.00000 0.00000
vt 1.10000 0.00000
vt 1.10000 0.05000
vt 0.00000 0.05000
vt 0.00000 0.00000
vt 1.10000 0.00000
vt 1.10000 0.05000
vt 0.00000 0.05000
vt 0.00000 0.00000
vt 1.10000 0.00000
vt 1.10000 0.05000
vt 0.00000 0.05000
vt 0.00000 0.00000
vt 0.20000 0.00000
vt 0.20000 0.05000
vt 0.00000 0.05000
vt 0.00000 0.00000
vt 0.20000 0.00000
vt 0.20000 0.05000
vt 0.00000 0.05000
vt 0.00000 0.00000
vt 0.20000 0.00000
vt 0.20000 0.05000
vt 0.00000 0.05000
vt 0.00000 0.00000
vt 0.20000 0.00000
vt 0.20000 0.05000
vt 0.00000 0.05000
vt 0.00000 0.00000
vt 0.05000 0.00000
vt 0.00000 0.05000
vt 0.00000 0.00000
vt 0.05000 0.00000
vt 0.00000 0.05000
vt 0.00000 0.00000
vt 0.05000 0.00000
vt 0.00000 0.05000
vt 0.00000 0.00000
vt 0.05000 0.00000
vt 0.00000 0.05000
vt 0.00000 0.00000
vt 0.05000 0.00000
vt 0.00000 0.05000
vt 0.00000 0.00000
vt 0.05000 0.00000
vt 0.00000 0.05000
vt 0.00000 0.00000
vt 0.05000 0.00000
vt 0.00000 0.05000
vt 0.00000 0.00000
vt 0.05000 0.00000
vt 0.00000 0.05000
vt 2.70000 0.66667
vt 3.70000 0.66667
vt 3.70000 0.80000
vt 2.70000 0.80000
vt -3.70000 0.66667
vt -2.70000 0.66667
vt -2.70000 0.80000
vt -3.70000 0.80000
vt 20.66667 2.70000
vt 26.00000 2.70000
vt 26.00000 3.70000
vt 20.66667 3.70000
vt 20.66667 -3.70000
vt 26.00000 -3.70000
vt 26.00000 -2.70000
vt 20.66667 -2.70000
vt 20.66667 0.66667
vt 26.00000 0.66667
vt 26.00000 0.80000
vt 20.66667 0.80000
vt -26.00000 0.66667
vt -20.66667 0.66667
vt -20.66667 0.80000
vt -26.00000 0.80000
vt 0.00000 0.00000
vt 0.08639 0.00000
vt 0.08639 2.10000
vt 0.00000 2.10000
vt 0.08639 0.00000
vt 0.17279 0.00000
vt 0.17279 2.10000
vt 0.08639 2.10000
vt 0.17279 0.00000
vt 0.25918 0.00000
vt 0.25918 2.10000
vt 0.17279 2.10000
vt 0.25918 0.00000
vt 0.34558 0.00000
vt 0.34558 2.10000
vt 0.25918 2.10000
vt 0.34558 0.00000
vt 0.43197 0.00000
vt 0.43197 2.10000
vt 0.34558 2.10000
vt 0.43197 0.00000
vt 0.51836 0.00000
vt 0.51836 2.10000
vt 0.43197 2.10000
vt 0.51836 0.00000
vt 0.60476 0.00000
vt 0.60476 2.10000
vt 0.51836 2.10000
vt 0.60476 0.00000
vt 0.69115 0.00000
vt 0.69115 2.10000
vt 0.60476 2.10000
vt 0.07778 -0.07778
vt -0.00000 -0.11000
vt -0.07778 -0.07778
vt -0.11000 0.00000
vt -0.07778 0.07778
vt 0.00000 0.11000
vt 0.07778 0.07778
vt 0.11000 0.00000
vt 0.11000 0.00000
vt 0.07778 0.07778
vt 0.00000 0.11000
vt -0.07778 0.07778
vt -0.11000 0.00000
vt -0.07778 -0.07778
vt -0.00000 -0.11000
vt 0.07778 -0.07778
vt 0.00000 0.00000
vt 0.08639 0.00000
vt 0.08639 2.10000
vt 0.00000 2.10000
vt 0.08639 0.00000
vt 0.17279 0.00000
vt 0.17279 2.10000
vt 0.08639 2.10000
vt 0.17279 0.00000
vt 0.25918 0.00000
vt 0.25918 2.10000
vt 0.17279 2.10000
vt 0.25918 0.00000
vt 0.34558 0.00000
vt 0.34558 2.10000
vt 0.25918 2.10000
vt 0.34558 0.00000
vt 0.43197 0.00000
vt 0.43197 2.10000
vt 0.34558 2.10000
vt 0.43197 0.00000
vt 0.51836 0.00000
vt 0.51836 2.10000
vt 0.43197 2.10000
vt 0.51836 0.00000
vt 0.60476 0.00000
vt 0.60476 2.10000
vt 0.51836 2.10000
vt 0.60476 0.00000
vt 0.69115 0.00000
vt 0.69115 2.10000
vt 0.60476 2.10000
vt 0.07778 -0.07778
vt -0.00000 -0.11000
vt -0.07778 -0.07778
vt -0.11000 0.00000
vt -0.07778 0.07778
vt 0.00000 0.11000
vt 0.07778 0.07778
vt 0.11000 0.00000
vt 0.11000 0.00000
vt 0.07778 0.07778
vt 0.00000 0.11000
vt -0.07778 0.07778
vt -0.11000 0.00000
vt -0.07778 -0.07778
vt -0.00000 -0.11000
vt 0.07778 -0.07778
vt 0.00000 0.00000
vt 0.08639 0.00000
vt 0.08639 2.10000
vt 0.00000 2.10000
vt 0.08639 0.00000
vt 0.17279 0.00000
vt 0.17279 2.10000
vt 0.08639 2.10000
vt 0.17279 0.00000
vt 0.25918 0.00000
vt 0.25918 2.10000
vt 0.17279 2.10000
vt 0.25918 0.00000
vt 0.34558 0.00000
vt 0.34558 2.10000
vt 0.25918 2.10000
vt 0.34558 0.00000
vt 0.43197 0.00000
vt 0.43197 2.10000
vt 0.34558 2.10000
vt 0.43197 0.00000
vt 0.51836 0.00000
vt 0.51836 2.10000
vt 0.43197 2.10000
vt 0.51836 0.00000
vt 0.60476 0.00000
vt 0.60476 2.10000
vt 0.51836 2.10000
vt 0.60476 0.00000
vt 0.69115 0.00000
vt 0.69115 2.10000
vt 0.60476 2.10000
vt 0.07778 -0.07778
vt -0.00000 -0.11000
vt -0.07778 -0.07778
vt -0.11000 0.00000
vt -0.07778 0.07778
vt 0.00000 0.11000
vt 0.07778 0.07778
vt 0.11000 0.00000
vt 0.11000 0.00000
vt 0.07778 0.07778
vt 0.00000 0.11000
vt -0.07778 0.07778
vt -0.11000 0.00000
vt -0.07778 -0.07778
vt -0.00000 -0.11000
vt 0.07778 -0.07778
vt -0.06250 -0.52500
vt 0.06250 -0.52500
vt 0.06250 0.52500
vt -0.06250 0.52500
vt -0.06250 0.52500
vt 0.06250 0.52500
vt 0.06250 -0.52500
vt -0.06250 -0.52500
vt -2.20000 0.52500
vt 2.20000 0.52500
vt 2.20000 -0.52500
vt -2.20000 -0.52500
vt -2.20000 -0.52500
vt 2.20000 -0.52500
vt 2.20000 0.52500
vt -2.20000 0.52500
vt -2.20000 -0.06250
vt 2.20000 -0.06250
vt 2.20000 0.06250
vt -2.20000 0.06250
vt -2.20000 0.06250
vt 2.20000 0.06250
vt 2.20000 -0.06250
vt -2.20000 -0.06250
vt 0.00000 0.00000
vt 4.50000 0.00000
vt 4.50000 0.05000
vt 0.00000 0.05000
vt 0.00000 0.00000
vt 4.50000 0.00000
vt 4.50000 0.05000
vt 0.00000 0.05000
vt 0.00000 0.00000
vt 4.50000 0.00000
vt 4.50000 0.05000
vt 0.00000 0.05000
vt 0.00000 0.00000
vt 4.50000 0.00000
vt 4.50000 0.05000
vt 0.00000 0.05000
vt 0.00000 0.00000
vt 0.22500 0.00000
vt 0.22500 0.05000
vt 0.00000 0.05000
vt 0.00000 0.00000
vt 0.22500 0.00000
vt 0.22500 0.05000
vt 0.00000 0.05000
vt 0.00000 0.00000
vt 0.22500 0.00000
vt 0.22500 0.05000
vt 0.00000 0.05000
vt 0.00000 0.00000
vt 0.22500 0.00000
vt 0.22500 0.05000
vt 0.00000 0.05000
vt 0.00000 0.00000
vt 1.15000 0.00000
vt 1.15000 0.05000
vt 0.00000 0.05000
vt 0.00000 0.00000
vt 1.15000 0.00000
vt 1.15000 0.05000
vt 0.00000 0.05000
vt 0.00000 0.00000
vt 1.15000 0.00000
vt 1.15000 0.05000
vt 0.00000 0.05000
vt 0.00000 0.00000
vt 1.15000 0.00000
vt 1.15000 0.05000
vt 0.00000 0.05000
vt 0.00000 0.00000
vt 0.05000 0.00000
vt 0.00000 0.05000
vt 0.00000 0.00000
vt 0.05000 0.00000
vt 0.00000 0.05000
vt 0.00000 0.00000
vt 0.05000 0.00000
vt 0.00000 0.05000
vt 0.00000 0.00000
vt 0.05000 0.00000
vt 0.00000 0.05000
vt 0.00000 0.00000
vt 0.05000 0.00000
vt 0.00000 0.05000
vt 0.00000 0.00000
vt 0.05000 0.00000
vt 0.00000 0.05000
vt 0.00000 0.00000
vt 0.05000 0.00000
vt 0.00000 0.05000
vt 0.00000 0.00000
vt 0.05000 0.00000
vt 0.00000 0.05000
vt -0.50000 -0.05000
vt 0.50000 -0.05000
vt 0.50000 0.05000
vt -0.50000 0.05000
vt -0.50000 0.05000
vt 0.50000 0.05000
vt 0.50000 -0.05000
vt -0.50000 -0.05000
vt -2.20000 0.05000
vt 2.20000 0.05000
vt 2.20000 -0.05000
vt -2.20000 -0.05000
vt -2.20000 -0.05000
vt 2.20000 -0.05000
vt 2.20000 0.05000
vt -2.20000 0.05000
vt -2.20000 -0.50000
vt 2.20000 -0.50000
vt 2.20000 0.50000
vt -2.20000 0.50000
vt -2.20000 0.50000
vt 2.20000 0.50000
vt 2.20000 -0.50000
vt -2.20000 -0.50000
vt 0.00000 0.00000
vt 4.50000 0.00000
vt 4.50000 0.05000
vt 0.00000 0.05000
vt 0.00000 0.00000
vt 4.50000 0.00000
vt 4.50000 0.05000
vt 0.00000 0.05000
vt 0.00000 0.00000
vt 4.50000 0.00000
vt 4.50000 0.05000
vt 0.00000 0.05000
vt 0.00000 0.00000
vt 4.50000 0.00000
vt 4.50000 0.05000
vt 0.00000 0.05000
vt 0.00000 0.00000
vt 1.10000 0.00000
vt 1.10000 0.05000
vt 0.00000 0.05000
vt 0.00000 0.00000
vt 1.10000 0.00000
vt 1.10000 0.05000
vt 0.00000 0.05000
vt 0.00000 0.00000
vt 1.10000 0.00000
vt 1.10000 0.05000
vt 0.00000 0.05000
vt 0.00000 0.00000
vt 1.10000 0.00000
vt 1.10000 0.05000
vt 0.00000 0.05000
vt 0.00000 0.00000
vt 0.20000 0.00000
vt 0.20000 0.05000
vt 0.00000 0.05000
vt 0.00000 0.00000
vt 0.20000 0.00000
vt 0.20000 0.05000
vt 0.00000 0.05000
vt 0.00000 0.00000
vt 0.20000 0.00000
vt 0.20000 0.05000
vt 0.00000 0.05000
vt 0.00000 0.00000
vt 0.20000 0.00000
vt 0.20000 0.05000
vt 0.00000 0.05000
vt 0.00000 0.00000
vt 0.05000 0.00000
vt 0.00000 0.05000
vt 0.00000 0.00000
vt 0.05000 0.00000
vt 0.00000 0.05000
vt 0.00000 0.00000
vt 0.05000 0.00000
vt 0.00000 0.05000
vt 0.00000 0.00000
vt 0.05000 0.00000
vt 0.00000 0.05000
vt 0.00000 0.00000
vt 0.05000 0.00000
vt 0.00000 0.05000
vt 0.00000 0.00000
vt 0.05000 0.00000
vt 0.00000 0.05000
vt 0.00000 0.00000
vt 0.05000 0.00000
vt 0.00000 0.05000
vt 0.00000 0.00000
vt 0.05000 0.00000
vt 0.00000 0.05000
vt -3.70000 0.66667
vt -2.70000 0.66667
vt -2.70000 0.80000
vt -3.70000 0.80000
vt 2.70000 0.66667
vt 3.70000 0.66667
vt 3.70000 0.80000
vt 2.70000 0.80000
vt 20.66667 -3.70000
vt 26.00000 -3.70000
vt 26.00000 -2.70000
vt 20.66667 -2.70000
vt 20.66667 2.70000
vt 26.00000 2.70000
vt 26.00000 3.70000
vt 20.66667 3.70000
vt 20.66667 0.66667
vt 26.00000 0.66667
vt 26.00000 0.80000
vt 20.66667 0.80000
vt -26.00000 0.66667
vt -20.66667 0.66667
vt -20.66667 0.80000
vt -26.00000 0.80000
vt 0.00000 0.00000
vt 0.08639 0.00000
vt 0.08639 2.10000
vt 0.00000 2.10000
vt 0.08639 0.00000
vt 0.17279 0.00000
vt 0.17279 2.10000
vt 0.08639 2.10000
vt 0.17279 0.00000
vt 0.25918 0.00000
vt 0.25918 2.10000
vt 0.17279 2.10000
vt 0.25918 0.00000
vt 0.34558 0.00000
vt 0.34558 2.10000
vt 0.25918 2.10000
vt 0.34558 0.00000
vt 0.43197 0.00000
vt 0.43197 2.10000
vt 0.34558 2.10000
vt 0.43197 0.00000
vt 0.51836 0.00000
vt 0.51836 2.10000
vt 0.43197 2.10000
vt 0.51836 0.00000
vt 0.60476 0.00000
vt 0.60476 2.10000
vt 0.51836 2.10000
vt 0.60476 0.00000
vt 0.69115 0.00000
vt 0.69115 2.10000
vt 0.60476 2.10000
vt 0.07778 -0.07778
vt -0.00000 -0.11000
vt -0.07778 -0.07778
vt -0.11000 0.00000
vt -0.07778 0.07778
vt 0.00000 0.11000
vt 0.07778 0.07778
vt 0.11000 0.00000
vt 0.11000 0.00000
vt 0.07778 0.07778
vt 0.00000 0.11000
vt -0.07778 0.07778
vt -0.11000 0.00000
vt -0.07778 -0.07778
vt -0.00000 -0.11000
vt 0.07778 -0.07778
vt 0.00000 0.00000
vt 0.08639 0.00000
vt 0.08639 2.10000
vt 0.00000 2.10000
vt 0.08639 0.00000
vt 0.17279 0.00000
vt 0.17279 2.10000
vt 0.08639 2.10000
vt 0.17279 0.00000
vt 0.25918 0.00000
vt 0.25918 2.10000
vt 0.17279 2.10000
vt 0.25918 0.00000
vt 0.34558 0.00000
vt 0.34558 2.10000
vt 0.25918 2.10000
vt 0.34558 0.00000
vt 0.43197 0.00000
vt 0.43197 2.10000
vt 0.34558 2.10000
vt 0.43197 0.00000
vt 0.51836 0.00000
vt 0.51836 2.10000
vt 0.43197 2.10000
vt 0.51836 0.00000
vt 0.60476 0.00000
vt 0.60476 2.10000
vt 0.51836 2.10000
vt 0.60476 0.00000
vt 0.69115 0.00000
vt 0.69115 2.10000
vt 0.60476 2.10000
vt 0.07778 -0.07778
vt -0.00000 -0.11000
vt -0.07778 -0.07778
vt -0.11000 0.00000
vt -0.07778 0.07778
vt 0.00000 0.11000
vt 0.07778 0.07778
vt 0.11000 0.00000
vt 0.11000 0.00000
vt 0.07778 0.07778
vt 0.00000 0.11000
vt -0.07778 0.07778
vt -0.11000 0.00000
vt -0.07778 -0.07778
vt -0.00000 -0.11000
vt 0.07778 -0.07778
vt 0.00000 0.00000
vt 0.08639 0.00000
vt 0.08639 2.10000
vt 0.00000 2.10000
vt 0.08639 0.00000
vt 0.17279 0.00000
vt 0.17279 2.10000
vt 0.08639 2.10000
vt 0.17279 0.00000
vt 0.25918 0.00000
vt 0.25918 2.10000
vt 0.17279 2.10000
vt 0.25918 0.00000
vt 0.34558 0.00000
vt 0.34558 2.10000
vt 0.25918 2.10000
vt 0.34558 0.00000
vt 0.43197 0.00000
vt 0.43197 2.10000
vt 0.34558 2.10000
vt 0.43197 0.00000
vt 0.51836 0.00000
vt 0.51836 2.10000
vt 0.43197 2.10000
vt 0.51836 0.00000
vt 0.60476 0.00000
vt 0.60476 2.10000
vt 0.51836 2.10000
vt 0.60476 0.00000
vt 0.69115 0.00000
vt 0.69115 2.10000
vt 0.60476 2.10000
vt 0.07778 -0.07778
vt -0.00000 -0.11000
vt -0.07778 -0.07778
vt -0.11000 0.00000
vt -0.07778 0.07778
vt 0.00000 0.11000
vt 0.07778 0.07778
vt 0.11000 0.00000
vt 0.11000 0.00000
vt 0.07778 0.07778
vt 0.00000 0.11000
vt -0.07778 0.07778
vt -0.11000 0.00000
vt -0.07778 -0.07778
vt -0.00000 -0.11000
vt 0.07778 -0.07778
vt 0.00000 0.00000
vt 0.05445 0.00000
vt 0.05445 7.63333
vt 0.00000 7.63333
vt 0.05445 0.00000
vt 0.10891 0.00000
vt 0.10891 7.63333
vt 0.05445 7.63333
vt 0.10891 0.00000
vt 0.16336 0.00000
vt 0.16336 7.63333
vt 0.10891 7.63333
vt 0.16336 0.00000
vt 0.21782 0.00000
vt 0.21782 7.63333
vt 0.16336 7.63333
vt 0.21782 0.00000
vt 0.27227 0.00000
vt 0.27227 7.63333
vt 0.21782 7.63333
vt 0.27227 0.00000
vt 0.32673 0.00000
vt 0.32673 7.63333
vt 0.27227 7.63333
vt 0.32673 0.00000
vt 0.38118 0.00000
vt 0.38118 7.63333
vt 0.32673 7.63333
vt 0.38118 0.00000
vt 0.43563 0.00000
vt 0.43563 7.63333
vt 0.38118 7.63333
vt 0.43563 0.00000
vt 0.49009 0.00000
vt 0.49009 7.63333
vt 0.43563 7.63333
vt 0.49009 0.00000
vt 0.54454 0.00000
vt 0.54454 7.63333
vt 0.49009 7.63333
vt 0.07011 -0.05094
vt 0.02678 -0.08242
vt -0.02678 -0.08242
vt -0.07011 -0.05094
vt -0.08667 0.00000
vt -0.07011 0.05094
vt -0.02678 0.08242
vt 0.02678 0.08242
vt 0.07011 0.05094
vt 0.08667 0.00000
vt 0.08667 0.00000
vt 0.07011 0.05094
vt 0.02678 0.08242
vt -0.02678 0.08242
vt -0.07011 0.05094
vt -0.08667 0.00000
vt -0.07011 -0.05094
vt -0.02678 -0.08242
vt 0.02678 -0.08242
vt 0.07011 -0.05094
vt 0.00000 0.00000
vt 0.05445 0.00000
vt 0.05445 7.63333
vt 0.00000 7.63333
vt 0.05445 0.00000
vt 0.10891 0.00000
vt 0.10891 7.63333
vt 0.05445 7.63333
vt 0.10891 0.00000
vt 0.16336 0.00000
vt 0.16336 7.63333
vt 0.10891 7.63333
vt 0.16336 0.00000
vt 0.21782 0.00000
vt 0.21782 7.63333
vt 0.16336 7.63333
vt 0.21782 0.00000
vt 0.27227 0.00000
vt 0.27227 7.63333
vt 0.21782 7.63333
vt 0.27227 0.00000
vt 0.32673 0.00000
vt 0.32673 7.63333
vt 0.27227 7.63333
vt 0.32673 0.00000
vt 0.38118 0.00000
vt 0.38118 7.63333
vt 0.32673 7.63333
vt 0.38118 0.00000
vt 0.43563 0.00000
vt 0.43563 7.63333
vt 0.38118 7.63333
vt 0.43563 0.00000
vt 0.49009 0.00000
vt 0.49009 7.63333
vt 0.43563 7.63333
vt 0.49009 0.00000
vt 0.54454 0.00000
vt 0.54454 7.63333
vt 0.49009 7.63333
vt 0.07011 -0.05094
vt 0.02678 -0.08242
vt -0.02678 -0.08242
vt -0.07011 -0.05094
vt -0.08667 0.00000
vt -0.07011 0.05094
vt -0.02678 0.08242
vt 0.02678 0.08242
vt 0.07011 0.05094
vt 0.08667 0.00000
vt 0.08667 0.00000
vt 0.07011 0.05094
vt 0.02678 0.08242
vt -0.02678 0.08242
vt -0.07011 0.05094
vt -0.08667 0.00000
vt -0.07011 -0.05094
vt -0.02678 -0.08242
vt 0.02678 -0.08242
vt 0.07011 -0.05094
vt 0.00000 0.00000
vt 0.05445 0.00000
vt 0.05445 7.63333
vt 0.00000 7.63333
vt 0.05445 0.00000
vt 0.10891 0.00000
vt 0.10891 7.63333
vt 0.05445 7.63333
vt 0.10891 0.00000
vt 0.16336 0.00000
vt 0.16336 7.63333
vt 0.10891 7.63333
vt 0.16336 0.00000
vt 0.21782 0.00000
vt 0.21782 7.63333
vt 0.16336 7.63333
vt 0.21782 0.00000
vt 0.27227 0.00000
vt 0.27227 7.63333
vt 0.21782 7.63333
vt 0.27227 0.00000
vt 0.32673 0.00000
vt 0.32673 7.63333
vt 0.27227 7.63333
vt 0.32673 0.00000
vt 0.38118 0.00000
vt 0.38118 7.63333
vt 0.32673 7.63333
vt 0.38118 0.00000
vt 0.43563 0.00000
vt 0.43563 7.63333
vt 0.38118 7.63333
vt 0.43563 0.00000
vt 0.49009 0.00000
vt 0.49009 7.63333
vt 0.43563 7.63333
vt 0.49009 0.00000
vt 0.54454 0.00000
vt 0.54454 7.63333
vt 0.49009 7.63333
vt 0.07011 -0.05094
vt 0.02678 -0.08242
vt -0.02678 -0.08242
vt -0.07011 -0.05094
vt -0.08667 0.00000
vt -0.07011 0.05094
vt -0.02678 0.08242
vt 0.02678 0.08242
vt 0.07011 0.05094
vt 0.08667 0.00000
vt 0.08667 0.00000
vt 0.07011 0.05094
vt 0.02678 0.08242
vt -0.02678 0.08242
vt -0.07011 0.05094
vt -0.08667 0.00000
vt -0.07011 -0.05094
vt -0.02678 -0.08242
vt 0.02678 -0.08242
vt 0.07011 -0.05094
vt 0.00000 0.00000
vt 0.05445 0.00000
vt 0.05445 7.63333
vt 0.00000 7.63333
vt 0.05445 0.00000
vt 0.10891 0.00000
vt 0.10891 7.63333
vt 0.05445 7.63333
vt 0.10891 0.00000
vt 0.16336 0.00000
vt 0.16336 7.63333
vt 0.10891 7.63333
vt 0.16336 0.00000
vt 0.21782 0.00000
vt 0.21782 7.63333
vt 0.16336 7.63333
vt 0.21782 0.00000
vt 0.27227 0.00000
vt 0.27227 7.63333
vt 0.21782 7.63333
vt 0.27227 0.00000
vt 0.32673 0.00000
vt 0.32673 7.63333
vt 0.27227 7.63333
vt 0.32673 0.00000
vt 0.38118 0.00000
vt 0.38118 7.63333
vt 0.32673 7.63333
vt 0.38118 0.00000
vt 0.43563 0.00000
vt 0.43563 7.63333
vt 0.38118 7.63333
vt 0.43563 0.00000
vt 0.49009 0.00000
vt 0.49009 7.63333
vt 0.43563 7.63333
vt 0.49009 0.00000
vt 0.54454 0.00000
vt 0.54454 7.63333
vt 0.49009 7.63333
vt 0.07011 -0.05094
vt 0.02678 -0.08242
vt -0.02678 -0.08242
vt -0.07011 -0.05094
vt -0.08667 0.00000
vt -0.07011 0.05094
vt -0.02678 0.08242
vt 0.02678 0.08242
vt 0.07011 0.05094
vt 0.08667 0.00000
vt 0.08667 0.00000
vt 0.07011 0.05094
vt 0.02678 0.08242
vt -0.02678 0.08242
vt -0.07011 0.05094
vt -0.08667 0.00000
vt -0.07011 -0.05094
vt -0.02678 -0.08242
vt 0.02678 -0.08242
vt 0.07011 -0.05094
vt 0.00000 0.00000
vt 0.05445 0.00000
vt 0.05445 7.63333
vt 0.00000 7.63333
vt 0.05445 0.00000
vt 0.10891 0.00000
vt 0.10891 7.63333
vt 0.05445 7.63333
vt 0.10891 0.00000
vt 0.16336 0.00000
vt 0.16336 7.63333
vt 0.10891 7.63333
vt 0.16336 0.00000
vt 0.21782 0.00000
vt 0.21782 7.63333
vt 0.16336 7.63333
vt 0.21782 0.00000
vt 0.27227 0.00000
vt 0.27227 7.63333
vt 0.21782 7.63333
vt 0.27227 0.00000
vt 0.32673 0.00000
vt 0.32673 7.63333
vt 0.27227 7.63333
vt 0.32673 0.00000
vt 0.38118 0.00000
vt 0.38118 7.63333
vt 0.32673 7.63333
vt 0.38118 0.00000
vt 0.43563 0.00000
vt 0.43563 7.63333
vt 0.38118 7.63333
vt 0.43563 0.00000
vt 0.49009 0.00000
vt 0.49009 7.63333
vt 0.43563 7.63333
vt 0.49009 0.00000
vt 0.54454 0.00000
vt 0.54454 7.63333
vt 0.49009 7.63333
vt 0.07011 -0.05094
vt 0.02678 -0.08242
vt -0.02678 -0.08242
vt -0.07011 -0.05094
vt -0.08667 0.00000
vt -0.07011 0.05094
vt -0.02678 0.08242
vt 0.02678 0.08242
vt 0.07011 0.05094
vt 0.08667 0.00000
vt 0.08667 0.00000
vt 0.07011 0.05094
vt 0.02678 0.08242
vt -0.02678 0.08242
vt -0.07011 0.05094
vt -0.08667 0.00000
vt -0.07011 -0.05094
vt -0.02678 -0.08242
vt 0.02678 -0.08242
vt 0.07011 -0.05094
vt 0.00000 0.00000
vt 0.05445 0.00000
vt 0.05445 7.63333
vt 0.00000 7.63333
vt 0.05445 0.00000
vt 0.10891 0.00000
vt 0.10891 7.63333
vt 0.05445 7.63333
vt 0.10891 0.00000
vt 0.16336 0.00000
vt 0.16336 7.63333
vt 0.10891 7.63333
vt 0.16336 0.00000
vt 0.21782 0.00000
vt 0.21782 7.63333
vt 0.16336 7.63333
vt 0.21782 0.00000
vt 0.27227 0.00000
vt 0.27227 7.63333
vt 0.21782 7.63333
vt 0.27227 0.00000
vt 0.32673 0.00000
vt 0.32673 7.63333
vt 0.27227 7.63333
vt 0.32673 0.00000
vt 0.38118 0.00000
vt 0.38118 7.63333
vt 0.32673 7.63333
vt 0.38118 0.00000
vt 0.43563 0.00000
vt 0.43563 7.63333
vt 0.38118 7.63333
vt 0.43563 0.00000
vt 0.49009 0.00000
vt 0.49009 7.63333
vt 0.43563 7.63333
vt 0.49009 0.00000
vt 0.54454 0.00000
vt 0.54454 7.63333
vt 0.49009 7.63333
vt 0.07011 -0.05094
vt 0.02678 -0.08242
vt -0.02678 -0.08242
vt -0.07011 -0.05094
vt -0.08667 0.00000
vt -0.07011 0.05094
vt -0.02678 0.08242
vt 0.02678 0.08242
vt 0.07011 0.05094
vt 0.08667 0.00000
vt 0.08667 0.00000
vt 0.07011 0.05094
vt 0.02678 0.08242
vt -0.02678 0.08242
vt -0.07011 0.05094
vt -0.08667 0.00000
vt -0.07011 -0.05094
vt -0.02678 -0.08242
vt 0.02678 -0.08242
vt 0.07011 -0.05094
vt 0.00000 0.00000
vt 0.05445 0.00000
vt 0.05445 7.63333
vt 0.00000 7.63333
vt 0.05445 0.00000
vt 0.10891 0.00000
vt 0.10891 7.63333
vt 0.05445 7.63333
vt 0.10891 0.00000
vt 0.16336 0.00000
vt 0.16336 7.63333
vt 0.10891 7.63333
vt 0.16336 0.00000
vt 0.21782 0.00000
vt 0.21782 7.63333
vt 0.16336 7.63333
vt 0.21782 0.00000
vt 0.27227 0.00000
vt 0.27227 7.63333
vt 0.21782 7.63333
vt 0.27227 0.00000
vt 0.32673 0.00000
vt 0.32673 7.63333
vt 0.27227 7.63333
vt 0.32673 0.00000
vt 0.38118 0.00000
vt 0.38118 7.63333
vt 0.32673 7.63333
vt 0.38118 0.00000
vt 0.43563 0.00000
vt 0.43563 7.63333
vt 0.38118 7.63333
vt 0.43563 0.00000
vt 0.49009 0.00000
vt 0.49009 7.63333
vt 0.43563 7.63333
vt 0.49009 0.00000
vt 0.54454 0.00000
vt 0.54454 7.63333
vt 0.49009 7.63333
vt 0.07011 -0.05094
vt 0.02678 -0.08242
vt -0.02678 -0.08242
vt -0.07011 -0.05094
vt -0.08667 0.00000
vt -0.07011 0.05094
vt -0.02678 0.08242
vt 0.02678 0.08242
vt 0.07011 0.05094
vt 0.08667 0.00000
vt 0.08667 0.00000
vt 0.07011 0.05094
vt 0.02678 0.08242
vt -0.02678 0.08242
vt -0.07011 0.05094
vt -0.08667 0.00000
vt -0.07011 -0.05094
vt -0.02678 -0.08242
vt 0.02678 -0.08242
vt 0.07011 -0.05094
vt 0.00000 0.00000
vt 0.05445 0.00000
vt 0.05445 7.63333
vt 0.00000 7.63333
vt 0.05445 0.00000
vt 0.10891 0.00000
vt 0.10891 7.63333
vt 0.05445 7.63333
vt 0.10891 0.00000
vt 0.16336 0.00000
vt 0.16336 7.63333
vt 0.10891 7.63333
vt 0.16336 0.00000
vt 0.21782 0.00000
vt 0.21782 7.63333
vt 0.16336 7.63333
vt 0.21782 0.00000
vt 0.27227 0.00000
vt 0.27227 7.63333
vt 0.21782 7.63333
vt 0.27227 0.00000
vt 0.32673 0.00000
vt 0.32673 7.63333
vt 0.27227 7.63333
vt 0.32673 0.00000
vt 0.38118 0.00000
vt 0.38118 7.63333
vt 0.32673 7.63333
vt 0.38118 0.00000
vt 0.43563 0.00000
vt 0.43563 7.63333
vt 0.38118 7.63333
vt 0.43563 0.00000
vt 0.49009 0.00000
vt 0.49009 7.63333
vt 0.43563 7.63333
vt 0.49009 0.00000
vt 0.54454 0.00000
vt 0.54454 7.63333
vt 0.49009 7.63333
vt 0.07011 -0.05094
vt 0.02678 -0.08242
vt -0.02678 -0.08242
vt -0.07011 -0.05094
vt -0.08667 0.00000
vt -0.07011 0.05094
vt -0.02678 0.08242
vt 0.02678 0.08242
vt 0.07011 0.05094
vt 0.08667 0.00000
vt 0.08667 0.00000
vt 0.07011 0.05094
vt 0.02678 0.08242
vt -0.02678 0.08242
vt -0.07011 0.05094
vt -0.08667 0.00000
vt -0.07011 -0.05094
vt -0.02678 -0.08242
vt 0.02678 -0.08242
vt 0.07011 -0.05094
vt 0.00000 0.00000
vt 0.05027 0.00000
vt 0.05027 6.33333
vt 0.00000 6.33333
vt 0.05027 0.00000
vt 0.10053 0.00000
vt 0.10053 6.33333
vt 0.05027 6.33333
vt 0.10053 0.00000
vt 0.15080 0.00000
vt 0.15080 6.33333
vt 0.10053 6.33333
vt 0.15080 0.00000
vt 0.20106 0.00000
vt 0.20106 6.33333
vt 0.15080 6.33333
vt 0.20106 0.00000
vt 0.25133 0.00000
vt 0.25133 6.33333
vt 0.20106 6.33333
vt 0.25133 0.00000
vt 0.30159 0.00000
vt 0.30159 6.33333
vt 0.25133 6.33333
vt 0.30159 0.00000
vt 0.35186 0.00000
vt 0.35186 6.33333
vt 0.30159 6.33333
vt 0.35186 0.00000
vt 0.40212 0.00000
vt 0.40212 6.33333
vt 0.35186 6.33333
vt 0.40212 0.00000
vt 0.45239 0.00000
vt 0.45239 6.33333
vt 0.40212 6.33333
vt 0.45239 0.00000
vt 0.50265 0.00000
vt 0.50265 6.33333
vt 0.45239 6.33333
vt 0.06472 -0.04702
vt 0.02472 -0.07608
vt -0.02472 -0.07608
vt -0.06472 -0.04702
vt -0.08000 0.00000
vt -0.06472 0.04702
vt -0.02472 0.07608
vt 0.02472 0.07608
vt 0.06472 0.04702
vt 0.08000 0.00000
vt 0.08000 0.00000
vt 0.06472 0.04702
vt 0.02472 0.07608
vt -0.02472 0.07608
vt -0.06472 0.04702
vt -0.08000 0.00000
vt -0.06472 -0.04702
vt -0.02472 -0.07608
vt 0.02472 -0.07608
vt 0.06472 -0.04702
vt 0.00000 0.00000
vt 0.05027 0.00000
vt 0.05027 6.33333
vt 0.00000 6.33333
vt 0.05027 0.00000
vt 0.10053 0.00000
vt 0.10053 6.33333
vt 0.05027 6.33333
vt 0.10053 0.00000
vt 0.15080 0.00000
vt 0.15080 6.33333
vt 0.10053 6.33333
vt 0.15080 0.00000
vt 0.20106 0.00000
vt 0.20106 6.33333
vt 0.15080 6.33333
vt 0.20106 0.00000
vt 0.25133 0.00000
vt 0.25133 6.33333
vt 0.20106 6.33333
vt 0.25133 0.00000
vt 0.30159 0.00000
vt 0.30159 6.33333
vt 0.25133 6.33333
vt 0.30159 0.00000
vt 0.35186 0.00000
vt 0.35186 6.33333
vt 0.30159 6.33333
vt 0.35186 0.00000
vt 0.40212 0.00000
vt 0.40212 6.33333
vt 0.35186 6.33333
vt 0.40212 0.00000
vt 0.45239 0.00000
vt 0.45239 6.33333
vt 0.40212 6.33333
vt 0.45239 0.00000
vt 0.50265 0.00000
vt 0.50265 6.33333
vt 0.45239 6.33333
vt 0.06472 -0.04702
vt 0.02472 -0.07608
vt -0.02472 -0.07608
vt -0.06472 -0.04702
vt -0.08000 0.00000
vt -0.06472 0.04702
vt -0.02472 0.07608
vt 0.02472 0.07608
vt 0.06472 0.04702
vt 0.08000 0.00000
vt 0.08000 0.00000
vt 0.06472 0.04702
vt 0.02472 0.07608
vt -0.02472 0.07608
vt -0.06472 0.04702
vt -0.08000 0.00000
vt -0.06472 -0.04702
vt -0.02472 -0.07608
vt 0.02472 -0.07608
vt 0.06472 -0.04702
vt 0.00000 0.00000
vt 0.05027 0.00000
vt 0.05027 6.33333
vt 0.00000 6.33333
vt 0.05027 0.00000
vt 0.10053 0.00000
vt 0.10053 6.33333
vt 0.05027 6.33333
vt 0.10053 0.00000
vt 0.15080 0.00000
vt 0.15080 6.33333
vt 0.10053 6.33333
vt 0.15080 0.00000
vt 0.20106 0.00000
vt 0.20106 6.33333
vt 0.15080 6.33333
vt 0.20106 0.00000
vt 0.25133 0.00000
vt 0.25133 6.33333
vt 0.20106 6.33333
vt 0.25133 0.00000
vt 0.30159 0.00000
vt 0.30159 6.33333
vt 0.25133 6.33333
vt 0.30159 0.00000
vt 0.35186 0.00000
vt 0.35186 6.33333
vt 0.30159 6.33333
vt 0.35186 0.00000
vt 0.40212 0.00000
vt 0.40212 6.33333
vt 0.35186 6.33333
vt 0.40212 0.00000
vt 0.45239 0.00000
vt 0.45239 6.33333
vt 0.40212 6.33333
vt 0.45239 0.00000
vt 0.50265 0.00000
vt 0.50265 6.33333
vt 0.45239 6.33333
vt 0.06472 -0.04702
vt 0.02472 -0.07608
vt -0.02472 -0.07608
vt -0.06472 -0.04702
vt -0.08000 0.00000
vt -0.06472 0.04702
vt -0.02472 0.07608
vt 0.02472 0.07608
vt 0.06472 0.04702
vt 0.08000 0.00000
vt 0.08000 0.00000
vt 0.06472 0.04702
vt 0.02472 0.07608
vt -0.02472 0.07608
vt -0.06472 0.04702
vt -0.08000 0.00000
vt -0.06472 -0.04702
vt -0.02472 -0.07608
vt 0.02472 -0.07608
vt 0.06472 -0.04702
vt 1.63750 0.00000
vt 1.72500 0.00000
vt 1.72500 0.85000
vt 1.63750 0.85000
vt -1.72500 0.00000
vt -1.63750 0.00000
vt -1.63750 0.85000
vt -1.72500 0.85000
vt -11.00000 1.63750
vt -7.37500 1.63750
vt -7.37500 1.72500
vt -11.00000 1.72500
vt -11.00000 -1.72500
vt -7.37500 -1.72500
vt -7.37500 -1.63750
vt -11.00000 -1.63750
vt -11.00000 0.00000
vt -7.37500 0.00000
vt -7.37500 0.85000
vt -11.00000 0.85000
vt 7.37500 0.00000
vt 11.00000 0.00000
vt 11.00000 0.85000
vt 7.37500 0.85000
vt 2.61500 1.24000
vt 2.76500 1.24000
vt 2.76500 1.52000
vt 2.61500 1.52000
vt -2.76500 1.24000
vt -2.61500 1.24000
vt -2.61500 1.52000
vt -2.76500 1.52000
vt -17.60000 2.61500
vt -11.80000 2.61500
vt -11.80000 2.76500
vt -17.60000 2.76500
vt -17.60000 -2.76500
vt -11.80000 -2.76500
vt -11.80000 -2.61500
vt -17.60000 -2.61500
vt -17.60000 1.24000
vt -11.80000 1.24000
vt -11.80000 1.52000
vt -17.60000 1.52000
vt 11.80000 1.24000
vt 17.60000 1.24000
vt 17.60000 1.52000
vt 11.80000 1.52000
vt 2.62000 1.44000
vt 2.76000 1.44000
vt 2.76000 3.72000
vt 2.62000 3.72000
vt -2.76000 1.44000
vt -2.62000 1.44000
vt -2.62000 3.72000
vt -2.76000 3.72000
vt -17.60000 2.62000
vt -17.28000 2.62000
vt -17.28000 2.76000
vt -17.60000 2.76000
vt -17.60000 -2.76000
vt -17.28000 -2.76000
vt -17.28000 -2.62000
vt -17.60000 -2.62000
vt -17.60000 1.44000
vt -17.28000 1.44000
vt -17.28000 3.72000
vt -17.60000 3.72000
vt 17.28000 1.44000
vt 17.60000 1.44000
vt 17.60000 3.72000
vt 17.28000 3.72000
vt 2.62000 1.44000
vt 2.76000 1.44000
vt 2.76000 3.72000
vt 2.62000 3.72000
vt -2.76000 1.44000
vt -2.62000 1.44000
vt -2.62000 3.72000
vt -2.76000 3.72000
vt -14.86000 2.62000
vt -14.54000 2.62000
vt -14.54000 2.76000
vt -14.86000 2.76000
vt -14.86000 -2.76000
vt -14.54000 -2.76000
vt -14.54000 -2.62000
vt -14.86000 -2.62000
vt -14.86000 1.44000
vt -14.54000 1.44000
vt -14.54000 3.72000
vt -14.86000 3.72000
vt 14.54000 1.44000
vt 14.86000 1.44000
vt 14.86000 3.72000
vt 14.54000 3.72000
vt 2.62000 1.44000
vt 2.76000 1.44000
vt 2.76000 3.72000
vt 2.62000 3.72000
vt -2.76000 1.44000
vt -2.62000 1.44000
vt -2.62000 3.72000
vt -2.76000 3.72000
vt -12.12000 2.62000
vt -11.80000 2.62000
vt -11.80000 2.76000
vt -12.12000 2.76000
vt -12.12000 -2.76000
vt -11.80000 -2.76000
vt -11.80000 -2.62000
vt -12.12000 -2.62000
vt -12.12000 1.44000
vt -11.80000 1.44000
vt -11.80000 3.72000
vt -12.12000 3.72000
vt 11.80000 1.44000
vt 12.12000 1.44000
vt 12.12000 3.72000
vt 11.80000 3.72000
vt 1.35000 0.74000
vt 1.37000 0.74000
vt 1.37000 1.84000
vt 1.35000 1.84000
vt -1.37000 0.74000
vt -1.35000 0.74000
vt -1.35000 1.84000
vt -1.37000 1.84000
vt -8.64000 1.35000
vt -7.43000 1.35000
vt -7.43000 1.37000
vt -8.64000 1.37000
vt -8.64000 -1.37000
vt -7.43000 -1.37000
vt -7.43000 -1.35000
vt -8.64000 -1.35000
vt -8.64000 0.74000
vt -7.43000 0.74000
vt -7.43000 1.84000
vt -8.64000 1.84000
vt 7.43000 0.74000
vt 8.64000 0.74000
vt 8.64000 1.84000
vt 7.43000 1.84000
vt 4.40000 2.40000
vt 4.50000 2.40000
vt 4.50000 6.20000
vt 4.40000 6.20000
vt -4.50000 2.40000
vt -4.40000 2.40000
vt -4.40000 6.20000
vt -4.50000 6.20000
vt -28.86667 4.40000
vt -24.70000 4.40000
vt -24.70000 4.50000
vt -28.86667 4.50000
vt -28.86667 -4.50000
vt -24.70000 -4.50000
vt -24.70000 -4.40000
vt -28.86667 -4.40000
vt 1.35000 0.74000
vt 1.37000 0.74000
vt 1.37000 1.84000
vt 1.35000 1.84000
vt -1.37000 0.74000
vt -1.35000 0.74000
vt -1.35000 1.84000
vt -1.37000 1.84000
vt -7.27000 1.35000
vt -6.06000 1.35000
vt -6.06000 1.37000
vt -7.27000 1.37000
vt -7.27000 -1.37000
vt -6.06000 -1.37000
vt -6.06000 -1.35000
vt -7.27000 -1.35000
vt -7.27000 0.74000
vt -6.06000 0.74000
vt -6.06000 1.84000
vt -7.27000 1.84000
vt 6.06000 0.74000
vt 7.27000 0.74000
vt 7.27000 1.84000
vt 6.06000 1.84000
vt 4.40000 2.40000
vt 4.50000 2.40000
vt 4.50000 6.20000
vt 4.40000 6.20000
vt -4.50000 2.40000
vt -4.40000 2.40000
vt -4.40000 6.20000
vt -4.50000 6.20000
vt -24.30000 4.40000
vt -20.13333 4.40000
vt -20.13333 4.50000
vt -24.30000 4.50000
vt -24.30000 -4.50000
vt -20.13333 -4.50000
vt -20.13333 -4.40000
vt -24.30000 -4.40000
vt 1.63750 2.35000
vt 1.72500 2.35000
vt 1.72500 2.65000
vt 1.63750 2.65000
vt -1.72500 2.35000
vt -1.63750 2.35000
vt -1.63750 2.65000
vt -1.72500 2.65000
vt -11.00000 1.63750
vt -7.37500 1.63750
vt -7.37500 1.72500
vt -11.00000 1.72500
vt -11.00000 -1.72500
vt -7.37500 -1.72500
vt -7.37500 -1.63750
vt -11.00000 -1.63750
vt -11.00000 2.35000
vt -7.37500 2.35000
vt -7.37500 2.65000
vt -11.00000 2.65000
vt 7.37500 2.35000
vt 11.00000 2.35000
vt 11.00000 2.65000
vt 7.37500 2.65000
vt -11.00000 0.06250
vt -7.37500 0.06250
vt -7.37500 2.93750
vt -11.00000 2.93750
vt 1.63750 0.00000
vt 1.72500 0.00000
vt 1.72500 0.85000
vt 1.63750 0.85000
vt -1.72500 0.00000
vt -1.63750 0.00000
vt -1.63750 0.85000
vt -1.72500 0.85000
vt -5.62500 1.63750
vt -0.87500 1.63750
vt -0.87500 1.72500
vt -5.62500 1.72500
vt -5.62500 -1.72500
vt -0.87500 -1.72500
vt -0.87500 -1.63750
vt -5.62500 -1.63750
vt -5.62500 0.00000
vt -0.87500 0.00000
vt -0.87500 0.85000
vt -5.62500 0.85000
vt 0.87500 0.00000
vt 5.62500 0.00000
vt 5.62500 0.85000
vt 0.87500 0.85000
vt 2.61500 1.24000
vt 2.76500 1.24000
vt 2.76500 1.52000
vt 2.61500 1.52000
vt -2.76500 1.24000
vt -2.61500 1.24000
vt -2.61500 1.52000
vt -2.76500 1.52000
vt -9.00000 2.61500
vt -1.40000 2.61500
vt -1.40000 2.76500
vt -9.00000 2.76500
vt -9.00000 -2.76500
vt -1.40000 -2.76500
vt -1.40000 -2.61500
vt -9.00000 -2.61500
vt -9.00000 1.24000
vt -1.40000 1.24000
vt -1.40000 1.52000
vt -9.00000 1.52000
vt 1.40000 1.24000
vt 9.00000 1.24000
vt 9.00000 1.52000
vt 1.40000 1.52000
vt 2.62000 1.44000
vt 2.76000 1.44000
vt 2.76000 3.72000
vt 2.62000 3.72000
vt -2.76000 1.44000
vt -2.62000 1.44000
vt -2.62000 3.72000
vt -2.76000 3.72000
vt -9.00000 2.62000
vt -8.68000 2.62000
vt -8.68000 2.76000
vt -9.00000 2.76000
vt -9.00000 -2.76000
vt -8.68000 -2.76000
vt -8.68000 -2.62000
vt -9.00000 -2.62000
vt -9.00000 1.44000
vt -8.68000 1.44000
vt -8.68000 3.72000
vt -9.00000 3.72000
vt 8.68000 1.44000
vt 9.00000 1.44000
vt 9.00000 3.72000
vt 8.68000 3.72000
vt 2.62000 1.44000
vt 2.76000 1.44000
vt 2.76000 3.72000
vt 2.62000 3.72000
vt -2.76000 1.44000
vt -2.62000 1.44000
vt -2.62000 3.72000
vt -2.76000 3.72000
vt -5.36000 2.62000
vt -5.04000 2.62000
vt -5.04000 2.76000
vt -5.36000 2.76000
vt -5.36000 -2.76000
vt -5.04000 -2.76000
vt -5.04000 -2.62000
vt -5.36000 -2.62000
vt -5.36000 1.44000
vt -5.04000 1.44000
vt -5.04000 3.72000
vt -5.36000 3.72000
vt 5.04000 1.44000
vt 5.36000 1.44000
vt 5.36000 3.72000
vt 5.04000 3.72000
vt 2.62000 1.44000
vt 2.76000 1.44000
vt 2.76000 3.72000
vt 2.62000 3.72000
vt -2.76000 1.44000
vt -2.62000 1.44000
vt -2.62000 3.72000
vt -2.76000 3.72000
vt -1.72000 2.62000
vt -1.40000 2.62000
vt -1.40000 2.76000
vt -1.72000 2.76000
vt -1.72000 -2.76000
vt -1.40000 -2.76000
vt -1.40000 -2.62000
vt -1.72000 -2.62000
vt -1.72000 1.44000
vt -1.40000 1.44000
vt -1.40000 3.72000
vt -1.72000 3.72000
vt 1.40000 1.44000
vt 1.72000 1.44000
vt 1.72000 3.72000
vt 1.40000 3.72000
vt 1.35000 0.74000
vt 1.37000 0.74000
vt 1.37000 1.84000
vt 1.35000 1.84000
vt -1.37000 0.74000
vt -1.35000 0.74000
vt -1.35000 1.84000
vt -1.37000 1.84000
vt -4.34000 1.35000
vt -2.68000 1.35000
vt -2.68000 1.37000
vt -4.34000 1.37000
vt -4.34000 -1.37000
vt -2.68000 -1.37000
vt -2.68000 -1.35000
vt -4.34000 -1.35000
vt -4.34000 0.74000
vt -2.68000 0.74000
vt -2.68000 1.84000
vt -4.34000 1.84000
vt 2.68000 0.74000
vt 4.34000 0.74000
vt 4.34000 1.84000
vt 2.68000 1.84000
vt 4.40000 2.40000
vt 4.50000 2.40000
vt 4.50000 6.20000
vt 4.40000 6.20000
vt -4.50000 2.40000
vt -4.40000 2.40000
vt -4.40000 6.20000
vt -4.50000 6.20000
vt -14.53333 4.40000
vt -8.86667 4.40000
vt -8.86667 4.50000
vt -14.53333 4.50000
vt -14.53333 -4.50000
vt -8.86667 -4.50000
vt -8.86667 -4.40000
vt -14.53333 -4.40000
vt 1.35000 0.74000
vt 1.37000 0.74000
vt 1.37000 1.84000
vt 1.35000 1.84000
vt -1.37000 0.74000
vt -1.35000 0.74000
vt -1.35000 1.84000
vt -1.37000 1.84000
vt -2.52000 1.35000
vt -0.86000 1.35000
vt -0.86000 1.37000
vt -2.52000 1.37000
vt -2.52000 -1.37000
vt -0.86000 -1.37000
vt -0.86000 -1.35000
vt -2.52000 -1.35000
vt -2.52000 0.74000
vt -0.86000 0.74000
vt -0.86000 1.84000
vt -2.52000 1.84000
vt 0.86000 0.74000
vt 2.52000 0.74000
vt 2.52000 1.84000
vt 0.86000 1.84000
vt 4.40000 2.40000
vt 4.50000 2.40000
vt 4.50000 6.20000
vt 4.40000 6.20000
vt -4.50000 2.40000
vt -4.40000 2.40000
vt -4.40000 6.20000
vt -4.50000 6.20000
vt -8.46667 4.40000
vt -2.80000 4.40000
vt -2.80000 4.50000
vt -8.46667 4.50000
vt -8.46667 -4.50000
vt -2.80000 -4.50000
vt -2.80000 -4.40000
vt -8.46667 -4.40000
vt 1.63750 2.35000
vt 1.72500 2.35000
vt 1.72500 2.65000
vt 1.63750 2.65000
vt -1.72500 2.35000
vt -1.63750 2.35000
vt -1.63750 2.65000
vt -1.72500 2.65000
vt -5.62500 1.63750
vt -0.87500 1.63750
vt -0.87500 1.72500
vt -5.62500 1.72500
vt -5.62500 -1.72500
vt -0.87500 -1.72500
vt -0.87500 -1.63750
vt -5.62500 -1.63750
vt -5.62500 2.35000
vt -0.87500 2.35000
vt -0.87500 2.65000
vt -5.62500 2.65000
vt 0.87500 2.35000
vt 5.62500 2.35000
vt 5.62500 2.65000
vt 0.87500 2.65000
vt -5.62500 0.06250
vt -0.87500 0.06250
vt -0.87500 2.93750
vt -5.62500 2.93750
vt 1.63750 0.00000
vt 1.72500 0.00000
vt 1.72500 0.85000
vt 1.63750 0.85000
vt -1.72500 0.00000
vt -1.63750 0.00000
vt -1.63750 0.85000
vt -1.72500 0.85000
vt 0.87500 1.63750
vt 5.62500 1.63750
vt 5.62500 1.72500
vt 0.87500 1.72500
vt 0.87500 -1.72500
vt 5.62500 -1.72500
vt 5.62500 -1.63750
vt 0.87500 -1.63750
vt 0.87500 0.00000
vt 5.62500 0.00000
vt 5.62500 0.85000
vt 0.87500 0.85000
vt -5.62500 0.00000
vt -0.87500 0.00000
vt -0.87500 0.85000
vt -5.62500 0.85000
vt 2.61500 1.24000
vt 2.76500 1.24000
vt 2.76500 1.52000
vt 2.61500 1.52000
vt -2.76500 1.24000
vt -2.61500 1.24000
vt -2.61500 1.52000
vt -2.76500 1.52000
vt 1.40000 2.61500
vt 9.00000 2.61500
vt 9.00000 2.76500
vt 1.40000 2.76500
vt 1.40000 -2.76500
vt 9.00000 -2.76500
vt 9.00000 -2.61500
vt 1.40000 -2.61500
vt 1.40000 1.24000
vt 9.00000 1.24000
vt 9.00000 1.52000
vt 1.40000 1.52000
vt -9.00000 1.24000
vt -1.40000 1.24000
vt -1.40000 1.52000
vt -9.00000 1.52000
vt 2.62000 1.44000
vt 2.76000 1.44000
vt 2.76000 3.72000
vt 2.62000 3.72000
vt -2.76000 1.44000
vt -2.62000 1.44000
vt -2.62000 3.72000
vt -2.76000 3.72000
vt 1.40000 2.62000
vt 1.72000 2.62000
vt 1.72000 2.76000
vt 1.40000 2.76000
vt 1.40000 -2.76000
vt 1.72000 -2.76000
vt 1.72000 -2.62000
vt 1.40000 -2.62000
vt 1.40000 1.44000
vt 1.72000 1.44000
vt 1.72000 3.72000
vt 1.40000 3.72000
vt -1.72000 1.44000
vt -1.40000 1.44000
vt -1.40000 3.72000
vt -1.72000 3.72000
vt 2.62000 1.44000
vt 2.76000 1.44000
vt 2.76000 3.72000
vt 2.62000 3.72000
vt -2.76000 1.44000
vt -2.62000 1.44000
vt -2.62000 3.72000
vt -2.76000 3.72000
vt 5.04000 2.62000
vt 5.36000 2.62000
vt 5.36000 2.76000
vt 5.04000 2.76000
vt 5.04000 -2.76000
vt 5.36000 -2.76000
vt 5.36000 -2.62000
vt 5.04000 -2.62000
vt 5.04000 1.44000
vt 5.36000 1.44000
vt 5.36000 3.72000
vt 5.04000 3.72000
vt -5.36000 1.44000
vt -5.04000 1.44000
vt -5.04000 3.72000
vt -5.36000 3.72000
vt 2.62000 1.44000
vt 2.76000 1.44000
vt 2.76000 3.72000
vt 2.62000 3.72000
vt -2.76000 1.44000
vt -2.62000 1.44000
vt -2.62000 3.72000
vt -2.76000 3.72000
vt 8.68000 2.62000
vt 9.00000 2.62000
vt 9.00000 2.76000
vt 8.68000 2.76000
vt 8.68000 -2.76000
vt 9.00000 -2.76000
vt 9.00000 -2.62000
vt 8.68000 -2.62000
vt 8.68000 1.44000
vt 9.00000 1.44000
vt 9.00000 3.72000
vt 8.68000 3.72000
vt -9.00000 1.44000
vt -8.68000 1.44000
vt -8.68000 3.72000
vt -9.00000 3.72000
vt 1.35000 0.74000
vt 1.37000 0.74000
vt 1.37000 1.84000
vt 1.35000 1.84000
vt -1.37000 0.74000
vt -1.35000 0.74000
vt -1.35000 1.84000
vt -1.37000 1.84000
vt 0.86000 1.35000
vt 2.52000 1.35000
vt 2.52000 1.37000
vt 0.86000 1.37000
vt 0.86000 -1.37000
vt 2.52000 -1.37000
vt 2.52000 -1.35000
vt 0.86000 -1.35000
vt 0.86000 0.74000
vt 2.52000 0.74000
vt 2.52000 1.84000
vt 0.86000 1.84000
vt -2.52000 0.74000
vt -0.86000 0.74000
vt -0.86000 1.84000
vt -2.52000 1.84000
vt 4.40000 2.40000
vt 4.50000 2.40000
vt 4.50000 6.20000
vt 4.40000 6.20000
vt -4.50000 2.40000
vt -4.40000 2.40000
vt -4.40000 6.20000
vt -4.50000 6.20000
vt 2.80000 4.40000
vt 8.46667 4.40000
vt 8.46667 4.50000
vt 2.80000 4.50000
vt 2.80000 -4.50000
vt 8.46667 -4.50000
vt 8.46667 -4.40000
vt 2.80000 -4.40000
vt 1.35000 0.74000
vt 1.37000 0.74000
vt 1.37000 1.84000
vt 1.35000 1.84000
vt -1.37000 0.74000
vt -1.35000 0.74000
vt -1.35000 1.84000
vt -1.37000 1.84000
vt 2.68000 1.35000
vt 4.34000 1.35000
vt 4.34000 1.37000
vt 2.68000 1.37000
vt 2.68000 -1.37000
vt 4.34000 -1.37000
vt 4.34000 -1.35000
vt 2.68000 -1.35000
vt 2.68000 0.74000
vt 4.34000 0.74000
vt 4.34000 1.84000
vt 2.68000 1.84000
vt -4.34000 0.74000
vt -2.68000 0.74000
vt -2.68000 1.84000
vt -4.34000 1.84000
vt 4.40000 2.40000
vt 4.50000 2.40000
vt 4.50000 6.20000
vt 4.40000 6.20000
vt -4.50000 2.40000
vt -4.40000 2.40000
vt -4.40000 6.20000
vt -4.50000 6.20000
vt 8.86667 4.40000
vt 14.53333 4.40000
vt 14.53333 4.50000
vt 8.86667 4.50000
vt 8.86667 -4.50000
vt 14.53333 -4.50000
vt 14.53333 -4.40000
vt 8.86667 -4.40000
vt 1.63750 2.35000
vt 1.72500 2.35000
vt 1.72500 2.65000
vt 1.63750 2.65000
vt -1.72500 2.35000
vt -1.63750 2.35000
vt -1.63750 2.65000
vt -1.72500 2.65000
vt 0.87500 1.63750
vt 5.62500 1.63750
vt 5.62500 1.72500
vt 0.87500 1.72500
vt 0.87500 -1.72500
vt 5.62500 -1.72500
vt 5.62500 -1.63750
vt 0.87500 -1.63750
vt 0.87500 2.35000
vt 5.62500 2.35000
vt 5.62500 2.65000
vt 0.87500 2.65000
vt -5.62500 2.35000
vt -0.87500 2.35000
vt -0.87500 2.65000
vt -5.62500 2.65000
vt 0.87500 0.06250
vt 5.62500 0.06250
vt 5.62500 2.93750
vt 0.87500 2.93750
vt 1.63750 0.00000
vt 1.72500 0.00000
vt 1.72500 0.85000
vt 1.63750 0.85000
vt -1.72500 0.00000
vt -1.63750 0.00000
vt -1.63750 0.85000
vt -1.72500 0.85000
vt 7.37500 1.63750
vt 11.00000 1.63750
vt 11.00000 1.72500
vt 7.37500 1.72500
vt 7.37500 -1.72500
vt 11.00000 -1.72500
vt 11.00000 -1.63750
vt 7.37500 -1.63750
vt 7.37500 0.00000
vt 11.00000 0.00000
vt 11.00000 0.85000
vt 7.37500 0.85000
vt -11.00000 0.00000
vt -7.37500 0.00000
vt -7.37500 0.85000
vt -11.00000 0.85000
vt 2.61500 1.24000
vt 2.76500 1.24000
vt 2.76500 1.52000
vt 2.61500 1.52000
vt -2.76500 1.24000
vt -2.61500 1.24000
vt -2.61500 1.52000
vt -2.76500 1.52000
vt 11.80000 2.61500
vt 17.60000 2.61500
vt 17.60000 2.76500
vt 11.80000 2.76500
vt 11.80000 -2.76500
vt 17.60000 -2.76500
vt 17.60000 -2.61500
vt 11.80000 -2.61500
vt 11.80000 1.24000
vt 17.60000 1.24000
vt 17.60000 1.52000
vt 11.80000 1.52000
vt -17.60000 1.24000
vt -11.80000 1.24000
vt -11.80000 1.52000
vt -17.60000 1.52000
vt 2.62000 1.44000
vt 2.76000 1.44000
vt 2.76000 3.72000
vt 2.62000 3.72000
vt -2.76000 1.44000
vt -2.62000 1.44000
vt -2.62000 3.72000
vt -2.76000 3.72000
vt 11.80000 2.62000
vt 12.12000 2.62000
vt 12.12000 2.76000
vt 11.80000 2.76000
vt 11.80000 -2.76000
vt 12.12000 -2.76000
vt 12.12000 -2.62000
vt 11.80000 -2.62000
vt 11.80000 1.44000
vt 12.12000 1.44000
vt 12.12000 3.72000
vt 11.80000 3.72000
vt -12.12000 1.44000
vt -11.80000 1.44000
vt -11.80000 3.72000
vt -12.12000 3.72000
vt 2.62000 1.44000
vt 2.76000 1.44000
vt 2.76000 3.72000
vt 2.62000 3.72000
vt -2.76000 1.44000
vt -2.62000 1.44000
vt -2.62000 3.72000
vt -2.76000 3.72000
vt 14.54000 2.62000
vt 14.86000 2.62000
vt 14.86000 2.76000
vt 14.54000 2.76000
vt 14.54000 -2.76000
vt 14.86000 -2.76000
vt 14.86000 -2.62000
vt 14.54000 -2.62000
vt 14.54000 1.44000
vt 14.86000 1.44000
vt 14.86000 3.72000
vt 14.54000 3.72000
vt -14.86000 1.44000
vt -14.54000 1.44000
vt -14.54000 3.72000
vt -14.86000 3.72000
vt 2.62000 1.44000
vt 2.76000 1.44000
vt 2.76000 3.72000
vt 2.62000 3.72000
vt -2.76000 1.44000
vt -2.62000 1.44000
vt -2.62000 3.72000
vt -2.76000 3.72000
vt 17.28000 2.62000
vt 17.60000 2.62000
vt 17.60000 2.76000
vt 17.28000 2.76000
vt 17.28000 -2.76000
vt 17.60000 -2.76000
vt 17.60000 -2.62000
vt 17.28000 -2.62000
vt 17.28000 1.44000
vt 17.60000 1.44000
vt 17.60000 3.72000
vt 17.28000 3.72000
vt -17.60000 1.44000
vt -17.28000 1.44000
vt -17.28000 3.72000
vt -17.60000 3.72000
vt 1.35000 0.74000
vt 1.37000 0.74000
vt 1.37000 1.84000
vt 1.35000 1.84000
vt -1.37000 0.74000
vt -1.35000 0.74000
vt -1.35000 1.84000
vt -1.37000 1.84000
vt 6.06000 1.35000
vt 7.27000 1.35000
vt 7.27000 1.37000
vt 6.06000 1.37000
vt 6.06000 -1.37000
vt 7.27000 -1.37000
vt 7.27000 -1.35000
vt 6.06000 -1.35000
vt 6.06000 0.74000
vt 7.27000 0.74000
vt 7.27000 1.84000
vt 6.06000 1.84000
vt -7.27000 0.74000
vt -6.06000 0.74000
vt -6.06000 1.84000
vt -7.27000 1.84000
vt 4.40000 2.40000
vt 4.50000 2.40000
vt 4.50000 6.20000
vt 4.40000 6.20000
vt -4.50000 2.40000
vt -4.40000 2.40000
vt -4.40000 6.20000
vt -4.50000 6.20000
vt 20.13333 4.40000
vt 24.30000 4.40000
vt 24.30000 4.50000
vt 20.13333 4.50000
vt 20.13333 -4.50000
vt 24.30000 -4.50000
vt 24.30000 -4.40000
vt 20.13333 -4.40000
vt 1.35000 0.74000
vt 1.37000 0.74000
vt 1.37000 1.84000
vt 1.35000 1.84000
vt -1.37000 0.74000
vt -1.35000 0.74000
vt -1.35000 1.84000
vt -1.37000 1.84000
vt 7.43000 1.35000
vt 8.64000 1.35000
vt 8.64000 1.37000
vt 7.43000 1.37000
vt 7.43000 -1.37000
vt 8.64000 -1.37000
vt 8.64000 -1.35000
vt 7.43000 -1.35000
vt 7.43000 0.74000
vt 8.64000 0.74000
vt 8.64000 1.84000
vt 7.43000 1.84000
vt -8.64000 0.74000
vt -7.43000 0.74000
vt -7.43000 1.84000
vt -8.64000 1.84000
vt 4.40000 2.40000
vt 4.50000 2.40000
vt 4.50000 6.20000
vt 4.40000 6.20000
vt -4.50000 2.40000
vt -4.40000 2.40000
vt -4.40000 6.20000
vt -4.50000 6.20000
vt 24.70000 4.40000
vt 28.86667 4.40000
vt 28.86667 4.50000
vt 24.70000 4.50000
vt 24.70000 -4.50000
vt 28.86667 -4.50000
vt 28.86667 -4.40000
vt 24.70000 -4.40000
vt 1.63750 2.35000
vt 1.72500 2.35000
vt 1.72500 2.65000
vt 1.63750 2.65000
vt -1.72500 2.35000
vt -1.63750 2.35000
vt -1.63750 2.65000
vt -1.72500 2.65000
vt 7.37500 1.63750
vt 11.00000 1.63750
vt 11.00000 1.72500
vt 7.37500 1.72500
vt 7.37500 -1.72500
vt 11.00000 -1.72500
vt 11.00000 -1.63750
vt 7.37500 -1.63750
vt 7.37500 2.35000
vt 11.00000 2.35000
vt 11.00000 2.65000
vt 7.37500 2.65000
vt -11.00000 2.35000
vt -7.37500 2.35000
vt -7.37500 2.65000
vt -11.00000 2.65000
vt 7.37500 0.06250
vt 11.00000 0.06250
vt 11.00000 2.93750
vt 7.37500 2.93750
vt 4.31667 0.16667
vt 4.61667 0.16667
vt 4.61667 7.16667
vt 4.31667 7.16667
vt -4.61667 0.16667
vt -4.31667 0.16667
vt -4.31667 7.16667
vt -4.61667 7.16667
vt -19.71667 4.31667
vt -19.61667 4.31667
vt -19.61667 4.61667
vt -19.71667 4.61667
vt -19.71667 -4.61667
vt -19.61667 -4.61667
vt -19.61667 -4.31667
vt -19.71667 -4.31667
vt -19.71667 0.16667
vt -19.61667 0.16667
vt -19.61667 7.16667
vt -19.71667 7.16667
vt 19.61667 0.16667
vt 19.71667 0.16667
vt 19.71667 7.16667
vt 19.61667 7.16667
vt 4.31667 0.16667
vt 4.61667 0.16667
vt 4.61667 7.16667
vt 4.31667 7.16667
vt -4.61667 0.16667
vt -4.31667 0.16667
vt -4.31667 7.16667
vt -4.61667 7.16667
vt -15.05000 4.31667
vt -14.95000 4.31667
vt -14.95000 4.61667
vt -15.05000 4.61667
vt -15.05000 -4.61667
vt -14.95000 -4.61667
vt -14.95000 -4.31667
vt -15.05000 -4.31667
vt -15.05000 0.16667
vt -14.95000 0.16667
vt -14.95000 7.16667
vt -15.05000 7.16667
vt 14.95000 0.16667
vt 15.05000 0.16667
vt 15.05000 7.16667
vt 14.95000 7.16667
vt 4.31667 6.86667
vt 4.61667 6.86667
vt 4.61667 7.53333
vt 4.31667 7.53333
vt -4.61667 6.86667
vt -4.31667 6.86667
vt -4.31667 7.53333
vt -4.61667 7.53333
vt -19.70000 4.31667
vt -14.96667 4.31667
vt -14.96667 4.61667
vt -19.70000 4.61667
vt -19.70000 -4.61667
vt -14.96667 -4.61667
vt -14.96667 -4.31667
vt -19.70000 -4.31667
vt -19.70000 6.86667
vt -14.96667 6.86667
vt -14.96667 7.53333
vt -19.70000 7.53333
vt 14.96667 6.86667
vt 19.70000 6.86667
vt 19.70000 7.53333
vt 14.96667 7.53333
vt 3.86667 -0.01667
vt 4.66667 -0.01667
vt 4.66667 0.15000
vt 3.86667 0.15000
vt -4.66667 -0.01667
vt -3.86667 -0.01667
vt -3.86667 0.15000
vt -4.66667 0.15000
vt -19.70000 3.86667
vt -14.96667 3.86667
vt -14.96667 4.66667
vt -19.70000 4.66667
vt -19.70000 -4.66667
vt -14.96667 -4.66667
vt -14.96667 -3.86667
vt -19.70000 -3.86667
vt -19.70000 -0.01667
vt -14.96667 -0.01667
vt -14.96667 0.15000
vt -19.70000 0.15000
vt 14.96667 -0.01667
vt 19.70000 -0.01667
vt 19.70000 0.15000
vt 14.96667 0.15000
vt 6.65000 0.17500
vt 6.95000 0.17500
vt 6.95000 0.27500
vt 6.65000 0.27500
vt -6.95000 0.17500
vt -6.65000 0.17500
vt -6.65000 0.27500
vt -6.95000 0.27500
vt -29.45000 6.65000
vt -22.55000 6.65000
vt -22.55000 6.95000
vt -29.45000 6.95000
vt -29.45000 -6.95000
vt -22.55000 -6.95000
vt -22.55000 -6.65000
vt -29.45000 -6.65000
vt -29.45000 0.17500
vt -22.55000 0.17500
vt -22.55000 0.27500
vt -29.45000 0.27500
vt 22.55000 0.17500
vt 29.45000 0.17500
vt 29.45000 0.27500
vt 22.55000 0.27500
vt 4.31667 0.16667
vt 4.61667 0.16667
vt 4.61667 7.16667
vt 4.31667 7.16667
vt -4.61667 0.16667
vt -4.31667 0.16667
vt -4.31667 7.16667
vt -4.61667 7.16667
vt -2.38333 4.31667
vt -2.28333 4.31667
vt -2.28333 4.61667
vt -2.38333 4.61667
vt -2.38333 -4.61667
vt -2.28333 -4.61667
vt -2.28333 -4.31667
vt -2.38333 -4.31667
vt -2.38333 0.16667
vt -2.28333 0.16667
vt -2.28333 7.16667
vt -2.38333 7.16667
vt 2.28333 0.16667
vt 2.38333 0.16667
vt 2.38333 7.16667
vt 2.28333 7.16667
vt 4.31667 0.16667
vt 4.61667 0.16667
vt 4.61667 7.16667
vt 4.31667 7.16667
vt -4.61667 0.16667
vt -4.31667 0.16667
vt -4.31667 7.16667
vt -4.61667 7.16667
vt 2.28333 4.31667
vt 2.38333 4.31667
vt 2.38333 4.61667
vt 2.28333 4.61667
vt 2.28333 -4.61667
vt 2.38333 -4.61667
vt 2.38333 -4.31667
vt 2.28333 -4.31667
vt 2.28333 0.16667
vt 2.38333 0.16667
vt 2.38333 7.16667
vt 2.28333 7.16667
vt -2.38333 0.16667
vt -2.28333 0.16667
vt -2.28333 7.16667
vt -2.38333 7.16667
vt 4.31667 6.86667
vt 4.61667 6.86667
vt 4.61667 7.53333
vt 4.31667 7.53333
vt -4.61667 6.86667
vt -4.31667 6.86667
vt -4.31667 7.53333
vt -4.61667 7.53333
vt -2.36667 4.31667
vt 2.36667 4.31667
vt 2.36667 4.61667
vt -2.36667 4.61667
vt -2.36667 -4.61667
vt 2.36667 -4.61667
vt 2.36667 -4.31667
vt -2.36667 -4.31667
vt -2.36667 6.86667
vt 2.36667 6.86667
vt 2.36667 7.53333
vt -2.36667 7.53333
vt -2.36667 6.86667
vt 2.36667 6.86667
vt 2.36667 7.53333
vt -2.36667 7.53333
vt 3.86667 -0.01667
vt 4.66667 -0.01667
vt 4.66667 0.15000
vt 3.86667 0.15000
vt -4.66667 -0.01667
vt -3.86667 -0.01667
vt -3.86667 0.15000
vt -4.66667 0.15000
vt -2.36667 3.86667
vt 2.36667 3.86667
vt 2.36667 4.66667
vt -2.36667 4.66667
vt -2.36667 -4.66667
vt 2.36667 -4.66667
vt 2.36667 -3.86667
vt -2.36667 -3.86667
vt -2.36667 -0.01667
vt 2.36667 -0.01667
vt 2.36667 0.15000
vt -2.36667 0.15000
vt -2.36667 -0.01667
vt 2.36667 -0.01667
vt 2.36667 0.15000
vt -2.36667 0.15000
vt 6.65000 0.17500
vt 6.95000 0.17500
vt 6.95000 0.27500
vt 6.65000 0.27500
vt -6.95000 0.17500
vt -6.65000 0.17500
vt -6.65000 0.27500
vt -6.95000 0.27500
vt -3.45000 6.65000
vt 3.45000 6.65000
vt 3.45000 6.95000
vt -3.45000 6.95000
vt -3.45000 -6.95000
vt 3.45000 -6.95000
vt 3.45000 -6.65000
vt -3.45000 -6.65000
vt -3.45000 0.17500
vt 3.45000 0.17500
vt 3.45000 0.27500
vt -3.45000 0.27500
vt -3.45000 0.17500
vt 3.45000 0.17500
vt 3.45000 0.27500
vt -3.45000 0.27500
vt 4.31667 0.16667
vt 4.61667 0.16667
vt 4.61667 7.16667
vt 4.31667 7.16667
vt -4.61667 0.16667
vt -4.31667 0.16667
vt -4.31667 7.16667
vt -4.61667 7.16667
vt 14.95000 4.31667
vt 15.05000 4.31667
vt 15.05000 4.61667
vt 14.95000 4.61667
vt 14.95000 -4.61667
vt 15.05000 -4.61667
vt 15.05000 -4.31667
vt 14.95000 -4.31667
vt 14.95000 0.16667
vt 15.05000 0.16667
vt 15.05000 7.16667
vt 14.95000 7.16667
vt -15.05000 0.16667
vt -14.95000 0.16667
vt -14.95000 7.16667
vt -15.05000 7.16667
vt 4.31667 0.16667
vt 4.61667 0.16667
vt 4.61667 7.16667
vt 4.31667 7.16667
vt -4.61667 0.16667
vt -4.31667 0.16667
vt -4.31667 7.16667
vt -4.61667 7.16667
vt 19.61667 4.31667
vt 19.71667 4.31667
vt 19.71667 4.61667
vt 19.61667 4.61667
vt 19.61667 -4.61667
vt 19.71667 -4.61667
vt 19.71667 -4.31667
vt 19.61667 -4.31667
vt 19.61667 0.16667
vt 19.71667 0.16667
vt 19.71667 7.16667
vt 19.61667 7.16667
vt -19.71667 0.16667
vt -19.61667 0.16667
vt -19.61667 7.16667
vt -19.71667 7.16667
vt 4.31667 6.86667
vt 4.61667 6.86667
vt 4.61667 7.53333
vt 4.31667 7.53333
vt -4.61667 6.86667
vt -4.31667 6.86667
vt -4.31667 7.53333
vt -4.61667 7.53333
vt 14.96667 4.31667
vt 19.70000 4.31667
vt 19.70000 4.61667
vt 14.96667 4.61667
vt 14.96667 -4.61667
vt 19.70000 -4.61667
vt 19.70000 -4.31667
vt 14.96667 -4.31667
vt 14.96667 6.86667
vt 19.70000 6.86667
vt 19.70000 7.53333
vt 14.96667 7.53333
vt -19.70000 6.86667
vt -14.96667 6.86667
vt -14.96667 7.53333
vt -19.70000 7.53333
vt 3.86667 -0.01667
vt 4.66667 -0.01667
vt 4.66667 0.15000
vt 3.86667 0.15000
vt -4.66667 -0.01667
vt -3.86667 -0.01667
vt -3.86667 0.15000
vt -4.66667 0.15000
vt 14.96667 3.86667
vt 19.70000 3.86667
vt 19.70000 4.66667
vt 14.96667 4.66667
vt 14.96667 -4.66667
vt 19.70000 -4.66667
vt 19.70000 -3.86667
vt 14.96667 -3.86667
vt 14.96667 -0.01667
vt 19.70000 -0.01667
vt 19.70000 0.15000
vt 14.96667 0.15000
vt -19.70000 -0.01667
vt -14.96667 -0.01667
vt -14.96667 0.15000
vt -19.70000 0.15000
vt 6.65000 0.17500
vt 6.95000 0.17500
vt 6.95000 0.27500
vt 6.65000 0.27500
vt -6.95000 0.17500
vt -6.65000 0.17500
vt -6.65000 0.27500
vt -6.95000 0.27500
vt 22.55000 6.65000
vt 29.45000 6.65000
vt 29.45000 6.95000
vt 22.55000 6.95000
vt 22.55000 -6.95000
vt 29.45000 -6.95000
vt 29.45000 -6.65000
vt 22.55000 -6.65000
vt 22.55000 0.17500
vt 29.45000 0.17500
vt 29.45000 0.27500
vt 22.55000 0.27500
vt -29.45000 0.17500
vt -22.55000 0.17500
vt -22.55000 0.27500
vt -29.45000 0.27500
vt -1.72500 0.00000
vt -1.63750 0.00000
vt -1.63750 0.85000
vt -1.72500 0.85000
vt 1.63750 0.00000
vt 1.72500 0.00000
vt 1.72500 0.85000
vt 1.63750 0.85000
vt -11.00000 -1.72500
vt -7.37500 -1.72500
vt -7.37500 -1.63750
vt -11.00000 -1.63750
vt -11.00000 1.63750
vt -7.37500 1.63750
vt -7.37500 1.72500
vt -11.00000 1.72500
vt -11.00000 0.00000
vt -7.37500 0.00000
vt -7.37500 0.85000
vt -11.00000 0.85000
vt 7.37500 0.00000
vt 11.00000 0.00000
vt 11.00000 0.85000
vt 7.37500 0.85000
vt -2.76500 1.24000
vt -2.61500 1.24000
vt -2.61500 1.52000
vt -2.76500 1.52000
vt 2.61500 1.24000
vt 2.76500 1.24000
vt 2.76500 1.52000
vt 2.61500 1.52000
vt -17.60000 -2.76500
vt -11.80000 -2.76500
vt -11.80000 -2.61500
vt -17.60000 -2.61500
vt -17.60000 2.61500
vt -11.80000 2.61500
vt -11.80000 2.76500
vt -17.60000 2.76500
vt -17.60000 1.24000
vt -11.80000 1.24000
vt -11.80000 1.52000
vt -17.60000 1.52000
vt 11.80000 1.24000
vt 17.60000 1.24000
vt 17.60000 1.52000
vt 11.80000 1.52000
vt -2.76000 1.44000
vt -2.62000 1.44000
vt -2.62000 3.72000
vt -2.76000 3.72000
vt 2.62000 1.44000
vt 2.76000 1.44000
vt 2.76000 3.72000
vt 2.62000 3.72000
vt -17.60000 -2.76000
vt -17.28000 -2.76000
vt -17.28000 -2.62000
vt -17.60000 -2.62000
vt -17.60000 2.62000
vt -17.28000 2.62000
vt -17.28000 2.76000
vt -17.60000 2.76000
vt -17.60000 1.44000
vt -17.28000 1.44000
vt -17.28000 3.72000
vt -17.60000 3.72000
vt 17.28000 1.44000
vt 17.60000 1.44000
vt 17.60000 3.72000
vt 17.28000 3.72000
vt -2.76000 1.44000
vt -2.62000 1.44000
vt -2.62000 3.72000
vt -2.76000 3.72000
vt 2.62000 1.44000
vt 2.76000 1.44000
vt 2.76000 3.72000
vt 2.62000 3.72000
vt -14.86000 -2.76000
vt -14.54000 -2.76000
vt -14.54000 -2.62000
vt -14.86000 -2.62000
vt -14.86000 2.62000
vt -14.54000 2.62000
vt -14.54000 2.76000
vt -14.86000 2.76000
vt -14.86000 1.44000
vt -14.54000 1.44000
vt -14.54000 3.72000
vt -14.86000 3.72000
vt 14.54000 1.44000
vt 14.86000 1.44000
vt 14.86000 3.72000
vt 14.54000 3.72000
vt -2.76000 1.44000
vt -2.62000 1.44000
vt -2.62000 3.72000
vt -2.76000 3.72000
vt 2.62000 1.44000
vt 2.76000 1.44000
vt 2.76000 3.72000
vt 2.62000 3.72000
vt -12.12000 -2.76000
vt -11.80000 -2.76000
vt -11.80000 -2.62000
vt -12.12000 -2.62000
vt -12.12000 2.62000
vt -11.80000 2.62000
vt -11.80000 2.76000
vt -12.12000 2.76000
vt -12.12000 1.44000
vt -11.80000 1.44000
vt -11.80000 3.72000
vt -12.12000 3.72000
vt 11.80000 1.44000
vt 12.12000 1.44000
vt 12.12000 3.72000
vt 11.80000 3.72000
vt -1.37000 0.74000
vt -1.35000 0.74000
vt -1.35000 1.84000
vt -1.37000 1.84000
vt 1.35000 0.74000
vt 1.37000 0.74000
vt 1.37000 1.84000
vt 1.35000 1.84000
vt -8.64000 -1.37000
vt -7.43000 -1.37000
vt -7.43000 -1.35000
vt -8.64000 -1.35000
vt -8.64000 1.35000
vt -7.43000 1.35000
vt -7.43000 1.37000
vt -8.64000 1.37000
vt -8.64000 0.74000
vt -7.43000 0.74000
vt -7.43000 1.84000
vt -8.64000 1.84000
vt 7.43000 0.74000
vt 8.64000 0.74000
vt 8.64000 1.84000
vt 7.43000 1.84000
vt -4.50000 2.40000
vt -4.40000 2.40000
vt -4.40000 6.20000
vt -4.50000 6.20000
vt 4.40000 2.40000
vt 4.50000 2.40000
vt 4.50000 6.20000
vt 4.40000 6.20000
vt -28.86667 -4.50000
vt -24.70000 -4.50000
vt -24.70000 -4.40000
vt -28.86667 -4.40000
vt -28.86667 4.40000
vt -24.70000 4.40000
vt -24.70000 4.50000
vt -28.86667 4.50000
vt -1.37000 0.74000
vt -1.35000 0.74000
vt -1.35000 1.84000
vt -1.37000 1.84000
vt 1.35000 0.74000
vt 1.37000 0.74000
vt 1.37000 1.84000
vt 1.35000 1.84000
vt -7.27000 -1.37000
vt -6.06000 -1.37000
vt -6.06000 -1.35000
vt -7.27000 -1.35000
vt -7.27000 1.35000
vt -6.06000 1.35000
vt -6.06000 1.37000
vt -7.27000 1.37000
vt -7.27000 0.74000
vt -6.06000 0.74000
vt -6.06000 1.84000
vt -7.27000 1.84000
vt 6.06000 0.74000
vt 7.27000 0.74000
vt 7.27000 1.84000
vt 6.06000 1.84000
vt -4.50000 2.40000
vt -4.40000 2.40000
vt -4.40000 6.20000
vt -4.50000 6.20000
vt 4.40000 2.40000
vt 4.50000 2.40000
vt 4.50000 6.20000
vt 4.40000 6.20000
vt -24.30000 -4.50000
vt -20.13333 -4.50000
vt -20.13333 -4.40000
vt -24.30000 -4.40000
vt -24.30000 4.40000
vt -20.13333 4.40000
vt -20.13333 4.50000
vt -24.30000 4.50000
vt -1.72500 2.35000
vt -1.63750 2.35000
vt -1.63750 2.65000
vt -1.72500 2.65000
vt 1.63750 2.35000
vt 1.72500 2.35000
vt 1.72500 2.65000
vt 1.63750 2.65000
vt -11.00000 -1.72500
vt -7.37500 -1.72500
vt -7.37500 -1.63750
vt -11.00000 -1.63750
vt -11.00000 1.63750
vt -7.37500 1.63750
vt -7.37500 1.72500
vt -11.00000 1.72500
vt -11.00000 2.35000
vt -7.37500 2.35000
vt -7.37500 2.65000
vt -11.00000 2.65000
vt 7.37500 2.35000
vt 11.00000 2.35000
vt 11.00000 2.65000
vt 7.37500 2.65000
vt 7.37500 0.06250
vt 11.00000 0.06250
vt 11.00000 2.93750
vt 7.37500 2.93750
vt -1.72500 0.00000
vt -1.63750 0.00000
vt -1.63750 0.85000
vt -1.72500 0.85000
vt 1.63750 0.00000
vt 1.72500 0.00000
vt 1.72500 0.85000
vt 1.63750 0.85000
vt -5.62500 -1.72500
vt -0.87500 -1.72500
vt -0.87500 -1.63750
vt -5.62500 -1.63750
vt -5.62500 1.63750
vt -0.87500 1.63750
vt -0.87500 1.72500
vt -5.62500 1.72500
vt -5.62500 0.00000
vt -0.87500 0.00000
vt -0.87500 0.85000
vt -5.62500 0.85000
vt 0.87500 0.00000
vt 5.62500 0.00000
vt 5.62500 0.85000
vt 0.87500 0.85000
vt -2.76500 1.24000
vt -2.61500 1.24000
vt -2.61500 1.52000
vt -2.76500 1.52000
vt 2.61500 1.24000
vt 2.76500 1.24000
vt 2.76500 1.52000
vt 2.61500 1.52000
vt -9.00000 -2.76500
vt -1.40000 -2.76500
vt -1.40000 -2.61500
vt -9.00000 -2.61500
vt -9.00000 2.61500
vt -1.40000 2.61500
vt -1.40000 2.76500
vt -9.00000 2.76500
vt -9.00000 1.24000
vt -1.40000 1.24000
vt -1.40000 1.52000
vt -9.00000 1.52000
vt 1.40000 1.24000
vt 9.00000 1.24000
vt 9.00000 1.52000
vt 1.40000 1.52000
vt -2.76000 1.44000
vt -2.62000 1.44000
vt -2.62000 3.72000
vt -2.76000 3.72000
vt 2.62000 1.44000
vt 2.76000 1.44000
vt 2.76000 3.72000
vt 2.62000 3.72000
vt -9.00000 -2.76000
vt -8.68000 -2.76000
vt -8.68000 -2.62000
vt -9.00000 -2.62000
vt -9.00000 2.62000
vt -8.68000 2.62000
vt -8.68000 2.76000
vt -9.00000 2.76000
vt -9.00000 1.44000
vt -8.68000 1.44000
vt -8.68000 3.72000
vt -9.00000 3.72000
vt 8.68000 1.44000
vt 9.00000 1.44000
vt 9.00000 3.72000
vt 8.68000 3.72000
vt -2.76000 1.44000
vt -2.62000 1.44000
vt -2.62000 3.72000
vt -2.76000 3.72000
vt 2.62000 1.44000
vt 2.76000 1.44000
vt 2.76000 3.72000
vt 2.62000 3.72000
vt -5.36000 -2.76000
vt -5.04000 -2.76000
vt -5.04000 -2.62000
vt -5.36000 -2.62000
vt -5.36000 2.62000
vt -5.04000 2.62000
vt -5.04000 2.76000
vt -5.36000 2.76000
vt -5.36000 1.44000
vt -5.04000 1.44000
vt -5.04000 3.72000
vt -5.36000 3.72000
vt 5.04000 1.44000
vt 5.36000 1.44000
vt 5.36000 3.72000
vt 5.04000 3.72000
vt -2.76000 1.44000
vt -2.62000 1.44000
vt -2.62000 3.72000
vt -2.76000 3.72000
vt 2.62000 1.44000
vt 2.76000 1.44000
vt 2.76000 3.72000
vt 2.62000 3.72000
vt -1.72000 -2.76000
vt -1.40000 -2.76000
vt -1.40000 -2.62000
vt -1.72000 -2.62000
vt -1.72000 2.62000
vt -1.40000 2.62000
vt -1.40000 2.76000
vt -1.72000 2.76000
vt -1.72000 1.44000
vt -1.40000 1.44000
vt -1.40000 3.72000
vt -1.72000 3.72000
vt 1.40000 1.44000
vt 1.72000 1.44000
vt 1.72000 3.72000
vt 1.40000 3.72000
vt -1.37000 0.74000
vt -1.35000 0.74000
vt -1.35000 1.84000
vt -1.37000 1.84000
vt 1.35000 0.74000
vt 1.37000 0.74000
vt 1.37000 1.84000
vt 1.35000 1.84000
vt -4.34000 -1.37000
vt -2.68000 -1.37000
vt -2.68000 -1.35000
vt -4.34000 -1.35000
vt -4.34000 1.35000
vt -2.68000 1.35000
vt -2.68000 1.37000
vt -4.34000 1.37000
vt -4.34000 0.74000
vt -2.68000 0.74000
vt -2.68000 1.84000
vt -4.34000 1.84000
vt 2.68000 0.74000
vt 4.34000 0.74000
vt 4.34000 1.84000
vt 2.68000 1.84000
vt -4.50000 2.40000
vt -4.40000 2.40000
vt -4.40000 6.20000
vt -4.50000 6.20000
vt 4.40000 2.40000
vt 4.50000 2.40000
vt 4.50000 6.20000
vt 4.40000 6.20000
vt -14.53333 -4.50000
vt -8.86667 -4.50000
vt -8.86667 -4.40000
vt -14.53333 -4.40000
vt -14.53333 4.40000
vt -8.86667 4.40000
vt -8.86667 4.50000
vt -14.53333 4.50000
vt -1.37000 0.74000
vt -1.35000 0.74000
vt -1.35000 1.84000
vt -1.37000 1.84000
vt 1.35000 0.74000
vt 1.37000 0.74000
vt 1.37000 1.84000
vt 1.35000 1.84000
vt -2.52000 -1.37000
vt -0.86000 -1.37000
vt -0.86000 -1.35000
vt -2.52000 -1.35000
vt -2.52000 1.35000
vt -0.86000 1.35000
vt -0.86000 1.37000
vt -2.52000 1.37000
vt -2.52000 0.74000
vt -0.86000 0.74000
vt -0.86000 1.84000
vt -2.52000 1.84000
vt 0.86000 0.74000
vt 2.52000 0.74000
vt 2.52000 1.84000
vt 0.86000 1.84000
vt -4.50000 2.40000
vt -4.40000 2.40000
vt -4.40000 6.20000
vt -4.50000 6.20000
vt 4.40000 2.40000
vt 4.50000 2.40000
vt 4.50000 6.20000
vt 4.40000 6.20000
vt -8.46667 -4.50000
vt -2.80000 -4.50000
vt -2.80000 -4.40000
vt -8.46667 -4.40000
vt -8.46667 4.40000
vt -2.80000 4.40000
vt -2.80000 4.50000
vt -8.46667 4.50000
vt -1.72500 2.35000
vt -1.63750 2.35000
vt -1.63750 2.65000
vt -1.72500 2.65000
vt 1.63750 2.35000
vt 1.72500 2.35000
vt 1.72500 2.65000
vt 1.63750 2.65000
vt -5.62500 -1.72500
vt -0.87500 -1.72500
vt -0.87500 -1.63750
vt -5.62500 -1.63750
vt -5.62500 1.63750
vt -0.87500 1.63750
vt -0.87500 1.72500
vt -5.62500 1.72500
vt -5.62500 2.35000
vt -0.87500 2.35000
vt -0.87500 2.65000
vt -5.62500 2.65000
vt 0.87500 2.35000
vt 5.62500 2.35000
vt 5.62500 2.65000
vt 0.87500 2.65000
vt 0.87500 0.06250
vt 5.62500 0.06250
vt 5.62500 2.93750
vt 0.87500 2.93750
vt -1.72500 0.00000
vt -1.63750 0.00000
vt -1.63750 0.85000
vt -1.72500 0.85000
vt 1.63750 0.00000
vt 1.72500 0.00000
vt 1.72500 0.85000
vt 1.63750 0.85000
vt 0.87500 -1.72500
vt 5.62500 -1.72500
vt 5.62500 -1.63750
vt 0.87500 -1.63750
vt 0.87500 1.63750
vt 5.62500 1.63750
vt 5.62500 1.72500
vt 0.87500 1.72500
vt 0.87500 0.00000
vt 5.62500 0.00000
vt 5.62500 0.85000
vt 0.87500 0.85000
vt -5.62500 0.00000
vt -0.87500 0.00000
vt -0.87500 0.85000
vt -5.62500 0.85000
vt -2.76500 1.24000
vt -2.61500 1.24000
vt -2.61500 1.52000
vt -2.76500 1.52000
vt 2.61500 1.24000
vt 2.76500 1.24000
vt 2.76500 1.52000
vt 2.61500 1.52000
vt 1.40000 -2.76500
vt 9.00000 -2.76500
vt 9.00000 -2.61500
vt 1.40000 -2.61500
vt 1.40000 2.61500
vt 9.00000 2.61500
vt 9.00000 2.76500
vt 1.40000 2.76500
vt 1.40000 1.24000
vt 9.00000 1.24000
vt 9.00000 1.52000
vt 1.40000 1.52000
vt -9.00000 1.24000
vt -1.40000 1.24000
vt -1.40000 1.52000
vt -9.00000 1.52000
vt -2.76000 1.44000
vt -2.62000 1.44000
vt -2.62000 3.72000
vt -2.76000 3.72000
vt 2.62000 1.44000
vt 2.76000 1.44000
vt 2.76000 3.72000
vt 2.62000 3.72000
vt 1.40000 -2.76000
vt 1.72000 -2.76000
vt 1.72000 -2.62000
vt 1.40000 -2.62000
vt 1.40000 2.62000
vt 1.72000 2.62000
vt 1.72000 2.76000
vt 1.40000 2.76000
vt 1.40000 1.44000
vt 1.72000 1.44000
vt 1.72000 3.72000
vt 1.40000 3.72000
vt -1.72000 1.44000
vt -1.40000 1.44000
vt -1.40000 3.72000
vt -1.72000 3.72000
vt -2.76000 1.44000
vt -2.62000 1.44000
vt -2.62000 3.72000
vt -2.76000 3.72000
vt 2.62000 1.44000
vt 2.76000 1.44000
vt 2.76000 3.72000
vt 2.62000 3.72000
vt 5.04000 -2.76000
vt 5.36000 -2.76000
vt 5.36000 -2.62000
vt 5.04000 -2.62000
vt 5.04000 2.62000
vt 5.36000 2.62000
vt 5.36000 2.76000
vt 5.04000 2.76000
vt 5.04000 1.44000
vt 5.36000 1.44000
vt 5.36000 3.72000
vt 5.04000 3.72000
vt -5.36000 1.44000
vt -5.04000 1.44000
vt -5.04000 3.72000
vt -5.36000 3.72000
vt -2.76000 1.44000
vt -2.62000 1.44000
vt -2.62000 3.72000
vt -2.76000 3.72000
vt 2.62000 1.44000
vt 2.76000 1.44000
vt 2.76000 3.72000
vt 2.62000 3.72000
vt 8.68000 -2.76000
vt 9.00000 -2.76000
vt 9.00000 -2.62000
vt 8.68000 -2.62000
vt 8.68000 2.62000
vt 9.00000 2.62000
vt 9.00000 2.76000
vt 8.68000 2.76000
vt 8.68000 1.44000
vt 9.00000 1.44000
vt 9.00000 3.72000
vt 8.68000 3.72000
vt -9.00000 1.44000
vt -8.68000 1.44000
vt -8.68000 3.72000
vt -9.00000 3.72000
vt -1.37000 0.74000
vt -1.35000 0.74000
vt -1.35000 1.84000
vt -1.37000 1.84000
vt 1.35000 0.74000
vt 1.37000 0.74000
vt 1.37000 1.84000
vt 1.35000 1.84000
vt 0.86000 -1.37000
vt 2.52000 -1.37000
vt 2.52000 -1.35000
vt 0.86000 -1.35000
vt 0.86000 1.35000
vt 2.52000 1.35000
vt 2.52000 1.37000
vt 0.86000 1.37000
vt 0.86000 0.74000
vt 2.52000 0.74000
vt 2.52000 1.84000
vt 0.86000 1.84000
vt -2.52000 0.74000
vt -0.86000 0.74000
vt -0.86000 1.84000
vt -2.52000 1.84000
vt -4.50000 2.40000
vt -4.40000 2.40000
vt -4.40000 6.20000
vt -4.50000 6.20000
vt 4.40000 2.40000
vt 4.50000 2.40000
vt 4.50000 6.20000
vt 4.40000 6.20000
vt 2.80000 -4.50000
vt 8.46667 -4.50000
vt 8.46667 -4.40000
vt 2.80000 -4.40000
vt 2.80000 4.40000
vt 8.46667 4.40000
vt 8.46667 4.50000
vt 2.80000 4.50000
vt -1.37000 0.74000
vt -1.35000 0.74000
vt -1.35000 1.84000
vt -1.37000 1.84000
vt 1.35000 0.74000
vt 1.37000 0.74000
vt 1.37000 1.84000
vt 1.35000 1.84000
vt 2.68000 -1.37000
vt 4.34000 -1.37000
vt 4.34000 -1.35000
vt 2.68000 -1.35000
vt 2.68000 1.35000
vt 4.34000 1.35000
vt 4.34000 1.37000
vt 2.68000 1.37000
vt 2.68000 0.74000
vt 4.34000 0.74000
vt 4.34000 1.84000
vt 2.68000 1.84000
vt -4.34000 0.74000
vt -2.68000 0.74000
vt -2.68000 1.84000
vt -4.34000 1.84000
vt -4.50000 2.40000
vt -4.40000 2.40000
vt -4.40000 6.20000
vt -4.50000 6.20000
vt 4.40000 2.40000
vt 4.50000 2.40000
vt 4.50000 6.20000
vt 4.40000 6.20000
vt 8.86667 -4.50000
vt 14.53333 -4.50000
vt 14.53333 -4.40000
vt 8.86667 -4.40000
vt 8.86667 4.40000
vt 14.53333 4.40000
vt 14.53333 4.50000
vt 8.86667 4.50000
vt -1.72500 2.35000
vt -1.63750 2.35000
vt -1.63750 2.65000
vt -1.72500 2.65000
vt 1.63750 2.35000
vt 1.72500 2.35000
vt 1.72500 2.65000
vt 1.63750 2.65000
vt 0.87500 -1.72500
vt 5.62500 -1.72500
vt 5.62500 -1.63750
vt 0.87500 -1.63750
vt 0.87500 1.63750
vt 5.62500 1.63750
vt 5.62500 1.72500
vt 0.87500 1.72500
vt 0.87500 2.35000
vt 5.62500 2.35000
vt 5.62500 2.65000
vt 0.87500 2.65000
vt -5.62500 2.35000
vt -0.87500 2.35000
vt -0.87500 2.65000
vt -5.62500 2.65000
vt -5.62500 0.06250
vt -0.87500 0.06250
vt -0.87500 2.93750
vt -5.62500 2.93750
vt -1.72500 0.00000
vt -1.63750 0.00000
vt -1.63750 0.85000
vt -1.72500 0.85000
vt 1.63750 0.00000
vt 1.72500 0.00000
vt 1.72500 0.85000
vt 1.63750 0.85000
vt 7.37500 -1.72500
vt 11.00000 -1.72500
vt 11.00000 -1.63750
vt 7.37500 -1.63750
vt 7.37500 1.63750
vt 11.00000 1.63750
vt 11.00000 1.72500
vt 7.37500 1.72500
vt 7.37500 0.00000
vt 11.00000 0.00000
vt 11.00000 0.85000
vt 7.37500 0.85000
vt -11.00000 0.00000
vt -7.37500 0.00000
vt -7.37500 0.85000
vt -11.00000 0.85000
vt -2.76500 1.24000
vt -2.61500 1.24000
vt -2.61500 1.52000
vt -2.76500 1.52000
vt 2.61500 1.24000
vt 2.76500 1.24000
vt 2.76500 1.52000
vt 2.61500 1.52000
vt 11.80000 -2.76500
vt 17.60000 -2.76500
vt 17.60000 -2.61500
vt 11.80000 -2.61500
vt 11.80000 2.61500
vt 17.60000 2.61500
vt 17.60000 2.76500
vt 11.80000 2.76500
vt 11.80000 1.24000
vt 17.60000 1.24000
vt 17.60000 1.52000
vt 11.80000 1.52000
vt -17.60000 1.24000
vt -11.80000 1.24000
vt -11.80000 1.52000
vt -17.60000 1.52000
vt -2.76000 1.44000
vt -2.62000 1.44000
vt -2.62000 3.72000
vt -2.76000 3.72000
vt 2.62000 1.44000
vt 2.76000 1.44000
vt 2.76000 3.72000
vt 2.62000 3.72000
vt 11.80000 -2.76000
vt 12.12000 -2.76000
vt 12.12000 -2.62000
vt 11.80000 -2.62000
vt 11.80000 2.62000
vt 12.12000 2.62000
vt 12.12000 2.76000
vt 11.80000 2.76000
vt 11.80000 1.44000
vt 12.12000 1.44000
vt 12.12000 3.72000
vt 11.80000 3.72000
vt -12.12000 1.44000
vt -11.80000 1.44000
vt -11.80000 3.72000
vt -12.12000 3.72000
vt -2.76000 1.44000
vt -2.62000 1.44000
vt -2.62000 3.72000
vt -2.76000 3.72000
vt 2.62000 1.44000
vt 2.76000 1.44000
vt 2.76000 3.72000
vt 2.62000 3.72000
vt 14.54000 -2.76000
vt 14.86000 -2.76000
vt 14.86000 -2.62000
vt 14.54000 -2.62000
vt 14.54000 2.62000
vt 14.86000 2.62000
vt 14.86000 2.76000
vt 14.54000 2.76000
vt 14.54000 1.44000
vt 14.86000 1.44000
vt 14.86000 3.72000
vt 14.54000 3.72000
vt -14.86000 1.44000
vt -14.54000 1.44000
vt -14.54000 3.72000
vt -14.86000 3.72000
vt -2.76000 1.44000
vt -2.62000 1.44000
vt -2.62000 3.72000
vt -2.76000 3.72000
vt 2.62000 1.44000
vt 2.76000 1.44000
vt 2.76000 3.72000
vt 2.62000 3.72000
vt 17.28000 -2.76000
vt 17.60000 -2.76000
vt 17.60000 -2.62000
vt 17.28000 -2.62000
vt 17.28000 2.62000
vt 17.60000 2.62000
vt 17.60000 2.76000
vt 17.28000 2.76000
vt 17.28000 1.44000
vt 17.60000 1.44000
vt 17.60000 3.72000
vt 17.28000 3.72000
vt -17.60000 1.44000
vt -17.28000 1.44000
vt -17.28000 3.72000
vt -17.60000 3.72000
vt -1.37000 0.74000
vt -1.35000 0.74000
vt -1.35000 1.84000
vt -1.37000 1.84000
vt 1.35000 0.74000
vt 1.37000 0.74000
vt 1.37000 1.84000
vt 1.35000 1.84000
vt 6.06000 -1.37000
vt 7.27000 -1.37000
vt 7.27000 -1.35000
vt 6.06000 -1.35000
vt 6.06000 1.35000
vt 7.27000 1.35000
vt 7.27000 1.37000
vt 6.06000 1.37000
vt 6.06000 0.74000
vt 7.27000 0.74000
vt 7.27000 1.84000
vt 6.06000 1.84000
vt -7.27000 0.74000
vt -6.06000 0.74000
vt -6.06000 1.84000
vt -7.27000 1.84000
vt -4.50000 2.40000
vt -4.40000 2.40000
vt -4.40000 6.20000
vt -4.50000 6.20000
vt 4.40000 2.40000
vt 4.50000 2.40000
vt 4.50000 6.20000
vt 4.40000 6.20000
vt 20.13333 -4.50000
vt 24.30000 -4.50000
vt 24.30000 -4.40000
vt 20.13333 -4.40000
vt 20.13333 4.40000
vt 24.30000 4.40000
vt 24.30000 4.50000
vt 20.13333 4.50000
vt -1.37000 0.74000
vt -1.35000 0.74000
vt -1.35000 1.84000
vt -1.37000 1.84000
vt 1.35000 0.74000
vt 1.37000 0.74000
vt 1.37000 1.84000
vt 1.35000 1.84000
vt 7.43000 -1.37000
vt 8.64000 -1.37000
vt 8.64000 -1.35000
vt 7.43000 -1.35000
vt 7.43000 1.35000
vt 8.64000 1.35000
vt 8.64000 1.37000
vt 7.43000 1.37000
vt 7.43000 0.74000
vt 8.64000 0.74000
vt 8.64000 1.84000
vt 7.43000 1.84000
vt -8.64000 0.74000
vt -7.43000 0.74000
vt -7.43000 1.84000
vt -8.64000 1.84000
vt -4.50000 2.40000
vt -4.40000 2.40000
vt -4.40000 6.20000
vt -4.50000 6.20000
vt 4.40000 2.40000
vt 4.50000 2.40000
vt 4.50000 6.20000
vt 4.40000 6.20000
vt 24.70000 -4.50000
vt 28.86667 -4.50000
vt 28.86667 -4.40000
vt 24.70000 -4.40000
vt 24.70000 4.40000
vt 28.86667 4.40000
vt 28.86667 4.50000
vt 24.70000 4.50000
vt -1.72500 2.35000
vt -1.63750 2.35000
vt -1.63750 2.65000
vt -1.72500 2.65000
vt 1.63750 2.35000
vt 1.72500 2.35000
vt 1.72500 2.65000
vt 1.63750 2.65000
vt 7.37500 -1.72500
vt 11.00000 -1.72500
vt 11.00000 -1.63750
vt 7.37500 -1.63750
vt 7.37500 1.63750
vt 11.00000 1.63750
vt 11.00000 1.72500
vt 7.37500 1.72500
vt 7.37500 2.35000
vt 11.00000 2.35000
vt 11.00000 2.65000
vt 7.37500 2.65000
vt -11.00000 2.35000
vt -7.37500 2.35000
vt -7.37500 2.65000
vt -11.00000 2.65000
vt -11.00000 0.06250
vt -7.37500 0.06250
vt -7.37500 2.93750
vt -11.00000 2.93750
vt -4.61667 0.16667
vt -4.31667 0.16667
vt -4.31667 7.16667
vt -4.61667 7.16667
vt 4.31667 0.16667
vt 4.61667 0.16667
vt 4.61667 7.16667
vt 4.31667 7.16667
vt -19.71667 -4.61667
vt -19.61667 -4.61667
vt -19.61667 -4.31667
vt -19.71667 -4.31667
vt -19.71667 4.31667
vt -19.61667 4.31667
vt -19.61667 4.61667
vt -19.71667 4.61667
vt -19.71667 0.16667
vt -19.61667 0.16667
vt -19.61667 7.16667
vt -19.71667 7.16667
vt 19.61667 0.16667
vt 19.71667 0.16667
vt 19.71667 7.16667
vt 19.61667 7.16667
vt -4.61667 0.16667
vt -4.31667 0.16667
vt -4.31667 7.16667
vt -4.61667 7.16667
vt 4.31667 0.16667
vt 4.61667 0.16667
vt 4.61667 7.16667
vt 4.31667 7.16667
vt -15.05000 -4.61667
vt -14.95000 -4.61667
vt -14.95000 -4.31667
vt -15.05000 -4.31667
vt -15.05000 4.31667
vt -14.95000 4.31667
vt -14.95000 4.61667
vt -15.05000 4.61667
vt -15.05000 0.16667
vt -14.95000 0.16667
vt -14.95000 7.16667
vt -15.05000 7.16667
vt 14.95000 0.16667
vt 15.05000 0.16667
vt 15.05000 7.16667
vt 14.95000 7.16667
vt -4.61667 6.86667
vt -4.31667 6.86667
vt -4.31667 7.53333
vt -4.61667 7.53333
vt 4.31667 6.86667
vt 4.61667 6.86667
vt 4.61667 7.53333
vt 4.31667 7.53333
vt -19.70000 -4.61667
vt -14.96667 -4.61667
vt -14.96667 -4.31667
vt -19.70000 -4.31667
vt -19.70000 4.31667
vt -14.96667 4.31667
vt -14.96667 4.61667
vt -19.70000 4.61667
vt -19.70000 6.86667
vt -14.96667 6.86667
vt -14.96667 7.53333
vt -19.70000 7.53333
vt 14.96667 6.86667
vt 19.70000 6.86667
vt 19.70000 7.53333
vt 14.96667 7.53333
vt -4.66667 -0.01667
vt -3.86667 -0.01667
vt -3.86667 0.15000
vt -4.66667 0.15000
vt 3.86667 -0.01667
vt 4.66667 -0.01667
vt 4.66667 0.15000
vt 3.86667 0.15000
vt -19.70000 -4.66667
vt -14.96667 -4.66667
vt -14.96667 -3.86667
vt -19.70000 -3.86667
vt -19.70000 3.86667
vt -14.96667 3.86667
vt -14.96667 4.66667
vt -19.70000 4.66667
vt -19.70000 -0.01667
vt -14.96667 -0.01667
vt -14.96667 0.15000
vt -19.70000 0.15000
vt 14.96667 -0.01667
vt 19.70000 -0.01667
vt 19.70000 0.15000
vt 14.96667 0.15000
vt -6.95000 0.17500
vt -6.65000 0.17500
vt -6.65000 0.27500
vt -6.95000 0.27500
vt 6.65000 0.17500
vt 6.95000 0.17500
vt 6.95000 0.27500
vt 6.65000 0.27500
vt -29.45000 -6.95000
vt -22.55000 -6.95000
vt -22.55000 -6.65000
vt -29.45000 -6.65000
vt -29.45000 6.65000
vt -22.55000 6.65000
vt -22.55000 6.95000
vt -29.45000 6.95000
vt -29.45000 0.17500
vt -22.55000 0.17500
vt -22.55000 0.27500
vt -29.45000 0.27500
vt 22.55000 0.17500
vt 29.45000 0.17500
vt 29.45000 0.27500
vt 22.55000 0.27500
vt -4.61667 0.16667
vt -4.31667 0.16667
vt -4.31667 7.16667
vt -4.61667 7.16667
vt 4.31667 0.16667
vt 4.61667 0.16667
vt 4.61667 7.16667
vt 4.31667 7.16667
vt -2.38333 -4.61667
vt -2.28333 -4.61667
vt -2.28333 -4.31667
vt -2.38333 -4.31667
vt -2.38333 4.31667
vt -2.28333 4.31667
vt -2.28333 4.61667
vt -2.38333 4.61667
vt -2.38333 0.16667
vt -2.28333 0.16667
vt -2.28333 7.16667
vt -2.38333 7.16667
vt 2.28333 0.16667
vt 2.38333 0.16667
vt 2.38333 7.16667
vt 2.28333 7.16667
vt -4.61667 0.16667
vt -4.31667 0.16667
vt -4.31667 7.16667
vt -4.61667 7.16667
vt 4.31667 0.16667
vt 4.61667 0.16667
vt 4.61667 7.16667
vt 4.31667 7.16667
vt 2.28333 -4.61667
vt 2.38333 -4.61667
vt 2.38333 -4.31667
vt 2.28333 -4.31667
vt 2.28333 4.31667
vt 2.38333 4.31667
vt 2.38333 4.61667
vt 2.28333 4.61667
vt 2.28333 0.16667
vt 2.38333 0.16667
vt 2.38333 7.16667
vt 2.28333 7.16667
vt -2.38333 0.16667
vt -2.28333 0.16667
vt -2.28333 7.16667
vt -2.38333 7.16667
vt -4.61667 6.86667
vt -4.31667 6.86667
vt -4.31667 7.53333
vt -4.61667 7.53333
vt 4.31667 6.86667
vt 4.61667 6.86667
vt 4.61667 7.53333
vt 4.31667 7.53333
vt -2.36667 -4.61667
vt 2.36667 -4.61667
vt 2.36667 -4.31667
vt -2.36667 -4.31667
vt -2.36667 4.31667
vt 2.36667 4.31667
vt 2.36667 4.61667
vt -2.36667 4.61667
vt -2.36667 6.86667
vt 2.36667 6.86667
vt 2.36667 7.53333
vt -2.36667 7.53333
vt -2.36667 6.86667
vt 2.36667 6.86667
vt 2.36667 7.53333
vt -2.36667 7.53333
vt -4.66667 -0.01667
vt -3.86667 -0.01667
vt -3.86667 0.15000
vt -4.66667 0.15000
vt 3.86667 -0.01667
vt 4.66667 -0.01667
vt 4.66667 0.15000
vt 3.86667 0.15000
vt -2.36667 -4.66667
vt 2.36667 -4.66667
vt 2.36667 -3.86667
vt -2.36667 -3.86667
vt -2.36667 3.86667
vt 2.36667 3.86667
vt 2.36667 4.66667
vt -2.36667 4.66667
vt -2.36667 -0.01667
vt 2.36667 -0.01667
vt 2.36667 0.15000
vt -2.36667 0.15000
vt -2.36667 -0.01667
vt 2.36667 -0.01667
vt 2.36667 0.15000
vt -2.36667 0.15000
vt -6.95000 0.17500
vt -6.65000 0.17500
vt -6.65000 0.27500
vt -6.95000 0.27500
vt 6.65000 0.17500
vt 6.95000 0.17500
vt 6.95000 0.27500
vt 6.65000 0.27500
vt -3.45000 -6.95000
vt 3.45000 -6.95000
vt 3.45000 -6.65000
vt -3.45000 -6.65000
vt -3.45000 6.65000
vt 3.45000 6.65000
vt 3.45000 6.95000
vt -3.45000 6.95000
vt -3.45000 0.17500
vt 3.45000 0.17500
vt 3.45000 0.27500
vt -3.45000 0.27500
vt -3.45000 0.17500
vt 3.45000 0.17500
vt 3.45000 0.27500
vt -3.45000 0.27500
vt -4.61667 0.16667
vt -4.31667 0.16667
vt -4.31667 7.16667
vt -4.61667 7.16667
vt 4.31667 0.16667
vt 4.61667 0.16667
vt 4.61667 7.16667
vt 4.31667 7.16667
vt 14.95000 -4.61667
vt 15.05000 -4.61667
vt 15.05000 -4.31667
vt 14.95000 -4.31667
vt 14.95000 4.31667
vt 15.05000 4.31667
vt 15.05000 4.61667
vt 14.95000 4.61667
vt 14.95000 0.16667
vt 15.05000 0.16667
vt 15.05000 7.16667
vt 14.95000 7.16667
vt -15.05000 0.16667
vt -14.95000 0.16667
vt -14.95000 7.16667
vt -15.05000 7.16667
vt -4.61667 0.16667
vt -4.31667 0.16667
vt -4.31667 7.16667
vt -4.61667 7.16667
vt 4.31667 0.16667
vt 4.61667 0.16667
vt 4.61667 7.16667
vt 4.31667 7.16667
vt 19.61667 -4.61667
vt 19.71667 -4.61667
vt 19.71667 -4.31667
vt 19.61667 -4.31667
vt 19.61667 4.31667
vt 19.71667 4.31667
vt 19.71667 4.61667
vt 19.61667 4.61667
vt 19.61667 0.16667
vt 19.71667 0.16667
vt 19.71667 7.16667
vt 19.61667 7.16667
vt -19.71667 0.16667
vt -19.61667 0.16667
vt -19.61667 7.16667
vt -19.71667 7.16667
vt -4.61667 6.86667
vt -4.31667 6.86667
vt -4.31667 7.53333
vt -4.61667 7.53333
vt 4.31667 6.86667
vt 4.61667 6.86667
vt 4.61667 7.53333
vt 4.31667 7.53333
vt 14.96667 -4.61667
vt 19.70000 -4.61667
vt 19.70000 -4.31667
vt 14.96667 -4.31667
vt 14.96667 4.31667
vt 19.70000 4.31667
vt 19.70000 4.61667
vt 14.96667 4.61667
vt 14.96667 6.86667
vt 19.70000 6.86667
vt 19.70000 7.53333
vt 14.96667 7.53333
vt -19.70000 6.86667
vt -14.96667 6.86667
vt -14.96667 7.53333
vt -19.70000 7.53333
vt -4.66667 -0.01667
vt -3.86667 -0.01667
vt -3.86667 0.15000
vt -4.66667 0.15000
vt 3.86667 -0.01667
vt 4.66667 -0.01667
vt 4.66667 0.15000
vt 3.86667 0.15000
vt 14.96667 -4.66667
vt 19.70000 -4.66667
vt 19.70000 -3.86667
vt 14.96667 -3.86667
vt 14.96667 3.86667
vt 19.70000 3.86667
vt 19.70000 4.66667
vt 14.96667 4.66667
vt 14.96667 -0.01667
vt 19.70000 -0.01667
vt 19.70000 0.15000
vt 14.96667 0.15000
vt -19.70000 -0.01667
vt -14.96667 -0.01667
vt -14.96667 0.15000
vt -19.70000 0.15000
vt -6.95000 0.17500
vt -6.65000 0.17500
vt -6.65000 0.27500
vt -6.95000 0.27500
vt 6.65000 0.17500
vt 6.95000 0.17500
vt 6.95000 0.27500
vt 6.65000 0.27500
vt 22.55000 -6.95000
vt 29.45000 -6.95000
vt 29.45000 -6.65000
vt 22.55000 -6.65000
vt 22.55000 6.65000
vt 29.45000 6.65000
vt 29.45000 6.95000
vt 22.55000 6.95000
vt 22.55000 0.17500
vt 29.45000 0.17500
vt 29.45000 0.27500
vt 22.55000 0.27500
vt -29.45000 0.17500
vt -22.55000 0.17500
vt -22.55000 0.27500
vt -29.45000 0.27500
vt -7.33333 0.40000
vt 7.33333 0.40000
vt 7.33333 0.00000
vt -7.33333 0.00000
vt -7.33333 0.40000
vt 7.33333 0.40000
vt 7.33333 0.00000
vt -7.33333 0.00000
vt -7.33333 0.40000
vt 7.33333 0.40000
vt 7.33333 0.00000
vt -7.33333 0.00000
vt -7.33333 0.40000
vt 7.33333 0.40000
vt 7.33333 0.00000
vt -7.33333 0.00000
vt -7.33333 0.40000
vt 7.33333 0.40000
vt 7.33333 0.00000
vt -7.33333 0.00000
vt -7.33333 0.40000
vt 7.33333 0.40000
vt 7.33333 0.00000
vt -7.33333 0.00000
vt -7.33333 0.40000
vt 7.33333 0.40000
vt 7.33333 0.00000
vt -7.33333 0.00000
vt -7.33333 0.40000
vt 7.33333 0.40000
vt 7.33333 0.00000
vt -7.33333 0.00000
vt -7.33333 0.40000
vt 7.33333 0.40000
vt 7.33333 0.00000
vt -7.33333 0.00000
vt -7.33333 0.40000
vt 7.33333 0.40000
vt 7.33333 0.00000
vt -7.33333 0.00000
vt 3.40000 5.15000
vt 3.55000 5.15000
vt 3.55000 5.30000
vt 3.40000 5.30000
vt -3.55000 5.15000
vt -3.40000 5.15000
vt -3.40000 5.30000
vt -3.55000 5.30000
vt -22.00000 3.40000
vt 22.00000 3.40000
vt 22.00000 3.55000
vt -22.00000 3.55000
vt -22.00000 -3.55000
vt 22.00000 -3.55000
vt 22.00000 -3.40000
vt -22.00000 -3.40000
vt -22.00000 5.15000
vt 22.00000 5.15000
vt 22.00000 5.30000
vt -22.00000 5.30000
vt -22.00000 5.15000
vt 22.00000 5.15000
vt 22.00000 5.30000
vt -22.00000 5.30000
vt -7.33333 0.00000
vt 7.33333 0.00000
vt 7.33333 0.40000
vt -7.33333 0.40000
vt -7.33333 0.00000
vt 7.33333 0.00000
vt 7.33333 0.40000
vt -7.33333 0.40000
vt -7.33333 0.00000
vt 7.33333 0.00000
vt 7.33333 0.40000
vt -7.33333 0.40000
vt -7.33333 0.00000
vt 7.33333 0.00000
vt 7.33333 0.40000
vt -7.33333 0.40000
vt -7.33333 0.00000
vt 7.33333 0.00000
vt 7.33333 0.40000
vt -7.33333 0.40000
vt -7.33333 0.00000
vt 7.33333 0.00000
vt 7.33333 0.40000
vt -7.33333 0.40000
vt -7.33333 0.00000
vt 7.33333 0.00000
vt 7.33333 0.40000
vt -7.33333 0.40000
vt -7.33333 0.00000
vt 7.33333 0.00000
vt 7.33333 0.40000
vt -7.33333 0.40000
vt -7.33333 0.00000
vt 7.33333 0.00000
vt 7.33333 0.40000
vt -7.33333 0.40000
vt -7.33333 0.00000
vt 7.33333 0.00000
vt 7.33333 0.40000
vt -7.33333 0.40000
vt -3.55000 5.15000
vt -3.40000 5.15000
vt -3.40000 5.30000
vt -3.55000 5.30000
vt 3.40000 5.15000
vt 3.55000 5.15000
vt 3.55000 5.30000
vt 3.40000 5.30000
vt -22.00000 -3.55000
vt 22.00000 -3.55000
vt 22.00000 -3.40000
vt -22.00000 -3.40000
vt -22.00000 3.40000
vt 22.00000 3.40000
vt 22.00000 3.55000
vt -22.00000 3.55000
vt -22.00000 5.15000
vt 22.00000 5.15000
vt 22.00000 5.30000
vt -22.00000 5.30000
vt -22.00000 5.15000
vt 22.00000 5.15000
vt 22.00000 5.30000
vt -22.00000 5.30000
vt -0.24000 -1.46000
vt 0.24000 -1.46000
vt 0.24000 1.46000
vt -0.24000 1.46000
vt -0.24000 1.46000
vt 0.24000 1.46000
vt 0.24000 -1.46000
vt -0.24000 -1.46000
vt -2.56000 1.46000
vt 2.56000 1.46000
vt 2.56000 -1.46000
vt -2.56000 -1.46000
vt -2.56000 -1.46000
vt 2.56000 -1.46000
vt 2.56000 1.46000
vt -2.56000 1.46000
vt -2.56000 -0.24000
vt 2.56000 -0.24000
vt 2.56000 0.24000
vt -2.56000 0.24000
vt -2.56000 0.24000
vt 2.56000 0.24000
vt 2.56000 -0.24000
vt -2.56000 -0.24000
vt 0.00000 0.00000
vt 5.20000 0.00000
vt 5.20000 0.04000
vt 0.00000 0.04000
vt 0.00000 0.00000
vt 5.20000 0.00000
vt 5.20000 0.04000
vt 0.00000 0.04000
vt 0.00000 0.00000
vt 5.20000 0.00000
vt 5.20000 0.04000
vt 0.00000 0.04000
vt 0.00000 0.00000
vt 5.20000 0.00000
vt 5.20000 0.04000
vt 0.00000 0.04000
vt 0.00000 0.00000
vt 0.56000 0.00000
vt 0.56000 0.04000
vt 0.00000 0.04000
vt 0.00000 0.00000
vt 0.56000 0.00000
vt 0.56000 0.04000
vt 0.00000 0.04000
vt 0.00000 0.00000
vt 0.56000 0.00000
vt 0.56000 0.04000
vt 0.00000 0.04000
vt 0.00000 0.00000
vt 0.56000 0.00000
vt 0.56000 0.04000
vt 0.00000 0.04000
vt 0.00000 0.00000
vt 3.00000 0.00000
vt 3.00000 0.04000
vt 0.00000 0.04000
vt 0.00000 0.00000
vt 3.00000 0.00000
vt 3.00000 0.04000
vt 0.00000 0.04000
vt 0.00000 0.00000
vt 3.00000 0.00000
vt 3.00000 0.04000
vt 0.00000 0.04000
vt 0.00000 0.00000
vt 3.00000 0.00000
vt 3.00000 0.04000
vt 0.00000 0.04000
vt 0.00000 0.00000
vt 0.04000 0.00000
vt 0.00000 0.04000
vt 0.00000 0.00000
vt 0.04000 0.00000
vt 0.00000 0.04000
vt 0.00000 0.00000
vt 0.04000 0.00000
vt 0.00000 0.04000
vt 0.00000 0.00000
vt 0.04000 0.00000
vt 0.00000 0.04000
vt 0.00000 0.00000
vt 0.04000 0.00000
vt 0.00000 0.04000
vt 0.00000 0.00000
vt 0.04000 0.00000
vt 0.00000 0.04000
vt 0.00000 0.00000
vt 0.04000 0.00000
vt 0.00000 0.04000
vt 0.00000 0.00000
vt 0.04000 0.00000
vt 0.00000 0.04000
vt -7.62000 28.30000
vt -7.50000 28.30000
vt -7.50000 30.30000
vt -7.62000 30.30000
vt 7.50000 28.30000
vt 7.62000 28.30000
vt 7.62000 30.30000
vt 7.50000 30.30000
vt -68.30000 -7.62000
vt -67.30000 -7.62000
vt -67.30000 -7.50000
vt -68.30000 -7.50000
vt -68.30000 7.50000
vt -67.30000 7.50000
vt -67.30000 7.62000
vt -68.30000 7.62000
vt -68.30000 28.30000
vt -67.30000 28.30000
vt -67.30000 30.30000
vt -68.30000 30.30000
vt 67.30000 28.30000
vt 68.30000 28.30000
vt 68.30000 30.30000
vt 67.30000 30.30000
vt -7.62000 28.30000
vt -7.50000 28.30000
vt -7.50000 30.30000
vt -7.62000 30.30000
vt 7.50000 28.30000
vt 7.62000 28.30000
vt 7.62000 30.30000
vt 7.50000 30.30000
vt -66.10000 -7.62000
vt -65.10000 -7.62000
vt -65.10000 -7.50000
vt -66.10000 -7.50000
vt -66.10000 7.50000
vt -65.10000 7.50000
vt -65.10000 7.62000
vt -66.10000 7.62000
vt -66.10000 28.30000
vt -65.10000 28.30000
vt -65.10000 30.30000
vt -66.10000 30.30000
vt 65.10000 28.30000
vt 66.10000 28.30000
vt 66.10000 30.30000
vt 65.10000 30.30000
vt -7.62000 28.30000
vt -7.50000 28.30000
vt -7.50000 30.30000
vt -7.62000 30.30000
vt 7.50000 28.30000
vt 7.62000 28.30000
vt 7.62000 30.30000
vt 7.50000 30.30000
vt -63.90000 -7.62000
vt -62.90000 -7.62000
vt -62.90000 -7.50000
vt -63.90000 -7.50000
vt -63.90000 7.50000
vt -62.90000 7.50000
vt -62.90000 7.62000
vt -63.90000 7.62000
vt -63.90000 28.30000
vt -62.90000 28.30000
vt -62.90000 30.30000
vt -63.90000 30.30000
vt 62.90000 28.30000
vt 63.90000 28.30000
vt 63.90000 30.30000
vt 62.90000 30.30000
vt -7.62000 28.30000
vt -7.50000 28.30000
vt -7.50000 30.30000
vt -7.62000 30.30000
vt 7.50000 28.30000
vt 7.62000 28.30000
vt 7.62000 30.30000
vt 7.50000 30.30000
vt -61.70000 -7.62000
vt -60.70000 -7.62000
vt -60.70000 -7.50000
vt -61.70000 -7.50000
vt -61.70000 7.50000
vt -60.70000 7.50000
vt -60.70000 7.62000
vt -61.70000 7.62000
vt -61.70000 28.30000
vt -60.70000 28.30000
vt -60.70000 30.30000
vt -61.70000 30.30000
vt 60.70000 28.30000
vt 61.70000 28.30000
vt 61.70000 30.30000
vt 60.70000 30.30000
vt -7.62000 28.30000
vt -7.50000 28.30000
vt -7.50000 30.30000
vt -7.62000 30.30000
vt 7.50000 28.30000
vt 7.62000 28.30000
vt 7.62000 30.30000
vt 7.50000 30.30000
vt -59.50000 -7.62000
vt -58.50000 -7.62000
vt -58.50000 -7.50000
vt -59.50000 -7.50000
vt -59.50000 7.50000
vt -58.50000 7.50000
vt -58.50000 7.62000
vt -59.50000 7.62000
vt -59.50000 28.30000
vt -58.50000 28.30000
vt -58.50000 30.30000
vt -59.50000 30.30000
vt 58.50000 28.30000
vt 59.50000 28.30000
vt 59.50000 30.30000
vt 58.50000 30.30000
vt -7.62000 28.30000
vt -7.50000 28.30000
vt -7.50000 30.30000
vt -7.62000 30.30000
vt 7.50000 28.30000
vt 7.62000 28.30000
vt 7.62000 30.30000
vt 7.50000 30.30000
vt -57.30000 -7.62000
vt -56.30000 -7.62000
vt -56.30000 -7.50000
vt -57.30000 -7.50000
vt -57.30000 7.50000
vt -56.30000 7.50000
vt -56.30000 7.62000
vt -57.30000 7.62000
vt -57.30000 28.30000
vt -56.30000 28.30000
vt -56.30000 30.30000
vt -57.30000 30.30000
vt 56.30000 28.30000
vt 57.30000 28.30000
vt 57.30000 30.30000
vt 56.30000 30.30000
vt -7.62000 28.30000
vt -7.50000 28.30000
vt -7.50000 30.30000
vt -7.62000 30.30000
vt 7.50000 28.30000
vt 7.62000 28.30000
vt 7.62000 30.30000
vt 7.50000 30.30000
vt -55.10000 -7.62000
vt -54.10000 -7.62000
vt -54.10000 -7.50000
vt -55.10000 -7.50000
vt -55.10000 7.50000
vt -54.10000 7.50000
vt -54.10000 7.62000
vt -55.10000 7.62000
vt -55.10000 28.30000
vt -54.10000 28.30000
vt -54.10000 30.30000
vt -55.10000 30.30000
vt 54.10000 28.30000
vt 55.10000 28.30000
vt 55.10000 30.30000
vt 54.10000 30.30000
vt -7.62000 28.30000
vt -7.50000 28.30000
vt -7.50000 30.30000
vt -7.62000 30.30000
vt 7.50000 28.30000
vt 7.62000 28.30000
vt 7.62000 30.30000
vt 7.50000 30.30000
vt -52.90000 -7.62000
vt -51.90000 -7.62000
vt -51.90000 -7.50000
vt -52.90000 -7.50000
vt -52.90000 7.50000
vt -51.90000 7.50000
vt -51.90000 7.62000
vt -52.90000 7.62000
vt -52.90000 28.30000
vt -51.90000 28.30000
vt -51.90000 30.30000
vt -52.90000 30.30000
vt 51.90000 28.30000
vt 52.90000 28.30000
vt 52.90000 30.30000
vt 51.90000 30.30000
vt -7.62000 28.30000
vt -7.50000 28.30000
vt -7.50000 30.30000
vt -7.62000 30.30000
vt 7.50000 28.30000
vt 7.62000 28.30000
vt 7.62000 30.30000
vt 7.50000 30.30000
vt -50.70000 -7.62000
vt -49.70000 -7.62000
vt -49.70000 -7.50000
vt -50.70000 -7.50000
vt -50.70000 7.50000
vt -49.70000 7.50000
vt -49.70000 7.62000
vt -50.70000 7.62000
vt -50.70000 28.30000
vt -49.70000 28.30000
vt -49.70000 30.30000
vt -50.70000 30.30000
vt 49.70000 28.30000
vt 50.70000 28.30000
vt 50.70000 30.30000
vt 49.70000 30.30000
vt -7.62000 28.30000
vt -7.50000 28.30000
vt -7.50000 30.30000
vt -7.62000 30.30000
vt 7.50000 28.30000
vt 7.62000 28.30000
vt 7.62000 30.30000
vt 7.50000 30.30000
vt -48.50000 -7.62000
vt -47.50000 -7.62000
vt -47.50000 -7.50000
vt -48.50000 -7.50000
vt -48.50000 7.50000
vt -47.50000 7.50000
vt -47.50000 7.62000
vt -48.50000 7.62000
vt -48.50000 28.30000
vt -47.50000 28.30000
vt -47.50000 30.30000
vt -48.50000 30.30000
vt 47.50000 28.30000
vt 48.50000 28.30000
vt 48.50000 30.30000
vt 47.50000 30.30000
vt -7.62000 28.30000
vt -7.50000 28.30000
vt -7.50000 30.30000
vt -7.62000 30.30000
vt 7.50000 28.30000
vt 7.62000 28.30000
vt 7.62000 30.30000
vt 7.50000 30.30000
vt -46.30000 -7.62000
vt -45.30000 -7.62000
vt -45.30000 -7.50000
vt -46.30000 -7.50000
vt -46.30000 7.50000
vt -45.30000 7.50000
vt -45.30000 7.62000
vt -46.30000 7.62000
vt -46.30000 28.30000
vt -45.30000 28.30000
vt -45.30000 30.30000
vt -46.30000 30.30000
vt 45.30000 28.30000
vt 46.30000 28.30000
vt 46.30000 30.30000
vt 45.30000 30.30000
vt -0.28000 -1.66000
vt 0.28000 -1.66000
vt 0.28000 1.66000
vt -0.28000 1.66000
vt -0.28000 1.66000
vt 0.28000 1.66000
vt 0.28000 -1.66000
vt -0.28000 -1.66000
vt -3.16000 1.66000
vt 3.16000 1.66000
vt 3.16000 -1.66000
vt -3.16000 -1.66000
vt -3.16000 -1.66000
vt 3.16000 -1.66000
vt 3.16000 1.66000
vt -3.16000 1.66000
vt -3.16000 -0.28000
vt 3.16000 -0.28000
vt 3.16000 0.28000
vt -3.16000 0.28000
vt -3.16000 0.28000
vt 3.16000 0.28000
vt 3.16000 -0.28000
vt -3.16000 -0.28000
vt 0.00000 0.00000
vt 6.40000 0.00000
vt 6.40000 0.04000
vt 0.00000 0.04000
vt 0.00000 0.00000
vt 6.40000 0.00000
vt 6.40000 0.04000
vt 0.00000 0.04000
vt 0.00000 0.00000
vt 6.40000 0.00000
vt 6.40000 0.04000
vt 0.00000 0.04000
vt 0.00000 0.00000
vt 6.40000 0.00000
vt 6.40000 0.04000
vt 0.00000 0.04000
vt 0.00000 0.00000
vt 0.64000 0.00000
vt 0.64000 0.04000
vt 0.00000 0.04000
vt 0.00000 0.00000
vt 0.64000 0.00000
vt 0.64000 0.04000
vt 0.00000 0.04000
vt 0.00000 0.00000
vt 0.64000 0.00000
vt 0.64000 0.04000
vt 0.00000 0.04000
vt 0.00000 0.00000
vt 0.64000 0.00000
vt 0.64000 0.04000
vt 0.00000 0.04000
vt 0.00000 0.00000
vt 3.40000 0.00000
vt 3.40000 0.04000
vt 0.00000 0.04000
vt 0.00000 0.00000
vt 3.40000 0.00000
vt 3.40000 0.04000
vt 0.00000 0.04000
vt 0.00000 0.00000
vt 3.40000 0.00000
vt 3.40000 0.04000
vt 0.00000 0.04000
vt 0.00000 0.00000
vt 3.40000 0.00000
vt 3.40000 0.04000
vt 0.00000 0.04000
vt 0.00000 0.00000
vt 0.04000 0.00000
vt 0.00000 0.04000
vt 0.00000 0.00000
vt 0.04000 0.00000
vt 0.00000 0.04000
vt 0.00000 0.00000
vt 0.04000 0.00000
vt 0.00000 0.04000
vt 0.00000 0.00000
vt 0.04000 0.00000
vt 0.00000 0.04000
vt 0.00000 0.00000
vt 0.04000 0.00000
vt 0.00000 0.04000
vt 0.00000 0.00000
vt 0.04000 0.00000
vt 0.00000 0.04000
vt 0.00000 0.00000
vt 0.04000 0.00000
vt 0.00000 0.04000
vt 0.00000 0.00000
vt 0.04000 0.00000
vt 0.00000 0.04000
vt -8.62000 28.30000
vt -8.50000 28.30000
vt -8.50000 30.70000
vt -8.62000 30.70000
vt 8.50000 28.30000
vt 8.62000 28.30000
vt 8.62000 30.70000
vt 8.50000 30.70000
vt -11.30000 -8.62000
vt -10.30000 -8.62000
vt -10.30000 -8.50000
vt -11.30000 -8.50000
vt -11.30000 8.50000
vt -10.30000 8.50000
vt -10.30000 8.62000
vt -11.30000 8.62000
vt -11.30000 28.30000
vt -10.30000 28.30000
vt -10.30000 30.70000
vt -11.30000 30.70000
vt 10.30000 28.30000
vt 11.30000 28.30000
vt 11.30000 30.70000
vt 10.30000 30.70000
vt -8.62000 28.30000
vt -8.50000 28.30000
vt -8.50000 30.70000
vt -8.62000 30.70000
vt 8.50000 28.30000
vt 8.62000 28.30000
vt 8.62000 30.70000
vt 8.50000 30.70000
vt -9.10000 -8.62000
vt -8.10000 -8.62000
vt -8.10000 -8.50000
vt -9.10000 -8.50000
vt -9.10000 8.50000
vt -8.10000 8.50000
vt -8.10000 8.62000
vt -9.10000 8.62000
vt -9.10000 28.30000
vt -8.10000 28.30000
vt -8.10000 30.70000
vt -9.10000 30.70000
vt 8.10000 28.30000
vt 9.10000 28.30000
vt 9.10000 30.70000
vt 8.10000 30.70000
vt -8.62000 28.30000
vt -8.50000 28.30000
vt -8.50000 30.70000
vt -8.62000 30.70000
vt 8.50000 28.30000
vt 8.62000 28.30000
vt 8.62000 30.70000
vt 8.50000 30.70000
vt -6.90000 -8.62000
vt -5.90000 -8.62000
vt -5.90000 -8.50000
vt -6.90000 -8.50000
vt -6.90000 8.50000
vt -5.90000 8.50000
vt -5.90000 8.62000
vt -6.90000 8.62000
vt -6.90000 28.30000
vt -5.90000 28.30000
vt -5.90000 30.70000
vt -6.90000 30.70000
vt 5.90000 28.30000
vt 6.90000 28.30000
vt 6.90000 30.70000
vt 5.90000 30.70000
vt -8.62000 28.30000
vt -8.50000 28.30000
vt -8.50000 30.70000
vt -8.62000 30.70000
vt 8.50000 28.30000
vt 8.62000 28.30000
vt 8.62000 30.70000
vt 8.50000 30.70000
vt -4.70000 -8.62000
vt -3.70000 -8.62000
vt -3.70000 -8.50000
vt -4.70000 -8.50000
vt -4.70000 8.50000
vt -3.70000 8.50000
vt -3.70000 8.62000
vt -4.70000 8.62000
vt -4.70000 28.30000
vt -3.70000 28.30000
vt -3.70000 30.70000
vt -4.70000 30.70000
vt 3.70000 28.30000
vt 4.70000 28.30000
vt 4.70000 30.70000
vt 3.70000 30.70000
vt -8.62000 28.30000
vt -8.50000 28.30000
vt -8.50000 30.70000
vt -8.62000 30.70000
vt 8.50000 28.30000
vt 8.62000 28.30000
vt 8.62000 30.70000
vt 8.50000 30.70000
vt -2.50000 -8.62000
vt -1.50000 -8.62000
vt -1.50000 -8.50000
vt -2.50000 -8.50000
vt -2.50000 8.50000
vt -1.50000 8.50000
vt -1.50000 8.62000
vt -2.50000 8.62000
vt -2.50000 28.30000
vt -1.50000 28.30000
vt -1.50000 30.70000
vt -2.50000 30.70000
vt 1.50000 28.30000
vt 2.50000 28.30000
vt 2.50000 30.70000
vt 1.50000 30.70000
vt -8.62000 28.30000
vt -8.50000 28.30000
vt -8.50000 30.70000
vt -8.62000 30.70000
vt 8.50000 28.30000
vt 8.62000 28.30000
vt 8.62000 30.70000
vt 8.50000 30.70000
vt -0.30000 -8.62000
vt 0.70000 -8.62000
vt 0.70000 -8.50000
vt -0.30000 -8.50000
vt -0.30000 8.50000
vt 0.70000 8.50000
vt 0.70000 8.62000
vt -0.30000 8.62000
vt -0.30000 28.30000
vt 0.70000 28.30000
vt 0.70000 30.70000
vt -0.30000 30.70000
vt -0.70000 28.30000
vt 0.30000 28.30000
vt 0.30000 30.70000
vt -0.70000 30.70000
vt -8.62000 28.30000
vt -8.50000 28.30000
vt -8.50000 30.70000
vt -8.62000 30.70000
vt 8.50000 28.30000
vt 8.62000 28.30000
vt 8.62000 30.70000
vt 8.50000 30.70000
vt 1.90000 -8.62000
vt 2.90000 -8.62000
vt 2.90000 -8.50000
vt 1.90000 -8.50000
vt 1.90000 8.50000
vt 2.90000 8.50000
vt 2.90000 8.62000
vt 1.90000 8.62000
vt 1.90000 28.30000
vt 2.90000 28.30000
vt 2.90000 30.70000
vt 1.90000 30.70000
vt -2.90000 28.30000
vt -1.90000 28.30000
vt -1.90000 30.70000
vt -2.90000 30.70000
vt -8.62000 28.30000
vt -8.50000 28.30000
vt -8.50000 30.70000
vt -8.62000 30.70000
vt 8.50000 28.30000
vt 8.62000 28.30000
vt 8.62000 30.70000
vt 8.50000 30.70000
vt 4.10000 -8.62000
vt 5.10000 -8.62000
vt 5.10000 -8.50000
vt 4.10000 -8.50000
vt 4.10000 8.50000
vt 5.10000 8.50000
vt 5.10000 8.62000
vt 4.10000 8.62000
vt 4.10000 28.30000
vt 5.10000 28.30000
vt 5.10000 30.70000
vt 4.10000 30.70000
vt -5.10000 28.30000
vt -4.10000 28.30000
vt -4.10000 30.70000
vt -5.10000 30.70000
vt -8.62000 28.30000
vt -8.50000 28.30000
vt -8.50000 30.70000
vt -8.62000 30.70000
vt 8.50000 28.30000
vt 8.62000 28.30000
vt 8.62000 30.70000
vt 8.50000 30.70000
vt 6.30000 -8.62000
vt 7.30000 -8.62000
vt 7.30000 -8.50000
vt 6.30000 -8.50000
vt 6.30000 8.50000
vt 7.30000 8.50000
vt 7.30000 8.62000
vt 6.30000 8.62000
vt 6.30000 28.30000
vt 7.30000 28.30000
vt 7.30000 30.70000
vt 6.30000 30.70000
vt -7.30000 28.30000
vt -6.30000 28.30000
vt -6.30000 30.70000
vt -7.30000 30.70000
vt -8.62000 28.30000
vt -8.50000 28.30000
vt -8.50000 30.70000
vt -8.62000 30.70000
vt 8.50000 28.30000
vt 8.62000 28.30000
vt 8.62000 30.70000
vt 8.50000 30.70000
vt 8.50000 -8.62000
vt 9.50000 -8.62000
vt 9.50000 -8.50000
vt 8.50000 -8.50000
vt 8.50000 8.50000
vt 9.50000 8.50000
vt 9.50000 8.62000
vt 8.50000 8.62000
vt 8.50000 28.30000
vt 9.50000 28.30000
vt 9.50000 30.70000
vt 8.50000 30.70000
vt -9.50000 28.30000
vt -8.50000 28.30000
vt -8.50000 30.70000
vt -9.50000 30.70000
vt -8.62000 28.30000
vt -8.50000 28.30000
vt -8.50000 30.70000
vt -8.62000 30.70000
vt 8.50000 28.30000
vt 8.62000 28.30000
vt 8.62000 30.70000
vt 8.50000 30.70000
vt 10.70000 -8.62000
vt 11.70000 -8.62000
vt 11.70000 -8.50000
vt 10.70000 -8.50000
vt 10.70000 8.50000
vt 11.70000 8.50000
vt 11.70000 8.62000
vt 10.70000 8.62000
vt 10.70000 28.30000
vt 11.70000 28.30000
vt 11.70000 30.70000
vt 10.70000 30.70000
vt -11.70000 28.30000
vt -10.70000 28.30000
vt -10.70000 30.70000
vt -11.70000 30.70000
vt -8.62000 28.30000
vt -8.50000 28.30000
vt -8.50000 30.70000
vt -8.62000 30.70000
vt 8.50000 28.30000
vt 8.62000 28.30000
vt 8.62000 30.70000
vt 8.50000 30.70000
vt 12.90000 -8.62000
vt 13.90000 -8.62000
vt 13.90000 -8.50000
vt 12.90000 -8.50000
vt 12.90000 8.50000
vt 13.90000 8.50000
vt 13.90000 8.62000
vt 12.90000 8.62000
vt 12.90000 28.30000
vt 13.90000 28.30000
vt 13.90000 30.70000
vt 12.90000 30.70000
vt -13.90000 28.30000
vt -12.90000 28.30000
vt -12.90000 30.70000
vt -13.90000 30.70000
vt -8.62000 28.30000
vt -8.50000 28.30000
vt -8.50000 30.70000
vt -8.62000 30.70000
vt 8.50000 28.30000
vt 8.62000 28.30000
vt 8.62000 30.70000
vt 8.50000 30.70000
vt 15.10000 -8.62000
vt 16.10000 -8.62000
vt 16.10000 -8.50000
vt 15.10000 -8.50000
vt 15.10000 8.50000
vt 16.10000 8.50000
vt 16.10000 8.62000
vt 15.10000 8.62000
vt 15.10000 28.30000
vt 16.10000 28.30000
vt 16.10000 30.70000
vt 15.10000 30.70000
vt -16.10000 28.30000
vt -15.10000 28.30000
vt -15.10000 30.70000
vt -16.10000 30.70000
vt -8.62000 28.30000
vt -8.50000 28.30000
vt -8.50000 30.70000
vt -8.62000 30.70000
vt 8.50000 28.30000
vt 8.62000 28.30000
vt 8.62000 30.70000
vt 8.50000 30.70000
vt 17.30000 -8.62000
vt 18.30000 -8.62000
vt 18.30000 -8.50000
vt 17.30000 -8.50000
vt 17.30000 8.50000
vt 18.30000 8.50000
vt 18.30000 8.62000
vt 17.30000 8.62000
vt 17.30000 28.30000
vt 18.30000 28.30000
vt 18.30000 30.70000
vt 17.30000 30.70000
vt -18.30000 28.30000
vt -17.30000 28.30000
vt -17.30000 30.70000
vt -18.30000 30.70000
vt -0.20000 -1.26000
vt 0.20000 -1.26000
vt 0.20000 1.26000
vt -0.20000 1.26000
vt -0.20000 1.26000
vt 0.20000 1.26000
vt 0.20000 -1.26000
vt -0.20000 -1.26000
vt -2.16000 1.26000
vt 2.16000 1.26000
vt 2.16000 -1.26000
vt -2.16000 -1.26000
vt -2.16000 -1.26000
vt 2.16000 -1.26000
vt 2.16000 1.26000
vt -2.16000 1.26000
vt -2.16000 -0.20000
vt 2.16000 -0.20000
vt 2.16000 0.20000
vt -2.16000 0.20000
vt -2.16000 0.20000
vt 2.16000 0.20000
vt 2.16000 -0.20000
vt -2.16000 -0.20000
vt 0.00000 0.00000
vt 4.40000 0.00000
vt 4.40000 0.04000
vt 0.00000 0.04000
vt 0.00000 0.00000
vt 4.40000 0.00000
vt 4.40000 0.04000
vt 0.00000 0.04000
vt 0.00000 0.00000
vt 4.40000 0.00000
vt 4.40000 0.04000
vt 0.00000 0.04000
vt 0.00000 0.00000
vt 4.40000 0.00000
vt 4.40000 0.04000
vt 0.00000 0.04000
vt 0.00000 0.00000
vt 0.48000 0.00000
vt 0.48000 0.04000
vt 0.00000 0.04000
vt 0.00000 0.00000
vt 0.48000 0.00000
vt 0.48000 0.04000
vt 0.00000 0.04000
vt 0.00000 0.00000
vt 0.48000 0.00000
vt 0.48000 0.04000
vt 0.00000 0.04000
vt 0.00000 0.00000
vt 0.48000 0.00000
vt 0.48000 0.04000
vt 0.00000 0.04000
vt 0.00000 0.00000
vt 2.60000 0.00000
vt 2.60000 0.04000
vt 0.00000 0.04000
vt 0.00000 0.00000
vt 2.60000 0.00000
vt 2.60000 0.04000
vt 0.00000 0.04000
vt 0.00000 0.00000
vt 2.60000 0.00000
vt 2.60000 0.04000
vt 0.00000 0.04000
vt 0.00000 0.00000
vt 2.60000 0.00000
vt 2.60000 0.04000
vt 0.00000 0.04000
vt 0.00000 0.00000
vt 0.04000 0.00000
vt 0.00000 0.04000
vt 0.00000 0.00000
vt 0.04000 0.00000
vt 0.00000 0.04000
vt 0.00000 0.00000
vt 0.04000 0.00000
vt 0.00000 0.04000
vt 0.00000 0.00000
vt 0.04000 0.00000
vt 0.00000 0.04000
vt 0.00000 0.00000
vt 0.04000 0.00000
vt 0.00000 0.04000
vt 0.00000 0.00000
vt 0.04000 0.00000
vt 0.00000 0.04000
vt 0.00000 0.00000
vt 0.04000 0.00000
vt 0.00000 0.04000
vt 0.00000 0.00000
vt 0.04000 0.00000
vt 0.00000 0.04000
vt -6.62000 28.30000
vt -6.50000 28.30000
vt -6.50000 29.90000
vt -6.62000 29.90000
vt 6.50000 28.30000
vt 6.62000 28.30000
vt 6.62000 29.90000
vt 6.50000 29.90000
vt 49.70000 -6.62000
vt 50.70000 -6.62000
vt 50.70000 -6.50000
vt 49.70000 -6.50000
vt 49.70000 6.50000
vt 50.70000 6.50000
vt 50.70000 6.62000
vt 49.70000 6.62000
vt 49.70000 28.30000
vt 50.70000 28.30000
vt 50.70000 29.90000
vt 49.70000 29.90000
vt -50.70000 28.30000
vt -49.70000 28.30000
vt -49.70000 29.90000
vt -50.70000 29.90000
vt -6.62000 28.30000
vt -6.50000 28.30000
vt -6.50000 29.90000
vt -6.62000 29.90000
vt 6.50000 28.30000
vt 6.62000 28.30000
vt 6.62000 29.90000
vt 6.50000 29.90000
vt 51.90000 -6.62000
vt 52.90000 -6.62000
vt 52.90000 -6.50000
vt 51.90000 -6.50000
vt 51.90000 6.50000
vt 52.90000 6.50000
vt 52.90000 6.62000
vt 51.90000 6.62000
vt 51.90000 28.30000
vt 52.90000 28.30000
vt 52.90000 29.90000
vt 51.90000 29.90000
vt -52.90000 28.30000
vt -51.90000 28.30000
vt -51.90000 29.90000
vt -52.90000 29.90000
vt -6.62000 28.30000
vt -6.50000 28.30000
vt -6.50000 29.90000
vt -6.62000 29.90000
vt 6.50000 28.30000
vt 6.62000 28.30000
vt 6.62000 29.90000
vt 6.50000 29.90000
vt 54.10000 -6.62000
vt 55.10000 -6.62000
vt 55.10000 -6.50000
vt 54.10000 -6.50000
vt 54.10000 6.50000
vt 55.10000 6.50000
vt 55.10000 6.62000
vt 54.10000 6.62000
vt 54.10000 28.30000
vt 55.10000 28.30000
vt 55.10000 29.90000
vt 54.10000 29.90000
vt -55.10000 28.30000
vt -54.10000 28.30000
vt -54.10000 29.90000
vt -55.10000 29.90000
vt -6.62000 28.30000
vt -6.50000 28.30000
vt -6.50000 29.90000
vt -6.62000 29.90000
vt 6.50000 28.30000
vt 6.62000 28.30000
vt 6.62000 29.90000
vt 6.50000 29.90000
vt 56.30000 -6.62000
vt 57.30000 -6.62000
vt 57.30000 -6.50000
vt 56.30000 -6.50000
vt 56.30000 6.50000
vt 57.30000 6.50000
vt 57.30000 6.62000
vt 56.30000 6.62000
vt 56.30000 28.30000
vt 57.30000 28.30000
vt 57.30000 29.90000
vt 56.30000 29.90000
vt -57.30000 28.30000
vt -56.30000 28.30000
vt -56.30000 29.90000
vt -57.30000 29.90000
vt -6.62000 28.30000
vt -6.50000 28.30000
vt -6.50000 29.90000
vt -6.62000 29.90000
vt 6.50000 28.30000
vt 6.62000 28.30000
vt 6.62000 29.90000
vt 6.50000 29.90000
vt 58.50000 -6.62000
vt 59.50000 -6.62000
vt 59.50000 -6.50000
vt 58.50000 -6.50000
vt 58.50000 6.50000
vt 59.50000 6.50000
vt 59.50000 6.62000
vt 58.50000 6.62000
vt 58.50000 28.30000
vt 59.50000 28.30000
vt 59.50000 29.90000
vt 58.50000 29.90000
vt -59.50000 28.30000
vt -58.50000 28.30000
vt -58.50000 29.90000
vt -59.50000 29.90000
vt -6.62000 28.30000
vt -6.50000 28.30000
vt -6.50000 29.90000
vt -6.62000 29.90000
vt 6.50000 28.30000
vt 6.62000 28.30000
vt 6.62000 29.90000
vt 6.50000 29.90000
vt 60.70000 -6.62000
vt 61.70000 -6.62000
vt 61.70000 -6.50000
vt 60.70000 -6.50000
vt 60.70000 6.50000
vt 61.70000 6.50000
vt 61.70000 6.62000
vt 60.70000 6.62000
vt 60.70000 28.30000
vt 61.70000 28.30000
vt 61.70000 29.90000
vt 60.70000 29.90000
vt -61.70000 28.30000
vt -60.70000 28.30000
vt -60.70000 29.90000
vt -61.70000 29.90000
vt -6.62000 28.30000
vt -6.50000 28.30000
vt -6.50000 29.90000
vt -6.62000 29.90000
vt 6.50000 28.30000
vt 6.62000 28.30000
vt 6.62000 29.90000
vt 6.50000 29.90000
vt 62.90000 -6.62000
vt 63.90000 -6.62000
vt 63.90000 -6.50000
vt 62.90000 -6.50000
vt 62.90000 6.50000
vt 63.90000 6.50000
vt 63.90000 6.62000
vt 62.90000 6.62000
vt 62.90000 28.30000
vt 63.90000 28.30000
vt 63.90000 29.90000
vt 62.90000 29.90000
vt -63.90000 28.30000
vt -62.90000 28.30000
vt -62.90000 29.90000
vt -63.90000 29.90000
vt -6.62000 28.30000
vt -6.50000 28.30000
vt -6.50000 29.90000
vt -6.62000 29.90000
vt 6.50000 28.30000
vt 6.62000 28.30000
vt 6.62000 29.90000
vt 6.50000 29.90000
vt 65.10000 -6.62000
vt 66.10000 -6.62000
vt 66.10000 -6.50000
vt 65.10000 -6.50000
vt 65.10000 6.50000
vt 66.10000 6.50000
vt 66.10000 6.62000
vt 65.10000 6.62000
vt 65.10000 28.30000
vt 66.10000 28.30000
vt 66.10000 29.90000
vt 65.10000 29.90000
vt -66.10000 28.30000
vt -65.10000 28.30000
vt -65.10000 29.90000
vt -66.10000 29.90000
vt -6.62000 28.30000
vt -6.50000 28.30000
vt -6.50000 29.90000
vt -6.62000 29.90000
vt 6.50000 28.30000
vt 6.62000 28.30000
vt 6.62000 29.90000
vt 6.50000 29.90000
vt 67.30000 -6.62000
vt 68.30000 -6.62000
vt 68.30000 -6.50000
vt 67.30000 -6.50000
vt 67.30000 6.50000
vt 68.30000 6.50000
vt 68.30000 6.62000
vt 67.30000 6.62000
vt 67.30000 28.30000
vt 68.30000 28.30000
vt 68.30000 29.90000
vt 67.30000 29.90000
vt -68.30000 28.30000
vt -67.30000 28.30000
vt -67.30000 29.90000
vt -68.30000 29.90000
vt -6.62000 28.30000
vt -6.50000 28.30000
vt -6.50000 29.90000
vt -6.62000 29.90000
vt 6.50000 28.30000
vt 6.62000 28.30000
vt 6.62000 29.90000
vt 6.50000 29.90000
vt 69.50000 -6.62000
vt 70.50000 -6.62000
vt 70.50000 -6.50000
vt 69.50000 -6.50000
vt 69.50000 6.50000
vt 70.50000 6.50000
vt 70.50000 6.62000
vt 69.50000 6.62000
vt 69.50000 28.30000
vt 70.50000 28.30000
vt 70.50000 29.90000
vt 69.50000 29.90000
vt -70.50000 28.30000
vt -69.50000 28.30000
vt -69.50000 29.90000
vt -70.50000 29.90000
vt 0.00000 0.00000
vt 0.12566 0.00000
vt 0.12566 54.66667
vt 0.00000 54.66667
vt 0.12566 0.00000
vt 0.25133 0.00000
vt 0.25133 54.66667
vt 0.12566 54.66667
vt 0.25133 0.00000
vt 0.37699 0.00000
vt 0.37699 54.66667
vt 0.25133 54.66667
vt 0.37699 0.00000
vt 0.50265 0.00000
vt 0.50265 54.66667
vt 0.37699 54.66667
vt 0.50265 0.00000
vt 0.62832 0.00000
vt 0.62832 54.66667
vt 0.50265 54.66667
vt 0.62832 0.00000
vt 0.75398 0.00000
vt 0.75398 54.66667
vt 0.62832 54.66667
vt 0.75398 0.00000
vt 0.87965 0.00000
vt 0.87965 54.66667
vt 0.75398 54.66667
vt 0.87965 0.00000
vt 1.00531 0.00000
vt 1.00531 54.66667
vt 0.87965 54.66667
vt 1.00531 0.00000
vt 1.13097 0.00000
vt 1.13097 54.66667
vt 1.00531 54.66667
vt 1.13097 0.00000
vt 1.25664 0.00000
vt 1.25664 54.66667
vt 1.13097 54.66667
vt 0.16180 -0.11756
vt 0.06180 -0.19021
vt -0.06180 -0.19021
vt -0.16180 -0.11756
vt -0.20000 0.00000
vt -0.16180 0.11756
vt -0.06180 0.19021
vt 0.06180 0.19021
vt 0.16180 0.11756
vt 0.20000 0.00000
vt 0.20000 0.00000
vt 0.16180 0.11756
vt 0.06180 0.19021
vt -0.06180 0.19021
vt -0.16180 0.11756
vt -0.20000 0.00000
vt -0.16180 -0.11756
vt -0.06180 -0.19021
vt 0.06180 -0.19021
vt 0.16180 -0.11756
vt 0.00000 0.00000
vt 0.12566 0.00000
vt 0.12566 54.66667
vt 0.00000 54.66667
vt 0.12566 0.00000
vt 0.25133 0.00000
vt 0.25133 54.66667
vt 0.12566 54.66667
vt 0.25133 0.00000
vt 0.37699 0.00000
vt 0.37699 54.66667
vt 0.25133 54.66667
vt 0.37699 0.00000
vt 0.50265 0.00000
vt 0.50265 54.66667
vt 0.37699 54.66667
vt 0.50265 0.00000
vt 0.62832 0.00000
vt 0.62832 54.66667
vt 0.50265 54.66667
vt 0.62832 0.00000
vt 0.75398 0.00000
vt 0.75398 54.66667
vt 0.62832 54.66667
vt 0.75398 0.00000
vt 0.87965 0.00000
vt 0.87965 54.66667
vt 0.75398 54.66667
vt 0.87965 0.00000
vt 1.00531 0.00000
vt 1.00531 54.66667
vt 0.87965 54.66667
vt 1.00531 0.00000
vt 1.13097 0.00000
vt 1.13097 54.66667
vt 1.00531 54.66667
vt 1.13097 0.00000
vt 1.25664 0.00000
vt 1.25664 54.66667
vt 1.13097 54.66667
vt 0.16180 -0.11756
vt 0.06180 -0.19021
vt -0.06180 -0.19021
vt -0.16180 -0.11756
vt -0.20000 0.00000
vt -0.16180 0.11756
vt -0.06180 0.19021
vt 0.06180 0.19021
vt 0.16180 0.11756
vt 0.20000 0.00000
vt 0.20000 0.00000
vt 0.16180 0.11756
vt 0.06180 0.19021
vt -0.06180 0.19021
vt -0.16180 0.11756
vt -0.20000 0.00000
vt -0.16180 -0.11756
vt -0.06180 -0.19021
vt 0.06180 -0.19021
vt 0.16180 -0.11756
vt -1.66250 0.00000
vt 1.66250 0.00000
vt 1.66250 3.00000
vt -1.66250 3.00000
vt -1.66250 0.00000
vt 1.66250 0.00000
vt 1.66250 3.00000
vt -1.66250 3.00000
vt -11.00000 -1.66250
vt -10.85000 -1.66250
vt -10.85000 1.66250
vt -11.00000 1.66250
vt -11.00000 -1.66250
vt -10.85000 -1.66250
vt -10.85000 1.66250
vt -11.00000 1.66250
vt -11.00000 0.00000
vt -10.85000 0.00000
vt -10.85000 3.00000
vt -11.00000 3.00000
vt 10.85000 0.00000
vt 11.00000 0.00000
vt 11.00000 3.00000
vt 10.85000 3.00000
vt -0.80000 0.15000
vt 0.80000 0.15000
vt 0.80000 4.05000
vt -0.80000 4.05000
vt -0.80000 0.15000
vt 0.80000 0.15000
vt 0.80000 4.05000
vt -0.80000 4.05000
vt -17.42000 -0.80000
vt -17.22000 -0.80000
vt -17.22000 0.80000
vt -17.42000 0.80000
vt -17.42000 -0.80000
vt -17.22000 -0.80000
vt -17.22000 0.80000
vt -17.42000 0.80000
vt -17.42000 0.15000
vt -17.22000 0.15000
vt -17.22000 4.05000
vt -17.42000 4.05000
vt 17.22000 0.15000
vt 17.42000 0.15000
vt 17.42000 4.05000
vt 17.22000 4.05000
vt -0.62000 2.50000
vt 0.62000 2.50000
vt 0.62000 3.70000
vt -0.62000 3.70000
vt -0.62000 2.50000
vt 0.62000 2.50000
vt 0.62000 3.70000
vt -0.62000 3.70000
vt -17.46000 -0.62000
vt -17.38000 -0.62000
vt -17.38000 0.62000
vt -17.46000 0.62000
vt -17.46000 -0.62000
vt -17.38000 -0.62000
vt -17.38000 0.62000
vt -17.46000 0.62000
vt -17.46000 2.50000
vt -17.38000 2.50000
vt -17.38000 3.70000
vt -17.46000 3.70000
vt 17.38000 2.50000
vt 17.46000 2.50000
vt 17.46000 3.70000
vt 17.38000 3.70000
vt -0.75000 -0.55000
vt 0.75000 -0.55000
vt 0.75000 0.75000
vt -0.75000 0.75000
vt -0.75000 -0.55000
vt 0.75000 -0.55000
vt 0.75000 0.75000
vt -0.75000 0.75000
vt -45.55000 -0.75000
vt -44.05000 -0.75000
vt -44.05000 0.75000
vt -45.55000 0.75000
vt -45.55000 -0.75000
vt -44.05000 -0.75000
vt -44.05000 0.75000
vt -45.55000 0.75000
vt -45.55000 -0.55000
vt -44.05000 -0.55000
vt -44.05000 0.75000
vt -45.55000 0.75000
vt 44.05000 -0.55000
vt 45.55000 -0.55000
vt 45.55000 0.75000
vt 44.05000 0.75000
vt 10.30000 -1.72500
vt 11.00000 -1.72500
vt 11.00000 1.72500
vt 10.30000 1.72500
vt 10.30000 -1.72500
vt 11.00000 -1.72500
vt 11.00000 1.72500
vt 10.30000 1.72500
vt 10.30000 0.00000
vt 11.00000 0.00000
vt 11.00000 2.62500
vt 10.30000 2.62500
vt -11.00000 0.00000
vt -10.30000 0.00000
vt -10.30000 2.62500
vt -11.00000 2.62500
vt 0.00000 0.00000
vt 3.45000 0.00000
vt 3.45000 0.69877
vt 0.00000 0.69877
vt 3.45000 0.00000
vt 3.89684 0.00000
vt 3.89684 0.69877
vt 3.45000 0.69877
vt 3.89684 0.00000
vt 7.07084 0.00000
vt 7.07084 0.69877
vt 3.89684 0.69877
vt 7.07084 0.00000
vt 7.51769 0.00000
vt 7.51769 0.69877
vt 7.07084 0.69877
vt -1.58700 0.42500
vt 1.58700 0.42500
vt 1.72500 0.00000
vt -1.72500 0.00000
vt -1.72500 0.00000
vt 1.72500 0.00000
vt 1.58700 0.42500
vt -1.58700 0.42500
vt -1.06950 1.15000
vt 1.06950 1.15000
vt 1.06950 1.95000
vt -1.06950 1.95000
vt -1.06950 1.15000
vt 1.06950 1.15000
vt 1.06950 1.95000
vt -1.06950 1.95000
vt 8.75000 -1.06950
vt 8.81000 -1.06950
vt 8.81000 1.06950
vt 8.75000 1.06950
vt 8.75000 -1.06950
vt 8.81000 -1.06950
vt 8.81000 1.06950
vt 8.75000 1.06950
vt 8.75000 1.15000
vt 8.81000 1.15000
vt 8.81000 1.95000
vt 8.75000 1.95000
vt -8.81000 1.15000
vt -8.75000 1.15000
vt -8.75000 1.95000
vt -8.81000 1.95000
vt -2.30000 3.31667
vt 2.30000 3.31667
vt 2.30000 4.08333
vt -2.30000 4.08333
vt -2.30000 3.31667
vt 2.30000 3.31667
vt 2.30000 4.08333
vt -2.30000 4.08333
vt 14.56667 -2.30000
vt 14.70000 -2.30000
vt 14.70000 2.30000
vt 14.56667 2.30000
vt 14.56667 -2.30000
vt 14.70000 -2.30000
vt 14.70000 2.30000
vt 14.56667 2.30000
vt 14.56667 3.31667
vt 14.70000 3.31667
vt 14.70000 4.08333
vt 14.56667 4.08333
vt -14.70000 3.31667
vt -14.56667 3.31667
vt -14.56667 4.08333
vt -14.70000 4.08333
vt -2.30000 0.15000
vt 2.30000 0.15000
vt 2.30000 1.91667
vt -2.30000 1.91667
vt -2.30000 0.15000
vt 2.30000 0.15000
vt 2.30000 1.91667
vt -2.30000 1.91667
vt 14.56667 -2.30000
vt 14.70000 -2.30000
vt 14.70000 2.30000
vt 14.56667 2.30000
vt 14.56667 -2.30000
vt 14.70000 -2.30000
vt 14.70000 2.30000
vt 14.56667 2.30000
vt 14.56667 0.15000
vt 14.70000 0.15000
vt 14.70000 1.91667
vt 14.56667 1.91667
vt -14.70000 0.15000
vt -14.56667 0.15000
vt -14.56667 1.91667
vt -14.70000 1.91667
vt 0.00000 0.00000
vt 0.26180 0.00000
vt 0.26180 0.00000
vt 0.00000 0.00000
vt 0.26180 0.00000
vt 0.52360 0.00000
vt 0.52360 0.00000
vt 0.26180 0.00000
vt 0.52360 0.00000
vt 0.78540 0.00000
vt 0.78540 0.00000
vt 0.52360 0.00000
vt 0.78540 0.00000
vt 1.04720 0.00000
vt 1.04720 0.00000
vt 0.78540 0.00000
vt 1.04720 0.00000
vt 1.30900 0.00000
vt 1.30900 0.00000
vt 1.04720 0.00000
vt 1.30900 0.00000
vt 1.57080 0.00000
vt 1.57080 0.00000
vt 1.30900 0.00000
vt 1.57080 0.00000
vt 1.83260 0.00000
vt 1.83260 0.00000
vt 1.57080 0.00000
vt 1.83260 0.00000
vt 2.09440 0.00000
vt 2.09440 0.00000
vt 1.83260 0.00000
vt 2.09440 0.00000
vt 2.35619 0.00000
vt 2.35619 0.00000
vt 2.09440 0.00000
vt 2.35619 0.00000
vt 2.61799 0.00000
vt 2.61799 0.00000
vt 2.35619 0.00000
vt 2.61799 0.00000
vt 2.87979 0.00000
vt 2.87979 0.00000
vt 2.61799 0.00000
vt 2.87979 0.00000
vt 3.14159 0.00000
vt 3.14159 0.00000
vt 2.87979 0.00000
vt 0.00000 0.00000
vt 0.26180 0.00000
vt 0.26180 0.25000
vt 0.00000 0.25000
vt 0.26180 0.00000
vt 0.52360 0.00000
vt 0.52360 0.25000
vt 0.26180 0.25000
vt 0.52360 0.00000
vt 0.78540 0.00000
vt 0.78540 0.25000
vt 0.52360 0.25000
vt 0.78540 0.00000
vt 1.04720 0.00000
vt 1.04720 0.25000
vt 0.78540 0.25000
vt 1.04720 0.00000
vt 1.30900 0.00000
vt 1.30900 0.25000
vt 1.04720 0.25000
vt 1.30900 0.00000
vt 1.57080 0.00000
vt 1.57080 0.25000
vt 1.30900 0.25000
vt 1.57080 0.00000
vt 1.83260 0.00000
vt 1.83260 0.25000
vt 1.57080 0.25000
vt 1.83260 0.00000
vt 2.09440 0.00000
vt 2.09440 0.25000
vt 1.83260 0.25000
vt 2.09440 0.00000
vt 2.35619 0.00000
vt 2.35619 0.25000
vt 2.09440 0.25000
vt 2.35619 0.00000
vt 2.61799 0.00000
vt 2.61799 0.25000
vt 2.35619 0.25000
vt 2.61799 0.00000
vt 2.87979 0.00000
vt 2.87979 0.25000
vt 2.61799 0.25000
vt 2.87979 0.00000
vt 3.14159 0.00000
vt 3.14159 0.25000
vt 2.87979 0.25000
vt 0.50000 0.00000
vt 0.43301 0.25000
vt 0.25000 0.43301
vt 0.00000 0.50000
vt -0.25000 0.43301
vt -0.43301 0.25000
vt -0.50000 0.00000
vt -0.43301 -0.25000
vt -0.25000 -0.43301
vt -0.00000 -0.50000
vt 0.25000 -0.43301
vt 0.43301 -0.25000
vt 0.00000 0.00000
vt 0.18850 0.00000
vt 0.18850 0.00000
vt 0.00000 0.00000
vt 0.18850 0.00000
vt 0.37699 0.00000
vt 0.37699 0.00000
vt 0.18850 0.00000
vt 0.37699 0.00000
vt 0.56549 0.00000
vt 0.56549 0.00000
vt 0.37699 0.00000
vt 0.56549 0.00000
vt 0.75398 0.00000
vt 0.75398 0.00000
vt 0.56549 0.00000
vt 0.75398 0.00000
vt 0.94248 0.00000
vt 0.94248 0.00000
vt 0.75398 0.00000
vt 0.94248 0.00000
vt 1.13097 0.00000
vt 1.13097 0.00000
vt 0.94248 0.00000
vt 1.13097 0.00000
vt 1.31947 0.00000
vt 1.31947 0.00000
vt 1.13097 0.00000
vt 1.31947 0.00000
vt 1.50796 0.00000
vt 1.50796 0.00000
vt 1.31947 0.00000
vt 1.50796 0.00000
vt 1.69646 0.00000
vt 1.69646 0.00000
vt 1.50796 0.00000
vt 1.69646 0.00000
vt 1.88496 0.00000
vt 1.88496 0.00000
vt 1.69646 0.00000
vt 0.00000 0.00000
vt 0.18850 0.00000
vt 0.18850 0.20000
vt 0.00000 0.20000
vt 0.18850 0.00000
vt 0.37699 0.00000
vt 0.37699 0.20000
vt 0.18850 0.20000
vt 0.37699 0.00000
vt 0.56549 0.00000
vt 0.56549 0.20000
vt 0.37699 0.20000
vt 0.56549 0.00000
vt 0.75398 0.00000
vt 0.75398 0.20000
vt 0.56549 0.20000
vt 0.75398 0.00000
vt 0.94248 0.00000
vt 0.94248 0.20000
vt 0.75398 0.20000
vt 0.94248 0.00000
vt 1.13097 0.00000
vt 1.13097 0.20000
vt 0.94248 0.20000
vt 1.13097 0.00000
vt 1.31947 0.00000
vt 1.31947 0.20000
vt 1.13097 0.20000
vt 1.31947 0.00000
vt 1.50796 0.00000
vt 1.50796 0.20000
vt 1.31947 0.20000
vt 1.50796 0.00000
vt 1.69646 0.00000
vt 1.69646 0.20000
vt 1.50796 0.20000
vt 1.69646 0.00000
vt 1.88496 0.00000
vt 1.88496 0.20000
vt 1.69646 0.20000
vt 0.30000 0.00000
vt 0.24271 0.17634
vt 0.09271 0.28532
vt -0.09271 0.28532
vt -0.24271 0.17634
vt -0.30000 0.00000
vt -0.24271 -0.17634
vt -0.09271 -0.28532
vt 0.09271 -0.28532
vt 0.24271 -0.17634
vt 0.00000 0.00000
vt 0.26180 0.00000
vt 0.26180 0.00000
vt 0.00000 0.00000
vt 0.26180 0.00000
vt 0.52360 0.00000
vt 0.52360 0.00000
vt 0.26180 0.00000
vt 0.52360 0.00000
vt 0.78540 0.00000
vt 0.78540 0.00000
vt 0.52360 0.00000
vt 0.78540 0.00000
vt 1.04720 0.00000
vt 1.04720 0.00000
vt 0.78540 0.00000
vt 1.04720 0.00000
vt 1.30900 0.00000
vt 1.30900 0.00000
vt 1.04720 0.00000
vt 1.30900 0.00000
vt 1.57080 0.00000
vt 1.57080 0.00000
vt 1.30900 0.00000
vt 1.57080 0.00000
vt 1.83260 0.00000
vt 1.83260 0.00000
vt 1.57080 0.00000
vt 1.83260 0.00000
vt 2.09440 0.00000
vt 2.09440 0.00000
vt 1.83260 0.00000
vt 2.09440 0.00000
vt 2.35619 0.00000
vt 2.35619 0.00000
vt 2.09440 0.00000
vt 2.35619 0.00000
vt 2.61799 0.00000
vt 2.61799 0.00000
vt 2.35619 0.00000
vt 2.61799 0.00000
vt 2.87979 0.00000
vt 2.87979 0.00000
vt 2.61799 0.00000
vt 2.87979 0.00000
vt 3.14159 0.00000
vt 3.14159 0.00000
vt 2.87979 0.00000
vt 0.00000 0.00000
vt 0.26180 0.00000
vt 0.26180 0.25000
vt 0.00000 0.25000
vt 0.26180 0.00000
vt 0.52360 0.00000
vt 0.52360 0.25000
vt 0.26180 0.25000
vt 0.52360 0.00000
vt 0.78540 0.00000
vt 0.78540 0.25000
vt 0.52360 0.25000
vt 0.78540 0.00000
vt 1.04720 0.00000
vt 1.04720 0.25000
vt 0.78540 0.25000
vt 1.04720 0.00000
vt 1.30900 0.00000
vt 1.30900 0.25000
vt 1.04720 0.25000
vt 1.30900 0.00000
vt 1.57080 0.00000
vt 1.57080 0.25000
vt 1.30900 0.25000
vt 1.57080 0.00000
vt 1.83260 0.00000
vt 1.83260 0.25000
vt 1.57080 0.25000
vt 1.83260 0.00000
vt 2.09440 0.00000
vt 2.09440 0.25000
vt 1.83260 0.25000
vt 2.09440 0.00000
vt 2.35619 0.00000
vt 2.35619 0.25000
vt 2.09440 0.25000
vt 2.35619 0.00000
vt 2.61799 0.00000
vt 2.61799 0.25000
vt 2.35619 0.25000
vt 2.61799 0.00000
vt 2.87979 0.00000
vt 2.87979 0.25000
vt 2.61799 0.25000
vt 2.87979 0.00000
vt 3.14159 0.00000
vt 3.14159 0.25000
vt 2.87979 0.25000
vt 0.50000 0.00000
vt 0.43301 0.25000
vt 0.25000 0.43301
vt 0.00000 0.50000
vt -0.25000 0.43301
vt -0.43301 0.25000
vt -0.50000 0.00000
vt -0.43301 -0.25000
vt -0.25000 -0.43301
vt -0.00000 -0.50000
vt 0.25000 -0.43301
vt 0.43301 -0.25000
vt 0.00000 0.00000
vt 0.18850 0.00000
vt 0.18850 0.00000
vt 0.00000 0.00000
vt 0.18850 0.00000
vt 0.37699 0.00000
vt 0.37699 0.00000
vt 0.18850 0.00000
vt 0.37699 0.00000
vt 0.56549 0.00000
vt 0.56549 0.00000
vt 0.37699 0.00000
vt 0.56549 0.00000
vt 0.75398 0.00000
vt 0.75398 0.00000
vt 0.56549 0.00000
vt 0.75398 0.00000
vt 0.94248 0.00000
vt 0.94248 0.00000
vt 0.75398 0.00000
vt 0.94248 0.00000
vt 1.13097 0.00000
vt 1.13097 0.00000
vt 0.94248 0.00000
vt 1.13097 0.00000
vt 1.31947 0.00000
vt 1.31947 0.00000
vt 1.13097 0.00000
vt 1.31947 0.00000
vt 1.50796 0.00000
vt 1.50796 0.00000
vt 1.31947 0.00000
vt 1.50796 0.00000
vt 1.69646 0.00000
vt 1.69646 0.00000
vt 1.50796 0.00000
vt 1.69646 0.00000
vt 1.88496 0.00000
vt 1.88496 0.00000
vt 1.69646 0.00000
vt 0.00000 0.00000
vt 0.18850 0.00000
vt 0.18850 0.20000
vt 0.00000 0.20000
vt 0.18850 0.00000
vt 0.37699 0.00000
vt 0.37699 0.20000
vt 0.18850 0.20000
vt 0.37699 0.00000
vt 0.56549 0.00000
vt 0.56549 0.20000
vt 0.37699 0.20000
vt 0.56549 0.00000
vt 0.75398 0.00000
vt 0.75398 0.20000
vt 0.56549 0.20000
vt 0.75398 0.00000
vt 0.94248 0.00000
vt 0.94248 0.20000
vt 0.75398 0.20000
vt 0.94248 0.00000
vt 1.13097 0.00000
vt 1.13097 0.20000
vt 0.94248 0.20000
vt 1.13097 0.00000
vt 1.31947 0.00000
vt 1.31947 0.20000
vt 1.13097 0.20000
vt 1.31947 0.00000
vt 1.50796 0.00000
vt 1.50796 0.20000
vt 1.31947 0.20000
vt 1.50796 0.00000
vt 1.69646 0.00000
vt 1.69646 0.20000
vt 1.50796 0.20000
vt 1.69646 0.00000
vt 1.88496 0.00000
vt 1.88496 0.20000
vt 1.69646 0.20000
vt 0.30000 0.00000
vt 0.24271 0.17634
vt 0.09271 0.28532
vt -0.09271 0.28532
vt -0.24271 0.17634
vt -0.30000 0.00000
vt -0.24271 -0.17634
vt -0.09271 -0.28532
vt 0.09271 -0.28532
vt 0.24271 -0.17634
vt -0.83333 0.10000
vt 0.83333 0.10000
vt 0.83333 1.23333
vt -0.83333 1.23333
vt -0.83333 0.10000
vt 0.83333 0.10000
vt 0.83333 1.23333
vt -0.83333 1.23333
vt 29.26667 -0.83333
vt 29.80000 -0.83333
vt 29.80000 0.83333
vt 29.26667 0.83333
vt 29.26667 -0.83333
vt 29.80000 -0.83333
vt 29.80000 0.83333
vt 29.26667 0.83333
vt 29.26667 0.10000
vt 29.80000 0.10000
vt 29.80000 1.23333
vt 29.26667 1.23333
vt -29.80000 0.10000
vt -29.26667 0.10000
vt -29.26667 1.23333
vt -29.80000 1.23333
vt -0.60000 0.20000
vt 0.60000 0.20000
vt 0.60000 1.20000
vt -0.60000 1.20000
vt -0.60000 0.20000
vt 0.60000 0.20000
vt 0.60000 1.20000
vt -0.60000 1.20000
vt 44.50000 -0.60000
vt 45.50000 -0.60000
vt 45.50000 0.60000
vt 44.50000 0.60000
vt 44.50000 -0.60000
vt 45.50000 -0.60000
vt 45.50000 0.60000
vt 44.50000 0.60000
vt 44.50000 0.20000
vt 45.50000 0.20000
vt 45.50000 1.20000
vt 44.50000 1.20000
vt -45.50000 0.20000
vt -44.50000 0.20000
vt -44.50000 1.20000
vt -45.50000 1.20000
vn 1.00000 0.00000 0.00000
vn -1.00000 0.00000 0.00000
vn 0.00000 1.00000 0.00000
vn 0.00000 -1.00000 0.00000
vn 0.00000 0.00000 1.00000
vn 0.00000 0.00000 -1.00000
vn 1.00000 0.00000 0.00000
vn -1.00000 0.00000 0.00000
vn 0.00000 1.00000 0.00000
vn 0.00000 -1.00000 0.00000
vn 0.00000 0.00000 1.00000
vn 0.00000 0.00000 -1.00000
vn 1.00000 0.00000 0.00000
vn -1.00000 0.00000 0.00000
vn 0.00000 1.00000 0.00000
vn 0.00000 -1.00000 0.00000
vn 0.00000 0.00000 1.00000
vn 0.00000 0.00000 -1.00000
vn 0.00000 0.00000 -1.00000
vn 0.00000 0.58779 -0.80902
vn 0.00000 0.58779 -0.80902
vn 0.00000 0.00000 -1.00000
vn 0.00000 0.58779 -0.80902
vn 0.00000 0.95106 -0.30902
vn 0.00000 0.95106 -0.30902
vn 0.00000 0.58779 -0.80902
vn 0.00000 0.95106 -0.30902
vn -0.00000 0.95106 0.30902
vn -0.00000 0.95106 0.30902
vn 0.00000 0.95106 -0.30902
vn -0.00000 0.95106 0.30902
vn -0.00000 0.58779 0.80902
vn -0.00000 0.58779 0.80902
vn -0.00000 0.95106 0.30902
vn -0.00000 0.58779 0.80902
vn -0.00000 0.00000 1.00000
vn -0.00000 0.00000 1.00000
vn -0.00000 0.58779 0.80902
vn -0.00000 0.00000 1.00000
vn 0.00000 -0.58779 0.80902
vn 0.00000 -0.58779 0.80902
vn -0.00000 0.00000 1.00000
vn 0.00000 -0.58779 0.80902
vn 0.00000 -0.95106 0.30902
vn 0.00000 -0.95106 0.30902
vn 0.00000 -0.58779 0.80902
vn 0.00000 -0.95106 0.30902
vn 0.00000 -0.95106 -0.30902
vn 0.00000 -0.95106 -0.30902
vn 0.00000 -0.95106 0.30902
vn 0.00000 -0.95106 -0.30902
vn 0.00000 -0.58779 -0.80902
vn 0.00000 -0.58779 -0.80902
vn 0.00000 -0.95106 -0.30902
vn 0.00000 -0.58779 -0.80902
vn 0.00000 0.00000 -1.00000
vn 0.00000 0.00000 -1.00000
vn 0.00000 -0.58779 -0.80902
vn -1.00000 -0.00000 -0.00000
vn 1.00000 0.00000 0.00000
vn 1.00000 0.00000 0.00000
vn -1.00000 0.00000 0.00000
vn 0.00000 1.00000 0.00000
vn 0.00000 -1.00000 0.00000
vn 0.00000 0.00000 1.00000
vn 0.00000 0.00000 -1.00000
vn 0.00000 0.00000 -1.00000
vn 0.00000 0.58779 -0.80902
vn 0.00000 0.58779 -0.80902
vn 0.00000 0.00000 -1.00000
vn 0.00000 0.58779 -0.80902
vn 0.00000 0.95106 -0.30902
vn 0.00000 0.95106 -0.30902
vn 0.00000 0.58779 -0.80902
vn 0.00000 0.95106 -0.30902
vn -0.00000 0.95106 0.30902
vn -0.00000 0.95106 0.30902
vn 0.00000 0.95106 -0.30902
vn -0.00000 0.95106 0.30902
vn -0.00000 0.58779 0.80902
vn -0.00000 0.58779 0.80902
vn -0.00000 0.95106 0.30902
vn -0.00000 0.58779 0.80902
vn -0.00000 0.00000 1.00000
vn -0.00000 0.00000 1.00000
vn -0.00000 0.58779 0.80902
vn -0.00000 0.00000 1.00000
vn 0.00000 -0.58779 0.80902
vn 0.00000 -0.58779 0.80902
vn -0.00000 0.00000 1.00000
vn 0.00000 -0.58779 0.80902
vn 0.00000 -0.95106 0.30902
vn 0.00000 -0.95106 0.30902
vn 0.00000 -0.58779 0.80902
vn 0.00000 -0.95106 0.30902
vn 0.00000 -0.95106 -0.30902
vn 0.00000 -0.95106 -0.30902
vn 0.00000 -0.95106 0.30902
vn 0.00000 -0.95106 -0.30902
vn 0.00000 -0.58779 -0.80902
vn 0.00000 -0.58779 -0.80902
vn 0.00000 -0.95106 -0.30902
vn 0.00000 -0.58779 -0.80902
vn 0.00000 0.00000 -1.00000
vn 0.00000 0.00000 -1.00000
vn 0.00000 -0.58779 -0.80902
vn -1.00000 -0.00000 -0.00000
vn 1.00000 0.00000 0.00000
vn 1.00000 0.00000 0.00000
vn -1.00000 0.00000 0.00000
vn 0.00000 1.00000 0.00000
vn 0.00000 -1.00000 0.00000
vn 0.00000 0.00000 1.00000
vn 0.00000 0.00000 -1.00000
vn 0.00000 0.00000 -1.00000
vn 0.00000 0.58779 -0.80902
vn 0.00000 0.58779 -0.80902
vn 0.00000 0.00000 -1.00000
vn 0.00000 0.58779 -0.80902
vn 0.00000 0.95106 -0.30902
vn 0.00000 0.95106 -0.30902
vn 0.00000 0.58779 -0.80902
vn 0.00000 0.95106 -0.30902
vn -0.00000 0.95106 0.30902
vn -0.00000 0.95106 0.30902
vn 0.00000 0.95106 -0.30902
vn -0.00000 0.95106 0.30902
vn -0.00000 0.58779 0.80902
vn -0.00000 0.58779 0.80902
vn -0.00000 0.95106 0.30902
vn -0.00000 0.58779 0.80902
vn -0.00000 0.00000 1.00000
vn -0.00000 0.00000 1.00000
vn -0.00000 0.58779 0.80902
vn -0.00000 0.00000 1.00000
vn 0.00000 -0.58779 0.80902
vn 0.00000 -0.58779 0.80902
vn -0.00000 0.00000 1.00000
vn 0.00000 -0.58779 0.80902
vn 0.00000 -0.95106 0.30902
vn 0.00000 -0.95106 0.30902
vn 0.00000 -0.58779 0.80902
vn 0.00000 -0.95106 0.30902
vn 0.00000 -0.95106 -0.30902
vn 0.00000 -0.95106 -0.30902
vn 0.00000 -0.95106 0.30902
vn 0.00000 -0.95106 -0.30902
vn 0.00000 -0.58779 -0.80902
vn 0.00000 -0.58779 -0.80902
vn 0.00000 -0.95106 -0.30902
vn 0.00000 -0.58779 -0.80902
vn 0.00000 0.00000 -1.00000
vn 0.00000 0.00000 -1.00000
vn 0.00000 -0.58779 -0.80902
vn -1.00000 -0.00000 -0.00000
vn 1.00000 0.00000 0.00000
vn 1.00000 0.00000 0.00000
vn -1.00000 0.00000 0.00000
vn 0.00000 1.00000 0.00000
vn 0.00000 -1.00000 0.00000
vn 0.00000 0.00000 1.00000
vn 0.00000 0.00000 -1.00000
vn 0.00000 0.00000 -1.00000
vn 0.00000 0.58779 -0.80902
vn 0.00000 0.58779 -0.80902
vn 0.00000 0.00000 -1.00000
vn 0.00000 0.58779 -0.80902
vn 0.00000 0.95106 -0.30902
vn 0.00000 0.95106 -0.30902
vn 0.00000 0.58779 -0.80902
vn 0.00000 0.95106 -0.30902
vn -0.00000 0.95106 0.30902
vn -0.00000 0.95106 0.30902
vn 0.00000 0.95106 -0.30902
vn -0.00000 0.95106 0.30902
vn -0.00000 0.58779 0.80902
vn -0.00000 0.58779 0.80902
vn -0.00000 0.95106 0.30902
vn -0.00000 0.58779 0.80902
vn -0.00000 0.00000 1.00000
vn -0.00000 0.00000 1.00000
vn -0.00000 0.58779 0.80902
vn -0.00000 0.00000 1.00000
vn 0.00000 -0.58779 0.80902
vn 0.00000 -0.58779 0.80902
vn -0.00000 0.00000 1.00000
vn 0.00000 -0.58779 0.80902
vn 0.00000 -0.95106 0.30902
vn 0.00000 -0.95106 0.30902
vn 0.00000 -0.58779 0.80902
vn 0.00000 -0.95106 0.30902
vn 0.00000 -0.95106 -0.30902
vn 0.00000 -0.95106 -0.30902
vn 0.00000 -0.95106 0.30902
vn 0.00000 -0.95106 -0.30902
vn 0.00000 -0.58779 -0.80902
vn 0.00000 -0.58779 -0.80902
vn 0.00000 -0.95106 -0.30902
vn 0.00000 -0.58779 -0.80902
vn 0.00000 0.00000 -1.00000
vn 0.00000 0.00000 -1.00000
vn 0.00000 -0.58779 -0.80902
vn -1.00000 -0.00000 -0.00000
vn 1.00000 0.00000 0.00000
vn 1.00000 0.00000 0.00000
vn -1.00000 0.00000 0.00000
vn 0.00000 1.00000 0.00000
vn 0.00000 -1.00000 0.00000
vn 0.00000 0.00000 1.00000
vn 0.00000 0.00000 -1.00000
vn 0.00000 0.00000 -1.00000
vn 0.00000 0.58779 -0.80902
vn 0.00000 0.58779 -0.80902
vn 0.00000 0.00000 -1.00000
vn 0.00000 0.58779 -0.80902
vn 0.00000 0.95106 -0.30902
vn 0.00000 0.95106 -0.30902
vn 0.00000 0.58779 -0.80902
vn 0.00000 0.95106 -0.30902
vn -0.00000 0.95106 0.30902
vn -0.00000 0.95106 0.30902
vn 0.00000 0.95106 -0.30902
vn -0.00000 0.95106 0.30902
vn -0.00000 0.58779 0.80902
vn -0.00000 0.58779 0.80902
vn -0.00000 0.95106 0.30902
vn -0.00000 0.58779 0.80902
vn -0.00000 0.00000 1.00000
vn -0.00000 0.00000 1.00000
vn -0.00000 0.58779 0.80902
vn -0.00000 0.00000 1.00000
vn 0.00000 -0.58779 0.80902
vn 0.00000 -0.58779 0.80902
vn -0.00000 0.00000 1.00000
vn 0.00000 -0.58779 0.80902
vn 0.00000 -0.95106 0.30902
vn 0.00000 -0.95106 0.30902
vn 0.00000 -0.58779 0.80902
vn 0.00000 -0.95106 0.30902
vn 0.00000 -0.95106 -0.30902
vn 0.00000 -0.95106 -0.30902
vn 0.00000 -0.95106 0.30902
vn 0.00000 -0.95106 -0.30902
vn 0.00000 -0.58779 -0.80902
vn 0.00000 -0.58779 -0.80902
vn 0.00000 -0.95106 -0.30902
vn 0.00000 -0.58779 -0.80902
vn 0.00000 0.00000 -1.00000
vn 0.00000 0.00000 -1.00000
vn 0.00000 -0.58779 -0.80902
vn -1.00000 -0.00000 -0.00000
vn 1.00000 0.00000 0.00000
vn 1.00000 0.00000 0.00000
vn -1.00000 0.00000 0.00000
vn 0.00000 1.00000 0.00000
vn 0.00000 -1.00000 0.00000
vn 0.00000 0.00000 1.00000
vn 0.00000 0.00000 -1.00000
vn 0.00000 0.00000 -1.00000
vn 0.00000 0.58779 -0.80902
vn 0.00000 0.58779 -0.80902
vn 0.00000 0.00000 -1.00000
vn 0.00000 0.58779 -0.80902
vn 0.00000 0.95106 -0.30902
vn 0.00000 0.95106 -0.30902
vn 0.00000 0.58779 -0.80902
vn 0.00000 0.95106 -0.30902
vn -0.00000 0.95106 0.30902
vn -0.00000 0.95106 0.30902
vn 0.00000 0.95106 -0.30902
vn -0.00000 0.95106 0.30902
vn -0.00000 0.58779 0.80902
vn -0.00000 0.58779 0.80902
vn -0.00000 0.95106 0.30902
vn -0.00000 0.58779 0.80902
vn -0.00000 0.00000 1.00000
vn -0.00000 0.00000 1.00000
vn -0.00000 0.58779 0.80902
vn -0.00000 0.00000 1.00000
vn 0.00000 -0.58779 0.80902
vn 0.00000 -0.58779 0.80902
vn -0.00000 0.00000 1.00000
vn 0.00000 -0.58779 0.80902
vn 0.00000 -0.95106 0.30902
vn 0.00000 -0.95106 0.30902
vn 0.00000 -0.58779 0.80902
vn 0.00000 -0.95106 0.30902
vn 0.00000 -0.95106 -0.30902
vn 0.00000 -0.95106 -0.30902
vn 0.00000 -0.95106 0.30902
vn 0.00000 -0.95106 -0.30902
vn 0.00000 -0.58779 -0.80902
vn 0.00000 -0.58779 -0.80902
vn 0.00000 -0.95106 -0.30902
vn 0.00000 -0.58779 -0.80902
vn 0.00000 0.00000 -1.00000
vn 0.00000 0.00000 -1.00000
vn 0.00000 -0.58779 -0.80902
vn -1.00000 -0.00000 -0.00000
vn 1.00000 0.00000 0.00000
vn 1.00000 0.00000 0.00000
vn -1.00000 0.00000 0.00000
vn 0.00000 1.00000 0.00000
vn 0.00000 -1.00000 0.00000
vn 0.00000 0.00000 1.00000
vn 0.00000 0.00000 -1.00000
vn 0.00000 0.00000 -1.00000
vn 0.00000 0.58779 -0.80902
vn 0.00000 0.58779 -0.80902
vn 0.00000 0.00000 -1.00000
vn 0.00000 0.58779 -0.80902
vn 0.00000 0.95106 -0.30902
vn 0.00000 0.95106 -0.30902
vn 0.00000 0.58779 -0.80902
vn 0.00000 0.95106 -0.30902
vn -0.00000 0.95106 0.30902
vn -0.00000 0.95106 0.30902
vn 0.00000 0.95106 -0.30902
vn -0.00000 0.95106 0.30902
vn -0.00000 0.58779 0.80902
vn -0.00000 0.58779 0.80902
vn -0.00000 0.95106 0.30902
vn -0.00000 0.58779 0.80902
vn -0.00000 0.00000 1.00000
vn -0.00000 0.00000 1.00000
vn -0.00000 0.58779 0.80902
vn -0.00000 0.00000 1.00000
vn 0.00000 -0.58779 0.80902
vn 0.00000 -0.58779 0.80902
vn -0.00000 0.00000 1.00000
vn 0.00000 -0.58779 0.80902
vn 0.00000 -0.95106 0.30902
vn 0.00000 -0.95106 0.30902
vn 0.00000 -0.58779 0.80902
vn 0.00000 -0.95106 0.30902
vn 0.00000 -0.95106 -0.30902
vn 0.00000 -0.95106 -0.30902
vn 0.00000 -0.95106 0.30902
vn 0.00000 -0.95106 -0.30902
vn 0.00000 -0.58779 -0.80902
vn 0.00000 -0.58779 -0.80902
vn 0.00000 -0.95106 -0.30902
vn 0.00000 -0.58779 -0.80902
vn 0.00000 0.00000 -1.00000
vn 0.00000 0.00000 -1.00000
vn 0.00000 -0.58779 -0.80902
vn -1.00000 -0.00000 -0.00000
vn 1.00000 0.00000 0.00000
vn 1.00000 0.00000 0.00000
vn -1.00000 0.00000 0.00000
vn 1.00000 0.00000 0.00000
vn -1.00000 0.00000 0.00000
vn 0.00000 1.00000 0.00000
vn 0.00000 -1.00000 0.00000
vn 0.00000 0.00000 1.00000
vn 0.00000 0.00000 -1.00000
vn 0.00000 -1.00000 0.00000
vn 1.00000 0.00000 0.00000
vn -1.00000 0.00000 0.00000
vn 0.00000 1.00000 0.00000
vn 0.00000 -1.00000 0.00000
vn 0.00000 0.00000 1.00000
vn 0.00000 0.00000 -1.00000
vn 1.00000 0.00000 0.00000
vn -1.00000 0.00000 0.00000
vn 0.00000 1.00000 0.00000
vn 0.00000 -1.00000 0.00000
vn 0.00000 0.00000 1.00000
vn 0.00000 0.00000 -1.00000
vn 1.00000 0.00000 0.00000
vn -1.00000 0.00000 0.00000
vn 0.00000 1.00000 0.00000
vn 0.00000 -1.00000 0.00000
vn 0.00000 0.00000 1.00000
vn 0.00000 0.00000 -1.00000
vn 1.00000 0.00000 0.00000
vn -1.00000 0.00000 0.00000
vn 0.00000 1.00000 0.00000
vn 0.00000 -1.00000 0.00000
vn 0.00000 0.00000 1.00000
vn 0.00000 0.00000 -1.00000
vn 1.00000 0.00000 0.00000
vn -1.00000 0.00000 0.00000
vn 0.00000 1.00000 0.00000
vn 0.00000 -1.00000 0.00000
vn 0.00000 0.00000 1.00000
vn 0.00000 0.00000 -1.00000
vn 1.00000 0.00000 0.00000
vn -1.00000 0.00000 0.00000
vn 0.00000 1.00000 0.00000
vn 0.00000 -1.00000 0.00000
vn 0.00000 0.00000 1.00000
vn 0.00000 0.00000 -1.00000
vn 1.00000 0.00000 0.00000
vn -1.00000 0.00000 0.00000
vn 0.00000 1.00000 0.00000
vn 0.00000 -1.00000 0.00000
vn 0.00000 0.00000 1.00000
vn 0.00000 0.00000 -1.00000
vn 1.00000 0.00000 0.00000
vn -1.00000 0.00000 0.00000
vn 0.00000 1.00000 0.00000
vn 0.00000 -1.00000 0.00000
vn 0.00000 0.00000 1.00000
vn 0.00000 0.00000 -1.00000
vn 1.00000 0.00000 0.00000
vn -1.00000 0.00000 0.00000
vn 0.00000 1.00000 0.00000
vn 0.00000 -1.00000 0.00000
vn 0.00000 0.00000 1.00000
vn 0.00000 0.00000 -1.00000
vn 1.00000 0.00000 0.00000
vn -1.00000 0.00000 0.00000
vn 0.00000 1.00000 0.00000
vn 0.00000 -1.00000 0.00000
vn 0.00000 0.00000 1.00000
vn 0.00000 0.00000 -1.00000
vn -0.00000 0.70711 0.70711
vn 0.00000 -0.70711 0.70711
vn 0.00000 0.70711 -0.70711
vn -0.00000 -0.70711 -0.70711
vn -0.70711 0.00000 -0.70711
vn 0.70711 -0.00000 -0.70711
vn -0.70711 -0.00000 0.70711
vn 0.70711 0.00000 0.70711
vn 0.70711 0.70711 -0.00000
vn -0.70711 0.70711 0.00000
vn 0.70711 -0.70711 0.00000
vn -0.70711 -0.70711 -0.00000
vn 0.57735 0.57735 0.57735
vn -0.57735 -0.57735 0.57735
vn -0.57735 0.57735 -0.57735
vn 0.57735 -0.57735 -0.57735
vn 0.57735 -0.57735 -0.57735
vn -0.57735 0.57735 -0.57735
vn -0.57735 -0.57735 0.57735
vn 0.57735 0.57735 0.57735
vn 1.00000 0.00000 0.00000
vn -1.00000 0.00000 0.00000
vn 0.00000 1.00000 0.00000
vn 0.00000 -1.00000 0.00000
vn 0.00000 0.00000 1.00000
vn 0.00000 0.00000 -1.00000
vn -0.00000 0.70711 0.70711
vn 0.00000 -0.70711 0.70711
vn 0.00000 0.70711 -0.70711
vn -0.00000 -0.70711 -0.70711
vn -0.70711 0.00000 -0.70711
vn 0.70711 -0.00000 -0.70711
vn -0.70711 -0.00000 0.70711
vn 0.70711 0.00000 0.70711
vn 0.70711 0.70711 -0.00000
vn -0.70711 0.70711 0.00000
vn 0.70711 -0.70711 0.00000
vn -0.70711 -0.70711 -0.00000
vn 0.57735 0.57735 0.57735
vn -0.57735 -0.57735 0.57735
vn -0.57735 0.57735 -0.57735
vn 0.57735 -0.57735 -0.57735
vn 0.57735 -0.57735 -0.57735
vn -0.57735 0.57735 -0.57735
vn -0.57735 -0.57735 0.57735
vn 0.57735 0.57735 0.57735
vn 1.00000 0.00000 0.00000
vn -1.00000 0.00000 0.00000
vn 0.00000 1.00000 0.00000
vn 0.00000 -1.00000 0.00000
vn 0.00000 0.00000 1.00000
vn 0.00000 0.00000 -1.00000
vn 0.00000 0.00000 1.00000
vn 0.70711 0.00000 0.70711
vn 0.70711 0.00000 0.70711
vn 0.00000 0.00000 1.00000
vn 0.70711 0.00000 0.70711
vn 1.00000 0.00000 0.00000
vn 1.00000 0.00000 0.00000
vn 0.70711 0.00000 0.70711
vn 1.00000 0.00000 0.00000
vn 0.70711 0.00000 -0.70711
vn 0.70711 0.00000 -0.70711
vn 1.00000 0.00000 0.00000
vn 0.70711 0.00000 -0.70711
vn 0.00000 0.00000 -1.00000
vn 0.00000 0.00000 -1.00000
vn 0.70711 0.00000 -0.70711
vn 0.00000 0.00000 -1.00000
vn -0.70711 -0.00000 -0.70711
vn -0.70711 -0.00000 -0.70711
vn 0.00000 0.00000 -1.00000
vn -0.70711 -0.00000 -0.70711
vn -1.00000 -0.00000 -0.00000
vn -1.00000 -0.00000 -0.00000
vn -0.70711 -0.00000 -0.70711
vn -1.00000 -0.00000 -0.00000
vn -0.70711 0.00000 0.70711
vn -0.70711 0.00000 0.70711
vn -1.00000 -0.00000 -0.00000
vn -0.70711 0.00000 0.70711
vn 0.00000 0.00000 1.00000
vn 0.00000 0.00000 1.00000
vn -0.70711 0.00000 0.70711
vn -0.00000 -1.00000 -0.00000
vn 0.00000 1.00000 0.00000
vn 0.00000 0.00000 1.00000
vn 0.70711 0.00000 0.70711
vn 0.70711 0.00000 0.70711
vn 0.00000 0.00000 1.00000
vn 0.70711 0.00000 0.70711
vn 1.00000 0.00000 0.00000
vn 1.00000 0.00000 0.00000
vn 0.70711 0.00000 0.70711
vn 1.00000 0.00000 0.00000
vn 0.70711 0.00000 -0.70711
vn 0.70711 0.00000 -0.70711
vn 1.00000 0.00000 0.00000
vn 0.70711 0.00000 -0.70711
vn 0.00000 0.00000 -1.00000
vn 0.00000 0.00000 -1.00000
vn 0.70711 0.00000 -0.70711
vn 0.00000 0.00000 -1.00000
vn -0.70711 -0.00000 -0.70711
vn -0.70711 -0.00000 -0.70711
vn 0.00000 0.00000 -1.00000
vn -0.70711 -0.00000 -0.70711
vn -1.00000 -0.00000 -0.00000
vn -1.00000 -0.00000 -0.00000
vn -0.70711 -0.00000 -0.70711
vn -1.00000 -0.00000 -0.00000
vn -0.70711 0.00000 0.70711
vn -0.70711 0.00000 0.70711
vn -1.00000 -0.00000 -0.00000
vn -0.70711 0.00000 0.70711
vn 0.00000 0.00000 1.00000
vn 0.00000 0.00000 1.00000
vn -0.70711 0.00000 0.70711
vn -0.00000 -1.00000 -0.00000
vn 0.00000 1.00000 0.00000
vn 0.00000 0.00000 1.00000
vn 0.70711 0.00000 0.70711
vn 0.70711 0.00000 0.70711
vn 0.00000 0.00000 1.00000
vn 0.70711 0.00000 0.70711
vn 1.00000 0.00000 0.00000
vn 1.00000 0.00000 0.00000
vn 0.70711 0.00000 0.70711
vn 1.00000 0.00000 0.00000
vn 0.70711 0.00000 -0.70711
vn 0.70711 0.00000 -0.70711
vn 1.00000 0.00000 0.00000
vn 0.70711 0.00000 -0.70711
vn 0.00000 0.00000 -1.00000
vn 0.00000 0.00000 -1.00000
vn 0.70711 0.00000 -0.70711
vn 0.00000 0.00000 -1.00000
vn -0.70711 -0.00000 -0.70711
vn -0.70711 -0.00000 -0.70711
vn 0.00000 0.00000 -1.00000
vn -0.70711 -0.00000 -0.70711
vn -1.00000 -0.00000 -0.00000
vn -1.00000 -0.00000 -0.00000
vn -0.70711 -0.00000 -0.70711
vn -1.00000 -0.00000 -0.00000
vn -0.70711 0.00000 0.70711
vn -0.70711 0.00000 0.70711
vn -1.00000 -0.00000 -0.00000
vn -0.70711 0.00000 0.70711
vn 0.00000 0.00000 1.00000
vn 0.00000 0.00000 1.00000
vn -0.70711 0.00000 0.70711
vn -0.00000 -1.00000 -0.00000
vn 0.00000 1.00000 0.00000
vn 1.00000 0.00000 0.00000
vn -1.00000 0.00000 0.00000
vn 0.00000 1.00000 0.00000
vn 0.00000 -1.00000 0.00000
vn 0.00000 0.00000 1.00000
vn 0.00000 0.00000 -1.00000
vn -0.00000 0.70711 0.70711
vn 0.00000 -0.70711 0.70711
vn 0.00000 0.70711 -0.70711
vn -0.00000 -0.70711 -0.70711
vn -0.70711 0.00000 -0.70711
vn 0.70711 -0.00000 -0.70711
vn -0.70711 -0.00000 0.70711
vn 0.70711 0.00000 0.70711
vn 0.70711 0.70711 -0.00000
vn -0.70711 0.70711 0.00000
vn 0.70711 -0.70711 0.00000
vn -0.70711 -0.70711 -0.00000
vn 0.57735 0.57735 0.57735
vn -0.57735 -0.57735 0.57735
vn -0.57735 0.57735 -0.57735
vn 0.57735 -0.57735 -0.57735
vn 0.57735 -0.57735 -0.57735
vn -0.57735 0.57735 -0.57735
vn -0.57735 -0.57735 0.57735
vn 0.57735 0.57735 0.57735
vn 1.00000 0.00000 0.00000
vn -1.00000 0.00000 0.00000
vn 0.00000 1.00000 0.00000
vn 0.00000 -1.00000 0.00000
vn 0.00000 0.00000 1.00000
vn 0.00000 0.00000 -1.00000
vn -0.00000 0.70711 0.70711
vn 0.00000 -0.70711 0.70711
vn 0.00000 0.70711 -0.70711
vn -0.00000 -0.70711 -0.70711
vn -0.70711 0.00000 -0.70711
vn 0.70711 -0.00000 -0.70711
vn -0.70711 -0.00000 0.70711
vn 0.70711 0.00000 0.70711
vn 0.70711 0.70711 -0.00000
vn -0.70711 0.70711 0.00000
vn 0.70711 -0.70711 0.00000
vn -0.70711 -0.70711 -0.00000
vn 0.57735 0.57735 0.57735
vn -0.57735 -0.57735 0.57735
vn -0.57735 0.57735 -0.57735
vn 0.57735 -0.57735 -0.57735
vn 0.57735 -0.57735 -0.57735
vn -0.57735 0.57735 -0.57735
vn -0.57735 -0.57735 0.57735
vn 0.57735 0.57735 0.57735
vn 1.00000 0.00000 0.00000
vn -1.00000 0.00000 0.00000
vn 0.00000 1.00000 0.00000
vn 0.00000 -1.00000 0.00000
vn 0.00000 0.00000 1.00000
vn 0.00000 0.00000 -1.00000
vn 0.00000 0.00000 1.00000
vn 0.70711 0.00000 0.70711
vn 0.70711 0.00000 0.70711
vn 0.00000 0.00000 1.00000
vn 0.70711 0.00000 0.70711
vn 1.00000 0.00000 0.00000
vn 1.00000 0.00000 0.00000
vn 0.70711 0.00000 0.70711
vn 1.00000 0.00000 0.00000
vn 0.70711 0.00000 -0.70711
vn 0.70711 0.00000 -0.70711
vn 1.00000 0.00000 0.00000
vn 0.70711 0.00000 -0.70711
vn 0.00000 0.00000 -1.00000
vn 0.00000 0.00000 -1.00000
vn 0.70711 0.00000 -0.70711
vn 0.00000 0.00000 -1.00000
vn -0.70711 -0.00000 -0.70711
vn -0.70711 -0.00000 -0.70711
vn 0.00000 0.00000 -1.00000
vn -0.70711 -0.00000 -0.70711
vn -1.00000 -0.00000 -0.00000
vn -1.00000 -0.00000 -0.00000
vn -0.70711 -0.00000 -0.70711
vn -1.00000 -0.00000 -0.00000
vn -0.70711 0.00000 0.70711
vn -0.70711 0.00000 0.70711
vn -1.00000 -0.00000 -0.00000
vn -0.70711 0.00000 0.70711
vn 0.00000 0.00000 1.00000
vn 0.00000 0.00000 1.00000
vn -0.70711 0.00000 0.70711
vn -0.00000 -1.00000 -0.00000
vn 0.00000 1.00000 0.00000
vn 0.00000 0.00000 1.00000
vn 0.70711 0.00000 0.70711
vn 0.70711 0.00000 0.70711
vn 0.00000 0.00000 1.00000
vn 0.70711 0.00000 0.70711
vn 1.00000 0.00000 0.00000
vn 1.00000 0.00000 0.00000
vn 0.70711 0.00000 0.70711
vn 1.00000 0.00000 0.00000
vn 0.70711 0.00000 -0.70711
vn 0.70711 0.00000 -0.70711
vn 1.00000 0.00000 0.00000
vn 0.70711 0.00000 -0.70711
vn 0.00000 0.00000 -1.00000
vn 0.00000 0.00000 -1.00000
vn 0.70711 0.00000 -0.70711
vn 0.00000 0.00000 -1.00000
vn -0.70711 -0.00000 -0.70711
vn -0.70711 -0.00000 -0.70711
vn 0.00000 0.00000 -1.00000
vn -0.70711 -0.00000 -0.70711
vn -1.00000 -0.00000 -0.00000
vn -1.00000 -0.00000 -0.00000
vn -0.70711 -0.00000 -0.70711
vn -1.00000 -0.00000 -0.00000
vn -0.70711 0.00000 0.70711
vn -0.70711 0.00000 0.70711
vn -1.00000 -0.00000 -0.00000
vn -0.70711 0.00000 0.70711
vn 0.00000 0.00000 1.00000
vn 0.00000 0.00000 1.00000
vn -0.70711 0.00000 0.70711
vn -0.00000 -1.00000 -0.00000
vn 0.00000 1.00000 0.00000
vn 0.00000 0.00000 1.00000
vn 0.70711 0.00000 0.70711
vn 0.70711 0.00000 0.70711
vn 0.00000 0.00000 1.00000
vn 0.70711 0.00000 0.70711
vn 1.00000 0.00000 0.00000
vn 1.00000 0.00000 0.00000
vn 0.70711 0.00000 0.70711
vn 1.00000 0.00000 0.00000
vn 0.70711 0.00000 -0.70711
vn 0.70711 0.00000 -0.70711
vn 1.00000 0.00000 0.00000
vn 0.70711 0.00000 -0.70711
vn 0.00000 0.00000 -1.00000
vn 0.00000 0.00000 -1.00000
vn 0.70711 0.00000 -0.70711
vn 0.00000 0.00000 -1.00000
vn -0.70711 -0.00000 -0.70711
vn -0.70711 -0.00000 -0.70711
vn 0.00000 0.00000 -1.00000
vn -0.70711 -0.00000 -0.70711
vn -1.00000 -0.00000 -0.00000
vn -1.00000 -0.00000 -0.00000
vn -0.70711 -0.00000 -0.70711
vn -1.00000 -0.00000 -0.00000
vn -0.70711 0.00000 0.70711
vn -0.70711 0.00000 0.70711
vn -1.00000 -0.00000 -0.00000
vn -0.70711 0.00000 0.70711
vn 0.00000 0.00000 1.00000
vn 0.00000 0.00000 1.00000
vn -0.70711 0.00000 0.70711
vn -0.00000 -1.00000 -0.00000
vn 0.00000 1.00000 0.00000
vn 1.00000 0.00000 0.00000
vn -1.00000 0.00000 0.00000
vn 0.00000 1.00000 0.00000
vn 0.00000 -1.00000 0.00000
vn 0.00000 0.00000 1.00000
vn 0.00000 0.00000 -1.00000
vn -0.00000 0.70711 0.70711
vn 0.00000 -0.70711 0.70711
vn 0.00000 0.70711 -0.70711
vn -0.00000 -0.70711 -0.70711
vn -0.70711 0.00000 -0.70711
vn 0.70711 -0.00000 -0.70711
vn -0.70711 -0.00000 0.70711
vn 0.70711 0.00000 0.70711
vn 0.70711 0.70711 -0.00000
vn -0.70711 0.70711 0.00000
vn 0.70711 -0.70711 0.00000
vn -0.70711 -0.70711 -0.00000
vn 0.57735 0.57735 0.57735
vn -0.57735 -0.57735 0.57735
vn -0.57735 0.57735 -0.57735
vn 0.57735 -0.57735 -0.57735
vn 0.57735 -0.57735 -0.57735
vn -0.57735 0.57735 -0.57735
vn -0.57735 -0.57735 0.57735
vn 0.57735 0.57735 0.57735
vn 1.00000 0.00000 0.00000
vn -1.00000 0.00000 0.00000
vn 0.00000 1.00000 0.00000
vn 0.00000 -1.00000 0.00000
vn 0.00000 0.00000 1.00000
vn 0.00000 0.00000 -1.00000
vn -0.00000 0.70711 0.70711
vn 0.00000 -0.70711 0.70711
vn 0.00000 0.70711 -0.70711
vn -0.00000 -0.70711 -0.70711
vn -0.70711 0.00000 -0.70711
vn 0.70711 -0.00000 -0.70711
vn -0.70711 -0.00000 0.70711
vn 0.70711 0.00000 0.70711
vn 0.70711 0.70711 -0.00000
vn -0.70711 0.70711 0.00000
vn 0.70711 -0.70711 0.00000
vn -0.70711 -0.70711 -0.00000
vn 0.57735 0.57735 0.57735
vn -0.57735 -0.57735 0.57735
vn -0.57735 0.57735 -0.57735
vn 0.57735 -0.57735 -0.57735
vn 0.57735 -0.57735 -0.57735
vn -0.57735 0.57735 -0.57735
vn -0.57735 -0.57735 0.57735
vn 0.57735 0.57735 0.57735
vn 1.00000 0.00000 0.00000
vn -1.00000 0.00000 0.00000
vn 0.00000 1.00000 0.00000
vn 0.00000 -1.00000 0.00000
vn 0.00000 0.00000 1.00000
vn 0.00000 0.00000 -1.00000
vn 0.00000 0.00000 1.00000
vn 0.70711 0.00000 0.70711
vn 0.70711 0.00000 0.70711
vn 0.00000 0.00000 1.00000
vn 0.70711 0.00000 0.70711
vn 1.00000 0.00000 0.00000
vn 1.00000 0.00000 0.00000
vn 0.70711 0.00000 0.70711
vn 1.00000 0.00000 0.00000
vn 0.70711 0.00000 -0.70711
vn 0.70711 0.00000 -0.70711
vn 1.00000 0.00000 0.00000
vn 0.70711 0.00000 -0.70711
vn 0.00000 0.00000 -1.00000
vn 0.00000 0.00000 -1.00000
vn 0.70711 0.00000 -0.70711
vn 0.00000 0.00000 -1.00000
vn -0.70711 -0.00000 -0.70711
vn -0.70711 -0.00000 -0.70711
vn 0.00000 0.00000 -1.00000
vn -0.70711 -0.00000 -0.70711
vn -1.00000 -0.00000 -0.00000
vn -1.00000 -0.00000 -0.00000
vn -0.70711 -0.00000 -0.70711
vn -1.00000 -0.00000 -0.00000
vn -0.70711 0.00000 0.70711
vn -0.70711 0.00000 0.70711
vn -1.00000 -0.00000 -0.00000
vn -0.70711 0.00000 0.70711
vn 0.00000 0.00000 1.00000
vn 0.00000 0.00000 1.00000
vn -0.70711 0.00000 0.70711
vn -0.00000 -1.00000 -0.00000
vn 0.00000 1.00000 0.00000
vn 0.00000 0.00000 1.00000
vn 0.70711 0.00000 0.70711
vn 0.70711 0.00000 0.70711
vn 0.00000 0.00000 1.00000
vn 0.70711 0.00000 0.70711
vn 1.00000 0.00000 0.00000
vn 1.00000 0.00000 0.00000
vn 0.70711 0.00000 0.70711
vn 1.00000 0.00000 0.00000
vn 0.70711 0.00000 -0.70711
vn 0.70711 0.00000 -0.70711
vn 1.00000 0.00000 0.00000
vn 0.70711 0.00000 -0.70711
vn 0.00000 0.00000 -1.00000
vn 0.00000 0.00000 -1.00000
vn 0.70711 0.00000 -0.70711
vn 0.00000 0.00000 -1.00000
vn -0.70711 -0.00000 -0.70711
vn -0.70711 -0.00000 -0.70711
vn 0.00000 0.00000 -1.00000
vn -0.70711 -0.00000 -0.70711
vn -1.00000 -0.00000 -0.00000
vn -1.00000 -0.00000 -0.00000
vn -0.70711 -0.00000 -0.70711
vn -1.00000 -0.00000 -0.00000
vn -0.70711 0.00000 0.70711
vn -0.70711 0.00000 0.70711
vn -1.00000 -0.00000 -0.00000
vn -0.70711 0.00000 0.70711
vn 0.00000 0.00000 1.00000
vn 0.00000 0.00000 1.00000
vn -0.70711 0.00000 0.70711
vn -0.00000 -1.00000 -0.00000
vn 0.00000 1.00000 0.00000
vn 0.00000 0.00000 1.00000
vn 0.70711 0.00000 0.70711
vn 0.70711 0.00000 0.70711
vn 0.00000 0.00000 1.00000
vn 0.70711 0.00000 0.70711
vn 1.00000 0.00000 0.00000
vn 1.00000 0.00000 0.00000
vn 0.70711 0.00000 0.70711
vn 1.00000 0.00000 0.00000
vn 0.70711 0.00000 -0.70711
vn 0.70711 0.00000 -0.70711
vn 1.00000 0.00000 0.00000
vn 0.70711 0.00000 -0.70711
vn 0.00000 0.00000 -1.00000
vn 0.00000 0.00000 -1.00000
vn 0.70711 0.00000 -0.70711
vn 0.00000 0.00000 -1.00000
vn -0.70711 -0.00000 -0.70711
vn -0.70711 -0.00000 -0.70711
vn 0.00000 0.00000 -1.00000
vn -0.70711 -0.00000 -0.70711
vn -1.00000 -0.00000 -0.00000
vn -1.00000 -0.00000 -0.00000
vn -0.70711 -0.00000 -0.70711
vn -1.00000 -0.00000 -0.00000
vn -0.70711 0.00000 0.70711
vn -0.70711 0.00000 0.70711
vn -1.00000 -0.00000 -0.00000
vn -0.70711 0.00000 0.70711
vn 0.00000 0.00000 1.00000
vn 0.00000 0.00000 1.00000
vn -0.70711 0.00000 0.70711
vn -0.00000 -1.00000 -0.00000
vn 0.00000 1.00000 0.00000
vn 1.00000 0.00000 0.00000
vn -1.00000 0.00000 0.00000
vn 0.00000 1.00000 0.00000
vn 0.00000 -1.00000 0.00000
vn 0.00000 0.00000 1.00000
vn 0.00000 0.00000 -1.00000
vn -0.00000 0.70711 0.70711
vn 0.00000 -0.70711 0.70711
vn 0.00000 0.70711 -0.70711
vn -0.00000 -0.70711 -0.70711
vn -0.70711 0.00000 -0.70711
vn 0.70711 -0.00000 -0.70711
vn -0.70711 -0.00000 0.70711
vn 0.70711 0.00000 0.70711
vn 0.70711 0.70711 -0.00000
vn -0.70711 0.70711 0.00000
vn 0.70711 -0.70711 0.00000
vn -0.70711 -0.70711 -0.00000
vn 0.57735 0.57735 0.57735
vn -0.57735 -0.57735 0.57735
vn -0.57735 0.57735 -0.57735
vn 0.57735 -0.57735 -0.57735
vn 0.57735 -0.57735 -0.57735
vn -0.57735 0.57735 -0.57735
vn -0.57735 -0.57735 0.57735
vn 0.57735 0.57735 0.57735
vn 1.00000 0.00000 0.00000
vn -1.00000 0.00000 0.00000
vn 0.00000 1.00000 0.00000
vn 0.00000 -1.00000 0.00000
vn 0.00000 0.00000 1.00000
vn 0.00000 0.00000 -1.00000
vn -0.00000 0.70711 0.70711
vn 0.00000 -0.70711 0.70711
vn 0.00000 0.70711 -0.70711
vn -0.00000 -0.70711 -0.70711
vn -0.70711 0.00000 -0.70711
vn 0.70711 -0.00000 -0.70711
vn -0.70711 -0.00000 0.70711
vn 0.70711 0.00000 0.70711
vn 0.70711 0.70711 -0.00000
vn -0.70711 0.70711 0.00000
vn 0.70711 -0.70711 0.00000
vn -0.70711 -0.70711 -0.00000
vn 0.57735 0.57735 0.57735
vn -0.57735 -0.57735 0.57735
vn -0.57735 0.57735 -0.57735
vn 0.57735 -0.57735 -0.57735
vn 0.57735 -0.57735 -0.57735
vn -0.57735 0.57735 -0.57735
vn -0.57735 -0.57735 0.57735
vn 0.57735 0.57735 0.57735
vn 1.00000 0.00000 0.00000
vn -1.00000 0.00000 0.00000
vn 0.00000 1.00000 0.00000
vn 0.00000 -1.00000 0.00000
vn 0.00000 0.00000 1.00000
vn 0.00000 0.00000 -1.00000
vn 0.00000 0.00000 1.00000
vn 0.70711 0.00000 0.70711
vn 0.70711 0.00000 0.70711
vn 0.00000 0.00000 1.00000
vn 0.70711 0.00000 0.70711
vn 1.00000 0.00000 0.00000
vn 1.00000 0.00000 0.00000
vn 0.70711 0.00000 0.70711
vn 1.00000 0.00000 0.00000
vn 0.70711 0.00000 -0.70711
vn 0.70711 0.00000 -0.70711
vn 1.00000 0.00000 0.00000
vn 0.70711 0.00000 -0.70711
vn 0.00000 0.00000 -1.00000
vn 0.00000 0.00000 -1.00000
vn 0.70711 0.00000 -0.70711
vn 0.00000 0.00000 -1.00000
vn -0.70711 -0.00000 -0.70711
vn -0.70711 -0.00000 -0.70711
vn 0.00000 0.00000 -1.00000
vn -0.70711 -0.00000 -0.70711
vn -1.00000 -0.00000 -0.00000
vn -1.00000 -0.00000 -0.00000
vn -0.70711 -0.00000 -0.70711
vn -1.00000 -0.00000 -0.00000
vn -0.70711 0.00000 0.70711
vn -0.70711 0.00000 0.70711
vn -1.00000 -0.00000 -0.00000
vn -0.70711 0.00000 0.70711
vn 0.00000 0.00000 1.00000
vn 0.00000 0.00000 1.00000
vn -0.70711 0.00000 0.70711
vn -0.00000 -1.00000 -0.00000
vn 0.00000 1.00000 0.00000
vn 0.00000 0.00000 1.00000
vn 0.70711 0.00000 0.70711
vn 0.70711 0.00000 0.70711
vn 0.00000 0.00000 1.00000
vn 0.70711 0.00000 0.70711
vn 1.00000 0.00000 0.00000
vn 1.00000 0.00000 0.00000
vn 0.70711 0.00000 0.70711
vn 1.00000 0.00000 0.00000
vn 0.70711 0.00000 -0.70711
vn 0.70711 0.00000 -0.70711
vn 1.00000 0.00000 0.00000
vn 0.70711 0.00000 -0.70711
vn 0.00000 0.00000 -1.00000
vn 0.00000 0.00000 -1.00000
vn 0.70711 0.00000 -0.70711
vn 0.00000 0.00000 -1.00000
vn -0.70711 -0.00000 -0.70711
vn -0.70711 -0.00000 -0.70711
vn 0.00000 0.00000 -1.00000
vn -0.70711 -0.00000 -0.70711
vn -1.00000 -0.00000 -0.00000
vn -1.00000 -0.00000 -0.00000
vn -0.70711 -0.00000 -0.70711
vn -1.00000 -0.00000 -0.00000
vn -0.70711 0.00000 0.70711
vn -0.70711 0.00000 0.70711
vn -1.00000 -0.00000 -0.00000
vn -0.70711 0.00000 0.70711
vn 0.00000 0.00000 1.00000
vn 0.00000 0.00000 1.00000
vn -0.70711 0.00000 0.70711
vn -0.00000 -1.00000 -0.00000
vn 0.00000 1.00000 0.00000
vn 0.00000 0.00000 1.00000
vn 0.70711 0.00000 0.70711
vn 0.70711 0.00000 0.70711
vn 0.00000 0.00000 1.00000
vn 0.70711 0.00000 0.70711
vn 1.00000 0.00000 0.00000
vn 1.00000 0.00000 0.00000
vn 0.70711 0.00000 0.70711
vn 1.00000 0.00000 0.00000
vn 0.70711 0.00000 -0.70711
vn 0.70711 0.00000 -0.70711
vn 1.00000 0.00000 0.00000
vn 0.70711 0.00000 -0.70711
vn 0.00000 0.00000 -1.00000
vn 0.00000 0.00000 -1.00000
vn 0.70711 0.00000 -0.70711
vn 0.00000 0.00000 -1.00000
vn -0.70711 -0.00000 -0.70711
vn -0.70711 -0.00000 -0.70711
vn 0.00000 0.00000 -1.00000
vn -0.70711 -0.00000 -0.70711
vn -1.00000 -0.00000 -0.00000
vn -1.00000 -0.00000 -0.00000
vn -0.70711 -0.00000 -0.70711
vn -1.00000 -0.00000 -0.00000
vn -0.70711 0.00000 0.70711
vn -0.70711 0.00000 0.70711
vn -1.00000 -0.00000 -0.00000
vn -0.70711 0.00000 0.70711
vn 0.00000 0.00000 1.00000
vn 0.00000 0.00000 1.00000
vn -0.70711 0.00000 0.70711
vn -0.00000 -1.00000 -0.00000
vn 0.00000 1.00000 0.00000
vn 1.00000 0.00000 0.00000
vn -1.00000 0.00000 0.00000
vn 0.00000 1.00000 0.00000
vn 0.00000 -1.00000 0.00000
vn 0.00000 0.00000 1.00000
vn 0.00000 0.00000 -1.00000
vn -0.00000 0.70711 0.70711
vn 0.00000 -0.70711 0.70711
vn 0.00000 0.70711 -0.70711
vn -0.00000 -0.70711 -0.70711
vn -0.70711 0.00000 -0.70711
vn 0.70711 -0.00000 -0.70711
vn -0.70711 -0.00000 0.70711
vn 0.70711 0.00000 0.70711
vn 0.70711 0.70711 -0.00000
vn -0.70711 0.70711 0.00000
vn 0.70711 -0.70711 0.00000
vn -0.70711 -0.70711 -0.00000
vn 0.57735 0.57735 0.57735
vn -0.57735 -0.57735 0.57735
vn -0.57735 0.57735 -0.57735
vn 0.57735 -0.57735 -0.57735
vn 0.57735 -0.57735 -0.57735
vn -0.57735 0.57735 -0.57735
vn -0.57735 -0.57735 0.57735
vn 0.57735 0.57735 0.57735
vn 1.00000 0.00000 0.00000
vn -1.00000 0.00000 0.00000
vn 0.00000 1.00000 0.00000
vn 0.00000 -1.00000 0.00000
vn 0.00000 0.00000 1.00000
vn 0.00000 0.00000 -1.00000
vn -0.00000 0.70711 0.70711
vn 0.00000 -0.70711 0.70711
vn 0.00000 0.70711 -0.70711
vn -0.00000 -0.70711 -0.70711
vn -0.70711 0.00000 -0.70711
vn 0.70711 -0.00000 -0.70711
vn -0.70711 -0.00000 0.70711
vn 0.70711 0.00000 0.70711
vn 0.70711 0.70711 -0.00000
vn -0.70711 0.70711 0.00000
vn 0.70711 -0.70711 0.00000
vn -0.70711 -0.70711 -0.00000
vn 0.57735 0.57735 0.57735
vn -0.57735 -0.57735 0.57735
vn -0.57735 0.57735 -0.57735
vn 0.57735 -0.57735 -0.57735
vn 0.57735 -0.57735 -0.57735
vn -0.57735 0.57735 -0.57735
vn -0.57735 -0.57735 0.57735
vn 0.57735 0.57735 0.57735
vn 1.00000 0.00000 0.00000
vn -1.00000 0.00000 0.00000
vn 0.00000 1.00000 0.00000
vn 0.00000 -1.00000 0.00000
vn 0.00000 0.00000 1.00000
vn 0.00000 0.00000 -1.00000
vn 0.00000 0.00000 1.00000
vn 0.70711 0.00000 0.70711
vn 0.70711 0.00000 0.70711
vn 0.00000 0.00000 1.00000
vn 0.70711 0.00000 0.70711
vn 1.00000 0.00000 0.00000
vn 1.00000 0.00000 0.00000
vn 0.70711 0.00000 0.70711
vn 1.00000 0.00000 0.00000
vn 0.70711 0.00000 -0.70711
vn 0.70711 0.00000 -0.70711
vn 1.00000 0.00000 0.00000
vn 0.70711 0.00000 -0.70711
vn 0.00000 0.00000 -1.00000
vn 0.00000 0.00000 -1.00000
vn 0.70711 0.00000 -0.70711
vn 0.00000 0.00000 -1.00000
vn -0.70711 -0.00000 -0.70711
vn -0.70711 -0.00000 -0.70711
vn 0.00000 0.00000 -1.00000
vn -0.70711 -0.00000 -0.70711
vn -1.00000 -0.00000 -0.00000
vn -1.00000 -0.00000 -0.00000
vn -0.70711 -0.00000 -0.70711
vn -1.00000 -0.00000 -0.00000
vn -0.70711 0.00000 0.70711
vn -0.70711 0.00000 0.70711
vn -1.00000 -0.00000 -0.00000
vn -0.70711 0.00000 0.70711
vn 0.00000 0.00000 1.00000
vn 0.00000 0.00000 1.00000
vn -0.70711 0.00000 0.70711
vn -0.00000 -1.00000 -0.00000
vn 0.00000 1.00000 0.00000
vn 0.00000 0.00000 1.00000
vn 0.70711 0.00000 0.70711
vn 0.70711 0.00000 0.70711
vn 0.00000 0.00000 1.00000
vn 0.70711 0.00000 0.70711
vn 1.00000 0.00000 0.00000
vn 1.00000 0.00000 0.00000
vn 0.70711 0.00000 0.70711
vn 1.00000 0.00000 0.00000
vn 0.70711 0.00000 -0.70711
vn 0.70711 0.00000 -0.70711
vn 1.00000 0.00000 0.00000
vn 0.70711 0.00000 -0.70711
vn 0.00000 0.00000 -1.00000
vn 0.00000 0.00000 -1.00000
vn 0.70711 0.00000 -0.70711
vn 0.00000 0.00000 -1.00000
vn -0.70711 -0.00000 -0.70711
vn -0.70711 -0.00000 -0.70711
vn 0.00000 0.00000 -1.00000
vn -0.70711 -0.00000 -0.70711
vn -1.00000 -0.00000 -0.00000
vn -1.00000 -0.00000 -0.00000
vn -0.70711 -0.00000 -0.70711
vn -1.00000 -0.00000 -0.00000
vn -0.70711 0.00000 0.70711
vn -0.70711 0.00000 0.70711
vn -1.00000 -0.00000 -0.00000
vn -0.70711 0.00000 0.70711
vn 0.00000 0.00000 1.00000
vn 0.00000 0.00000 1.00000
vn -0.70711 0.00000 0.70711
vn -0.00000 -1.00000 -0.00000
vn 0.00000 1.00000 0.00000
vn 0.00000 0.00000 1.00000
vn 0.70711 0.00000 0.70711
vn 0.70711 0.00000 0.70711
vn 0.00000 0.00000 1.00000
vn 0.70711 0.00000 0.70711
vn 1.00000 0.00000 0.00000
vn 1.00000 0.00000 0.00000
vn 0.70711 0.00000 0.70711
vn 1.00000 0.00000 0.00000
vn 0.70711 0.00000 -0.70711
vn 0.70711 0.00000 -0.70711
vn 1.00000 0.00000 0.00000
vn 0.70711 0.00000 -0.70711
vn 0.00000 0.00000 -1.00000
vn 0.00000 0.00000 -1.00000
vn 0.70711 0.00000 -0.70711
vn 0.00000 0.00000 -1.00000
vn -0.70711 -0.00000 -0.70711
vn -0.70711 -0.00000 -0.70711
vn 0.00000 0.00000 -1.00000
vn -0.70711 -0.00000 -0.70711
vn -1.00000 -0.00000 -0.00000
vn -1.00000 -0.00000 -0.00000
vn -0.70711 -0.00000 -0.70711
vn -1.00000 -0.00000 -0.00000
vn -0.70711 0.00000 0.70711
vn -0.70711 0.00000 0.70711
vn -1.00000 -0.00000 -0.00000
vn -0.70711 0.00000 0.70711
vn 0.00000 0.00000 1.00000
vn 0.00000 0.00000 1.00000
vn -0.70711 0.00000 0.70711
vn -0.00000 -1.00000 -0.00000
vn 0.00000 1.00000 0.00000
vn 1.00000 0.00000 0.00000
vn -1.00000 0.00000 0.00000
vn 0.00000 1.00000 0.00000
vn 0.00000 -1.00000 0.00000
vn 0.00000 0.00000 1.00000
vn 0.00000 0.00000 -1.00000
vn -0.00000 0.70711 0.70711
vn 0.00000 -0.70711 0.70711
vn 0.00000 0.70711 -0.70711
vn -0.00000 -0.70711 -0.70711
vn -0.70711 0.00000 -0.70711
vn 0.70711 -0.00000 -0.70711
vn -0.70711 -0.00000 0.70711
vn 0.70711 0.00000 0.70711
vn 0.70711 0.70711 -0.00000
vn -0.70711 0.70711 0.00000
vn 0.70711 -0.70711 0.00000
vn -0.70711 -0.70711 -0.00000
vn 0.57735 0.57735 0.57735
vn -0.57735 -0.57735 0.57735
vn -0.57735 0.57735 -0.57735
vn 0.57735 -0.57735 -0.57735
vn 0.57735 -0.57735 -0.57735
vn -0.57735 0.57735 -0.57735
vn -0.57735 -0.57735 0.57735
vn 0.57735 0.57735 0.57735
vn 1.00000 0.00000 0.00000
vn -1.00000 0.00000 0.00000
vn 0.00000 1.00000 0.00000
vn 0.00000 -1.00000 0.00000
vn 0.00000 0.00000 1.00000
vn 0.00000 0.00000 -1.00000
vn -0.00000 0.70711 0.70711
vn 0.00000 -0.70711 0.70711
vn 0.00000 0.70711 -0.70711
vn -0.00000 -0.70711 -0.70711
vn -0.70711 0.00000 -0.70711
vn 0.70711 -0.00000 -0.70711
vn -0.70711 -0.00000 0.70711
vn 0.70711 0.00000 0.70711
vn 0.70711 0.70711 -0.00000
vn -0.70711 0.70711 0.00000
vn 0.70711 -0.70711 0.00000
vn -0.70711 -0.70711 -0.00000
vn 0.57735 0.57735 0.57735
vn -0.57735 -0.57735 0.57735
vn -0.57735 0.57735 -0.57735
vn 0.57735 -0.57735 -0.57735
vn 0.57735 -0.57735 -0.57735
vn -0.57735 0.57735 -0.57735
vn -0.57735 -0.57735 0.57735
vn 0.57735 0.57735 0.57735
vn 1.00000 0.00000 0.00000
vn -1.00000 0.00000 0.00000
vn 0.00000 1.00000 0.00000
vn 0.00000 -1.00000 0.00000
vn 0.00000 0.00000 1.00000
vn 0.00000 0.00000 -1.00000
vn 0.00000 0.00000 1.00000
vn 0.70711 0.00000 0.70711
vn 0.70711 0.00000 0.70711
vn 0.00000 0.00000 1.00000
vn 0.70711 0.00000 0.70711
vn 1.00000 0.00000 0.00000
vn 1.00000 0.00000 0.00000
vn 0.70711 0.00000 0.70711
vn 1.00000 0.00000 0.00000
vn 0.70711 0.00000 -0.70711
vn 0.70711 0.00000 -0.70711
vn 1.00000 0.00000 0.00000
vn 0.70711 0.00000 -0.70711
vn 0.00000 0.00000 -1.00000
vn 0.00000 0.00000 -1.00000
vn 0.70711 0.00000 -0.70711
vn 0.00000 0.00000 -1.00000
vn -0.70711 -0.00000 -0.70711
vn -0.70711 -0.00000 -0.70711
vn 0.00000 0.00000 -1.00000
vn -0.70711 -0.00000 -0.70711
vn -1.00000 -0.00000 -0.00000
vn -1.00000 -0.00000 -0.00000
vn -0.70711 -0.00000 -0.70711
vn -1.00000 -0.00000 -0.00000
vn -0.70711 0.00000 0.70711
vn -0.70711 0.00000 0.70711
vn -1.00000 -0.00000 -0.00000
vn -0.70711 0.00000 0.70711
vn 0.00000 0.00000 1.00000
vn 0.00000 0.00000 1.00000
vn -0.70711 0.00000 0.70711
vn -0.00000 -1.00000 -0.00000
vn 0.00000 1.00000 0.00000
vn 0.00000 0.00000 1.00000
vn 0.70711 0.00000 0.70711
vn 0.70711 0.00000 0.70711
vn 0.00000 0.00000 1.00000
vn 0.70711 0.00000 0.70711
vn 1.00000 0.00000 0.00000
vn 1.00000 0.00000 0.00000
vn 0.70711 0.00000 0.70711
vn 1.00000 0.00000 0.00000
vn 0.70711 0.00000 -0.70711
vn 0.70711 0.00000 -0.70711
vn 1.00000 0.00000 0.00000
vn 0.70711 0.00000 -0.70711
vn 0.00000 0.00000 -1.00000
vn 0.00000 0.00000 -1.00000
vn 0.70711 0.00000 -0.70711
vn 0.00000 0.00000 -1.00000
vn -0.70711 -0.00000 -0.70711
vn -0.70711 -0.00000 -0.70711
vn 0.00000 0.00000 -1.00000
vn -0.70711 -0.00000 -0.70711
vn -1.00000 -0.00000 -0.00000
vn -1.00000 -0.00000 -0.00000
vn -0.70711 -0.00000 -0.70711
vn -1.00000 -0.00000 -0.00000
vn -0.70711 0.00000 0.70711
vn -0.70711 0.00000 0.70711
vn -1.00000 -0.00000 -0.00000
vn -0.70711 0.00000 0.70711
vn 0.00000 0.00000 1.00000
vn 0.00000 0.00000 1.00000
vn -0.70711 0.00000 0.70711
vn -0.00000 -1.00000 -0.00000
vn 0.00000 1.00000 0.00000
vn 0.00000 0.00000 1.00000
vn 0.70711 0.00000 0.70711
vn 0.70711 0.00000 0.70711
vn 0.00000 0.00000 1.00000
vn 0.70711 0.00000 0.70711
vn 1.00000 0.00000 0.00000
vn 1.00000 0.00000 0.00000
vn 0.70711 0.00000 0.70711
vn 1.00000 0.00000 0.00000
vn 0.70711 0.00000 -0.70711
vn 0.70711 0.00000 -0.70711
vn 1.00000 0.00000 0.00000
vn 0.70711 0.00000 -0.70711
vn 0.00000 0.00000 -1.00000
vn 0.00000 0.00000 -1.00000
vn 0.70711 0.00000 -0.70711
vn 0.00000 0.00000 -1.00000
vn -0.70711 -0.00000 -0.70711
vn -0.70711 -0.00000 -0.70711
vn 0.00000 0.00000 -1.00000
vn -0.70711 -0.00000 -0.70711
vn -1.00000 -0.00000 -0.00000
vn -1.00000 -0.00000 -0.00000
vn -0.70711 -0.00000 -0.70711
vn -1.00000 -0.00000 -0.00000
vn -0.70711 0.00000 0.70711
vn -0.70711 0.00000 0.70711
vn -1.00000 -0.00000 -0.00000
vn -0.70711 0.00000 0.70711
vn 0.00000 0.00000 1.00000
vn 0.00000 0.00000 1.00000
vn -0.70711 0.00000 0.70711
vn -0.00000 -1.00000 -0.00000
vn 0.00000 1.00000 0.00000
vn 1.00000 0.00000 0.00000
vn -1.00000 0.00000 0.00000
vn 0.00000 1.00000 0.00000
vn 0.00000 -1.00000 0.00000
vn 0.00000 0.00000 1.00000
vn 0.00000 0.00000 -1.00000
vn -0.00000 0.70711 0.70711
vn 0.00000 -0.70711 0.70711
vn 0.00000 0.70711 -0.70711
vn -0.00000 -0.70711 -0.70711
vn -0.70711 0.00000 -0.70711
vn 0.70711 -0.00000 -0.70711
vn -0.70711 -0.00000 0.70711
vn 0.70711 0.00000 0.70711
vn 0.70711 0.70711 -0.00000
vn -0.70711 0.70711 0.00000
vn 0.70711 -0.70711 0.00000
vn -0.70711 -0.70711 -0.00000
vn 0.57735 0.57735 0.57735
vn -0.57735 -0.57735 0.57735
vn -0.57735 0.57735 -0.57735
vn 0.57735 -0.57735 -0.57735
vn 0.57735 -0.57735 -0.57735
vn -0.57735 0.57735 -0.57735
vn -0.57735 -0.57735 0.57735
vn 0.57735 0.57735 0.57735
vn 1.00000 0.00000 0.00000
vn -1.00000 0.00000 0.00000
vn 0.00000 1.00000 0.00000
vn 0.00000 -1.00000 0.00000
vn 0.00000 0.00000 1.00000
vn 0.00000 0.00000 -1.00000
vn -0.00000 0.70711 0.70711
vn 0.00000 -0.70711 0.70711
vn 0.00000 0.70711 -0.70711
vn -0.00000 -0.70711 -0.70711
vn -0.70711 0.00000 -0.70711
vn 0.70711 -0.00000 -0.70711
vn -0.70711 -0.00000 0.70711
vn 0.70711 0.00000 0.70711
vn 0.70711 0.70711 -0.00000
vn -0.70711 0.70711 0.00000
vn 0.70711 -0.70711 0.00000
vn -0.70711 -0.70711 -0.00000
vn 0.57735 0.57735 0.57735
vn -0.57735 -0.57735 0.57735
vn -0.57735 0.57735 -0.57735
vn 0.57735 -0.57735 -0.57735
vn 0.57735 -0.57735 -0.57735
vn -0.57735 0.57735 -0.57735
vn -0.57735 -0.57735 0.57735
vn 0.57735 0.57735 0.57735
vn 1.00000 0.00000 0.00000
vn -1.00000 0.00000 0.00000
vn 0.00000 1.00000 0.00000
vn 0.00000 -1.00000 0.00000
vn 0.00000 0.00000 1.00000
vn 0.00000 0.00000 -1.00000
vn 0.00000 0.00000 1.00000
vn 0.70711 0.00000 0.70711
vn 0.70711 0.00000 0.70711
vn 0.00000 0.00000 1.00000
vn 0.70711 0.00000 0.70711
vn 1.00000 0.00000 0.00000
vn 1.00000 0.00000 0.00000
vn 0.70711 0.00000 0.70711
vn 1.00000 0.00000 0.00000
vn 0.70711 0.00000 -0.70711
vn 0.70711 0.00000 -0.70711
vn 1.00000 0.00000 0.00000
vn 0.70711 0.00000 -0.70711
vn 0.00000 0.00000 -1.00000
vn 0.00000 0.00000 -1.00000
vn 0.70711 0.00000 -0.70711
vn 0.00000 0.00000 -1.00000
vn -0.70711 -0.00000 -0.70711
vn -0.70711 -0.00000 -0.70711
vn 0.00000 0.00000 -1.00000
vn -0.70711 -0.00000 -0.70711
vn -1.00000 -0.00000 -0.00000
vn -1.00000 -0.00000 -0.00000
vn -0.70711 -0.00000 -0.70711
vn -1.00000 -0.00000 -0.00000
vn -0.70711 0.00000 0.70711
vn -0.70711 0.00000 0.70711
vn -1.00000 -0.00000 -0.00000
vn -0.70711 0.00000 0.70711
vn 0.00000 0.00000 1.00000
vn 0.00000 0.00000 1.00000
vn -0.70711 0.00000 0.70711
vn -0.00000 -1.00000 -0.00000
vn 0.00000 1.00000 0.00000
vn 0.00000 0.00000 1.00000
vn 0.70711 0.00000 0.70711
vn 0.70711 0.00000 0.70711
vn 0.00000 0.00000 1.00000
vn 0.70711 0.00000 0.70711
vn 1.00000 0.00000 0.00000
vn 1.00000 0.00000 0.00000
vn 0.70711 0.00000 0.70711
vn 1.00000 0.00000 0.00000
vn 0.70711 0.00000 -0.70711
vn 0.70711 0.00000 -0.70711
vn 1.00000 0.00000 0.00000
vn 0.70711 0.00000 -0.70711
vn 0.00000 0.00000 -1.00000
vn 0.00000 0.00000 -1.00000
vn 0.70711 0.00000 -0.70711
vn 0.00000 0.00000 -1.00000
vn -0.70711 -0.00000 -0.70711
vn -0.70711 -0.00000 -0.70711
vn 0.00000 0.00000 -1.00000
vn -0.70711 -0.00000 -0.70711
vn -1.00000 -0.00000 -0.00000
vn -1.00000 -0.00000 -0.00000
vn -0.70711 -0.00000 -0.70711
vn -1.00000 -0.00000 -0.00000
vn -0.70711 0.00000 0.70711
vn -0.70711 0.00000 0.70711
vn -1.00000 -0.00000 -0.00000
vn -0.70711 0.00000 0.70711
vn 0.00000 0.00000 1.00000
vn 0.00000 0.00000 1.00000
vn -0.70711 0.00000 0.70711
vn -0.00000 -1.00000 -0.00000
vn 0.00000 1.00000 0.00000
vn 0.00000 0.00000 1.00000
vn 0.70711 0.00000 0.70711
vn 0.70711 0.00000 0.70711
vn 0.00000 0.00000 1.00000
vn 0.70711 0.00000 0.70711
vn 1.00000 0.00000 0.00000
vn 1.00000 0.00000 0.00000
vn 0.70711 0.00000 0.70711
vn 1.00000 0.00000 0.00000
vn 0.70711 0.00000 -0.70711
vn 0.70711 0.00000 -0.70711
vn 1.00000 0.00000 0.00000
vn 0.70711 0.00000 -0.70711
vn 0.00000 0.00000 -1.00000
vn 0.00000 0.00000 -1.00000
vn 0.70711 0.00000 -0.70711
vn 0.00000 0.00000 -1.00000
vn -0.70711 -0.00000 -0.70711
vn -0.70711 -0.00000 -0.70711
vn 0.00000 0.00000 -1.00000
vn -0.70711 -0.00000 -0.70711
vn -1.00000 -0.00000 -0.00000
vn -1.00000 -0.00000 -0.00000
vn -0.70711 -0.00000 -0.70711
vn -1.00000 -0.00000 -0.00000
vn -0.70711 0.00000 0.70711
vn -0.70711 0.00000 0.70711
vn -1.00000 -0.00000 -0.00000
vn -0.70711 0.00000 0.70711
vn 0.00000 0.00000 1.00000
vn 0.00000 0.00000 1.00000
vn -0.70711 0.00000 0.70711
vn -0.00000 -1.00000 -0.00000
vn 0.00000 1.00000 0.00000
vn 1.00000 0.00000 0.00000
vn -1.00000 0.00000 0.00000
vn 0.00000 1.00000 0.00000
vn 0.00000 -1.00000 0.00000
vn 0.00000 0.00000 1.00000
vn 0.00000 0.00000 -1.00000
vn -0.00000 0.70711 0.70711
vn 0.00000 -0.70711 0.70711
vn 0.00000 0.70711 -0.70711
vn -0.00000 -0.70711 -0.70711
vn -0.70711 0.00000 -0.70711
vn 0.70711 -0.00000 -0.70711
vn -0.70711 -0.00000 0.70711
vn 0.70711 0.00000 0.70711
vn 0.70711 0.70711 -0.00000
vn -0.70711 0.70711 0.00000
vn 0.70711 -0.70711 0.00000
vn -0.70711 -0.70711 -0.00000
vn 0.57735 0.57735 0.57735
vn -0.57735 -0.57735 0.57735
vn -0.57735 0.57735 -0.57735
vn 0.57735 -0.57735 -0.57735
vn 0.57735 -0.57735 -0.57735
vn -0.57735 0.57735 -0.57735
vn -0.57735 -0.57735 0.57735
vn 0.57735 0.57735 0.57735
vn 1.00000 0.00000 0.00000
vn -1.00000 0.00000 0.00000
vn 0.00000 1.00000 0.00000
vn 0.00000 -1.00000 0.00000
vn 0.00000 0.00000 1.00000
vn 0.00000 0.00000 -1.00000
vn -0.00000 0.70711 0.70711
vn 0.00000 -0.70711 0.70711
vn 0.00000 0.70711 -0.70711
vn -0.00000 -0.70711 -0.70711
vn -0.70711 0.00000 -0.70711
vn 0.70711 -0.00000 -0.70711
vn -0.70711 -0.00000 0.70711
vn 0.70711 0.00000 0.70711
vn 0.70711 0.70711 -0.00000
vn -0.70711 0.70711 0.00000
vn 0.70711 -0.70711 0.00000
vn -0.70711 -0.70711 -0.00000
vn 0.57735 0.57735 0.57735
vn -0.57735 -0.57735 0.57735
vn -0.57735 0.57735 -0.57735
vn 0.57735 -0.57735 -0.57735
vn 0.57735 -0.57735 -0.57735
vn -0.57735 0.57735 -0.57735
vn -0.57735 -0.57735 0.57735
vn 0.57735 0.57735 0.57735
vn 1.00000 0.00000 0.00000
vn -1.00000 0.00000 0.00000
vn 0.00000 1.00000 0.00000
vn 0.00000 -1.00000 0.00000
vn 0.00000 0.00000 1.00000
vn 0.00000 0.00000 -1.00000
vn 0.00000 0.00000 1.00000
vn 0.70711 0.00000 0.70711
vn 0.70711 0.00000 0.70711
vn 0.00000 0.00000 1.00000
vn 0.70711 0.00000 0.70711
vn 1.00000 0.00000 0.00000
vn 1.00000 0.00000 0.00000
vn 0.70711 0.00000 0.70711
vn 1.00000 0.00000 0.00000
vn 0.70711 0.00000 -0.70711
vn 0.70711 0.00000 -0.70711
vn 1.00000 0.00000 0.00000
vn 0.70711 0.00000 -0.70711
vn 0.00000 0.00000 -1.00000
vn 0.00000 0.00000 -1.00000
vn 0.70711 0.00000 -0.70711
vn 0.00000 0.00000 -1.00000
vn -0.70711 -0.00000 -0.70711
vn -0.70711 -0.00000 -0.70711
vn 0.00000 0.00000 -1.00000
vn -0.70711 -0.00000 -0.70711
vn -1.00000 -0.00000 -0.00000
vn -1.00000 -0.00000 -0.00000
vn -0.70711 -0.00000 -0.70711
vn -1.00000 -0.00000 -0.00000
vn -0.70711 0.00000 0.70711
vn -0.70711 0.00000 0.70711
vn -1.00000 -0.00000 -0.00000
vn -0.70711 0.00000 0.70711
vn 0.00000 0.00000 1.00000
vn 0.00000 0.00000 1.00000
vn -0.70711 0.00000 0.70711
vn -0.00000 -1.00000 -0.00000
vn 0.00000 1.00000 0.00000
vn 0.00000 0.00000 1.00000
vn 0.70711 0.00000 0.70711
vn 0.70711 0.00000 0.70711
vn 0.00000 0.00000 1.00000
vn 0.70711 0.00000 0.70711
vn 1.00000 0.00000 0.00000
vn 1.00000 0.00000 0.00000
vn 0.70711 0.00000 0.70711
vn 1.00000 0.00000 0.00000
vn 0.70711 0.00000 -0.70711
vn 0.70711 0.00000 -0.70711
vn 1.00000 0.00000 0.00000
vn 0.70711 0.00000 -0.70711
vn 0.00000 0.00000 -1.00000
vn 0.00000 0.00000 -1.00000
vn 0.70711 0.00000 -0.70711
vn 0.00000 0.00000 -1.00000
vn -0.70711 -0.00000 -0.70711
vn -0.70711 -0.00000 -0.70711
vn 0.00000 0.00000 -1.00000
vn -0.70711 -0.00000 -0.70711
vn -1.00000 -0.00000 -0.00000
vn -1.00000 -0.00000 -0.00000
vn -0.70711 -0.00000 -0.70711
vn -1.00000 -0.00000 -0.00000
vn -0.70711 0.00000 0.70711
vn -0.70711 0.00000 0.70711
vn -1.00000 -0.00000 -0.00000
vn -0.70711 0.00000 0.70711
vn 0.00000 0.00000 1.00000
vn 0.00000 0.00000 1.00000
vn -0.70711 0.00000 0.70711
vn -0.00000 -1.00000 -0.00000
vn 0.00000 1.00000 0.00000
vn 0.00000 0.00000 1.00000
vn 0.70711 0.00000 0.70711
vn 0.70711 0.00000 0.70711
vn 0.00000 0.00000 1.00000
vn 0.70711 0.00000 0.70711
vn 1.00000 0.00000 0.00000
vn 1.00000 0.00000 0.00000
vn 0.70711 0.00000 0.70711
vn 1.00000 0.00000 0.00000
vn 0.70711 0.00000 -0.70711
vn 0.70711 0.00000 -0.70711
vn 1.00000 0.00000 0.00000
vn 0.70711 0.00000 -0.70711
vn 0.00000 0.00000 -1.00000
vn 0.00000 0.00000 -1.00000
vn 0.70711 0.00000 -0.70711
vn 0.00000 0.00000 -1.00000
vn -0.70711 -0.00000 -0.70711
vn -0.70711 -0.00000 -0.70711
vn 0.00000 0.00000 -1.00000
vn -0.70711 -0.00000 -0.70711
vn -1.00000 -0.00000 -0.00000
vn -1.00000 -0.00000 -0.00000
vn -0.70711 -0.00000 -0.70711
vn -1.00000 -0.00000 -0.00000
vn -0.70711 0.00000 0.70711
vn -0.70711 0.00000 0.70711
vn -1.00000 -0.00000 -0.00000
vn -0.70711 0.00000 0.70711
vn 0.00000 0.00000 1.00000
vn 0.00000 0.00000 1.00000
vn -0.70711 0.00000 0.70711
vn -0.00000 -1.00000 -0.00000
vn 0.00000 1.00000 0.00000
vn 0.00000 0.00000 1.00000
vn 0.58779 0.00000 0.80902
vn 0.58779 0.00000 0.80902
vn 0.00000 0.00000 1.00000
vn 0.58779 0.00000 0.80902
vn 0.95106 0.00000 0.30902
vn 0.95106 0.00000 0.30902
vn 0.58779 0.00000 0.80902
vn 0.95106 0.00000 0.30902
vn 0.95106 0.00000 -0.30902
vn 0.95106 0.00000 -0.30902
vn 0.95106 0.00000 0.30902
vn 0.95106 0.00000 -0.30902
vn 0.58779 0.00000 -0.80902
vn 0.58779 0.00000 -0.80902
vn 0.95106 0.00000 -0.30902
vn 0.58779 0.00000 -0.80902
vn 0.00000 0.00000 -1.00000
vn 0.00000 0.00000 -1.00000
vn 0.58779 0.00000 -0.80902
vn 0.00000 0.00000 -1.00000
vn -0.58779 -0.00000 -0.80902
vn -0.58779 -0.00000 -0.80902
vn 0.00000 0.00000 -1.00000
vn -0.58779 -0.00000 -0.80902
vn -0.95106 -0.00000 -0.30902
vn -0.95106 -0.00000 -0.30902
vn -0.58779 -0.00000 -0.80902
vn -0.95106 -0.00000 -0.30902
vn -0.95106 0.00000 0.30902
vn -0.95106 0.00000 0.30902
vn -0.95106 -0.00000 -0.30902
vn -0.95106 0.00000 0.30902
vn -0.58779 0.00000 0.80902
vn -0.58779 0.00000 0.80902
vn -0.95106 0.00000 0.30902
vn -0.58779 0.00000 0.80902
vn 0.00000 0.00000 1.00000
vn 0.00000 0.00000 1.00000
vn -0.58779 0.00000 0.80902
vn -0.00000 -1.00000 -0.00000
vn 0.00000 1.00000 0.00000
vn 0.00000 0.00000 1.00000
vn 0.58779 0.00000 0.80902
vn 0.58779 0.00000 0.80902
vn 0.00000 0.00000 1.00000
vn 0.58779 0.00000 0.80902
vn 0.95106 0.00000 0.30902
vn 0.95106 0.00000 0.30902
vn 0.58779 0.00000 0.80902
vn 0.95106 0.00000 0.30902
vn 0.95106 0.00000 -0.30902
vn 0.95106 0.00000 -0.30902
vn 0.95106 0.00000 0.30902
vn 0.95106 0.00000 -0.30902
vn 0.58779 0.00000 -0.80902
vn 0.58779 0.00000 -0.80902
vn 0.95106 0.00000 -0.30902
vn 0.58779 0.00000 -0.80902
vn 0.00000 0.00000 -1.00000
vn 0.00000 0.00000 -1.00000
vn 0.58779 0.00000 -0.80902
vn 0.00000 0.00000 -1.00000
vn -0.58779 -0.00000 -0.80902
vn -0.58779 -0.00000 -0.80902
vn 0.00000 0.00000 -1.00000
vn -0.58779 -0.00000 -0.80902
vn -0.95106 -0.00000 -0.30902
vn -0.95106 -0.00000 -0.30902
vn -0.58779 -0.00000 -0.80902
vn -0.95106 -0.00000 -0.30902
vn -0.95106 0.00000 0.30902
vn -0.95106 0.00000 0.30902
vn -0.95106 -0.00000 -0.30902
vn -0.95106 0.00000 0.30902
vn -0.58779 0.00000 0.80902
vn -0.58779 0.00000 0.80902
vn -0.95106 0.00000 0.30902
vn -0.58779 0.00000 0.80902
vn 0.00000 0.00000 1.00000
vn 0.00000 0.00000 1.00000
vn -0.58779 0.00000 0.80902
vn -0.00000 -1.00000 -0.00000
vn 0.00000 1.00000 0.00000
vn 0.00000 0.00000 1.00000
vn 0.58779 0.00000 0.80902
vn 0.58779 0.00000 0.80902
vn 0.00000 0.00000 1.00000
vn 0.58779 0.00000 0.80902
vn 0.95106 0.00000 0.30902
vn 0.95106 0.00000 0.30902
vn 0.58779 0.00000 0.80902
vn 0.95106 0.00000 0.30902
vn 0.95106 0.00000 -0.30902
vn 0.95106 0.00000 -0.30902
vn 0.95106 0.00000 0.30902
vn 0.95106 0.00000 -0.30902
vn 0.58779 0.00000 -0.80902
vn 0.58779 0.00000 -0.80902
vn 0.95106 0.00000 -0.30902
vn 0.58779 0.00000 -0.80902
vn 0.00000 0.00000 -1.00000
vn 0.00000 0.00000 -1.00000
vn 0.58779 0.00000 -0.80902
vn 0.00000 0.00000 -1.00000
vn -0.58779 -0.00000 -0.80902
vn -0.58779 -0.00000 -0.80902
vn 0.00000 0.00000 -1.00000
vn -0.58779 -0.00000 -0.80902
vn -0.95106 -0.00000 -0.30902
vn -0.95106 -0.00000 -0.30902
vn -0.58779 -0.00000 -0.80902
vn -0.95106 -0.00000 -0.30902
vn -0.95106 0.00000 0.30902
vn -0.95106 0.00000 0.30902
vn -0.95106 -0.00000 -0.30902
vn -0.95106 0.00000 0.30902
vn -0.58779 0.00000 0.80902
vn -0.58779 0.00000 0.80902
vn -0.95106 0.00000 0.30902
vn -0.58779 0.00000 0.80902
vn 0.00000 0.00000 1.00000
vn 0.00000 0.00000 1.00000
vn -0.58779 0.00000 0.80902
vn -0.00000 -1.00000 -0.00000
vn 0.00000 1.00000 0.00000
vn 0.00000 0.00000 1.00000
vn 0.58779 0.00000 0.80902
vn 0.58779 0.00000 0.80902
vn 0.00000 0.00000 1.00000
vn 0.58779 0.00000 0.80902
vn 0.95106 0.00000 0.30902
vn 0.95106 0.00000 0.30902
vn 0.58779 0.00000 0.80902
vn 0.95106 0.00000 0.30902
vn 0.95106 0.00000 -0.30902
vn 0.95106 0.00000 -0.30902
vn 0.95106 0.00000 0.30902
vn 0.95106 0.00000 -0.30902
vn 0.58779 0.00000 -0.80902
vn 0.58779 0.00000 -0.80902
vn 0.95106 0.00000 -0.30902
vn 0.58779 0.00000 -0.80902
vn 0.00000 0.00000 -1.00000
vn 0.00000 0.00000 -1.00000
vn 0.58779 0.00000 -0.80902
vn 0.00000 0.00000 -1.00000
vn -0.58779 -0.00000 -0.80902
vn -0.58779 -0.00000 -0.80902
vn 0.00000 0.00000 -1.00000
vn -0.58779 -0.00000 -0.80902
vn -0.95106 -0.00000 -0.30902
vn -0.95106 -0.00000 -0.30902
vn -0.58779 -0.00000 -0.80902
vn -0.95106 -0.00000 -0.30902
vn -0.95106 0.00000 0.30902
vn -0.95106 0.00000 0.30902
vn -0.95106 -0.00000 -0.30902
vn -0.95106 0.00000 0.30902
vn -0.58779 0.00000 0.80902
vn -0.58779 0.00000 0.80902
vn -0.95106 0.00000 0.30902
vn -0.58779 0.00000 0.80902
vn 0.00000 0.00000 1.00000
vn 0.00000 0.00000 1.00000
vn -0.58779 0.00000 0.80902
vn -0.00000 -1.00000 -0.00000
vn 0.00000 1.00000 0.00000
vn 0.00000 0.00000 1.00000
vn 0.58779 0.00000 0.80902
vn 0.58779 0.00000 0.80902
vn 0.00000 0.00000 1.00000
vn 0.58779 0.00000 0.80902
vn 0.95106 0.00000 0.30902
vn 0.95106 0.00000 0.30902
vn 0.58779 0.00000 0.80902
vn 0.95106 0.00000 0.30902
vn 0.95106 0.00000 -0.30902
vn 0.95106 0.00000 -0.30902
vn 0.95106 0.00000 0.30902
vn 0.95106 0.00000 -0.30902
vn 0.58779 0.00000 -0.80902
vn 0.58779 0.00000 -0.80902
vn 0.95106 0.00000 -0.30902
vn 0.58779 0.00000 -0.80902
vn 0.00000 0.00000 -1.00000
vn 0.00000 0.00000 -1.00000
vn 0.58779 0.00000 -0.80902
vn 0.00000 0.00000 -1.00000
vn -0.58779 -0.00000 -0.80902
vn -0.58779 -0.00000 -0.80902
vn 0.00000 0.00000 -1.00000
vn -0.58779 -0.00000 -0.80902
vn -0.95106 -0.00000 -0.30902
vn -0.95106 -0.00000 -0.30902
vn -0.58779 -0.00000 -0.80902
vn -0.95106 -0.00000 -0.30902
vn -0.95106 0.00000 0.30902
vn -0.95106 0.00000 0.30902
vn -0.95106 -0.00000 -0.30902
vn -0.95106 0.00000 0.30902
vn -0.58779 0.00000 0.80902
vn -0.58779 0.00000 0.80902
vn -0.95106 0.00000 0.30902
vn -0.58779 0.00000 0.80902
vn 0.00000 0.00000 1.00000
vn 0.00000 0.00000 1.00000
vn -0.58779 0.00000 0.80902
vn -0.00000 -1.00000 -0.00000
vn 0.00000 1.00000 0.00000
vn 0.00000 0.00000 1.00000
vn 0.58779 0.00000 0.80902
vn 0.58779 0.00000 0.80902
vn 0.00000 0.00000 1.00000
vn 0.58779 0.00000 0.80902
vn 0.95106 0.00000 0.30902
vn 0.95106 0.00000 0.30902
vn 0.58779 0.00000 0.80902
vn 0.95106 0.00000 0.30902
vn 0.95106 0.00000 -0.30902
vn 0.95106 0.00000 -0.30902
vn 0.95106 0.00000 0.30902
vn 0.95106 0.00000 -0.30902
vn 0.58779 0.00000 -0.80902
vn 0.58779 0.00000 -0.80902
vn 0.95106 0.00000 -0.30902
vn 0.58779 0.00000 -0.80902
vn 0.00000 0.00000 -1.00000
vn 0.00000 0.00000 -1.00000
vn 0.58779 0.00000 -0.80902
vn 0.00000 0.00000 -1.00000
vn -0.58779 -0.00000 -0.80902
vn -0.58779 -0.00000 -0.80902
vn 0.00000 0.00000 -1.00000
vn -0.58779 -0.00000 -0.80902
vn -0.95106 -0.00000 -0.30902
vn -0.95106 -0.00000 -0.30902
vn -0.58779 -0.00000 -0.80902
vn -0.95106 -0.00000 -0.30902
vn -0.95106 0.00000 0.30902
vn -0.95106 0.00000 0.30902
vn -0.95106 -0.00000 -0.30902
vn -0.95106 0.00000 0.30902
vn -0.58779 0.00000 0.80902
vn -0.58779 0.00000 0.80902
vn -0.95106 0.00000 0.30902
vn -0.58779 0.00000 0.80902
vn 0.00000 0.00000 1.00000
vn 0.00000 0.00000 1.00000
vn -0.58779 0.00000 0.80902
vn -0.00000 -1.00000 -0.00000
vn 0.00000 1.00000 0.00000
vn 0.00000 0.00000 1.00000
vn 0.58779 0.00000 0.80902
vn 0.58779 0.00000 0.80902
vn 0.00000 0.00000 1.00000
vn 0.58779 0.00000 0.80902
vn 0.95106 0.00000 0.30902
vn 0.95106 0.00000 0.30902
vn 0.58779 0.00000 0.80902
vn 0.95106 0.00000 0.30902
vn 0.95106 0.00000 -0.30902
vn 0.95106 0.00000 -0.30902
vn 0.95106 0.00000 0.30902
vn 0.95106 0.00000 -0.30902
vn 0.58779 0.00000 -0.80902
vn 0.58779 0.00000 -0.80902
vn 0.95106 0.00000 -0.30902
vn 0.58779 0.00000 -0.80902
vn 0.00000 0.00000 -1.00000
vn 0.00000 0.00000 -1.00000
vn 0.58779 0.00000 -0.80902
vn 0.00000 0.00000 -1.00000
vn -0.58779 -0.00000 -0.80902
vn -0.58779 -0.00000 -0.80902
vn 0.00000 0.00000 -1.00000
vn -0.58779 -0.00000 -0.80902
vn -0.95106 -0.00000 -0.30902
vn -0.95106 -0.00000 -0.30902
vn -0.58779 -0.00000 -0.80902
vn -0.95106 -0.00000 -0.30902
vn -0.95106 0.00000 0.30902
vn -0.95106 0.00000 0.30902
vn -0.95106 -0.00000 -0.30902
vn -0.95106 0.00000 0.30902
vn -0.58779 0.00000 0.80902
vn -0.58779 0.00000 0.80902
vn -0.95106 0.00000 0.30902
vn -0.58779 0.00000 0.80902
vn 0.00000 0.00000 1.00000
vn 0.00000 0.00000 1.00000
vn -0.58779 0.00000 0.80902
vn -0.00000 -1.00000 -0.00000
vn 0.00000 1.00000 0.00000
vn 0.00000 0.00000 1.00000
vn 0.58779 0.00000 0.80902
vn 0.58779 0.00000 0.80902
vn 0.00000 0.00000 1.00000
vn 0.58779 0.00000 0.80902
vn 0.95106 0.00000 0.30902
vn 0.95106 0.00000 0.30902
vn 0.58779 0.00000 0.80902
vn 0.95106 0.00000 0.30902
vn 0.95106 0.00000 -0.30902
vn 0.95106 0.00000 -0.30902
vn 0.95106 0.00000 0.30902
vn 0.95106 0.00000 -0.30902
vn 0.58779 0.00000 -0.80902
vn 0.58779 0.00000 -0.80902
vn 0.95106 0.00000 -0.30902
vn 0.58779 0.00000 -0.80902
vn 0.00000 0.00000 -1.00000
vn 0.00000 0.00000 -1.00000
vn 0.58779 0.00000 -0.80902
vn 0.00000 0.00000 -1.00000
vn -0.58779 -0.00000 -0.80902
vn -0.58779 -0.00000 -0.80902
vn 0.00000 0.00000 -1.00000
vn -0.58779 -0.00000 -0.80902
vn -0.95106 -0.00000 -0.30902
vn -0.95106 -0.00000 -0.30902
vn -0.58779 -0.00000 -0.80902
vn -0.95106 -0.00000 -0.30902
vn -0.95106 0.00000 0.30902
vn -0.95106 0.00000 0.30902
vn -0.95106 -0.00000 -0.30902
vn -0.95106 0.00000 0.30902
vn -0.58779 0.00000 0.80902
vn -0.58779 0.00000 0.80902
vn -0.95106 0.00000 0.30902
vn -0.58779 0.00000 0.80902
vn 0.00000 0.00000 1.00000
vn 0.00000 0.00000 1.00000
vn -0.58779 0.00000 0.80902
vn -0.00000 -1.00000 -0.00000
vn 0.00000 1.00000 0.00000
vn 0.00000 0.00000 -1.00000
vn 0.00000 0.58779 -0.80902
vn 0.00000 0.58779 -0.80902
vn 0.00000 0.00000 -1.00000
vn 0.00000 0.58779 -0.80902
vn 0.00000 0.95106 -0.30902
vn 0.00000 0.95106 -0.30902
vn 0.00000 0.58779 -0.80902
vn 0.00000 0.95106 -0.30902
vn -0.00000 0.95106 0.30902
vn -0.00000 0.95106 0.30902
vn 0.00000 0.95106 -0.30902
vn -0.00000 0.95106 0.30902
vn -0.00000 0.58779 0.80902
vn -0.00000 0.58779 0.80902
vn -0.00000 0.95106 0.30902
vn -0.00000 0.58779 0.80902
vn -0.00000 0.00000 1.00000
vn -0.00000 0.00000 1.00000
vn -0.00000 0.58779 0.80902
vn -0.00000 0.00000 1.00000
vn 0.00000 -0.58779 0.80902
vn 0.00000 -0.58779 0.80902
vn -0.00000 0.00000 1.00000
vn 0.00000 -0.58779 0.80902
vn 0.00000 -0.95106 0.30902
vn 0.00000 -0.95106 0.30902
vn 0.00000 -0.58779 0.80902
vn 0.00000 -0.95106 0.30902
vn 0.00000 -0.95106 -0.30902
vn 0.00000 -0.95106 -0.30902
vn 0.00000 -0.95106 0.30902
vn 0.00000 -0.95106 -0.30902
vn 0.00000 -0.58779 -0.80902
vn 0.00000 -0.58779 -0.80902
vn 0.00000 -0.95106 -0.30902
vn 0.00000 -0.58779 -0.80902
vn 0.00000 0.00000 -1.00000
vn 0.00000 0.00000 -1.00000
vn 0.00000 -0.58779 -0.80902
vn -1.00000 -0.00000 -0.00000
vn 1.00000 0.00000 0.00000
vn 0.00000 0.00000 -1.00000
vn 0.00000 0.58779 -0.80902
vn 0.00000 0.58779 -0.80902
vn 0.00000 0.00000 -1.00000
vn 0.00000 0.58779 -0.80902
vn 0.00000 0.95106 -0.30902
vn 0.00000 0.95106 -0.30902
vn 0.00000 0.58779 -0.80902
vn 0.00000 0.95106 -0.30902
vn -0.00000 0.95106 0.30902
vn -0.00000 0.95106 0.30902
vn 0.00000 0.95106 -0.30902
vn -0.00000 0.95106 0.30902
vn -0.00000 0.58779 0.80902
vn -0.00000 0.58779 0.80902
vn -0.00000 0.95106 0.30902
vn -0.00000 0.58779 0.80902
vn -0.00000 0.00000 1.00000
vn -0.00000 0.00000 1.00000
vn -0.00000 0.58779 0.80902
vn -0.00000 0.00000 1.00000
vn 0.00000 -0.58779 0.80902
vn 0.00000 -0.58779 0.80902
vn -0.00000 0.00000 1.00000
vn 0.00000 -0.58779 0.80902
vn 0.00000 -0.95106 0.30902
vn 0.00000 -0.95106 0.30902
vn 0.00000 -0.58779 0.80902
vn 0.00000 -0.95106 0.30902
vn 0.00000 -0.95106 -0.30902
vn 0.00000 -0.95106 -0.30902
vn 0.00000 -0.95106 0.30902
vn 0.00000 -0.95106 -0.30902
vn 0.00000 -0.58779 -0.80902
vn 0.00000 -0.58779 -0.80902
vn 0.00000 -0.95106 -0.30902
vn 0.00000 -0.58779 -0.80902
vn 0.00000 0.00000 -1.00000
vn 0.00000 0.00000 -1.00000
vn 0.00000 -0.58779 -0.80902
vn -1.00000 -0.00000 -0.00000
vn 1.00000 0.00000 0.00000
vn 0.00000 0.00000 -1.00000
vn 0.00000 0.58779 -0.80902
vn 0.00000 0.58779 -0.80902
vn 0.00000 0.00000 -1.00000
vn 0.00000 0.58779 -0.80902
vn 0.00000 0.95106 -0.30902
vn 0.00000 0.95106 -0.30902
vn 0.00000 0.58779 -0.80902
vn 0.00000 0.95106 -0.30902
vn -0.00000 0.95106 0.30902
vn -0.00000 0.95106 0.30902
vn 0.00000 0.95106 -0.30902
vn -0.00000 0.95106 0.30902
vn -0.00000 0.58779 0.80902
vn -0.00000 0.58779 0.80902
vn -0.00000 0.95106 0.30902
vn -0.00000 0.58779 0.80902
vn -0.00000 0.00000 1.00000
vn -0.00000 0.00000 1.00000
vn -0.00000 0.58779 0.80902
vn -0.00000 0.00000 1.00000
vn 0.00000 -0.58779 0.80902
vn 0.00000 -0.58779 0.80902
vn -0.00000 0.00000 1.00000
vn 0.00000 -0.58779 0.80902
vn 0.00000 -0.95106 0.30902
vn 0.00000 -0.95106 0.30902
vn 0.00000 -0.58779 0.80902
vn 0.00000 -0.95106 0.30902
vn 0.00000 -0.95106 -0.30902
vn 0.00000 -0.95106 -0.30902
vn 0.00000 -0.95106 0.30902
vn 0.00000 -0.95106 -0.30902
vn 0.00000 -0.58779 -0.80902
vn 0.00000 -0.58779 -0.80902
vn 0.00000 -0.95106 -0.30902
vn 0.00000 -0.58779 -0.80902
vn 0.00000 0.00000 -1.00000
vn 0.00000 0.00000 -1.00000
vn 0.00000 -0.58779 -0.80902
vn -1.00000 -0.00000 -0.00000
vn 1.00000 0.00000 0.00000
vn 1.00000 0.00000 0.00000
vn -1.00000 0.00000 0.00000
vn 0.00000 1.00000 0.00000
vn 0.00000 -1.00000 0.00000
vn 0.00000 0.00000 1.00000
vn 0.00000 0.00000 -1.00000
vn 1.00000 0.00000 0.00000
vn -1.00000 0.00000 0.00000
vn 0.00000 1.00000 0.00000
vn 0.00000 -1.00000 0.00000
vn 0.00000 0.00000 1.00000
vn 0.00000 0.00000 -1.00000
vn 1.00000 0.00000 0.00000
vn -1.00000 0.00000 0.00000
vn 0.00000 1.00000 0.00000
vn 0.00000 -1.00000 0.00000
vn 0.00000 0.00000 1.00000
vn 0.00000 0.00000 -1.00000
vn 1.00000 0.00000 0.00000
vn -1.00000 0.00000 0.00000
vn 0.00000 1.00000 0.00000
vn 0.00000 -1.00000 0.00000
vn 0.00000 0.00000 1.00000
vn 0.00000 0.00000 -1.00000
vn 1.00000 0.00000 0.00000
vn -1.00000 0.00000 0.00000
vn 0.00000 1.00000 0.00000
vn 0.00000 -1.00000 0.00000
vn 0.00000 0.00000 1.00000
vn 0.00000 0.00000 -1.00000
vn 1.00000 0.00000 0.00000
vn -1.00000 0.00000 0.00000
vn 0.00000 1.00000 0.00000
vn 0.00000 -1.00000 0.00000
vn 0.00000 0.00000 1.00000
vn 0.00000 0.00000 -1.00000
vn 1.00000 0.00000 0.00000
vn -1.00000 0.00000 0.00000
vn 0.00000 1.00000 0.00000
vn 0.00000 -1.00000 0.00000
vn 1.00000 0.00000 0.00000
vn -1.00000 0.00000 0.00000
vn 0.00000 1.00000 0.00000
vn 0.00000 -1.00000 0.00000
vn 0.00000 0.00000 1.00000
vn 0.00000 0.00000 -1.00000
vn 1.00000 0.00000 0.00000
vn -1.00000 0.00000 0.00000
vn 0.00000 1.00000 0.00000
vn 0.00000 -1.00000 0.00000
vn 1.00000 0.00000 0.00000
vn -1.00000 0.00000 0.00000
vn 0.00000 1.00000 0.00000
vn 0.00000 -1.00000 0.00000
vn 0.00000 0.00000 1.00000
vn 0.00000 0.00000 -1.00000
vn 0.00000 0.00000 1.00000
vn 1.00000 0.00000 0.00000
vn -1.00000 0.00000 0.00000
vn 0.00000 1.00000 0.00000
vn 0.00000 -1.00000 0.00000
vn 0.00000 0.00000 1.00000
vn 0.00000 0.00000 -1.00000
vn 1.00000 0.00000 0.00000
vn -1.00000 0.00000 0.00000
vn 0.00000 1.00000 0.00000
vn 0.00000 -1.00000 0.00000
vn 0.00000 0.00000 1.00000
vn 0.00000 0.00000 -1.00000
vn 1.00000 0.00000 0.00000
vn -1.00000 0.00000 0.00000
vn 0.00000 1.00000 0.00000
vn 0.00000 -1.00000 0.00000
vn 0.00000 0.00000 1.00000
vn 0.00000 0.00000 -1.00000
vn 1.00000 0.00000 0.00000
vn -1.00000 0.00000 0.00000
vn 0.00000 1.00000 0.00000
vn 0.00000 -1.00000 0.00000
vn 0.00000 0.00000 1.00000
vn 0.00000 0.00000 -1.00000
vn 1.00000 0.00000 0.00000
vn -1.00000 0.00000 0.00000
vn 0.00000 1.00000 0.00000
vn 0.00000 -1.00000 0.00000
vn 0.00000 0.00000 1.00000
vn 0.00000 0.00000 -1.00000
vn 1.00000 0.00000 0.00000
vn -1.00000 0.00000 0.00000
vn 0.00000 1.00000 0.00000
vn 0.00000 -1.00000 0.00000
vn 0.00000 0.00000 1.00000
vn 0.00000 0.00000 -1.00000
vn 1.00000 0.00000 0.00000
vn -1.00000 0.00000 0.00000
vn 0.00000 1.00000 0.00000
vn 0.00000 -1.00000 0.00000
vn 1.00000 0.00000 0.00000
vn -1.00000 0.00000 0.00000
vn 0.00000 1.00000 0.00000
vn 0.00000 -1.00000 0.00000
vn 0.00000 0.00000 1.00000
vn 0.00000 0.00000 -1.00000
vn 1.00000 0.00000 0.00000
vn -1.00000 0.00000 0.00000
vn 0.00000 1.00000 0.00000
vn 0.00000 -1.00000 0.00000
vn 1.00000 0.00000 0.00000
vn -1.00000 0.00000 0.00000
vn 0.00000 1.00000 0.00000
vn 0.00000 -1.00000 0.00000
vn 0.00000 0.00000 1.00000
vn 0.00000 0.00000 -1.00000
vn 0.00000 0.00000 1.00000
vn 1.00000 0.00000 0.00000
vn -1.00000 0.00000 0.00000
vn 0.00000 1.00000 0.00000
vn 0.00000 -1.00000 0.00000
vn 0.00000 0.00000 1.00000
vn 0.00000 0.00000 -1.00000
vn 1.00000 0.00000 0.00000
vn -1.00000 0.00000 0.00000
vn 0.00000 1.00000 0.00000
vn 0.00000 -1.00000 0.00000
vn 0.00000 0.00000 1.00000
vn 0.00000 0.00000 -1.00000
vn 1.00000 0.00000 0.00000
vn -1.00000 0.00000 0.00000
vn 0.00000 1.00000 0.00000
vn 0.00000 -1.00000 0.00000
vn 0.00000 0.00000 1.00000
vn 0.00000 0.00000 -1.00000
vn 1.00000 0.00000 0.00000
vn -1.00000 0.00000 0.00000
vn 0.00000 1.00000 0.00000
vn 0.00000 -1.00000 0.00000
vn 0.00000 0.00000 1.00000
vn 0.00000 0.00000 -1.00000
vn 1.00000 0.00000 0.00000
vn -1.00000 0.00000 0.00000
vn 0.00000 1.00000 0.00000
vn 0.00000 -1.00000 0.00000
vn 0.00000 0.00000 1.00000
vn 0.00000 0.00000 -1.00000
vn 1.00000 0.00000 0.00000
vn -1.00000 0.00000 0.00000
vn 0.00000 1.00000 0.00000
vn 0.00000 -1.00000 0.00000
vn 0.00000 0.00000 1.00000
vn 0.00000 0.00000 -1.00000
vn 1.00000 0.00000 0.00000
vn -1.00000 0.00000 0.00000
vn 0.00000 1.00000 0.00000
vn 0.00000 -1.00000 0.00000
vn 1.00000 0.00000 0.00000
vn -1.00000 0.00000 0.00000
vn 0.00000 1.00000 0.00000
vn 0.00000 -1.00000 0.00000
vn 0.00000 0.00000 1.00000
vn 0.00000 0.00000 -1.00000
vn 1.00000 0.00000 0.00000
vn -1.00000 0.00000 0.00000
vn 0.00000 1.00000 0.00000
vn 0.00000 -1.00000 0.00000
vn 1.00000 0.00000 0.00000
vn -1.00000 0.00000 0.00000
vn 0.00000 1.00000 0.00000
vn 0.00000 -1.00000 0.00000
vn 0.00000 0.00000 1.00000
vn 0.00000 0.00000 -1.00000
vn 0.00000 0.00000 1.00000
vn 1.00000 0.00000 0.00000
vn -1.00000 0.00000 0.00000
vn 0.00000 1.00000 0.00000
vn 0.00000 -1.00000 0.00000
vn 0.00000 0.00000 1.00000
vn 0.00000 0.00000 -1.00000
vn 1.00000 0.00000 0.00000
vn -1.00000 0.00000 0.00000
vn 0.00000 1.00000 0.00000
vn 0.00000 -1.00000 0.00000
vn 0.00000 0.00000 1.00000
vn 0.00000 0.00000 -1.00000
vn 1.00000 0.00000 0.00000
vn -1.00000 0.00000 0.00000
vn 0.00000 1.00000 0.00000
vn 0.00000 -1.00000 0.00000
vn 0.00000 0.00000 1.00000
vn 0.00000 0.00000 -1.00000
vn 1.00000 0.00000 0.00000
vn -1.00000 0.00000 0.00000
vn 0.00000 1.00000 0.00000
vn 0.00000 -1.00000 0.00000
vn 0.00000 0.00000 1.00000
vn 0.00000 0.00000 -1.00000
vn 1.00000 0.00000 0.00000
vn -1.00000 0.00000 0.00000
vn 0.00000 1.00000 0.00000
vn 0.00000 -1.00000 0.00000
vn 0.00000 0.00000 1.00000
vn 0.00000 0.00000 -1.00000
vn 1.00000 0.00000 0.00000
vn -1.00000 0.00000 0.00000
vn 0.00000 1.00000 0.00000
vn 0.00000 -1.00000 0.00000
vn 0.00000 0.00000 1.00000
vn 0.00000 0.00000 -1.00000
vn 1.00000 0.00000 0.00000
vn -1.00000 0.00000 0.00000
vn 0.00000 1.00000 0.00000
vn 0.00000 -1.00000 0.00000
vn 1.00000 0.00000 0.00000
vn -1.00000 0.00000 0.00000
vn 0.00000 1.00000 0.00000
vn 0.00000 -1.00000 0.00000
vn 0.00000 0.00000 1.00000
vn 0.00000 0.00000 -1.00000
vn 1.00000 0.00000 0.00000
vn -1.00000 0.00000 0.00000
vn 0.00000 1.00000 0.00000
vn 0.00000 -1.00000 0.00000
vn 1.00000 0.00000 0.00000
vn -1.00000 0.00000 0.00000
vn 0.00000 1.00000 0.00000
vn 0.00000 -1.00000 0.00000
vn 0.00000 0.00000 1.00000
vn 0.00000 0.00000 -1.00000
vn 0.00000 0.00000 1.00000
vn 1.00000 0.00000 0.00000
vn -1.00000 0.00000 0.00000
vn 0.00000 1.00000 0.00000
vn 0.00000 -1.00000 0.00000
vn 0.00000 0.00000 1.00000
vn 0.00000 0.00000 -1.00000
vn 1.00000 0.00000 0.00000
vn -1.00000 0.00000 0.00000
vn 0.00000 1.00000 0.00000
vn 0.00000 -1.00000 0.00000
vn 0.00000 0.00000 1.00000
vn 0.00000 0.00000 -1.00000
vn 1.00000 0.00000 0.00000
vn -1.00000 0.00000 0.00000
vn 0.00000 1.00000 0.00000
vn 0.00000 -1.00000 0.00000
vn 0.00000 0.00000 1.00000
vn 0.00000 0.00000 -1.00000
vn 1.00000 0.00000 0.00000
vn -1.00000 0.00000 0.00000
vn 0.00000 1.00000 0.00000
vn 0.00000 -1.00000 0.00000
vn 0.00000 0.00000 1.00000
vn 0.00000 0.00000 -1.00000
vn 1.00000 0.00000 0.00000
vn -1.00000 0.00000 0.00000
vn 0.00000 1.00000 0.00000
vn 0.00000 -1.00000 0.00000
vn 0.00000 0.00000 1.00000
vn 0.00000 0.00000 -1.00000
vn 1.00000 0.00000 0.00000
vn -1.00000 0.00000 0.00000
vn 0.00000 1.00000 0.00000
vn 0.00000 -1.00000 0.00000
vn 0.00000 0.00000 1.00000
vn 0.00000 0.00000 -1.00000
vn 1.00000 0.00000 0.00000
vn -1.00000 0.00000 0.00000
vn 0.00000 1.00000 0.00000
vn 0.00000 -1.00000 0.00000
vn 0.00000 0.00000 1.00000
vn 0.00000 0.00000 -1.00000
vn 1.00000 0.00000 0.00000
vn -1.00000 0.00000 0.00000
vn 0.00000 1.00000 0.00000
vn 0.00000 -1.00000 0.00000
vn 0.00000 0.00000 1.00000
vn 0.00000 0.00000 -1.00000
vn 1.00000 0.00000 0.00000
vn -1.00000 0.00000 0.00000
vn 0.00000 1.00000 0.00000
vn 0.00000 -1.00000 0.00000
vn 0.00000 0.00000 1.00000
vn 0.00000 0.00000 -1.00000
vn 1.00000 0.00000 0.00000
vn -1.00000 0.00000 0.00000
vn 0.00000 1.00000 0.00000
vn 0.00000 -1.00000 0.00000
vn 0.00000 0.00000 1.00000
vn 0.00000 0.00000 -1.00000
vn 1.00000 0.00000 0.00000
vn -1.00000 0.00000 0.00000
vn 0.00000 1.00000 0.00000
vn 0.00000 -1.00000 0.00000
vn 0.00000 0.00000 1.00000
vn 0.00000 0.00000 -1.00000
vn 1.00000 0.00000 0.00000
vn -1.00000 0.00000 0.00000
vn 0.00000 1.00000 0.00000
vn 0.00000 -1.00000 0.00000
vn 0.00000 0.00000 1.00000
vn 0.00000 0.00000 -1.00000
vn 1.00000 0.00000 0.00000
vn -1.00000 0.00000 0.00000
vn 0.00000 1.00000 0.00000
vn 0.00000 -1.00000 0.00000
vn 0.00000 0.00000 1.00000
vn 0.00000 0.00000 -1.00000
vn 1.00000 0.00000 0.00000
vn -1.00000 0.00000 0.00000
vn 0.00000 1.00000 0.00000
vn 0.00000 -1.00000 0.00000
vn 0.00000 0.00000 1.00000
vn 0.00000 0.00000 -1.00000
vn 1.00000 0.00000 0.00000
vn -1.00000 0.00000 0.00000
vn 0.00000 1.00000 0.00000
vn 0.00000 -1.00000 0.00000
vn 0.00000 0.00000 1.00000
vn 0.00000 0.00000 -1.00000
vn 1.00000 0.00000 0.00000
vn -1.00000 0.00000 0.00000
vn 0.00000 1.00000 0.00000
vn 0.00000 -1.00000 0.00000
vn 0.00000 0.00000 1.00000
vn 0.00000 0.00000 -1.00000
vn 1.00000 0.00000 0.00000
vn -1.00000 0.00000 0.00000
vn 0.00000 1.00000 0.00000
vn 0.00000 -1.00000 0.00000
vn 0.00000 0.00000 1.00000
vn 0.00000 0.00000 -1.00000
vn 1.00000 0.00000 0.00000
vn -1.00000 0.00000 0.00000
vn 0.00000 1.00000 0.00000
vn 0.00000 -1.00000 0.00000
vn 0.00000 0.00000 1.00000
vn 0.00000 0.00000 -1.00000
vn 1.00000 0.00000 0.00000
vn -1.00000 0.00000 0.00000
vn 0.00000 1.00000 0.00000
vn 0.00000 -1.00000 0.00000
vn 0.00000 0.00000 1.00000
vn 0.00000 0.00000 -1.00000
vn 1.00000 0.00000 0.00000
vn -1.00000 0.00000 0.00000
vn 0.00000 1.00000 0.00000
vn 0.00000 -1.00000 0.00000
vn 0.00000 0.00000 1.00000
vn 0.00000 0.00000 -1.00000
vn 1.00000 0.00000 0.00000
vn -1.00000 0.00000 0.00000
vn 0.00000 1.00000 0.00000
vn 0.00000 -1.00000 0.00000
vn 0.00000 0.00000 1.00000
vn 0.00000 0.00000 -1.00000
vn 1.00000 0.00000 0.00000
vn -1.00000 0.00000 0.00000
vn 0.00000 1.00000 0.00000
vn 0.00000 -1.00000 0.00000
vn 1.00000 0.00000 0.00000
vn -1.00000 0.00000 0.00000
vn 0.00000 1.00000 0.00000
vn 0.00000 -1.00000 0.00000
vn 0.00000 0.00000 1.00000
vn 0.00000 0.00000 -1.00000
vn 1.00000 0.00000 0.00000
vn -1.00000 0.00000 0.00000
vn 0.00000 1.00000 0.00000
vn 0.00000 -1.00000 0.00000
vn 1.00000 0.00000 0.00000
vn -1.00000 0.00000 0.00000
vn 0.00000 1.00000 0.00000
vn 0.00000 -1.00000 0.00000
vn 0.00000 0.00000 1.00000
vn 0.00000 0.00000 -1.00000
vn 0.00000 0.00000 -1.00000
vn 1.00000 0.00000 0.00000
vn -1.00000 0.00000 0.00000
vn 0.00000 1.00000 0.00000
vn 0.00000 -1.00000 0.00000
vn 0.00000 0.00000 1.00000
vn 0.00000 0.00000 -1.00000
vn 1.00000 0.00000 0.00000
vn -1.00000 0.00000 0.00000
vn 0.00000 1.00000 0.00000
vn 0.00000 -1.00000 0.00000
vn 0.00000 0.00000 1.00000
vn 0.00000 0.00000 -1.00000
vn 1.00000 0.00000 0.00000
vn -1.00000 0.00000 0.00000
vn 0.00000 1.00000 0.00000
vn 0.00000 -1.00000 0.00000
vn 0.00000 0.00000 1.00000
vn 0.00000 0.00000 -1.00000
vn 1.00000 0.00000 0.00000
vn -1.00000 0.00000 0.00000
vn 0.00000 1.00000 0.00000
vn 0.00000 -1.00000 0.00000
vn 0.00000 0.00000 1.00000
vn 0.00000 0.00000 -1.00000
vn 1.00000 0.00000 0.00000
vn -1.00000 0.00000 0.00000
vn 0.00000 1.00000 0.00000
vn 0.00000 -1.00000 0.00000
vn 0.00000 0.00000 1.00000
vn 0.00000 0.00000 -1.00000
vn 1.00000 0.00000 0.00000
vn -1.00000 0.00000 0.00000
vn 0.00000 1.00000 0.00000
vn 0.00000 -1.00000 0.00000
vn 0.00000 0.00000 1.00000
vn 0.00000 0.00000 -1.00000
vn 1.00000 0.00000 0.00000
vn -1.00000 0.00000 0.00000
vn 0.00000 1.00000 0.00000
vn 0.00000 -1.00000 0.00000
vn 1.00000 0.00000 0.00000
vn -1.00000 0.00000 0.00000
vn 0.00000 1.00000 0.00000
vn 0.00000 -1.00000 0.00000
vn 0.00000 0.00000 1.00000
vn 0.00000 0.00000 -1.00000
vn 1.00000 0.00000 0.00000
vn -1.00000 0.00000 0.00000
vn 0.00000 1.00000 0.00000
vn 0.00000 -1.00000 0.00000
vn 1.00000 0.00000 0.00000
vn -1.00000 0.00000 0.00000
vn 0.00000 1.00000 0.00000
vn 0.00000 -1.00000 0.00000
vn 0.00000 0.00000 1.00000
vn 0.00000 0.00000 -1.00000
vn 0.00000 0.00000 -1.00000
vn 1.00000 0.00000 0.00000
vn -1.00000 0.00000 0.00000
vn 0.00000 1.00000 0.00000
vn 0.00000 -1.00000 0.00000
vn 0.00000 0.00000 1.00000
vn 0.00000 0.00000 -1.00000
vn 1.00000 0.00000 0.00000
vn -1.00000 0.00000 0.00000
vn 0.00000 1.00000 0.00000
vn 0.00000 -1.00000 0.00000
vn 0.00000 0.00000 1.00000
vn 0.00000 0.00000 -1.00000
vn 1.00000 0.00000 0.00000
vn -1.00000 0.00000 0.00000
vn 0.00000 1.00000 0.00000
vn 0.00000 -1.00000 0.00000
vn 0.00000 0.00000 1.00000
vn 0.00000 0.00000 -1.00000
vn 1.00000 0.00000 0.00000
vn -1.00000 0.00000 0.00000
vn 0.00000 1.00000 0.00000
vn 0.00000 -1.00000 0.00000
vn 0.00000 0.00000 1.00000
vn 0.00000 0.00000 -1.00000
vn 1.00000 0.00000 0.00000
vn -1.00000 0.00000 0.00000
vn 0.00000 1.00000 0.00000
vn 0.00000 -1.00000 0.00000
vn 0.00000 0.00000 1.00000
vn 0.00000 0.00000 -1.00000
vn 1.00000 0.00000 0.00000
vn -1.00000 0.00000 0.00000
vn 0.00000 1.00000 0.00000
vn 0.00000 -1.00000 0.00000
vn 0.00000 0.00000 1.00000
vn 0.00000 0.00000 -1.00000
vn 1.00000 0.00000 0.00000
vn -1.00000 0.00000 0.00000
vn 0.00000 1.00000 0.00000
vn 0.00000 -1.00000 0.00000
vn 1.00000 0.00000 0.00000
vn -1.00000 0.00000 0.00000
vn 0.00000 1.00000 0.00000
vn 0.00000 -1.00000 0.00000
vn 0.00000 0.00000 1.00000
vn 0.00000 0.00000 -1.00000
vn 1.00000 0.00000 0.00000
vn -1.00000 0.00000 0.00000
vn 0.00000 1.00000 0.00000
vn 0.00000 -1.00000 0.00000
vn 1.00000 0.00000 0.00000
vn -1.00000 0.00000 0.00000
vn 0.00000 1.00000 0.00000
vn 0.00000 -1.00000 0.00000
vn 0.00000 0.00000 1.00000
vn 0.00000 0.00000 -1.00000
vn 0.00000 0.00000 -1.00000
vn 1.00000 0.00000 0.00000
vn -1.00000 0.00000 0.00000
vn 0.00000 1.00000 0.00000
vn 0.00000 -1.00000 0.00000
vn 0.00000 0.00000 1.00000
vn 0.00000 0.00000 -1.00000
vn 1.00000 0.00000 0.00000
vn -1.00000 0.00000 0.00000
vn 0.00000 1.00000 0.00000
vn 0.00000 -1.00000 0.00000
vn 0.00000 0.00000 1.00000
vn 0.00000 0.00000 -1.00000
vn 1.00000 0.00000 0.00000
vn -1.00000 0.00000 0.00000
vn 0.00000 1.00000 0.00000
vn 0.00000 -1.00000 0.00000
vn 0.00000 0.00000 1.00000
vn 0.00000 0.00000 -1.00000
vn 1.00000 0.00000 0.00000
vn -1.00000 0.00000 0.00000
vn 0.00000 1.00000 0.00000
vn 0.00000 -1.00000 0.00000
vn 0.00000 0.00000 1.00000
vn 0.00000 0.00000 -1.00000
vn 1.00000 0.00000 0.00000
vn -1.00000 0.00000 0.00000
vn 0.00000 1.00000 0.00000
vn 0.00000 -1.00000 0.00000
vn 0.00000 0.00000 1.00000
vn 0.00000 0.00000 -1.00000
vn 1.00000 0.00000 0.00000
vn -1.00000 0.00000 0.00000
vn 0.00000 1.00000 0.00000
vn 0.00000 -1.00000 0.00000
vn 0.00000 0.00000 1.00000
vn 0.00000 0.00000 -1.00000
vn 1.00000 0.00000 0.00000
vn -1.00000 0.00000 0.00000
vn 0.00000 1.00000 0.00000
vn 0.00000 -1.00000 0.00000
vn 1.00000 0.00000 0.00000
vn -1.00000 0.00000 0.00000
vn 0.00000 1.00000 0.00000
vn 0.00000 -1.00000 0.00000
vn 0.00000 0.00000 1.00000
vn 0.00000 0.00000 -1.00000
vn 1.00000 0.00000 0.00000
vn -1.00000 0.00000 0.00000
vn 0.00000 1.00000 0.00000
vn 0.00000 -1.00000 0.00000
vn 1.00000 0.00000 0.00000
vn -1.00000 0.00000 0.00000
vn 0.00000 1.00000 0.00000
vn 0.00000 -1.00000 0.00000
vn 0.00000 0.00000 1.00000
vn 0.00000 0.00000 -1.00000
vn 0.00000 0.00000 -1.00000
vn 1.00000 0.00000 0.00000
vn -1.00000 0.00000 0.00000
vn 0.00000 1.00000 0.00000
vn 0.00000 -1.00000 0.00000
vn 0.00000 0.00000 1.00000
vn 0.00000 0.00000 -1.00000
vn 1.00000 0.00000 0.00000
vn -1.00000 0.00000 0.00000
vn 0.00000 1.00000 0.00000
vn 0.00000 -1.00000 0.00000
vn 0.00000 0.00000 1.00000
vn 0.00000 0.00000 -1.00000
vn 1.00000 0.00000 0.00000
vn -1.00000 0.00000 0.00000
vn 0.00000 1.00000 0.00000
vn 0.00000 -1.00000 0.00000
vn 0.00000 0.00000 1.00000
vn 0.00000 0.00000 -1.00000
vn 1.00000 0.00000 0.00000
vn -1.00000 0.00000 0.00000
vn 0.00000 1.00000 0.00000
vn 0.00000 -1.00000 0.00000
vn 0.00000 0.00000 1.00000
vn 0.00000 0.00000 -1.00000
vn 1.00000 0.00000 0.00000
vn -1.00000 0.00000 0.00000
vn 0.00000 1.00000 0.00000
vn 0.00000 -1.00000 0.00000
vn 0.00000 0.00000 1.00000
vn 0.00000 0.00000 -1.00000
vn 1.00000 0.00000 0.00000
vn -1.00000 0.00000 0.00000
vn 0.00000 1.00000 0.00000
vn 0.00000 -1.00000 0.00000
vn 0.00000 0.00000 1.00000
vn 0.00000 0.00000 -1.00000
vn 1.00000 0.00000 0.00000
vn -1.00000 0.00000 0.00000
vn 0.00000 1.00000 0.00000
vn 0.00000 -1.00000 0.00000
vn 0.00000 0.00000 1.00000
vn 0.00000 0.00000 -1.00000
vn 1.00000 0.00000 0.00000
vn -1.00000 0.00000 0.00000
vn 0.00000 1.00000 0.00000
vn 0.00000 -1.00000 0.00000
vn 0.00000 0.00000 1.00000
vn 0.00000 0.00000 -1.00000
vn 1.00000 0.00000 0.00000
vn -1.00000 0.00000 0.00000
vn 0.00000 1.00000 0.00000
vn 0.00000 -1.00000 0.00000
vn 0.00000 0.00000 1.00000
vn 0.00000 0.00000 -1.00000
vn 1.00000 0.00000 0.00000
vn -1.00000 0.00000 0.00000
vn 0.00000 1.00000 0.00000
vn 0.00000 -1.00000 0.00000
vn 0.00000 0.00000 1.00000
vn 0.00000 0.00000 -1.00000
vn 1.00000 0.00000 0.00000
vn -1.00000 0.00000 0.00000
vn 0.00000 1.00000 0.00000
vn 0.00000 -1.00000 0.00000
vn 0.00000 0.00000 1.00000
vn 0.00000 0.00000 -1.00000
vn 1.00000 0.00000 0.00000
vn -1.00000 0.00000 0.00000
vn 0.00000 1.00000 0.00000
vn 0.00000 -1.00000 0.00000
vn 0.00000 0.00000 1.00000
vn 0.00000 0.00000 -1.00000
vn 1.00000 0.00000 0.00000
vn -1.00000 0.00000 0.00000
vn 0.00000 1.00000 0.00000
vn 0.00000 -1.00000 0.00000
vn 0.00000 0.00000 1.00000
vn 0.00000 0.00000 -1.00000
vn 1.00000 0.00000 0.00000
vn -1.00000 0.00000 0.00000
vn 0.00000 1.00000 0.00000
vn 0.00000 -1.00000 0.00000
vn 0.00000 0.00000 1.00000
vn 0.00000 0.00000 -1.00000
vn 1.00000 0.00000 0.00000
vn -1.00000 0.00000 0.00000
vn 0.00000 1.00000 0.00000
vn 0.00000 -1.00000 0.00000
vn 0.00000 0.00000 1.00000
vn 0.00000 0.00000 -1.00000
vn 0.00000 0.14119 -0.98998
vn 0.00000 0.40273 -0.91532
vn 0.00000 0.61349 -0.78970
vn 0.00000 0.76604 -0.64279
vn 0.00000 0.86814 -0.49631
vn 0.00000 0.93220 -0.36195
vn 0.00000 0.96959 -0.24472
vn 0.00000 0.98923 -0.14638
vn 0.00000 0.99769 -0.06794
vn 0.00000 0.99995 -0.01039
vn 1.00000 0.00000 0.00000
vn -1.00000 0.00000 0.00000
vn 0.00000 1.00000 0.00000
vn 0.00000 -1.00000 0.00000
vn 0.00000 0.00000 1.00000
vn 0.00000 0.00000 -1.00000
vn 0.00000 0.14119 0.98998
vn 0.00000 0.40273 0.91532
vn 0.00000 0.61349 0.78970
vn 0.00000 0.76604 0.64279
vn 0.00000 0.86814 0.49631
vn 0.00000 0.93220 0.36195
vn 0.00000 0.96959 0.24472
vn 0.00000 0.98923 0.14638
vn 0.00000 0.99769 0.06794
vn 0.00000 0.99995 0.01039
vn 1.00000 0.00000 0.00000
vn -1.00000 0.00000 0.00000
vn 0.00000 1.00000 0.00000
vn 0.00000 -1.00000 0.00000
vn 0.00000 0.00000 1.00000
vn 0.00000 0.00000 -1.00000
vn 1.00000 0.00000 0.00000
vn -1.00000 0.00000 0.00000
vn 0.00000 1.00000 0.00000
vn 0.00000 -1.00000 0.00000
vn 0.00000 0.00000 1.00000
vn 0.00000 0.00000 -1.00000
vn -0.00000 0.70711 0.70711
vn 0.00000 -0.70711 0.70711
vn 0.00000 0.70711 -0.70711
vn -0.00000 -0.70711 -0.70711
vn -0.70711 0.00000 -0.70711
vn 0.70711 -0.00000 -0.70711
vn -0.70711 -0.00000 0.70711
vn 0.70711 0.00000 0.70711
vn 0.70711 0.70711 -0.00000
vn -0.70711 0.70711 0.00000
vn 0.70711 -0.70711 0.00000
vn -0.70711 -0.70711 -0.00000
vn 0.57735 0.57735 0.57735
vn -0.57735 -0.57735 0.57735
vn -0.57735 0.57735 -0.57735
vn 0.57735 -0.57735 -0.57735
vn 0.57735 -0.57735 -0.57735
vn -0.57735 0.57735 -0.57735
vn -0.57735 -0.57735 0.57735
vn 0.57735 0.57735 0.57735
vn 1.00000 0.00000 0.00000
vn -1.00000 0.00000 0.00000
vn 0.00000 1.00000 0.00000
vn 0.00000 -1.00000 0.00000
vn 0.00000 0.00000 1.00000
vn 0.00000 0.00000 -1.00000
vn 1.00000 0.00000 0.00000
vn -1.00000 0.00000 0.00000
vn 0.00000 1.00000 0.00000
vn 0.00000 -1.00000 0.00000
vn 0.00000 0.00000 1.00000
vn 0.00000 0.00000 -1.00000
vn 1.00000 0.00000 0.00000
vn -1.00000 0.00000 0.00000
vn 0.00000 1.00000 0.00000
vn 0.00000 -1.00000 0.00000
vn 0.00000 0.00000 1.00000
vn 0.00000 0.00000 -1.00000
vn 1.00000 0.00000 0.00000
vn -1.00000 0.00000 0.00000
vn 0.00000 1.00000 0.00000
vn 0.00000 -1.00000 0.00000
vn 0.00000 0.00000 1.00000
vn 0.00000 0.00000 -1.00000
vn 1.00000 0.00000 0.00000
vn -1.00000 0.00000 0.00000
vn 0.00000 1.00000 0.00000
vn 0.00000 -1.00000 0.00000
vn 0.00000 0.00000 1.00000
vn 0.00000 0.00000 -1.00000
vn 1.00000 0.00000 0.00000
vn -1.00000 0.00000 0.00000
vn 0.00000 1.00000 0.00000
vn 0.00000 -1.00000 0.00000
vn 0.00000 0.00000 1.00000
vn 0.00000 0.00000 -1.00000
vn 1.00000 0.00000 0.00000
vn -1.00000 0.00000 0.00000
vn 0.00000 1.00000 0.00000
vn 0.00000 -1.00000 0.00000
vn 0.00000 0.00000 1.00000
vn 0.00000 0.00000 -1.00000
vn 1.00000 0.00000 0.00000
vn -1.00000 0.00000 0.00000
vn 0.00000 1.00000 0.00000
vn 0.00000 -1.00000 0.00000
vn 0.00000 0.00000 1.00000
vn 0.00000 0.00000 -1.00000
vn 1.00000 0.00000 0.00000
vn -1.00000 0.00000 0.00000
vn 0.00000 1.00000 0.00000
vn 0.00000 -1.00000 0.00000
vn 0.00000 0.00000 1.00000
vn 0.00000 0.00000 -1.00000
vn 1.00000 0.00000 0.00000
vn -1.00000 0.00000 0.00000
vn 0.00000 1.00000 0.00000
vn 0.00000 -1.00000 0.00000
vn 0.00000 0.00000 1.00000
vn 0.00000 0.00000 -1.00000
vn 1.00000 0.00000 0.00000
vn -1.00000 0.00000 0.00000
vn 0.00000 1.00000 0.00000
vn 0.00000 -1.00000 0.00000
vn 0.00000 0.00000 1.00000
vn 0.00000 0.00000 -1.00000
vn 1.00000 0.00000 0.00000
vn -1.00000 0.00000 0.00000
vn 0.00000 1.00000 0.00000
vn 0.00000 -1.00000 0.00000
vn 0.00000 0.00000 1.00000
vn 0.00000 0.00000 -1.00000
vn -0.00000 0.70711 0.70711
vn 0.00000 -0.70711 0.70711
vn 0.00000 0.70711 -0.70711
vn -0.00000 -0.70711 -0.70711
vn -0.70711 0.00000 -0.70711
vn 0.70711 -0.00000 -0.70711
vn -0.70711 -0.00000 0.70711
vn 0.70711 0.00000 0.70711
vn 0.70711 0.70711 -0.00000
vn -0.70711 0.70711 0.00000
vn 0.70711 -0.70711 0.00000
vn -0.70711 -0.70711 -0.00000
vn 0.57735 0.57735 0.57735
vn -0.57735 -0.57735 0.57735
vn -0.57735 0.57735 -0.57735
vn 0.57735 -0.57735 -0.57735
vn 0.57735 -0.57735 -0.57735
vn -0.57735 0.57735 -0.57735
vn -0.57735 -0.57735 0.57735
vn 0.57735 0.57735 0.57735
vn 1.00000 0.00000 0.00000
vn -1.00000 0.00000 0.00000
vn 0.00000 1.00000 0.00000
vn 0.00000 -1.00000 0.00000
vn 0.00000 0.00000 1.00000
vn 0.00000 0.00000 -1.00000
vn 1.00000 0.00000 0.00000
vn -1.00000 0.00000 0.00000
vn 0.00000 1.00000 0.00000
vn 0.00000 -1.00000 0.00000
vn 0.00000 0.00000 1.00000
vn 0.00000 0.00000 -1.00000
vn 1.00000 0.00000 0.00000
vn -1.00000 0.00000 0.00000
vn 0.00000 1.00000 0.00000
vn 0.00000 -1.00000 0.00000
vn 0.00000 0.00000 1.00000
vn 0.00000 0.00000 -1.00000
vn 1.00000 0.00000 0.00000
vn -1.00000 0.00000 0.00000
vn 0.00000 1.00000 0.00000
vn 0.00000 -1.00000 0.00000
vn 0.00000 0.00000 1.00000
vn 0.00000 0.00000 -1.00000
vn 1.00000 0.00000 0.00000
vn -1.00000 0.00000 0.00000
vn 0.00000 1.00000 0.00000
vn 0.00000 -1.00000 0.00000
vn 0.00000 0.00000 1.00000
vn 0.00000 0.00000 -1.00000
vn 1.00000 0.00000 0.00000
vn -1.00000 0.00000 0.00000
vn 0.00000 1.00000 0.00000
vn 0.00000 -1.00000 0.00000
vn 0.00000 0.00000 1.00000
vn 0.00000 0.00000 -1.00000
vn 1.00000 0.00000 0.00000
vn -1.00000 0.00000 0.00000
vn 0.00000 1.00000 0.00000
vn 0.00000 -1.00000 0.00000
vn 0.00000 0.00000 1.00000
vn 0.00000 0.00000 -1.00000
vn 1.00000 0.00000 0.00000
vn -1.00000 0.00000 0.00000
vn 0.00000 1.00000 0.00000
vn 0.00000 -1.00000 0.00000
vn 0.00000 0.00000 1.00000
vn 0.00000 0.00000 -1.00000
vn 1.00000 0.00000 0.00000
vn -1.00000 0.00000 0.00000
vn 0.00000 1.00000 0.00000
vn 0.00000 -1.00000 0.00000
vn 0.00000 0.00000 1.00000
vn 0.00000 0.00000 -1.00000
vn 1.00000 0.00000 0.00000
vn -1.00000 0.00000 0.00000
vn 0.00000 1.00000 0.00000
vn 0.00000 -1.00000 0.00000
vn 0.00000 0.00000 1.00000
vn 0.00000 0.00000 -1.00000
vn 1.00000 0.00000 0.00000
vn -1.00000 0.00000 0.00000
vn 0.00000 1.00000 0.00000
vn 0.00000 -1.00000 0.00000
vn 0.00000 0.00000 1.00000
vn 0.00000 0.00000 -1.00000
vn 1.00000 0.00000 0.00000
vn -1.00000 0.00000 0.00000
vn 0.00000 1.00000 0.00000
vn 0.00000 -1.00000 0.00000
vn 0.00000 0.00000 1.00000
vn 0.00000 0.00000 -1.00000
vn 1.00000 0.00000 0.00000
vn -1.00000 0.00000 0.00000
vn 0.00000 1.00000 0.00000
vn 0.00000 -1.00000 0.00000
vn 0.00000 0.00000 1.00000
vn 0.00000 0.00000 -1.00000
vn 1.00000 0.00000 0.00000
vn -1.00000 0.00000 0.00000
vn 0.00000 1.00000 0.00000
vn 0.00000 -1.00000 0.00000
vn 0.00000 0.00000 1.00000
vn 0.00000 0.00000 -1.00000
vn 1.00000 0.00000 0.00000
vn -1.00000 0.00000 0.00000
vn 0.00000 1.00000 0.00000
vn 0.00000 -1.00000 0.00000
vn 0.00000 0.00000 1.00000
vn 0.00000 0.00000 -1.00000
vn -0.00000 0.70711 0.70711
vn 0.00000 -0.70711 0.70711
vn 0.00000 0.70711 -0.70711
vn -0.00000 -0.70711 -0.70711
vn -0.70711 0.00000 -0.70711
vn 0.70711 -0.00000 -0.70711
vn -0.70711 -0.00000 0.70711
vn 0.70711 0.00000 0.70711
vn 0.70711 0.70711 -0.00000
vn -0.70711 0.70711 0.00000
vn 0.70711 -0.70711 0.00000
vn -0.70711 -0.70711 -0.00000
vn 0.57735 0.57735 0.57735
vn -0.57735 -0.57735 0.57735
vn -0.57735 0.57735 -0.57735
vn 0.57735 -0.57735 -0.57735
vn 0.57735 -0.57735 -0.57735
vn -0.57735 0.57735 -0.57735
vn -0.57735 -0.57735 0.57735
vn 0.57735 0.57735 0.57735
vn 1.00000 0.00000 0.00000
vn -1.00000 0.00000 0.00000
vn 0.00000 1.00000 0.00000
vn 0.00000 -1.00000 0.00000
vn 0.00000 0.00000 1.00000
vn 0.00000 0.00000 -1.00000
vn 1.00000 0.00000 0.00000
vn -1.00000 0.00000 0.00000
vn 0.00000 1.00000 0.00000
vn 0.00000 -1.00000 0.00000
vn 0.00000 0.00000 1.00000
vn 0.00000 0.00000 -1.00000
vn 1.00000 0.00000 0.00000
vn -1.00000 0.00000 0.00000
vn 0.00000 1.00000 0.00000
vn 0.00000 -1.00000 0.00000
vn 0.00000 0.00000 1.00000
vn 0.00000 0.00000 -1.00000
vn 1.00000 0.00000 0.00000
vn -1.00000 0.00000 0.00000
vn 0.00000 1.00000 0.00000
vn 0.00000 -1.00000 0.00000
vn 0.00000 0.00000 1.00000
vn 0.00000 0.00000 -1.00000
vn 1.00000 0.00000 0.00000
vn -1.00000 0.00000 0.00000
vn 0.00000 1.00000 0.00000
vn 0.00000 -1.00000 0.00000
vn 0.00000 0.00000 1.00000
vn 0.00000 0.00000 -1.00000
vn 1.00000 0.00000 0.00000
vn -1.00000 0.00000 0.00000
vn 0.00000 1.00000 0.00000
vn 0.00000 -1.00000 0.00000
vn 0.00000 0.00000 1.00000
vn 0.00000 0.00000 -1.00000
vn 1.00000 0.00000 0.00000
vn -1.00000 0.00000 0.00000
vn 0.00000 1.00000 0.00000
vn 0.00000 -1.00000 0.00000
vn 0.00000 0.00000 1.00000
vn 0.00000 0.00000 -1.00000
vn 1.00000 0.00000 0.00000
vn -1.00000 0.00000 0.00000
vn 0.00000 1.00000 0.00000
vn 0.00000 -1.00000 0.00000
vn 0.00000 0.00000 1.00000
vn 0.00000 0.00000 -1.00000
vn 1.00000 0.00000 0.00000
vn -1.00000 0.00000 0.00000
vn 0.00000 1.00000 0.00000
vn 0.00000 -1.00000 0.00000
vn 0.00000 0.00000 1.00000
vn 0.00000 0.00000 -1.00000
vn 1.00000 0.00000 0.00000
vn -1.00000 0.00000 0.00000
vn 0.00000 1.00000 0.00000
vn 0.00000 -1.00000 0.00000
vn 0.00000 0.00000 1.00000
vn 0.00000 0.00000 -1.00000
vn 0.00000 0.00000 -1.00000
vn 0.00000 0.58779 -0.80902
vn 0.00000 0.58779 -0.80902
vn 0.00000 0.00000 -1.00000
vn 0.00000 0.58779 -0.80902
vn 0.00000 0.95106 -0.30902
vn 0.00000 0.95106 -0.30902
vn 0.00000 0.58779 -0.80902
vn 0.00000 0.95106 -0.30902
vn -0.00000 0.95106 0.30902
vn -0.00000 0.95106 0.30902
vn 0.00000 0.95106 -0.30902
vn -0.00000 0.95106 0.30902
vn -0.00000 0.58779 0.80902
vn -0.00000 0.58779 0.80902
vn -0.00000 0.95106 0.30902
vn -0.00000 0.58779 0.80902
vn -0.00000 0.00000 1.00000
vn -0.00000 0.00000 1.00000
vn -0.00000 0.58779 0.80902
vn -0.00000 0.00000 1.00000
vn 0.00000 -0.58779 0.80902
vn 0.00000 -0.58779 0.80902
vn -0.00000 0.00000 1.00000
vn 0.00000 -0.58779 0.80902
vn 0.00000 -0.95106 0.30902
vn 0.00000 -0.95106 0.30902
vn 0.00000 -0.58779 0.80902
vn 0.00000 -0.95106 0.30902
vn 0.00000 -0.95106 -0.30902
vn 0.00000 -0.95106 -0.30902
vn 0.00000 -0.95106 0.30902
vn 0.00000 -0.95106 -0.30902
vn 0.00000 -0.58779 -0.80902
vn 0.00000 -0.58779 -0.80902
vn 0.00000 -0.95106 -0.30902
vn 0.00000 -0.58779 -0.80902
vn 0.00000 0.00000 -1.00000
vn 0.00000 0.00000 -1.00000
vn 0.00000 -0.58779 -0.80902
vn -1.00000 -0.00000 -0.00000
vn 1.00000 0.00000 0.00000
vn 0.00000 0.00000 -1.00000
vn 0.00000 0.58779 -0.80902
vn 0.00000 0.58779 -0.80902
vn 0.00000 0.00000 -1.00000
vn 0.00000 0.58779 -0.80902
vn 0.00000 0.95106 -0.30902
vn 0.00000 0.95106 -0.30902
vn 0.00000 0.58779 -0.80902
vn 0.00000 0.95106 -0.30902
vn -0.00000 0.95106 0.30902
vn -0.00000 0.95106 0.30902
vn 0.00000 0.95106 -0.30902
vn -0.00000 0.95106 0.30902
vn -0.00000 0.58779 0.80902
vn -0.00000 0.58779 0.80902
vn -0.00000 0.95106 0.30902
vn -0.00000 0.58779 0.80902
vn -0.00000 0.00000 1.00000
vn -0.00000 0.00000 1.00000
vn -0.00000 0.58779 0.80902
vn -0.00000 0.00000 1.00000
vn 0.00000 -0.58779 0.80902
vn 0.00000 -0.58779 0.80902
vn -0.00000 0.00000 1.00000
vn 0.00000 -0.58779 0.80902
vn 0.00000 -0.95106 0.30902
vn 0.00000 -0.95106 0.30902
vn 0.00000 -0.58779 0.80902
vn 0.00000 -0.95106 0.30902
vn 0.00000 -0.95106 -0.30902
vn 0.00000 -0.95106 -0.30902
vn 0.00000 -0.95106 0.30902
vn 0.00000 -0.95106 -0.30902
vn 0.00000 -0.58779 -0.80902
vn 0.00000 -0.58779 -0.80902
vn 0.00000 -0.95106 -0.30902
vn 0.00000 -0.58779 -0.80902
vn 0.00000 0.00000 -1.00000
vn 0.00000 0.00000 -1.00000
vn 0.00000 -0.58779 -0.80902
vn -1.00000 -0.00000 -0.00000
vn 1.00000 0.00000 0.00000
vn 1.00000 0.00000 0.00000
vn -1.00000 0.00000 0.00000
vn 0.00000 1.00000 0.00000
vn 0.00000 -1.00000 0.00000
vn 0.00000 0.00000 1.00000
vn 0.00000 0.00000 -1.00000
vn 1.00000 0.00000 0.00000
vn -1.00000 0.00000 0.00000
vn 0.00000 1.00000 0.00000
vn 0.00000 -1.00000 0.00000
vn 0.00000 0.00000 1.00000
vn 0.00000 0.00000 -1.00000
vn 1.00000 0.00000 0.00000
vn -1.00000 0.00000 0.00000
vn 0.00000 1.00000 0.00000
vn 0.00000 -1.00000 0.00000
vn 0.00000 0.00000 1.00000
vn 0.00000 0.00000 -1.00000
vn 1.00000 0.00000 0.00000
vn -1.00000 0.00000 0.00000
vn 0.00000 1.00000 0.00000
vn 0.00000 -1.00000 0.00000
vn 0.00000 0.00000 1.00000
vn 0.00000 0.00000 -1.00000
vn 0.00000 1.00000 0.00000
vn 0.00000 -1.00000 0.00000
vn 0.00000 0.00000 1.00000
vn 0.00000 0.00000 -1.00000
vn 0.17889 -0.98387 0.00000
vn -0.05525 0.30385 -0.95112
vn -0.17889 0.98387 0.00000
vn -0.05525 0.30385 0.95112
vn -0.98387 -0.17889 -0.00000
vn 0.98387 0.17889 0.00000
vn 1.00000 0.00000 0.00000
vn -1.00000 0.00000 0.00000
vn 0.00000 1.00000 0.00000
vn 0.00000 -1.00000 0.00000
vn 0.00000 0.00000 1.00000
vn 0.00000 0.00000 -1.00000
vn 1.00000 0.00000 0.00000
vn -1.00000 0.00000 0.00000
vn 0.00000 1.00000 0.00000
vn 0.00000 -1.00000 0.00000
vn 0.00000 0.00000 1.00000
vn 0.00000 0.00000 -1.00000
vn 1.00000 0.00000 0.00000
vn -1.00000 0.00000 0.00000
vn 0.00000 1.00000 0.00000
vn 0.00000 -1.00000 0.00000
vn 0.00000 0.00000 1.00000
vn 0.00000 0.00000 -1.00000
vn -1.00000 0.00000 0.00000
vn -1.00000 0.00000 0.00000
vn -1.00000 0.00000 0.00000
vn -1.00000 0.00000 0.00000
vn -1.00000 0.00000 0.00000
vn -1.00000 0.00000 0.00000
vn -1.00000 0.00000 0.00000
vn -1.00000 0.00000 0.00000
vn -1.00000 0.00000 0.00000
vn -1.00000 0.00000 0.00000
vn -1.00000 0.00000 0.00000
vn -1.00000 0.00000 0.00000
vn -1.00000 0.00000 0.00000
vn -1.00000 -0.00000 0.00000
vn -1.00000 -0.00000 0.00000
vn -1.00000 0.00000 0.00000
vn -1.00000 -0.00000 0.00000
vn -1.00000 -0.00000 0.00000
vn -1.00000 -0.00000 0.00000
vn -1.00000 -0.00000 0.00000
vn -1.00000 -0.00000 0.00000
vn -1.00000 -0.00000 0.00000
vn -1.00000 -0.00000 0.00000
vn -1.00000 -0.00000 0.00000
vn -1.00000 -0.00000 0.00000
vn -1.00000 -0.00000 -0.00000
vn -1.00000 -0.00000 -0.00000
vn -1.00000 -0.00000 0.00000
vn -1.00000 -0.00000 -0.00000
vn -1.00000 -0.00000 -0.00000
vn -1.00000 -0.00000 -0.00000
vn -1.00000 -0.00000 -0.00000
vn -1.00000 -0.00000 -0.00000
vn -1.00000 -0.00000 -0.00000
vn -1.00000 -0.00000 -0.00000
vn -1.00000 -0.00000 -0.00000
vn -1.00000 -0.00000 -0.00000
vn -1.00000 0.00000 -0.00000
vn -1.00000 0.00000 -0.00000
vn -1.00000 -0.00000 -0.00000
vn -1.00000 0.00000 -0.00000
vn -1.00000 0.00000 -0.00000
vn -1.00000 0.00000 -0.00000
vn -1.00000 0.00000 -0.00000
vn -1.00000 0.00000 -0.00000
vn -1.00000 0.00000 -0.00000
vn -1.00000 0.00000 -0.00000
vn -1.00000 0.00000 -0.00000
vn -0.00000 1.00000 0.00000
vn -0.00000 0.86603 0.50000
vn -0.00000 0.86603 0.50000
vn -0.00000 1.00000 0.00000
vn -0.00000 0.86603 0.50000
vn -0.00000 0.50000 0.86603
vn -0.00000 0.50000 0.86603
vn -0.00000 0.86603 0.50000
vn -0.00000 0.50000 0.86603
vn -0.00000 0.00000 1.00000
vn -0.00000 0.00000 1.00000
vn -0.00000 0.50000 0.86603
vn -0.00000 0.00000 1.00000
vn -0.00000 -0.50000 0.86603
vn -0.00000 -0.50000 0.86603
vn -0.00000 0.00000 1.00000
vn -0.00000 -0.50000 0.86603
vn -0.00000 -0.86603 0.50000
vn -0.00000 -0.86603 0.50000
vn -0.00000 -0.50000 0.86603
vn -0.00000 -0.86603 0.50000
vn -0.00000 -1.00000 0.00000
vn -0.00000 -1.00000 0.00000
vn -0.00000 -0.86603 0.50000
vn -0.00000 -1.00000 0.00000
vn -0.00000 -0.86603 -0.50000
vn -0.00000 -0.86603 -0.50000
vn -0.00000 -1.00000 0.00000
vn -0.00000 -0.86603 -0.50000
vn -0.00000 -0.50000 -0.86603
vn -0.00000 -0.50000 -0.86603
vn -0.00000 -0.86603 -0.50000
vn -0.00000 -0.50000 -0.86603
vn -0.00000 -0.00000 -1.00000
vn -0.00000 -0.00000 -1.00000
vn -0.00000 -0.50000 -0.86603
vn -0.00000 -0.00000 -1.00000
vn -0.00000 0.50000 -0.86603
vn -0.00000 0.50000 -0.86603
vn -0.00000 -0.00000 -1.00000
vn -0.00000 0.50000 -0.86603
vn -0.00000 0.86603 -0.50000
vn -0.00000 0.86603 -0.50000
vn -0.00000 0.50000 -0.86603
vn -0.00000 0.86603 -0.50000
vn -0.00000 1.00000 -0.00000
vn -0.00000 1.00000 -0.00000
vn -0.00000 0.86603 -0.50000
vn 1.00000 0.00000 0.00000
vn -1.00000 0.00000 0.00000
vn -1.00000 0.00000 0.00000
vn -1.00000 0.00000 0.00000
vn -1.00000 0.00000 0.00000
vn -1.00000 0.00000 0.00000
vn -1.00000 0.00000 0.00000
vn -1.00000 0.00000 0.00000
vn -1.00000 0.00000 0.00000
vn -1.00000 0.00000 0.00000
vn -1.00000 -0.00000 0.00000
vn -1.00000 -0.00000 0.00000
vn -1.00000 0.00000 0.00000
vn -1.00000 -0.00000 0.00000
vn -1.00000 -0.00000 0.00000
vn -1.00000 -0.00000 0.00000
vn -1.00000 -0.00000 0.00000
vn -1.00000 -0.00000 0.00000
vn -1.00000 -0.00000 0.00000
vn -1.00000 -0.00000 0.00000
vn -1.00000 -0.00000 0.00000
vn -1.00000 -0.00000 0.00000
vn -1.00000 -0.00000 -0.00000
vn -1.00000 -0.00000 -0.00000
vn -1.00000 -0.00000 0.00000
vn -1.00000 -0.00000 -0.00000
vn -1.00000 -0.00000 -0.00000
vn -1.00000 -0.00000 -0.00000
vn -1.00000 -0.00000 -0.00000
vn -1.00000 -0.00000 -0.00000
vn -1.00000 0.00000 -0.00000
vn -1.00000 0.00000 -0.00000
vn -1.00000 -0.00000 -0.00000
vn -1.00000 0.00000 -0.00000
vn -1.00000 0.00000 -0.00000
vn -1.00000 0.00000 -0.00000
vn -1.00000 0.00000 -0.00000
vn -1.00000 0.00000 -0.00000
vn -1.00000 0.00000 -0.00000
vn -1.00000 0.00000 -0.00000
vn -1.00000 0.00000 -0.00000
vn -0.00000 1.00000 0.00000
vn -0.00000 0.80902 0.58779
vn -0.00000 0.80902 0.58779
vn -0.00000 1.00000 0.00000
vn -0.00000 0.80902 0.58779
vn -0.00000 0.30902 0.95106
vn -0.00000 0.30902 0.95106
vn -0.00000 0.80902 0.58779
vn -0.00000 0.30902 0.95106
vn -0.00000 -0.30902 0.95106
vn -0.00000 -0.30902 0.95106
vn -0.00000 0.30902 0.95106
vn -0.00000 -0.30902 0.95106
vn -0.00000 -0.80902 0.58779
vn -0.00000 -0.80902 0.58779
vn -0.00000 -0.30902 0.95106
vn -0.00000 -0.80902 0.58779
vn -0.00000 -1.00000 0.00000
vn -0.00000 -1.00000 0.00000
vn -0.00000 -0.80902 0.58779
vn -0.00000 -1.00000 0.00000
vn -0.00000 -0.80902 -0.58779
vn -0.00000 -0.80902 -0.58779
vn -0.00000 -1.00000 0.00000
vn -0.00000 -0.80902 -0.58779
vn -0.00000 -0.30902 -0.95106
vn -0.00000 -0.30902 -0.95106
vn -0.00000 -0.80902 -0.58779
vn -0.00000 -0.30902 -0.95106
vn -0.00000 0.30902 -0.95106
vn -0.00000 0.30902 -0.95106
vn -0.00000 -0.30902 -0.95106
vn -0.00000 0.30902 -0.95106
vn -0.00000 0.80902 -0.58779
vn -0.00000 0.80902 -0.58779
vn -0.00000 0.30902 -0.95106
vn -0.00000 0.80902 -0.58779
vn -0.00000 1.00000 -0.00000
vn -0.00000 1.00000 -0.00000
vn -0.00000 0.80902 -0.58779
vn 1.00000 0.00000 0.00000
vn -1.00000 0.00000 0.00000
vn -1.00000 0.00000 0.00000
vn -1.00000 0.00000 0.00000
vn -1.00000 0.00000 0.00000
vn -1.00000 0.00000 0.00000
vn -1.00000 0.00000 0.00000
vn -1.00000 0.00000 0.00000
vn -1.00000 0.00000 0.00000
vn -1.00000 0.00000 0.00000
vn -1.00000 0.00000 0.00000
vn -1.00000 0.00000 0.00000
vn -1.00000 0.00000 0.00000
vn -1.00000 0.00000 0.00000
vn -1.00000 -0.00000 0.00000
vn -1.00000 -0.00000 0.00000
vn -1.00000 0.00000 0.00000
vn -1.00000 -0.00000 0.00000
vn -1.00000 -0.00000 0.00000
vn -1.00000 -0.00000 0.00000
vn -1.00000 -0.00000 0.00000
vn -1.00000 -0.00000 0.00000
vn -1.00000 -0.00000 0.00000
vn -1.00000 -0.00000 0.00000
vn -1.00000 -0.00000 0.00000
vn -1.00000 -0.00000 0.00000
vn -1.00000 -0.00000 -0.00000
vn -1.00000 -0.00000 -0.00000
vn -1.00000 -0.00000 0.00000
vn -1.00000 -0.00000 -0.00000
vn -1.00000 -0.00000 -0.00000
vn -1.00000 -0.00000 -0.00000
vn -1.00000 -0.00000 -0.00000
vn -1.00000 -0.00000 -0.00000
vn -1.00000 -0.00000 -0.00000
vn -1.00000 -0.00000 -0.00000
vn -1.00000 -0.00000 -0.00000
vn -1.00000 -0.00000 -0.00000
vn -1.00000 0.00000 -0.00000
vn -1.00000 0.00000 -0.00000
vn -1.00000 -0.00000 -0.00000
vn -1.00000 0.00000 -0.00000
vn -1.00000 0.00000 -0.00000
vn -1.00000 0.00000 -0.00000
vn -1.00000 0.00000 -0.00000
vn -1.00000 0.00000 -0.00000
vn -1.00000 0.00000 -0.00000
vn -1.00000 0.00000 -0.00000
vn -1.00000 0.00000 -0.00000
vn -0.00000 1.00000 0.00000
vn -0.00000 0.86603 0.50000
vn -0.00000 0.86603 0.50000
vn -0.00000 1.00000 0.00000
vn -0.00000 0.86603 0.50000
vn -0.00000 0.50000 0.86603
vn -0.00000 0.50000 0.86603
vn -0.00000 0.86603 0.50000
vn -0.00000 0.50000 0.86603
vn -0.00000 0.00000 1.00000
vn -0.00000 0.00000 1.00000
vn -0.00000 0.50000 0.86603
vn -0.00000 0.00000 1.00000
vn -0.00000 -0.50000 0.86603
vn -0.00000 -0.50000 0.86603
vn -0.00000 0.00000 1.00000
vn -0.00000 -0.50000 0.86603
vn -0.00000 -0.86603 0.50000
vn -0.00000 -0.86603 0.50000
vn -0.00000 -0.50000 0.86603
vn -0.00000 -0.86603 0.50000
vn -0.00000 -1.00000 0.00000
vn -0.00000 -1.00000 0.00000
vn -0.00000 -0.86603 0.50000
vn -0.00000 -1.00000 0.00000
vn -0.00000 -0.86603 -0.50000
vn -0.00000 -0.86603 -0.50000
vn -0.00000 -1.00000 0.00000
vn -0.00000 -0.86603 -0.50000
vn -0.00000 -0.50000 -0.86603
vn -0.00000 -0.50000 -0.86603
vn -0.00000 -0.86603 -0.50000
vn -0.00000 -0.50000 -0.86603
vn -0.00000 -0.00000 -1.00000
vn -0.00000 -0.00000 -1.00000
vn -0.00000 -0.50000 -0.86603
vn -0.00000 -0.00000 -1.00000
vn -0.00000 0.50000 -0.86603
vn -0.00000 0.50000 -0.86603
vn -0.00000 -0.00000 -1.00000
vn -0.00000 0.50000 -0.86603
vn -0.00000 0.86603 -0.50000
vn -0.00000 0.86603 -0.50000
vn -0.00000 0.50000 -0.86603
vn -0.00000 0.86603 -0.50000
vn -0.00000 1.00000 -0.00000
vn -0.00000 1.00000 -0.00000
vn -0.00000 0.86603 -0.50000
vn 1.00000 0.00000 0.00000
vn -1.00000 0.00000 0.00000
vn -1.00000 0.00000 0.00000
vn -1.00000 0.00000 0.00000
vn -1.00000 0.00000 0.00000
vn -1.00000 0.00000 0.00000
vn -1.00000 0.00000 0.00000
vn -1.00000 0.00000 0.00000
vn -1.00000 0.00000 0.00000
vn -1.00000 0.00000 0.00000
vn -1.00000 -0.00000 0.00000
vn -1.00000 -0.00000 0.00000
vn -1.00000 0.00000 0.00000
vn -1.00000 -0.00000 0.00000
vn -1.00000 -0.00000 0.00000
vn -1.00000 -0.00000 0.00000
vn -1.00000 -0.00000 0.00000
vn -1.00000 -0.00000 0.00000
vn -1.00000 -0.00000 0.00000
vn -1.00000 -0.00000 0.00000
vn -1.00000 -0.00000 0.00000
vn -1.00000 -0.00000 0.00000
vn -1.00000 -0.00000 -0.00000
vn -1.00000 -0.00000 -0.00000
vn -1.00000 -0.00000 0.00000
vn -1.00000 -0.00000 -0.00000
vn -1.00000 -0.00000 -0.00000
vn -1.00000 -0.00000 -0.00000
vn -1.00000 -0.00000 -0.00000
vn -1.00000 -0.00000 -0.00000
vn -1.00000 0.00000 -0.00000
vn -1.00000 0.00000 -0.00000
vn -1.00000 -0.00000 -0.00000
vn -1.00000 0.00000 -0.00000
vn -1.00000 0.00000 -0.00000
vn -1.00000 0.00000 -0.00000
vn -1.00000 0.00000 -0.00000
vn -1.00000 0.00000 -0.00000
vn -1.00000 0.00000 -0.00000
vn -1.00000 0.00000 -0.00000
vn -1.00000 0.00000 -0.00000
vn -0.00000 1.00000 0.00000
vn -0.00000 0.80902 0.58779
vn -0.00000 0.80902 0.58779
vn -0.00000 1.00000 0.00000
vn -0.00000 0.80902 0.58779
vn -0.00000 0.30902 0.95106
vn -0.00000 0.30902 0.95106
vn -0.00000 0.80902 0.58779
vn -0.00000 0.30902 0.95106
vn -0.00000 -0.30902 0.95106
vn -0.00000 -0.30902 0.95106
vn -0.00000 0.30902 0.95106
vn -0.00000 -0.30902 0.95106
vn -0.00000 -0.80902 0.58779
vn -0.00000 -0.80902 0.58779
vn -0.00000 -0.30902 0.95106
vn -0.00000 -0.80902 0.58779
vn -0.00000 -1.00000 0.00000
vn -0.00000 -1.00000 0.00000
vn -0.00000 -0.80902 0.58779
vn -0.00000 -1.00000 0.00000
vn -0.00000 -0.80902 -0.58779
vn -0.00000 -0.80902 -0.58779
vn -0.00000 -1.00000 0.00000
vn -0.00000 -0.80902 -0.58779
vn -0.00000 -0.30902 -0.95106
vn -0.00000 -0.30902 -0.95106
vn -0.00000 -0.80902 -0.58779
vn -0.00000 -0.30902 -0.95106
vn -0.00000 0.30902 -0.95106
vn -0.00000 0.30902 -0.95106
vn -0.00000 -0.30902 -0.95106
vn -0.00000 0.30902 -0.95106
vn -0.00000 0.80902 -0.58779
vn -0.00000 0.80902 -0.58779
vn -0.00000 0.30902 -0.95106
vn -0.00000 0.80902 -0.58779
vn -0.00000 1.00000 -0.00000
vn -0.00000 1.00000 -0.00000
vn -0.00000 0.80902 -0.58779
vn 1.00000 0.00000 0.00000
vn 1.00000 0.00000 0.00000
vn -1.00000 0.00000 0.00000
vn 0.00000 1.00000 0.00000
vn 0.00000 -1.00000 0.00000
vn 0.00000 0.00000 1.00000
vn 0.00000 0.00000 -1.00000
vn 1.00000 0.00000 0.00000
vn -1.00000 0.00000 0.00000
vn 0.00000 1.00000 0.00000
vn 0.00000 -1.00000 0.00000
vn 0.00000 0.00000 1.00000
vn 0.00000 0.00000 -1.00000
usemtl steel_dark
f 1/1/1 2/2/1 3/3/1 4/4/1
f 5/5/2 6/6/2 7/7/2 8/8/2
f 9/9/3 10/10/3 11/11/3 12/12/3
f 13/13/4 14/14/4 15/15/4 16/16/4
f 17/17/5 18/18/5 19/19/5 20/20/5
f 21/21/6 22/22/6 23/23/6 24/24/6
f 25/25/7 26/26/7 27/27/7 28/28/7
f 29/29/8 30/30/8 31/31/8 32/32/8
f 33/33/9 34/34/9 35/35/9 36/36/9
f 37/37/10 38/38/10 39/39/10 40/40/10
f 41/41/11 42/42/11 43/43/11 44/44/11
f 45/45/12 46/46/12 47/47/12 48/48/12
f 637/637/349 638/638/349 639/639/349 640/640/349
f 641/641/350 642/642/350 643/643/350 644/644/350
f 4573/4573/2190 4574/4574/2190 4575/4575/2190 4576/4576/2190
f 4577/4577/2191 4578/4578/2191 4579/4579/2191 4580/4580/2191
f 4581/4581/2192 4582/4582/2192 4583/4583/2192 4584/4584/2192
f 4585/4585/2193 4586/4586/2193 4587/4587/2193 4588/4588/2193
f 4613/4613/2200 4614/4614/2200 4615/4615/2200 4616/4616/2200
f 4617/4617/2201 4618/4618/2201 4619/4619/2201 4620/4620/2201
f 4621/4621/2202 4622/4622/2202 4623/4623/2202 4624/4624/2202
f 4625/4625/2203 4626/4626/2203 4627/4627/2203 4628/4628/2203
f 4801/4801/2247 4802/4802/2247 4803/4803/2247 4804/4804/2247
f 4805/4805/2248 4806/4806/2248 4807/4807/2248 4808/4808/2248
f 4809/4809/2249 4810/4810/2249 4811/4811/2249 4812/4812/2249
f 4813/4813/2250 4814/4814/2250 4815/4815/2250 4816/4816/2250
f 4841/4841/2257 4842/4842/2257 4843/4843/2257 4844/4844/2257
f 4845/4845/2258 4846/4846/2258 4847/4847/2258 4848/4848/2258
f 4849/4849/2259 4850/4850/2259 4851/4851/2259 4852/4852/2259
f 4853/4853/2260 4854/4854/2260 4855/4855/2260 4856/4856/2260
f 5029/5029/2304 5030/5030/2304 5031/5031/2304 5032/5032/2304
f 5033/5033/2305 5034/5034/2305 5035/5035/2305 5036/5036/2305
f 5037/5037/2306 5038/5038/2306 5039/5039/2306 5040/5040/2306
f 5041/5041/2307 5042/5042/2307 5043/5043/2307 5044/5044/2307
f 5069/5069/2314 5070/5070/2314 5071/5071/2314 5072/5072/2314
f 5073/5073/2315 5074/5074/2315 5075/5075/2315 5076/5076/2315
f 5077/5077/2316 5078/5078/2316 5079/5079/2316 5080/5080/2316
f 5081/5081/2317 5082/5082/2317 5083/5083/2317 5084/5084/2317
f 5257/5257/2361 5258/5258/2361 5259/5259/2361 5260/5260/2361
f 5261/5261/2362 5262/5262/2362 5263/5263/2362 5264/5264/2362
f 5265/5265/2363 5266/5266/2363 5267/5267/2363 5268/5268/2363
f 5269/5269/2364 5270/5270/2364 5271/5271/2364 5272/5272/2364
f 5297/5297/2371 5298/5298/2371 5299/5299/2371 5300/5300/2371
f 5301/5301/2372 5302/5302/2372 5303/5303/2372 5304/5304/2372
f 5305/5305/2373 5306/5306/2373 5307/5307/2373 5308/5308/2373
f 5309/5309/2374 5310/5310/2374 5311/5311/2374 5312/5312/2374
f 5341/5341/2382 5342/5342/2382 5343/5343/2382 5344/5344/2382
f 5345/5345/2383 5346/5346/2383 5347/5347/2383 5348/5348/2383
f 5349/5349/2384 5350/5350/2384 5351/5351/2384 5352/5352/2384
f 5353/5353/2385 5354/5354/2385 5355/5355/2385 5356/5356/2385
f 5357/5357/2386 5358/5358/2386 5359/5359/2386 5360/5360/2386
f 5361/5361/2387 5362/5362/2387 5363/5363/2387 5364/5364/2387
f 5365/5365/2388 5366/5366/2388 5367/5367/2388 5368/5368/2388
f 5369/5369/2389 5370/5370/2389 5371/5371/2389 5372/5372/2389
f 5373/5373/2390 5374/5374/2390 5375/5375/2390 5376/5376/2390
f 5377/5377/2391 5378/5378/2391 5379/5379/2391 5380/5380/2391
f 5381/5381/2392 5382/5382/2392 5383/5383/2392 5384/5384/2392
f 5385/5385/2393 5386/5386/2393 5387/5387/2393 5388/5388/2393
f 5389/5389/2394 5390/5390/2394 5391/5391/2394 5392/5392/2394
f 5393/5393/2395 5394/5394/2395 5395/5395/2395 5396/5396/2395
f 5397/5397/2396 5398/5398/2396 5399/5399/2396 5400/5400/2396
f 5401/5401/2397 5402/5402/2397 5403/5403/2397 5404/5404/2397
f 5405/5405/2398 5406/5406/2398 5407/5407/2398 5408/5408/2398
f 5409/5409/2399 5410/5410/2399 5411/5411/2399 5412/5412/2399
f 5413/5413/2400 5414/5414/2400 5415/5415/2400 5416/5416/2400
f 5417/5417/2401 5418/5418/2401 5419/5419/2401 5420/5420/2401
f 5421/5421/2402 5422/5422/2402 5423/5423/2402 5424/5424/2402
f 5425/5425/2403 5426/5426/2403 5427/5427/2403 5428/5428/2403
f 5429/5429/2404 5430/5430/2404 5431/5431/2404 5432/5432/2404
f 5433/5433/2405 5434/5434/2405 5435/5435/2405 5436/5436/2405
f 5461/5461/2412 5462/5462/2412 5463/5463/2412 5464/5464/2412
f 5465/5465/2413 5466/5466/2413 5467/5467/2413 5468/5468/2413
f 5469/5469/2414 5470/5470/2414 5471/5471/2414 5472/5472/2414
f 5473/5473/2415 5474/5474/2415 5475/5475/2415 5476/5476/2415
f 5477/5477/2416 5478/5478/2416 5479/5479/2416 5480/5480/2416
f 5481/5481/2417 5482/5482/2417 5483/5483/2417 5484/5484/2417
f 5485/5485/2418 5486/5486/2418 5487/5487/2418 5488/5488/2418
f 5489/5489/2419 5490/5490/2419 5491/5491/2419 5492/5492/2419
f 5493/5493/2420 5494/5494/2420 5495/5495/2420 5496/5496/2420
f 5497/5497/2421 5498/5498/2421 5499/5499/2421 5500/5500/2421
f 5501/5501/2422 5502/5502/2422 5503/5503/2422 5504/5504/2422
f 5505/5505/2423 5506/5506/2423 5507/5507/2423 5508/5508/2423
f 5509/5509/2424 5510/5510/2424 5511/5511/2424 5512/5512/2424
f 5513/5513/2425 5514/5514/2425 5515/5515/2425 5516/5516/2425
f 5517/5517/2426 5518/5518/2426 5519/5519/2426 5520/5520/2426
f 5521/5521/2427 5522/5522/2427 5523/5523/2427 5524/5524/2427
f 5525/5525/2428 5526/5526/2428 5527/5527/2428 5528/5528/2428
f 5529/5529/2429 5530/5530/2429 5531/5531/2429 5532/5532/2429
f 5533/5533/2430 5534/5534/2430 5535/5535/2430 5536/5536/2430
f 5537/5537/2431 5538/5538/2431 5539/5539/2431 5540/5540/2431
f 5541/5541/2432 5542/5542/2432 5543/5543/2432 5544/5544/2432
f 5545/5545/2433 5546/5546/2433 5547/5547/2433 5548/5548/2433
f 5549/5549/2434 5550/5550/2434 5551/5551/2434 5552/5552/2434
f 5553/5553/2435 5554/5554/2435 5555/5555/2435 5556/5556/2435
f 5581/5581/2442 5582/5582/2442 5583/5583/2442 5584/5584/2442
f 5585/5585/2443 5586/5586/2443 5587/5587/2443 5588/5588/2443
f 5589/5589/2444 5590/5590/2444 5591/5591/2444 5592/5592/2444
f 5593/5593/2445 5594/5594/2445 5595/5595/2445 5596/5596/2445
f 5597/5597/2446 5598/5598/2446 5599/5599/2446 5600/5600/2446
f 5601/5601/2447 5602/5602/2447 5603/5603/2447 5604/5604/2447
f 5605/5605/2448 5606/5606/2448 5607/5607/2448 5608/5608/2448
f 5609/5609/2449 5610/5610/2449 5611/5611/2449 5612/5612/2449
f 5613/5613/2450 5614/5614/2450 5615/5615/2450 5616/5616/2450
f 5617/5617/2451 5618/5618/2451 5619/5619/2451 5620/5620/2451
f 5621/5621/2452 5622/5622/2452 5623/5623/2452 5624/5624/2452
f 5625/5625/2453 5626/5626/2453 5627/5627/2453 5628/5628/2453
f 5629/5629/2454 5630/5630/2454 5631/5631/2454 5632/5632/2454
f 5633/5633/2455 5634/5634/2455 5635/5635/2455 5636/5636/2455
f 5637/5637/2456 5638/5638/2456 5639/5639/2456 5640/5640/2456
f 5641/5641/2457 5642/5642/2457 5643/5643/2457 5644/5644/2457
f 5645/5645/2458 5646/5646/2458 5647/5647/2458 5648/5648/2458
f 5649/5649/2459 5650/5650/2459 5651/5651/2459 5652/5652/2459
f 5653/5653/2460 5654/5654/2460 5655/5655/2460 5656/5656/2460
f 5657/5657/2461 5658/5658/2461 5659/5659/2461 5660/5660/2461
f 5661/5661/2462 5662/5662/2462 5663/5663/2462 5664/5664/2462
f 5665/5665/2463 5666/5666/2463 5667/5667/2463 5668/5668/2463
f 5669/5669/2464 5670/5670/2464 5671/5671/2464 5672/5672/2464
f 5673/5673/2465 5674/5674/2465 5675/5675/2465 5676/5676/2465
f 5845/5845/2508 5846/5846/2508 5847/5847/2508 5848/5848/2508
f 5849/5849/2509 5850/5850/2509 5851/5851/2509 5852/5852/2509
f 5853/5853/2510 5854/5854/2510 5855/5855/2510 5856/5856/2510
f 5857/5857/2511 5858/5858/2511 5859/5859/2511 5860/5860/2511
f 5885/5885/2518 5886/5886/2518 5887/5887/2518 5888/5888/2518
f 5889/5889/2519 5890/5890/2519 5891/5891/2519 5892/5892/2519
f 5893/5893/2520 5894/5894/2520 5895/5895/2520 5896/5896/2520
f 5897/5897/2521 5898/5898/2521 5899/5899/2521 5900/5900/2521
f 6073/6073/2565 6074/6074/2565 6075/6075/2565 6076/6076/2565
f 6077/6077/2566 6078/6078/2566 6079/6079/2566 6080/6080/2566
f 6081/6081/2567 6082/6082/2567 6083/6083/2567 6084/6084/2567
f 6085/6085/2568 6086/6086/2568 6087/6087/2568 6088/6088/2568
f 6113/6113/2575 6114/6114/2575 6115/6115/2575 6116/6116/2575
f 6117/6117/2576 6118/6118/2576 6119/6119/2576 6120/6120/2576
f 6121/6121/2577 6122/6122/2577 6123/6123/2577 6124/6124/2577
f 6125/6125/2578 6126/6126/2578 6127/6127/2578 6128/6128/2578
f 6301/6301/2622 6302/6302/2622 6303/6303/2622 6304/6304/2622
f 6305/6305/2623 6306/6306/2623 6307/6307/2623 6308/6308/2623
f 6309/6309/2624 6310/6310/2624 6311/6311/2624 6312/6312/2624
f 6313/6313/2625 6314/6314/2625 6315/6315/2625 6316/6316/2625
f 6341/6341/2632 6342/6342/2632 6343/6343/2632 6344/6344/2632
f 6345/6345/2633 6346/6346/2633 6347/6347/2633 6348/6348/2633
f 6349/6349/2634 6350/6350/2634 6351/6351/2634 6352/6352/2634
f 6353/6353/2635 6354/6354/2635 6355/6355/2635 6356/6356/2635
f 6529/6529/2679 6530/6530/2679 6531/6531/2679 6532/6532/2679
f 6533/6533/2680 6534/6534/2680 6535/6535/2680 6536/6536/2680
f 6537/6537/2681 6538/6538/2681 6539/6539/2681 6540/6540/2681
f 6541/6541/2682 6542/6542/2682 6543/6543/2682 6544/6544/2682
f 6569/6569/2689 6570/6570/2689 6571/6571/2689 6572/6572/2689
f 6573/6573/2690 6574/6574/2690 6575/6575/2690 6576/6576/2690
f 6577/6577/2691 6578/6578/2691 6579/6579/2691 6580/6580/2691
f 6581/6581/2692 6582/6582/2692 6583/6583/2692 6584/6584/2692
f 6613/6613/2700 6614/6614/2700 6615/6615/2700 6616/6616/2700
f 6617/6617/2701 6618/6618/2701 6619/6619/2701 6620/6620/2701
f 6621/6621/2702 6622/6622/2702 6623/6623/2702 6624/6624/2702
f 6625/6625/2703 6626/6626/2703 6627/6627/2703 6628/6628/2703
f 6629/6629/2704 6630/6630/2704 6631/6631/2704 6632/6632/2704
f 6633/6633/2705 6634/6634/2705 6635/6635/2705 6636/6636/2705
f 6637/6637/2706 6638/6638/2706 6639/6639/2706 6640/6640/2706
f 6641/6641/2707 6642/6642/2707 6643/6643/2707 6644/6644/2707
f 6645/6645/2708 6646/6646/2708 6647/6647/2708 6648/6648/2708
f 6649/6649/2709 6650/6650/2709 6651/6651/2709 6652/6652/2709
f 6653/6653/2710 6654/6654/2710 6655/6655/2710 6656/6656/2710
f 6657/6657/2711 6658/6658/2711 6659/6659/2711 6660/6660/2711
f 6661/6661/2712 6662/6662/2712 6663/6663/2712 6664/6664/2712
f 6665/6665/2713 6666/6666/2713 6667/6667/2713 6668/6668/2713
f 6669/6669/2714 6670/6670/2714 6671/6671/2714 6672/6672/2714
f 6673/6673/2715 6674/6674/2715 6675/6675/2715 6676/6676/2715
f 6677/6677/2716 6678/6678/2716 6679/6679/2716 6680/6680/2716
f 6681/6681/2717 6682/6682/2717 6683/6683/2717 6684/6684/2717
f 6685/6685/2718 6686/6686/2718 6687/6687/2718 6688/6688/2718
f 6689/6689/2719 6690/6690/2719 6691/6691/2719 6692/6692/2719
f 6693/6693/2720 6694/6694/2720 6695/6695/2720 6696/6696/2720
f 6697/6697/2721 6698/6698/2721 6699/6699/2721 6700/6700/2721
f 6701/6701/2722 6702/6702/2722 6703/6703/2722 6704/6704/2722
f 6705/6705/2723 6706/6706/2723 6707/6707/2723 6708/6708/2723
f 6733/6733/2730 6734/6734/2730 6735/6735/2730 6736/6736/2730
f 6737/6737/2731 6738/6738/2731 6739/6739/2731 6740/6740/2731
f 6741/6741/2732 6742/6742/2732 6743/6743/2732 6744/6744/2732
f 6745/6745/2733 6746/6746/2733 6747/6747/2733 6748/6748/2733
f 6749/6749/2734 6750/6750/2734 6751/6751/2734 6752/6752/2734
f 6753/6753/2735 6754/6754/2735 6755/6755/2735 6756/6756/2735
f 6757/6757/2736 6758/6758/2736 6759/6759/2736 6760/6760/2736
f 6761/6761/2737 6762/6762/2737 6763/6763/2737 6764/6764/2737
f 6765/6765/2738 6766/6766/2738 6767/6767/2738 6768/6768/2738
f 6769/6769/2739 6770/6770/2739 6771/6771/2739 6772/6772/2739
f 6773/6773/2740 6774/6774/2740 6775/6775/2740 6776/6776/2740
f 6777/6777/2741 6778/6778/2741 6779/6779/2741 6780/6780/2741
f 6781/6781/2742 6782/6782/2742 6783/6783/2742 6784/6784/2742
f 6785/6785/2743 6786/6786/2743 6787/6787/2743 6788/6788/2743
f 6789/6789/2744 6790/6790/2744 6791/6791/2744 6792/6792/2744
f 6793/6793/2745 6794/6794/2745 6795/6795/2745 6796/6796/2745
f 6797/6797/2746 6798/6798/2746 6799/6799/2746 6800/6800/2746
f 6801/6801/2747 6802/6802/2747 6803/6803/2747 6804/6804/2747
f 6805/6805/2748 6806/6806/2748 6807/6807/2748 6808/6808/2748
f 6809/6809/2749 6810/6810/2749 6811/6811/2749 6812/6812/2749
f 6813/6813/2750 6814/6814/2750 6815/6815/2750 6816/6816/2750
f 6817/6817/2751 6818/6818/2751 6819/6819/2751 6820/6820/2751
f 6821/6821/2752 6822/6822/2752 6823/6823/2752 6824/6824/2752
f 6825/6825/2753 6826/6826/2753 6827/6827/2753 6828/6828/2753
f 6853/6853/2760 6854/6854/2760 6855/6855/2760 6856/6856/2760
f 6857/6857/2761 6858/6858/2761 6859/6859/2761 6860/6860/2761
f 6861/6861/2762 6862/6862/2762 6863/6863/2762 6864/6864/2762
f 6865/6865/2763 6866/6866/2763 6867/6867/2763 6868/6868/2763
f 6869/6869/2764 6870/6870/2764 6871/6871/2764 6872/6872/2764
f 6873/6873/2765 6874/6874/2765 6875/6875/2765 6876/6876/2765
f 6877/6877/2766 6878/6878/2766 6879/6879/2766 6880/6880/2766
f 6881/6881/2767 6882/6882/2767 6883/6883/2767 6884/6884/2767
f 6885/6885/2768 6886/6886/2768 6887/6887/2768 6888/6888/2768
f 6889/6889/2769 6890/6890/2769 6891/6891/2769 6892/6892/2769
f 6893/6893/2770 6894/6894/2770 6895/6895/2770 6896/6896/2770
f 6897/6897/2771 6898/6898/2771 6899/6899/2771 6900/6900/2771
f 6901/6901/2772 6902/6902/2772 6903/6903/2772 6904/6904/2772
f 6905/6905/2773 6906/6906/2773 6907/6907/2773 6908/6908/2773
f 6909/6909/2774 6910/6910/2774 6911/6911/2774 6912/6912/2774
f 6913/6913/2775 6914/6914/2775 6915/6915/2775 6916/6916/2775
f 6917/6917/2776 6918/6918/2776 6919/6919/2776 6920/6920/2776
f 6921/6921/2777 6922/6922/2777 6923/6923/2777 6924/6924/2777
f 6925/6925/2778 6926/6926/2778 6927/6927/2778 6928/6928/2778
f 6929/6929/2779 6930/6930/2779 6931/6931/2779 6932/6932/2779
f 6933/6933/2780 6934/6934/2780 6935/6935/2780 6936/6936/2780
f 6937/6937/2781 6938/6938/2781 6939/6939/2781 6940/6940/2781
f 6941/6941/2782 6942/6942/2782 6943/6943/2782 6944/6944/2782
f 6945/6945/2783 6946/6946/2783 6947/6947/2783 6948/6948/2783
f 7013/7013/2800 7014/7014/2800 7015/7015/2800 7016/7016/2800
f 7017/7017/2801 7018/7018/2801 7019/7019/2801 7020/7020/2801
f 7021/7021/2802 7022/7022/2802 7023/7023/2802 7024/7024/2802
f 7025/7025/2803 7026/7026/2803 7027/7027/2803 7028/7028/2803
f 7029/7029/2804 7030/7030/2804 7031/7031/2804 7032/7032/2804
f 7033/7033/2805 7034/7034/2805 7035/7035/2805 7036/7036/2805
f 7077/7077/2816 7078/7078/2816 7079/7079/2816 7080/7080/2816
f 7081/7081/2817 7082/7082/2817 7083/7083/2817 7084/7084/2817
f 7085/7085/2818 7086/7086/2818 7087/7087/2818 7088/7088/2818
f 7089/7089/2819 7090/7090/2819 7091/7091/2819 7092/7092/2819
f 7093/7093/2820 7094/7094/2820 7095/7095/2820 7096/7096/2820
f 7097/7097/2821 7098/7098/2821 7099/7099/2821 7100/7100/2821
f 7197/7197/2848 7198/7198/2848 7199/7199/2848 7200/7200/2848
f 7201/7201/2849 7202/7202/2849 7203/7203/2849 7204/7204/2849
f 7205/7205/2850 7206/7206/2850 7207/7207/2850 7208/7208/2850
f 7209/7209/2851 7210/7210/2851 7211/7211/2851 7212/7212/2851
f 7213/7213/2852 7214/7214/2852 7215/7215/2852 7216/7216/2852
f 7217/7217/2853 7218/7218/2853 7219/7219/2853 7220/7220/2853
f 7221/7221/2854 7222/7222/2854 7223/7223/2854 7224/7224/2854
f 7225/7225/2855 7226/7226/2855 7227/7227/2855 7228/7228/2855
f 7229/7229/2856 7230/7230/2856 7231/7231/2856 7232/7232/2856
f 7233/7233/2857 7234/7234/2857 7235/7235/2857 7236/7236/2857
f 7237/7237/2858 7238/7238/2858 7239/7239/2858 7240/7240/2858
f 7241/7241/2859 7242/7242/2859 7243/7243/2859 7244/7244/2859
f 7245/7245/2860 7246/7246/2860 7247/7247/2860 7248/7248/2860
f 7249/7249/2861 7250/7250/2861 7251/7251/2861 7252/7252/2861
f 7253/7253/2862 7254/7254/2862 7255/7255/2862 7256/7256/2862
f 7257/7257/2863 7258/7258/2863 7259/7259/2863 7260/7260/2863
f 7261/7261/2864 7262/7262/2864 7263/7263/2864 7264/7264/2864
f 7265/7265/2865 7266/7266/2865 7267/7267/2865 7268/7268/2865
f 7269/7269/2866 7270/7270/2866 7271/7271/2866 7272/7272/2866
f 7273/7273/2867 7274/7274/2867 7275/7275/2867 7276/7276/2867
f 7277/7277/2868 7278/7278/2868 7279/7279/2868 7280/7280/2868
f 7281/7281/2869 7282/7282/2869 7283/7283/2869 7284/7284/2869
f 7285/7285/2870 7286/7286/2870 7287/7287/2870 7288/7288/2870
f 7289/7289/2871 7290/7290/2871 7291/7291/2871 7292/7292/2871
f 7293/7293/2872 7294/7294/2872 7295/7295/2872 7296/7296/2872
f 7297/7297/2873 7298/7298/2873 7299/7299/2873 7300/7300/2873
f 7301/7301/2874 7302/7302/2874 7303/7303/2874 7304/7304/2874
f 7305/7305/2875 7306/7306/2875 7307/7307/2875 7308/7308/2875
f 7309/7309/2876 7310/7310/2876 7311/7311/2876 7312/7312/2876
f 7313/7313/2877 7314/7314/2877 7315/7315/2877 7316/7316/2877
f 7317/7317/2878 7318/7318/2878 7319/7319/2878 7320/7320/2878
f 7321/7321/2879 7322/7322/2879 7323/7323/2879 7324/7324/2879
f 7325/7325/2880 7326/7326/2880 7327/7327/2880 7328/7328/2880
f 7329/7329/2881 7330/7330/2881 7331/7331/2881 7332/7332/2881
f 7333/7333/2882 7334/7334/2882 7335/7335/2882 7336/7336/2882
f 7337/7337/2883 7338/7338/2883 7339/7339/2883 7340/7340/2883
f 7341/7341/2884 7342/7342/2884 7343/7343/2884 7344/7344/2884
f 7345/7345/2885 7346/7346/2885 7347/7347/2885 7348/7348/2885
f 7349/7349/2886 7350/7350/2886 7351/7351/2886 7352/7352/2886
f 7353/7353/2887 7354/7354/2887 7355/7355/2887 7356/7356/2887
f 7357/7357/2888 7358/7358/2888 7359/7359/2888 7360/7360/2888
f 7361/7361/2889 7362/7362/2889 7363/7363/2889 7364/7364/2889
f 7365/7365/2890 7366/7366/2890 7367/7367/2890 7368/7368/2890
f 7369/7369/2891 7370/7370/2891 7371/7371/2891 7372/7372/2891
f 7373/7373/2892 7374/7374/2892 7375/7375/2892 7376/7376/2892
f 7377/7377/2893 7378/7378/2893 7379/7379/2893 7380/7380/2893
f 7381/7381/2894 7382/7382/2894 7383/7383/2894 7384/7384/2894
f 7385/7385/2895 7386/7386/2895 7387/7387/2895 7388/7388/2895
f 7389/7389/2896 7390/7390/2896 7391/7391/2896 7392/7392/2896
f 7393/7393/2897 7394/7394/2897 7395/7395/2897 7396/7396/2897
f 7397/7397/2898 7398/7398/2898 7399/7399/2898 7400/7400/2898
f 7401/7401/2899 7402/7402/2899 7403/7403/2899 7404/7404/2899
f 7405/7405/2900 7406/7406/2900 7407/7407/2900 7408/7408/2900
f 7409/7409/2901 7410/7410/2901 7411/7411/2901 7412/7412/2901
f 7413/7413/2902 7414/7414/2902 7415/7415/2902 7416/7416/2902
f 7417/7417/2903 7418/7418/2903 7419/7419/2903 7420/7420/2903
f 7421/7421/2904 7422/7422/2904 7423/7423/2904 7424/7424/2904
f 7425/7425/2905 7426/7426/2905 7427/7427/2905 7428/7428/2905
f 7429/7429/2906 7430/7430/2906 7431/7431/2906 7432/7432/2906
f 7433/7433/2907 7434/7434/2907 7435/7435/2907 7436/7436/2907
f 7437/7437/2908 7438/7438/2908 7439/7439/2908 7440/7440/2908
f 7441/7441/2909 7442/7442/2909 7443/7443/2909 7444/7444/2909
f 7445/7445/2910 7446/7446/2910 7447/7447/2910 7448/7448/2910
f 7449/7449/2911 7450/7450/2911 7451/7451/2911 7452/7452/2911
f 7453/7453/2912 7454/7454/2912 7455/7455/2912 7456/7456/2912
f 7457/7457/2913 7458/7458/2913 7459/7459/2913 7460/7460/2913
f 7557/7557/2940 7558/7558/2940 7559/7559/2940 7560/7560/2940
f 7561/7561/2941 7562/7562/2941 7563/7563/2941 7564/7564/2941
f 7565/7565/2942 7566/7566/2942 7567/7567/2942 7568/7568/2942
f 7569/7569/2943 7570/7570/2943 7571/7571/2943 7572/7572/2943
f 7573/7573/2944 7574/7574/2944 7575/7575/2944 7576/7576/2944
f 7577/7577/2945 7578/7578/2945 7579/7579/2945 7580/7580/2945
f 7581/7581/2946 7582/7582/2946 7583/7583/2946 7584/7584/2946
f 7585/7585/2947 7586/7586/2947 7587/7587/2947 7588/7588/2947
f 7589/7589/2948 7590/7590/2948 7591/7591/2948 7592/7592/2948
f 7593/7593/2949 7594/7594/2949 7595/7595/2949 7596/7596/2949
f 7597/7597/2950 7598/7598/2950 7599/7599/2950 7600/7600/2950
f 7601/7601/2951 7602/7602/2951 7603/7603/2951 7604/7604/2951
f 7605/7605/2952 7606/7606/2952 7607/7607/2952 7608/7608/2952
f 7609/7609/2953 7610/7610/2953 7611/7611/2953 7612/7612/2953
f 7613/7613/2954 7614/7614/2954 7615/7615/2954 7616/7616/2954
f 7617/7617/2955 7618/7618/2955 7619/7619/2955 7620/7620/2955
f 7621/7621/2956 7622/7622/2956 7623/7623/2956 7624/7624/2956
f 7625/7625/2957 7626/7626/2957 7627/7627/2957 7628/7628/2957
f 7629/7629/2958 7630/7630/2958 7631/7631/2958 7632/7632/2958
f 7633/7633/2959 7634/7634/2959 7635/7635/2959 7636/7636/2959
f 7637/7637/2960 7638/7638/2960 7639/7639/2960 7640/7640/2960
f 7641/7641/2961 7642/7642/2961 7643/7643/2961 7644/7644/2961
f 7645/7645/2962 7646/7646/2962 7647/7647/2962 7648/7648/2962
f 7649/7649/2963 7650/7650/2963 7651/7651/2963 7652/7652/2963
f 7653/7653/2964 7654/7654/2964 7655/7655/2964 7656/7656/2964
f 7657/7657/2965 7658/7658/2965 7659/7659/2965 7660/7660/2965
f 7661/7661/2966 7662/7662/2966 7663/7663/2966 7664/7664/2966
f 7665/7665/2967 7666/7666/2967 7667/7667/2967 7668/7668/2967
f 7669/7669/2968 7670/7670/2968 7671/7671/2968 7672/7672/2968
f 7673/7673/2969 7674/7674/2969 7675/7675/2969 7676/7676/2969
f 7677/7677/2970 7678/7678/2970 7679/7679/2970 7680/7680/2970
f 7681/7681/2971 7682/7682/2971 7683/7683/2971 7684/7684/2971
f 7685/7685/2972 7686/7686/2972 7687/7687/2972 7688/7688/2972
f 7689/7689/2973 7690/7690/2973 7691/7691/2973 7692/7692/2973
f 7693/7693/2974 7694/7694/2974 7695/7695/2974 7696/7696/2974
f 7697/7697/2975 7698/7698/2975 7699/7699/2975 7700/7700/2975
f 7701/7701/2976 7702/7702/2976 7703/7703/2976 7704/7704/2976
f 7705/7705/2977 7706/7706/2977 7707/7707/2977 7708/7708/2977
f 7709/7709/2978 7710/7710/2978 7711/7711/2978 7712/7712/2978
f 7713/7713/2979 7714/7714/2979 7715/7715/2979 7716/7716/2979
f 7717/7717/2980 7718/7718/2980 7719/7719/2980 7720/7720/2980
f 7721/7721/2981 7722/7722/2981 7723/7723/2981 7724/7724/2981
f 7725/7725/2982 7726/7726/2982 7727/7727/2982 7728/7728/2982
f 7729/7729/2983 7730/7730/2983 7731/7731/2983 7732/7732/2983
f 7733/7733/2984 7734/7734/2984 7735/7735/2984 7736/7736/2984
f 7737/7737/2985 7738/7738/2985 7739/7739/2985 7740/7740/2985
f 7741/7741/2986 7742/7742/2986 7743/7743/2986 7744/7744/2986
f 7745/7745/2987 7746/7746/2987 7747/7747/2987 7748/7748/2987
f 7749/7749/2988 7750/7750/2988 7751/7751/2988 7752/7752/2988
f 7753/7753/2989 7754/7754/2989 7755/7755/2989 7756/7756/2989
f 7757/7757/2990 7758/7758/2990 7759/7759/2990 7760/7760/2990
f 7761/7761/2991 7762/7762/2991 7763/7763/2991 7764/7764/2991
f 7765/7765/2992 7766/7766/2992 7767/7767/2992 7768/7768/2992
f 7769/7769/2993 7770/7770/2993 7771/7771/2993 7772/7772/2993
f 7773/7773/2994 7774/7774/2994 7775/7775/2994 7776/7776/2994
f 7777/7777/2995 7778/7778/2995 7779/7779/2995 7780/7780/2995
f 7781/7781/2996 7782/7782/2996 7783/7783/2996 7784/7784/2996
f 7785/7785/2997 7786/7786/2997 7787/7787/2997 7788/7788/2997
f 7789/7789/2998 7790/7790/2998 7791/7791/2998 7792/7792/2998
f 7793/7793/2999 7794/7794/2999 7795/7795/2999 7796/7796/2999
f 7797/7797/3000 7798/7798/3000 7799/7799/3000 7800/7800/3000
f 7801/7801/3001 7802/7802/3001 7803/7803/3001 7804/7804/3001
f 7805/7805/3002 7806/7806/3002 7807/7807/3002 7808/7808/3002
f 7809/7809/3003 7810/7810/3003 7811/7811/3003 7812/7812/3003
f 7813/7813/3004 7814/7814/3004 7815/7815/3004 7816/7816/3004
f 7817/7817/3005 7818/7818/3005 7819/7819/3005 7820/7820/3005
f 7821/7821/3006 7822/7822/3006 7823/7823/3006 7824/7824/3006
f 7825/7825/3007 7826/7826/3007 7827/7827/3007 7828/7828/3007
f 7829/7829/3008 7830/7830/3008 7831/7831/3008 7832/7832/3008
f 7833/7833/3009 7834/7834/3009 7835/7835/3009 7836/7836/3009
f 7837/7837/3010 7838/7838/3010 7839/7839/3010 7840/7840/3010
f 7841/7841/3011 7842/7842/3011 7843/7843/3011 7844/7844/3011
f 7845/7845/3012 7846/7846/3012 7847/7847/3012 7848/7848/3012
f 7849/7849/3013 7850/7850/3013 7851/7851/3013 7852/7852/3013
f 7853/7853/3014 7854/7854/3014 7855/7855/3014 7856/7856/3014
f 7857/7857/3015 7858/7858/3015 7859/7859/3015 7860/7860/3015
f 7861/7861/3016 7862/7862/3016 7863/7863/3016 7864/7864/3016
f 7865/7865/3017 7866/7866/3017 7867/7867/3017 7868/7868/3017
f 7869/7869/3018 7870/7870/3018 7871/7871/3018 7872/7872/3018
f 7873/7873/3019 7874/7874/3019 7875/7875/3019 7876/7876/3019
f 7877/7877/3020 7878/7878/3020 7879/7879/3020 7880/7880/3020
f 7881/7881/3021 7882/7882/3021 7883/7883/3021 7884/7884/3021
f 7885/7885/3022 7886/7886/3022 7887/7887/3022 7888/7888/3022
f 7889/7889/3023 7890/7890/3023 7891/7891/3023 7892/7892/3023
f 7989/7989/3050 7990/7990/3050 7991/7991/3050 7992/7992/3050
f 7993/7993/3051 7994/7994/3051 7995/7995/3051 7996/7996/3051
f 7997/7997/3052 7998/7998/3052 7999/7999/3052 8000/8000/3052
f 8001/8001/3053 8002/8002/3053 8003/8003/3053 8004/8004/3053
f 8005/8005/3054 8006/8006/3054 8007/8007/3054 8008/8008/3054
f 8009/8009/3055 8010/8010/3055 8011/8011/3055 8012/8012/3055
f 8013/8013/3056 8014/8014/3056 8015/8015/3056 8016/8016/3056
f 8017/8017/3057 8018/8018/3057 8019/8019/3057 8020/8020/3057
f 8021/8021/3058 8022/8022/3058 8023/8023/3058 8024/8024/3058
f 8025/8025/3059 8026/8026/3059 8027/8027/3059 8028/8028/3059
f 8029/8029/3060 8030/8030/3060 8031/8031/3060 8032/8032/3060
f 8033/8033/3061 8034/8034/3061 8035/8035/3061 8036/8036/3061
f 8037/8037/3062 8038/8038/3062 8039/8039/3062 8040/8040/3062
f 8041/8041/3063 8042/8042/3063 8043/8043/3063 8044/8044/3063
f 8045/8045/3064 8046/8046/3064 8047/8047/3064 8048/8048/3064
f 8049/8049/3065 8050/8050/3065 8051/8051/3065 8052/8052/3065
f 8053/8053/3066 8054/8054/3066 8055/8055/3066 8056/8056/3066
f 8057/8057/3067 8058/8058/3067 8059/8059/3067 8060/8060/3067
f 8061/8061/3068 8062/8062/3068 8063/8063/3068 8064/8064/3068
f 8065/8065/3069 8066/8066/3069 8067/8067/3069 8068/8068/3069
f 8069/8069/3070 8070/8070/3070 8071/8071/3070 8072/8072/3070
f 8073/8073/3071 8074/8074/3071 8075/8075/3071 8076/8076/3071
f 8077/8077/3072 8078/8078/3072 8079/8079/3072 8080/8080/3072
f 8081/8081/3073 8082/8082/3073 8083/8083/3073 8084/8084/3073
f 8085/8085/3074 8086/8086/3074 8087/8087/3074 8088/8088/3074
f 8089/8089/3075 8090/8090/3075 8091/8091/3075 8092/8092/3075
f 8093/8093/3076 8094/8094/3076 8095/8095/3076 8096/8096/3076
f 8097/8097/3077 8098/8098/3077 8099/8099/3077 8100/8100/3077
f 8101/8101/3078 8102/8102/3078 8103/8103/3078 8104/8104/3078
f 8105/8105/3079 8106/8106/3079 8107/8107/3079 8108/8108/3079
f 8109/8109/3080 8110/8110/3080 8111/8111/3080 8112/8112/3080
f 8113/8113/3081 8114/8114/3081 8115/8115/3081 8116/8116/3081
f 8117/8117/3082 8118/8118/3082 8119/8119/3082 8120/8120/3082
f 8121/8121/3083 8122/8122/3083 8123/8123/3083 8124/8124/3083
f 8125/8125/3084 8126/8126/3084 8127/8127/3084 8128/8128/3084
f 8129/8129/3085 8130/8130/3085 8131/8131/3085 8132/8132/3085
f 8133/8133/3086 8134/8134/3086 8135/8135/3086 8136/8136/3086
f 8137/8137/3087 8138/8138/3087 8139/8139/3087 8140/8140/3087
f 8141/8141/3088 8142/8142/3088 8143/8143/3088 8144/8144/3088
f 8145/8145/3089 8146/8146/3089 8147/8147/3089 8148/8148/3089
f 8149/8149/3090 8150/8150/3090 8151/8151/3090 8152/8152/3090
f 8153/8153/3091 8154/8154/3091 8155/8155/3091 8156/8156/3091
f 8157/8157/3092 8158/8158/3092 8159/8159/3092 8160/8160/3092
f 8161/8161/3093 8162/8162/3093 8163/8163/3093 8164/8164/3093
f 8165/8165/3094 8166/8166/3094 8167/8167/3094 8168/8168/3094
f 8169/8169/3095 8170/8170/3095 8171/8171/3095 8172/8172/3095
f 8173/8173/3096 8174/8174/3096 8175/8175/3096 8176/8176/3096
f 8177/8177/3097 8178/8178/3097 8179/8179/3097 8180/8180/3097
f 8181/8181/3098 8182/8182/3098 8183/8183/3098 8184/8184/3098
f 8185/8185/3099 8186/8186/3099 8187/8187/3099 8188/8188/3099
f 8189/8189/3100 8190/8190/3100 8191/8191/3100 8192/8192/3100
f 8193/8193/3101 8194/8194/3101 8195/8195/3101 8196/8196/3101
f 8197/8197/3102 8198/8198/3102 8199/8199/3102 8200/8200/3102
f 8201/8201/3103 8202/8202/3103 8203/8203/3103 8204/8204/3103
f 8205/8205/3104 8206/8206/3104 8207/8207/3104 8208/8208/3104
f 8209/8209/3105 8210/8210/3105 8211/8211/3105 8212/8212/3105
f 8213/8213/3106 8214/8214/3106 8215/8215/3106 8216/8216/3106
f 8217/8217/3107 8218/8218/3107 8219/8219/3107 8220/8220/3107
f 8221/8221/3108 8222/8222/3108 8223/8223/3108 8224/8224/3108
f 8225/8225/3109 8226/8226/3109 8227/8227/3109 8228/8228/3109
f 8349/8349/3194 8350/8350/3194 8351/8351/3194 8352/8352/3194
f 8353/8353/3195 8354/8354/3195 8355/8355/3195 8356/8356/3195
f 8357/8357/3196 8358/8358/3196 8359/8359/3196 8360/8360/3196
f 8361/8361/3197 8362/8362/3197 8363/8363/3197 8364/8364/3197
f 8365/8365/3198 8366/8366/3198 8367/8367/3198 8368/8368/3198
f 8369/8369/3199 8370/8370/3199 8371/8371/3199 8372/8372/3199
f 8953/8953/3602 8954/8954/3602 8955/8955/3602 8956/8956/3602
f 8957/8957/3603 8958/8958/3603 8959/8959/3603 8960/8960/3603
f 8961/8961/3604 8962/8962/3604 8963/8963/3604 8964/8964/3604
f 8965/8965/3605 8966/8966/3605 8967/8967/3605 8968/8968/3605
f 8969/8969/3606 8970/8970/3606 8971/8971/3606 8972/8972/3606
f 8973/8973/3607 8974/8974/3607 8975/8975/3607 8976/8976/3607
usemtl rust
f 49/49/13 50/50/13 51/51/13 52/52/13
f 53/53/14 54/54/14 55/55/14 56/56/14
f 57/57/15 58/58/15 59/59/15 60/60/15
f 61/61/16 62/62/16 63/63/16 64/64/16
f 65/65/17 66/66/17 67/67/17 68/68/17
f 69/69/18 70/70/18 71/71/18 72/72/18
f 73/73/19 74/74/20 75/75/21 76/76/22
f 77/77/23 78/78/24 79/79/25 80/80/26
f 81/81/27 82/82/28 83/83/29 84/84/30
f 85/85/31 86/86/32 87/87/33 88/88/34
f 89/89/35 90/90/36 91/91/37 92/92/38
f 93/93/39 94/94/40 95/95/41 96/96/42
f 97/97/43 98/98/44 99/99/45 100/100/46
f 101/101/47 102/102/48 103/103/49 104/104/50
f 105/105/51 106/106/52 107/107/53 108/108/54
f 109/109/55 110/110/56 111/111/57 112/112/58
f 113/113/59 114/114/59 115/115/59 116/116/59 117/117/59 118/118/59 119/119/59 120/120/59 121/121/59 122/122/59
f 123/123/60 124/124/60 125/125/60 126/126/60 127/127/60 128/128/60 129/129/60 130/130/60 131/131/60 132/132/60
f 133/133/61 134/134/61 135/135/61 136/136/61
f 137/137/62 138/138/62 139/139/62 140/140/62
f 141/141/63 142/142/63 143/143/63 144/144/63
f 145/145/64 146/146/64 147/147/64 148/148/64
f 149/149/65 150/150/65 151/151/65 152/152/65
f 153/153/66 154/154/66 155/155/66 156/156/66
f 157/157/67 158/158/68 159/159/69 160/160/70
f 161/161/71 162/162/72 163/163/73 164/164/74
f 165/165/75 166/166/76 167/167/77 168/168/78
f 169/169/79 170/170/80 171/171/81 172/172/82
f 173/173/83 174/174/84 175/175/85 176/176/86
f 177/177/87 178/178/88 179/179/89 180/180/90
f 181/181/91 182/182/92 183/183/93 184/184/94
f 185/185/95 186/186/96 187/187/97 188/188/98
f 189/189/99 190/190/100 191/191/101 192/192/102
f 193/193/103 194/194/104 195/195/105 196/196/106
f 197/197/107 198/198/107 199/199/107 200/200/107 201/201/107 202/202/107 203/203/107 204/204/107 205/205/107 206/206/107
f 207/207/108 208/208/108 209/209/108 210/210/108 211/211/108 212/212/108 213/213/108 214/214/108 215/215/108 216/216/108
f 217/217/109 218/218/109 219/219/109 220/220/109
f 221/221/110 222/222/110 223/223/110 224/224/110
f 225/225/111 226/226/111 227/227/111 228/228/111
f 229/229/112 230/230/112 231/231/112 232/232/112
f 233/233/113 234/234/113 235/235/113 236/236/113
f 237/237/114 238/238/114 239/239/114 240/240/114
f 241/241/115 242/242/116 243/243/117 244/244/118
f 245/245/119 246/246/120 247/247/121 248/248/122
f 249/249/123 250/250/124 251/251/125 252/252/126
f 253/253/127 254/254/128 255/255/129 256/256/130
f 257/257/131 258/258/132 259/259/133 260/260/134
f 261/261/135 262/262/136 263/263/137 264/264/138
f 265/265/139 266/266/140 267/267/141 268/268/142
f 269/269/143 270/270/144 271/271/145 272/272/146
f 273/273/147 274/274/148 275/275/149 276/276/150
f 277/277/151 278/278/152 279/279/153 280/280/154
f 281/281/155 282/282/155 283/283/155 284/284/155 285/285/155 286/286/155 287/287/155 288/288/155 289/289/155 290/290/155
f 291/291/156 292/292/156 293/293/156 294/294/156 295/295/156 296/296/156 297/297/156 298/298/156 299/299/156 300/300/156
f 301/301/157 302/302/157 303/303/157 304/304/157
f 305/305/158 306/306/158 307/307/158 308/308/158
f 309/309/159 310/310/159 311/311/159 312/312/159
f 313/313/160 314/314/160 315/315/160 316/316/160
f 317/317/161 318/318/161 319/319/161 320/320/161
f 321/321/162 322/322/162 323/323/162 324/324/162
f 325/325/163 326/326/164 327/327/165 328/328/166
f 329/329/167 330/330/168 331/331/169 332/332/170
f 333/333/171 334/334/172 335/335/173 336/336/174
f 337/337/175 338/338/176 339/339/177 340/340/178
f 341/341/179 342/342/180 343/343/181 344/344/182
f 345/345/183 346/346/184 347/347/185 348/348/186
f 349/349/187 350/350/188 351/351/189 352/352/190
f 353/353/191 354/354/192 355/355/193 356/356/194
f 357/357/195 358/358/196 359/359/197 360/360/198
f 361/361/199 362/362/200 363/363/201 364/364/202
f 365/365/203 366/366/203 367/367/203 368/368/203 369/369/203 370/370/203 371/371/203 372/372/203 373/373/203 374/374/203
f 375/375/204 376/376/204 377/377/204 378/378/204 379/379/204 380/380/204 381/381/204 382/382/204 383/383/204 384/384/204
f 385/385/205 386/386/205 387/387/205 388/388/205
f 389/389/206 390/390/206 391/391/206 392/392/206
f 393/393/207 394/394/207 395/395/207 396/396/207
f 397/397/208 398/398/208 399/399/208 400/400/208
f 401/401/209 402/402/209 403/403/209 404/404/209
f 405/405/210 406/406/210 407/407/210 408/408/210
f 409/409/211 410/410/212 411/411/213 412/412/214
f 413/413/215 414/414/216 415/415/217 416/416/218
f 417/417/219 418/418/220 419/419/221 420/420/222
f 421/421/223 422/422/224 423/423/225 424/424/226
f 425/425/227 426/426/228 427/427/229 428/428/230
f 429/429/231 430/430/232 431/431/233 432/432/234
f 433/433/235 434/434/236 435/435/237 436/436/238
f 437/437/239 438/438/240 439/439/241 440/440/242
f 441/441/243 442/442/244 443/443/245 444/444/246
f 445/445/247 446/446/248 447/447/249 448/448/250
f 449/449/251 450/450/251 451/451/251 452/452/251 453/453/251 454/454/251 455/455/251 456/456/251 457/457/251 458/458/251
f 459/459/252 460/460/252 461/461/252 462/462/252 463/463/252 464/464/252 465/465/252 466/466/252 467/467/252 468/468/252
f 469/469/253 470/470/253 471/471/253 472/472/253
f 473/473/254 474/474/254 475/475/254 476/476/254
f 477/477/255 478/478/255 479/479/255 480/480/255
f 481/481/256 482/482/256 483/483/256 484/484/256
f 485/485/257 486/486/257 487/487/257 488/488/257
f 489/489/258 490/490/258 491/491/258 492/492/258
f 493/493/259 494/494/260 495/495/261 496/496/262
f 497/497/263 498/498/264 499/499/265 500/500/266
f 501/501/267 502/502/268 503/503/269 504/504/270
f 505/505/271 506/506/272 507/507/273 508/508/274
f 509/509/275 510/510/276 511/511/277 512/512/278
f 513/513/279 514/514/280 515/515/281 516/516/282
f 517/517/283 518/518/284 519/519/285 520/520/286
f 521/521/287 522/522/288 523/523/289 524/524/290
f 525/525/291 526/526/292 527/527/293 528/528/294
f 529/529/295 530/530/296 531/531/297 532/532/298
f 533/533/299 534/534/299 535/535/299 536/536/299 537/537/299 538/538/299 539/539/299 540/540/299 541/541/299 542/542/299
f 543/543/300 544/544/300 545/545/300 546/546/300 547/547/300 548/548/300 549/549/300 550/550/300 551/551/300 552/552/300
f 553/553/301 554/554/301 555/555/301 556/556/301
f 557/557/302 558/558/302 559/559/302 560/560/302
f 561/561/303 562/562/303 563/563/303 564/564/303
f 565/565/304 566/566/304 567/567/304 568/568/304
f 569/569/305 570/570/305 571/571/305 572/572/305
f 573/573/306 574/574/306 575/575/306 576/576/306
f 577/577/307 578/578/308 579/579/309 580/580/310
f 581/581/311 582/582/312 583/583/313 584/584/314
f 585/585/315 586/586/316 587/587/317 588/588/318
f 589/589/319 590/590/320 591/591/321 592/592/322
f 593/593/323 594/594/324 595/595/325 596/596/326
f 597/597/327 598/598/328 599/599/329 600/600/330
f 601/601/331 602/602/332 603/603/333 604/604/334
f 605/605/335 606/606/336 607/607/337 608/608/338
f 609/609/339 610/610/340 611/611/341 612/612/342
f 613/613/343 614/614/344 615/615/345 616/616/346
f 617/617/347 618/618/347 619/619/347 620/620/347 621/621/347 622/622/347 623/623/347 624/624/347 625/625/347 626/626/347
f 627/627/348 628/628/348 629/629/348 630/630/348 631/631/348 632/632/348 633/633/348 634/634/348 635/635/348 636/636/348
f 8229/8229/3110 8230/8230/3111 8231/8231/3112 8232/8232/3113
f 8233/8233/3114 8234/8234/3115 8235/8235/3116 8236/8236/3117
f 8237/8237/3118 8238/8238/3119 8239/8239/3120 8240/8240/3121
f 8241/8241/3122 8242/8242/3123 8243/8243/3124 8244/8244/3125
f 8245/8245/3126 8246/8246/3127 8247/8247/3128 8248/8248/3129
f 8249/8249/3130 8250/8250/3131 8251/8251/3132 8252/8252/3133
f 8253/8253/3134 8254/8254/3135 8255/8255/3136 8256/8256/3137
f 8257/8257/3138 8258/8258/3139 8259/8259/3140 8260/8260/3141
f 8261/8261/3142 8262/8262/3143 8263/8263/3144 8264/8264/3145
f 8265/8265/3146 8266/8266/3147 8267/8267/3148 8268/8268/3149
f 8269/8269/3150 8270/8270/3150 8271/8271/3150 8272/8272/3150 8273/8273/3150 8274/8274/3150 8275/8275/3150 8276/8276/3150 8277/8277/3150 8278/8278/3150
f 8279/8279/3151 8280/8280/3151 8281/8281/3151 8282/8282/3151 8283/8283/3151 8284/8284/3151 8285/8285/3151 8286/8286/3151 8287/8287/3151 8288/8288/3151
f 8289/8289/3152 8290/8290/3153 8291/8291/3154 8292/8292/3155
f 8293/8293/3156 8294/8294/3157 8295/8295/3158 8296/8296/3159
f 8297/8297/3160 8298/8298/3161 8299/8299/3162 8300/8300/3163
f 8301/8301/3164 8302/8302/3165 8303/8303/3166 8304/8304/3167
f 8305/8305/3168 8306/8306/3169 8307/8307/3170 8308/8308/3171
f 8309/8309/3172 8310/8310/3173 8311/8311/3174 8312/8312/3175
f 8313/8313/3176 8314/8314/3177 8315/8315/3178 8316/8316/3179
f 8317/8317/3180 8318/8318/3181 8319/8319/3182 8320/8320/3183
f 8321/8321/3184 8322/8322/3185 8323/8323/3186 8324/8324/3187
f 8325/8325/3188 8326/8326/3189 8327/8327/3190 8328/8328/3191
f 8329/8329/3192 8330/8330/3192 8331/8331/3192 8332/8332/3192 8333/8333/3192 8334/8334/3192 8335/8335/3192 8336/8336/3192 8337/8337/3192 8338/8338/3192
f 8339/8339/3193 8340/8340/3193 8341/8341/3193 8342/8342/3193 8343/8343/3193 8344/8344/3193 8345/8345/3193 8346/8346/3193 8347/8347/3193 8348/8348/3193
f 8421/8421/3212 8422/8422/3212 8423/8423/3212 8424/8424/3212
f 8425/8425/3213 8426/8426/3213 8427/8427/3213 8428/8428/3213
f 8429/8429/3214 8430/8430/3214 8431/8431/3214 8432/8432/3214
f 8433/8433/3215 8434/8434/3215 8435/8435/3215 8436/8436/3215
f 8437/8437/3216 8438/8438/3216 8439/8439/3216 8440/8440/3216
f 8441/8441/3217 8442/8442/3217 8443/8443/3217 8444/8444/3217
f 8977/8977/3608 8978/8978/3608 8979/8979/3608 8980/8980/3608
f 8981/8981/3609 8982/8982/3609 8983/8983/3609 8984/8984/3609
f 8985/8985/3610 8986/8986/3610 8987/8987/3610 8988/8988/3610
f 8989/8989/3611 8990/8990/3611 8991/8991/3611 8992/8992/3611
f 8993/8993/3612 8994/8994/3612 8995/8995/3612 8996/8996/3612
f 8997/8997/3613 8998/8998/3613 8999/8999/3613 9000/9000/3613
usemtl rubber
f 645/645/351 646/646/351 647/647/351 648/648/351
f 649/649/352 650/650/352 651/651/352 652/652/352
f 653/653/353 654/654/353 655/655/353 656/656/353
f 657/657/354 658/658/354 659/659/354 660/660/354
f 661/661/355 662/662/355 663/663/355 664/664/355
f 665/665/356 666/666/356 667/667/356 668/668/356
usemtl paint_white
f 669/669/357 670/670/357 671/671/357 672/672/357
f 4477/4477/2166 4478/4478/2166 4479/4479/2166 4480/4480/2166
f 4481/4481/2167 4482/4482/2167 4483/4483/2167 4484/4484/2167
f 4485/4485/2168 4486/4486/2168 4487/4487/2168 4488/4488/2168
f 4489/4489/2169 4490/4490/2169 4491/4491/2169 4492/4492/2169
f 4493/4493/2170 4494/4494/2170 4495/4495/2170 4496/4496/2170
f 4497/4497/2171 4498/4498/2171 4499/4499/2171 4500/4500/2171
f 4501/4501/2172 4502/4502/2172 4503/4503/2172 4504/4504/2172
f 4505/4505/2173 4506/4506/2173 4507/4507/2173 4508/4508/2173
f 4509/4509/2174 4510/4510/2174 4511/4511/2174 4512/4512/2174
f 4513/4513/2175 4514/4514/2175 4515/4515/2175 4516/4516/2175
f 4517/4517/2176 4518/4518/2176 4519/4519/2176 4520/4520/2176
f 4521/4521/2177 4522/4522/2177 4523/4523/2177 4524/4524/2177
f 4525/4525/2178 4526/4526/2178 4527/4527/2178 4528/4528/2178
f 4529/4529/2179 4530/4530/2179 4531/4531/2179 4532/4532/2179
f 4533/4533/2180 4534/4534/2180 4535/4535/2180 4536/4536/2180
f 4537/4537/2181 4538/4538/2181 4539/4539/2181 4540/4540/2181
f 4541/4541/2182 4542/4542/2182 4543/4543/2182 4544/4544/2182
f 4545/4545/2183 4546/4546/2183 4547/4547/2183 4548/4548/2183
f 4629/4629/2204 4630/4630/2204 4631/4631/2204 4632/4632/2204
f 4633/4633/2205 4634/4634/2205 4635/4635/2205 4636/4636/2205
f 4637/4637/2206 4638/4638/2206 4639/4639/2206 4640/4640/2206
f 4641/4641/2207 4642/4642/2207 4643/4643/2207 4644/4644/2207
f 4645/4645/2208 4646/4646/2208 4647/4647/2208 4648/4648/2208
f 4649/4649/2209 4650/4650/2209 4651/4651/2209 4652/4652/2209
f 4653/4653/2210 4654/4654/2210 4655/4655/2210 4656/4656/2210
f 4705/4705/2223 4706/4706/2223 4707/4707/2223 4708/4708/2223
f 4709/4709/2224 4710/4710/2224 4711/4711/2224 4712/4712/2224
f 4713/4713/2225 4714/4714/2225 4715/4715/2225 4716/4716/2225
f 4717/4717/2226 4718/4718/2226 4719/4719/2226 4720/4720/2226
f 4721/4721/2227 4722/4722/2227 4723/4723/2227 4724/4724/2227
f 4725/4725/2228 4726/4726/2228 4727/4727/2228 4728/4728/2228
f 4729/4729/2229 4730/4730/2229 4731/4731/2229 4732/4732/2229
f 4733/4733/2230 4734/4734/2230 4735/4735/2230 4736/4736/2230
f 4737/4737/2231 4738/4738/2231 4739/4739/2231 4740/4740/2231
f 4741/4741/2232 4742/4742/2232 4743/4743/2232 4744/4744/2232
f 4745/4745/2233 4746/4746/2233 4747/4747/2233 4748/4748/2233
f 4749/4749/2234 4750/4750/2234 4751/4751/2234 4752/4752/2234
f 4753/4753/2235 4754/4754/2235 4755/4755/2235 4756/4756/2235
f 4757/4757/2236 4758/4758/2236 4759/4759/2236 4760/4760/2236
f 4761/4761/2237 4762/4762/2237 4763/4763/2237 4764/4764/2237
f 4765/4765/2238 4766/4766/2238 4767/4767/2238 4768/4768/2238
f 4769/4769/2239 4770/4770/2239 4771/4771/2239 4772/4772/2239
f 4773/4773/2240 4774/4774/2240 4775/4775/2240 4776/4776/2240
f 4857/4857/2261 4858/4858/2261 4859/4859/2261 4860/4860/2261
f 4861/4861/2262 4862/4862/2262 4863/4863/2262 4864/4864/2262
f 4865/4865/2263 4866/4866/2263 4867/4867/2263 4868/4868/2263
f 4869/4869/2264 4870/4870/2264 4871/4871/2264 4872/4872/2264
f 4873/4873/2265 4874/4874/2265 4875/4875/2265 4876/4876/2265
f 4877/4877/2266 4878/4878/2266 4879/4879/2266 4880/4880/2266
f 4881/4881/2267 4882/4882/2267 4883/4883/2267 4884/4884/2267
f 4933/4933/2280 4934/4934/2280 4935/4935/2280 4936/4936/2280
f 4937/4937/2281 4938/4938/2281 4939/4939/2281 4940/4940/2281
f 4941/4941/2282 4942/4942/2282 4943/4943/2282 4944/4944/2282
f 4945/4945/2283 4946/4946/2283 4947/4947/2283 4948/4948/2283
f 4949/4949/2284 4950/4950/2284 4951/4951/2284 4952/4952/2284
f 4953/4953/2285 4954/4954/2285 4955/4955/2285 4956/4956/2285
f 4957/4957/2286 4958/4958/2286 4959/4959/2286 4960/4960/2286
f 4961/4961/2287 4962/4962/2287 4963/4963/2287 4964/4964/2287
f 4965/4965/2288 4966/4966/2288 4967/4967/2288 4968/4968/2288
f 4969/4969/2289 4970/4970/2289 4971/4971/2289 4972/4972/2289
f 4973/4973/2290 4974/4974/2290 4975/4975/2290 4976/4976/2290
f 4977/4977/2291 4978/4978/2291 4979/4979/2291 4980/4980/2291
f 4981/4981/2292 4982/4982/2292 4983/4983/2292 4984/4984/2292
f 4985/4985/2293 4986/4986/2293 4987/4987/2293 4988/4988/2293
f 4989/4989/2294 4990/4990/2294 4991/4991/2294 4992/4992/2294
f 4993/4993/2295 4994/4994/2295 4995/4995/2295 4996/4996/2295
f 4997/4997/2296 4998/4998/2296 4999/4999/2296 5000/5000/2296
f 5001/5001/2297 5002/5002/2297 5003/5003/2297 5004/5004/2297
f 5085/5085/2318 5086/5086/2318 5087/5087/2318 5088/5088/2318
f 5089/5089/2319 5090/5090/2319 5091/5091/2319 5092/5092/2319
f 5093/5093/2320 5094/5094/2320 5095/5095/2320 5096/5096/2320
f 5097/5097/2321 5098/5098/2321 5099/5099/2321 5100/5100/2321
f 5101/5101/2322 5102/5102/2322 5103/5103/2322 5104/5104/2322
f 5105/5105/2323 5106/5106/2323 5107/5107/2323 5108/5108/2323
f 5109/5109/2324 5110/5110/2324 5111/5111/2324 5112/5112/2324
f 5161/5161/2337 5162/5162/2337 5163/5163/2337 5164/5164/2337
f 5165/5165/2338 5166/5166/2338 5167/5167/2338 5168/5168/2338
f 5169/5169/2339 5170/5170/2339 5171/5171/2339 5172/5172/2339
f 5173/5173/2340 5174/5174/2340 5175/5175/2340 5176/5176/2340
f 5177/5177/2341 5178/5178/2341 5179/5179/2341 5180/5180/2341
f 5181/5181/2342 5182/5182/2342 5183/5183/2342 5184/5184/2342
f 5185/5185/2343 5186/5186/2343 5187/5187/2343 5188/5188/2343
f 5189/5189/2344 5190/5190/2344 5191/5191/2344 5192/5192/2344
f 5193/5193/2345 5194/5194/2345 5195/5195/2345 5196/5196/2345
f 5197/5197/2346 5198/5198/2346 5199/5199/2346 5200/5200/2346
f 5201/5201/2347 5202/5202/2347 5203/5203/2347 5204/5204/2347
f 5205/5205/2348 5206/5206/2348 5207/5207/2348 5208/5208/2348
f 5209/5209/2349 5210/5210/2349 5211/5211/2349 5212/5212/2349
f 5213/5213/2350 5214/5214/2350 5215/5215/2350 5216/5216/2350
f 5217/5217/2351 5218/5218/2351 5219/5219/2351 5220/5220/2351
f 5221/5221/2352 5222/5222/2352 5223/5223/2352 5224/5224/2352
f 5225/5225/2353 5226/5226/2353 5227/5227/2353 5228/5228/2353
f 5229/5229/2354 5230/5230/2354 5231/5231/2354 5232/5232/2354
f 5313/5313/2375 5314/5314/2375 5315/5315/2375 5316/5316/2375
f 5317/5317/2376 5318/5318/2376 5319/5319/2376 5320/5320/2376
f 5321/5321/2377 5322/5322/2377 5323/5323/2377 5324/5324/2377
f 5325/5325/2378 5326/5326/2378 5327/5327/2378 5328/5328/2378
f 5329/5329/2379 5330/5330/2379 5331/5331/2379 5332/5332/2379
f 5333/5333/2380 5334/5334/2380 5335/5335/2380 5336/5336/2380
f 5337/5337/2381 5338/5338/2381 5339/5339/2381 5340/5340/2381
f 5749/5749/2484 5750/5750/2484 5751/5751/2484 5752/5752/2484
f 5753/5753/2485 5754/5754/2485 5755/5755/2485 5756/5756/2485
f 5757/5757/2486 5758/5758/2486 5759/5759/2486 5760/5760/2486
f 5761/5761/2487 5762/5762/2487 5763/5763/2487 5764/5764/2487
f 5765/5765/2488 5766/5766/2488 5767/5767/2488 5768/5768/2488
f 5769/5769/2489 5770/5770/2489 5771/5771/2489 5772/5772/2489
f 5773/5773/2490 5774/5774/2490 5775/5775/2490 5776/5776/2490
f 5777/5777/2491 5778/5778/2491 5779/5779/2491 5780/5780/2491
f 5781/5781/2492 5782/5782/2492 5783/5783/2492 5784/5784/2492
f 5785/5785/2493 5786/5786/2493 5787/5787/2493 5788/5788/2493
f 5789/5789/2494 5790/5790/2494 5791/5791/2494 5792/5792/2494
f 5793/5793/2495 5794/5794/2495 5795/5795/2495 5796/5796/2495
f 5797/5797/2496 5798/5798/2496 5799/5799/2496 5800/5800/2496
f 5801/5801/2497 5802/5802/2497 5803/5803/2497 5804/5804/2497
f 5805/5805/2498 5806/5806/2498 5807/5807/2498 5808/5808/2498
f 5809/5809/2499 5810/5810/2499 5811/5811/2499 5812/5812/2499
f 5813/5813/2500 5814/5814/2500 5815/5815/2500 5816/5816/2500
f 5817/5817/2501 5818/5818/2501 5819/5819/2501 5820/5820/2501
f 5901/5901/2522 5902/5902/2522 5903/5903/2522 5904/5904/2522
f 5905/5905/2523 5906/5906/2523 5907/5907/2523 5908/5908/2523
f 5909/5909/2524 5910/5910/2524 5911/5911/2524 5912/5912/2524
f 5913/5913/2525 5914/5914/2525 5915/5915/2525 5916/5916/2525
f 5917/5917/2526 5918/5918/2526 5919/5919/2526 5920/5920/2526
f 5921/5921/2527 5922/5922/2527 5923/5923/2527 5924/5924/2527
f 5925/5925/2528 5926/5926/2528 5927/5927/2528 5928/5928/2528
f 5977/5977/2541 5978/5978/2541 5979/5979/2541 5980/5980/2541
f 5981/5981/2542 5982/5982/2542 5983/5983/2542 5984/5984/2542
f 5985/5985/2543 5986/5986/2543 5987/5987/2543 5988/5988/2543
f 5989/5989/2544 5990/5990/2544 5991/5991/2544 5992/5992/2544
f 5993/5993/2545 5994/5994/2545 5995/5995/2545 5996/5996/2545
f 5997/5997/2546 5998/5998/2546 5999/5999/2546 6000/6000/2546
f 6001/6001/2547 6002/6002/2547 6003/6003/2547 6004/6004/2547
f 6005/6005/2548 6006/6006/2548 6007/6007/2548 6008/6008/2548
f 6009/6009/2549 6010/6010/2549 6011/6011/2549 6012/6012/2549
f 6013/6013/2550 6014/6014/2550 6015/6015/2550 6016/6016/2550
f 6017/6017/2551 6018/6018/2551 6019/6019/2551 6020/6020/2551
f 6021/6021/2552 6022/6022/2552 6023/6023/2552 6024/6024/2552
f 6025/6025/2553 6026/6026/2553 6027/6027/2553 6028/6028/2553
f 6029/6029/2554 6030/6030/2554 6031/6031/2554 6032/6032/2554
f 6033/6033/2555 6034/6034/2555 6035/6035/2555 6036/6036/2555
f 6037/6037/2556 6038/6038/2556 6039/6039/2556 6040/6040/2556
f 6041/6041/2557 6042/6042/2557 6043/6043/2557 6044/6044/2557
f 6045/6045/2558 6046/6046/2558 6047/6047/2558 6048/6048/2558
f 6129/6129/2579 6130/6130/2579 6131/6131/2579 6132/6132/2579
f 6133/6133/2580 6134/6134/2580 6135/6135/2580 6136/6136/2580
f 6137/6137/2581 6138/6138/2581 6139/6139/2581 6140/6140/2581
f 6141/6141/2582 6142/6142/2582 6143/6143/2582 6144/6144/2582
f 6145/6145/2583 6146/6146/2583 6147/6147/2583 6148/6148/2583
f 6149/6149/2584 6150/6150/2584 6151/6151/2584 6152/6152/2584
f 6153/6153/2585 6154/6154/2585 6155/6155/2585 6156/6156/2585
f 6205/6205/2598 6206/6206/2598 6207/6207/2598 6208/6208/2598
f 6209/6209/2599 6210/6210/2599 6211/6211/2599 6212/6212/2599
f 6213/6213/2600 6214/6214/2600 6215/6215/2600 6216/6216/2600
f 6217/6217/2601 6218/6218/2601 6219/6219/2601 6220/6220/2601
f 6221/6221/2602 6222/6222/2602 6223/6223/2602 6224/6224/2602
f 6225/6225/2603 6226/6226/2603 6227/6227/2603 6228/6228/2603
f 6229/6229/2604 6230/6230/2604 6231/6231/2604 6232/6232/2604
f 6233/6233/2605 6234/6234/2605 6235/6235/2605 6236/6236/2605
f 6237/6237/2606 6238/6238/2606 6239/6239/2606 6240/6240/2606
f 6241/6241/2607 6242/6242/2607 6243/6243/2607 6244/6244/2607
f 6245/6245/2608 6246/6246/2608 6247/6247/2608 6248/6248/2608
f 6249/6249/2609 6250/6250/2609 6251/6251/2609 6252/6252/2609
f 6253/6253/2610 6254/6254/2610 6255/6255/2610 6256/6256/2610
f 6257/6257/2611 6258/6258/2611 6259/6259/2611 6260/6260/2611
f 6261/6261/2612 6262/6262/2612 6263/6263/2612 6264/6264/2612
f 6265/6265/2613 6266/6266/2613 6267/6267/2613 6268/6268/2613
f 6269/6269/2614 6270/6270/2614 6271/6271/2614 6272/6272/2614
f 6273/6273/2615 6274/6274/2615 6275/6275/2615 6276/6276/2615
f 6357/6357/2636 6358/6358/2636 6359/6359/2636 6360/6360/2636
f 6361/6361/2637 6362/6362/2637 6363/6363/2637 6364/6364/2637
f 6365/6365/2638 6366/6366/2638 6367/6367/2638 6368/6368/2638
f 6369/6369/2639 6370/6370/2639 6371/6371/2639 6372/6372/2639
f 6373/6373/2640 6374/6374/2640 6375/6375/2640 6376/6376/2640
f 6377/6377/2641 6378/6378/2641 6379/6379/2641 6380/6380/2641
f 6381/6381/2642 6382/6382/2642 6383/6383/2642 6384/6384/2642
f 6433/6433/2655 6434/6434/2655 6435/6435/2655 6436/6436/2655
f 6437/6437/2656 6438/6438/2656 6439/6439/2656 6440/6440/2656
f 6441/6441/2657 6442/6442/2657 6443/6443/2657 6444/6444/2657
f 6445/6445/2658 6446/6446/2658 6447/6447/2658 6448/6448/2658
f 6449/6449/2659 6450/6450/2659 6451/6451/2659 6452/6452/2659
f 6453/6453/2660 6454/6454/2660 6455/6455/2660 6456/6456/2660
f 6457/6457/2661 6458/6458/2661 6459/6459/2661 6460/6460/2661
f 6461/6461/2662 6462/6462/2662 6463/6463/2662 6464/6464/2662
f 6465/6465/2663 6466/6466/2663 6467/6467/2663 6468/6468/2663
f 6469/6469/2664 6470/6470/2664 6471/6471/2664 6472/6472/2664
f 6473/6473/2665 6474/6474/2665 6475/6475/2665 6476/6476/2665
f 6477/6477/2666 6478/6478/2666 6479/6479/2666 6480/6480/2666
f 6481/6481/2667 6482/6482/2667 6483/6483/2667 6484/6484/2667
f 6485/6485/2668 6486/6486/2668 6487/6487/2668 6488/6488/2668
f 6489/6489/2669 6490/6490/2669 6491/6491/2669 6492/6492/2669
f 6493/6493/2670 6494/6494/2670 6495/6495/2670 6496/6496/2670
f 6497/6497/2671 6498/6498/2671 6499/6499/2671 6500/6500/2671
f 6501/6501/2672 6502/6502/2672 6503/6503/2672 6504/6504/2672
f 6585/6585/2693 6586/6586/2693 6587/6587/2693 6588/6588/2693
f 6589/6589/2694 6590/6590/2694 6591/6591/2694 6592/6592/2694
f 6593/6593/2695 6594/6594/2695 6595/6595/2695 6596/6596/2695
f 6597/6597/2696 6598/6598/2696 6599/6599/2696 6600/6600/2696
f 6601/6601/2697 6602/6602/2697 6603/6603/2697 6604/6604/2697
f 6605/6605/2698 6606/6606/2698 6607/6607/2698 6608/6608/2698
f 6609/6609/2699 6610/6610/2699 6611/6611/2699 6612/6612/2699
f 6973/6973/2790 6974/6974/2790 6975/6975/2790 6976/6976/2790
f 6977/6977/2791 6978/6978/2791 6979/6979/2791 6980/6980/2791
f 6981/6981/2792 6982/6982/2792 6983/6983/2792 6984/6984/2792
f 6985/6985/2793 6986/6986/2793 6987/6987/2793 6988/6988/2793
f 6989/6989/2794 6990/6990/2794 6991/6991/2794 6992/6992/2794
f 6993/6993/2795 6994/6994/2795 6995/6995/2795 6996/6996/2795
f 6997/6997/2796 6998/6998/2796 6999/6999/2796 7000/7000/2796
f 7001/7001/2797 7002/7002/2797 7003/7003/2797 7004/7004/2797
f 7005/7005/2798 7006/7006/2798 7007/7007/2798 7008/7008/2798
f 7009/7009/2799 7010/7010/2799 7011/7011/2799 7012/7012/2799
f 7037/7037/2806 7038/7038/2806 7039/7039/2806 7040/7040/2806
f 7041/7041/2807 7042/7042/2807 7043/7043/2807 7044/7044/2807
f 7045/7045/2808 7046/7046/2808 7047/7047/2808 7048/7048/2808
f 7049/7049/2809 7050/7050/2809 7051/7051/2809 7052/7052/2809
f 7053/7053/2810 7054/7054/2810 7055/7055/2810 7056/7056/2810
f 7057/7057/2811 7058/7058/2811 7059/7059/2811 7060/7060/2811
f 7061/7061/2812 7062/7062/2812 7063/7063/2812 7064/7064/2812
f 7065/7065/2813 7066/7066/2813 7067/7067/2813 7068/7068/2813
f 7069/7069/2814 7070/7070/2814 7071/7071/2814 7072/7072/2814
f 7073/7073/2815 7074/7074/2815 7075/7075/2815 7076/7076/2815
f 8373/8373/3200 8374/8374/3200 8375/8375/3200 8376/8376/3200
f 8377/8377/3201 8378/8378/3201 8379/8379/3201 8380/8380/3201
f 8381/8381/3202 8382/8382/3202 8383/8383/3202 8384/8384/3202
f 8385/8385/3203 8386/8386/3203 8387/8387/3203 8388/8388/3203
f 8389/8389/3204 8390/8390/3204 8391/8391/3204 8392/8392/3204
f 8393/8393/3205 8394/8394/3205 8395/8395/3205 8396/8396/3205
usemtl lamp
f 673/673/358 674/674/358 675/675/358 676/676/358
f 677/677/359 678/678/359 679/679/359 680/680/359
f 681/681/360 682/682/360 683/683/360 684/684/360
f 685/685/361 686/686/361 687/687/361 688/688/361
f 689/689/362 690/690/362 691/691/362 692/692/362
f 693/693/363 694/694/363 695/695/363 696/696/363
f 697/697/364 698/698/364 699/699/364 700/700/364
f 701/701/365 702/702/365 703/703/365 704/704/365
f 705/705/366 706/706/366 707/707/366 708/708/366
f 709/709/367 710/710/367 711/711/367 712/712/367
f 713/713/368 714/714/368 715/715/368 716/716/368
f 717/717/369 718/718/369 719/719/369 720/720/369
f 721/721/370 722/722/370 723/723/370 724/724/370
f 725/725/371 726/726/371 727/727/371 728/728/371
f 729/729/372 730/730/372 731/731/372 732/732/372
f 733/733/373 734/734/373 735/735/373 736/736/373
f 737/737/374 738/738/374 739/739/374 740/740/374
f 741/741/375 742/742/375 743/743/375 744/744/375
f 745/745/376 746/746/376 747/747/376 748/748/376
f 749/749/377 750/750/377 751/751/377 752/752/377
f 753/753/378 754/754/378 755/755/378 756/756/378
f 757/757/379 758/758/379 759/759/379 760/760/379
f 761/761/380 762/762/380 763/763/380 764/764/380
f 765/765/381 766/766/381 767/767/381 768/768/381
f 769/769/382 770/770/382 771/771/382 772/772/382
f 773/773/383 774/774/383 775/775/383 776/776/383
f 777/777/384 778/778/384 779/779/384 780/780/384
f 781/781/385 782/782/385 783/783/385 784/784/385
f 785/785/386 786/786/386 787/787/386 788/788/386
f 789/789/387 790/790/387 791/791/387 792/792/387
f 793/793/388 794/794/388 795/795/388 796/796/388
f 797/797/389 798/798/389 799/799/389 800/800/389
f 801/801/390 802/802/390 803/803/390 804/804/390
f 805/805/391 806/806/391 807/807/391 808/808/391
f 809/809/392 810/810/392 811/811/392 812/812/392
f 813/813/393 814/814/393 815/815/393 816/816/393
f 817/817/394 818/818/394 819/819/394 820/820/394
f 821/821/395 822/822/395 823/823/395 824/824/395
f 825/825/396 826/826/396 827/827/396 828/828/396
f 829/829/397 830/830/397 831/831/397 832/832/397
f 833/833/398 834/834/398 835/835/398 836/836/398
f 837/837/399 838/838/399 839/839/399 840/840/399
f 841/841/400 842/842/400 843/843/400 844/844/400
f 845/845/401 846/846/401 847/847/401 848/848/401
f 849/849/402 850/850/402 851/851/402 852/852/402
f 853/853/403 854/854/403 855/855/403 856/856/403
f 857/857/404 858/858/404 859/859/404 860/860/404
f 861/861/405 862/862/405 863/863/405 864/864/405
f 865/865/406 866/866/406 867/867/406 868/868/406
f 869/869/407 870/870/407 871/871/407 872/872/407
f 873/873/408 874/874/408 875/875/408 876/876/408
f 877/877/409 878/878/409 879/879/409 880/880/409
f 881/881/410 882/882/410 883/883/410 884/884/410
f 885/885/411 886/886/411 887/887/411 888/888/411
f 8557/8557/3246 8558/8558/3247 8559/8559/3248 8560/8560/3249
f 8561/8561/3250 8562/8562/3251 8563/8563/3252 8564/8564/3253
f 8565/8565/3254 8566/8566/3255 8567/8567/3256 8568/8568/3257
f 8569/8569/3258 8570/8570/3259 8571/8571/3260 8572/8572/3261
f 8573/8573/3262 8574/8574/3263 8575/8575/3264 8576/8576/3265
f 8577/8577/3266 8578/8578/3267 8579/8579/3268 8580/8580/3269
f 8581/8581/3270 8582/8582/3271 8583/8583/3272 8584/8584/3273
f 8585/8585/3274 8586/8586/3275 8587/8587/3276 8588/8588/3277
f 8589/8589/3278 8590/8590/3279 8591/8591/3280 8592/8592/3281
f 8593/8593/3282 8594/8594/3283 8595/8595/3284 8596/8596/3285
f 8597/8597/3286 8598/8598/3287 8599/8599/3288 8600/8600/3289
f 8601/8601/3290 8602/8602/3291 8603/8603/3292 8604/8604/3293
f 8605/8605/3294 8606/8606/3295 8607/8607/3296 8608/8608/3297
f 8609/8609/3298 8610/8610/3299 8611/8611/3300 8612/8612/3301
f 8613/8613/3302 8614/8614/3303 8615/8615/3304 8616/8616/3305
f 8617/8617/3306 8618/8618/3307 8619/8619/3308 8620/8620/3309
f 8621/8621/3310 8622/8622/3311 8623/8623/3312 8624/8624/3313
f 8625/8625/3314 8626/8626/3315 8627/8627/3316 8628/8628/3317
f 8629/8629/3318 8630/8630/3319 8631/8631/3320 8632/8632/3321
f 8633/8633/3322 8634/8634/3323 8635/8635/3324 8636/8636/3325
f 8637/8637/3326 8638/8638/3327 8639/8639/3328 8640/8640/3329
f 8641/8641/3330 8642/8642/3331 8643/8643/3332 8644/8644/3333
f 8645/8645/3334 8646/8646/3335 8647/8647/3336 8648/8648/3337
f 8649/8649/3338 8650/8650/3339 8651/8651/3340 8652/8652/3341
f 8653/8653/3342 8654/8654/3342 8655/8655/3342 8656/8656/3342 8657/8657/3342 8658/8658/3342 8659/8659/3342 8660/8660/3342 8661/8661/3342 8662/8662/3342 8663/8663/3342 8664/8664/3342
f 8755/8755/3424 8756/8756/3425 8757/8757/3426 8758/8758/3427
f 8759/8759/3428 8760/8760/3429 8761/8761/3430 8762/8762/3431
f 8763/8763/3432 8764/8764/3433 8765/8765/3434 8766/8766/3435
f 8767/8767/3436 8768/8768/3437 8769/8769/3438 8770/8770/3439
f 8771/8771/3440 8772/8772/3441 8773/8773/3442 8774/8774/3443
f 8775/8775/3444 8776/8776/3445 8777/8777/3446 8778/8778/3447
f 8779/8779/3448 8780/8780/3449 8781/8781/3450 8782/8782/3451
f 8783/8783/3452 8784/8784/3453 8785/8785/3454 8786/8786/3455
f 8787/8787/3456 8788/8788/3457 8789/8789/3458 8790/8790/3459
f 8791/8791/3460 8792/8792/3461 8793/8793/3462 8794/8794/3463
f 8795/8795/3464 8796/8796/3465 8797/8797/3466 8798/8798/3467
f 8799/8799/3468 8800/8800/3469 8801/8801/3470 8802/8802/3471
f 8803/8803/3472 8804/8804/3473 8805/8805/3474 8806/8806/3475
f 8807/8807/3476 8808/8808/3477 8809/8809/3478 8810/8810/3479
f 8811/8811/3480 8812/8812/3481 8813/8813/3482 8814/8814/3483
f 8815/8815/3484 8816/8816/3485 8817/8817/3486 8818/8818/3487
f 8819/8819/3488 8820/8820/3489 8821/8821/3490 8822/8822/3491
f 8823/8823/3492 8824/8824/3493 8825/8825/3494 8826/8826/3495
f 8827/8827/3496 8828/8828/3497 8829/8829/3498 8830/8830/3499
f 8831/8831/3500 8832/8832/3501 8833/8833/3502 8834/8834/3503
f 8835/8835/3504 8836/8836/3505 8837/8837/3506 8838/8838/3507
f 8839/8839/3508 8840/8840/3509 8841/8841/3510 8842/8842/3511
f 8843/8843/3512 8844/8844/3513 8845/8845/3514 8846/8846/3515
f 8847/8847/3516 8848/8848/3517 8849/8849/3518 8850/8850/3519
f 8851/8851/3520 8852/8852/3520 8853/8853/3520 8854/8854/3520 8855/8855/3520 8856/8856/3520 8857/8857/3520 8858/8858/3520 8859/8859/3520 8860/8860/3520 8861/8861/3520 8862/8862/3520
usemtl seat_blue
f 889/889/412 890/890/412 891/891/412 892/892/412
f 893/893/413 894/894/413 895/895/413 896/896/413
f 897/897/414 898/898/414 899/899/414 900/900/414
f 901/901/415 902/902/415 903/903/415 904/904/415
f 905/905/416 906/906/416 907/907/416 908/908/416
f 909/909/417 910/910/417 911/911/417 912/912/417
f 913/913/418 914/914/418 915/915/418 916/916/418
f 917/917/419 918/918/419 919/919/419 920/920/419
f 921/921/420 922/922/420 923/923/420 924/924/420
f 925/925/421 926/926/421 927/927/421 928/928/421
f 929/929/422 930/930/422 931/931/422 932/932/422
f 933/933/423 934/934/423 935/935/423 936/936/423
f 937/937/424 938/938/424 939/939/424 940/940/424
f 941/941/425 942/942/425 943/943/425 944/944/425
f 945/945/426 946/946/426 947/947/426 948/948/426
f 949/949/427 950/950/427 951/951/427 952/952/427
f 953/953/428 954/954/428 955/955/428 956/956/428
f 957/957/429 958/958/429 959/959/429 960/960/429
f 961/961/430 962/962/430 963/963/430
f 964/964/431 965/965/431 966/966/431
f 967/967/432 968/968/432 969/969/432
f 970/970/433 971/971/433 972/972/433
f 973/973/434 974/974/434 975/975/434
f 976/976/435 977/977/435 978/978/435
f 979/979/436 980/980/436 981/981/436
f 982/982/437 983/983/437 984/984/437
f 985/985/438 986/986/438 987/987/438 988/988/438
f 989/989/439 990/990/439 991/991/439 992/992/439
f 993/993/440 994/994/440 995/995/440 996/996/440
f 997/997/441 998/998/441 999/999/441 1000/1000/441
f 1001/1001/442 1002/1002/442 1003/1003/442 1004/1004/442
f 1005/1005/443 1006/1006/443 1007/1007/443 1008/1008/443
f 1009/1009/444 1010/1010/444 1011/1011/444 1012/1012/444
f 1013/1013/445 1014/1014/445 1015/1015/445 1016/1016/445
f 1017/1017/446 1018/1018/446 1019/1019/446 1020/1020/446
f 1021/1021/447 1022/1022/447 1023/1023/447 1024/1024/447
f 1025/1025/448 1026/1026/448 1027/1027/448 1028/1028/448
f 1029/1029/449 1030/1030/449 1031/1031/449 1032/1032/449
f 1033/1033/450 1034/1034/450 1035/1035/450 1036/1036/450
f 1037/1037/451 1038/1038/451 1039/1039/451 1040/1040/451
f 1041/1041/452 1042/1042/452 1043/1043/452 1044/1044/452
f 1045/1045/453 1046/1046/453 1047/1047/453 1048/1048/453
f 1049/1049/454 1050/1050/454 1051/1051/454 1052/1052/454
f 1053/1053/455 1054/1054/455 1055/1055/455 1056/1056/455
f 1057/1057/456 1058/1058/456 1059/1059/456
f 1060/1060/457 1061/1061/457 1062/1062/457
f 1063/1063/458 1064/1064/458 1065/1065/458
f 1066/1066/459 1067/1067/459 1068/1068/459
f 1069/1069/460 1070/1070/460 1071/1071/460
f 1072/1072/461 1073/1073/461 1074/1074/461
f 1075/1075/462 1076/1076/462 1077/1077/462
f 1078/1078/463 1079/1079/463 1080/1080/463
f 1249/1249/572 1250/1250/572 1251/1251/572 1252/1252/572
f 1253/1253/573 1254/1254/573 1255/1255/573 1256/1256/573
f 1257/1257/574 1258/1258/574 1259/1259/574 1260/1260/574
f 1261/1261/575 1262/1262/575 1263/1263/575 1264/1264/575
f 1265/1265/576 1266/1266/576 1267/1267/576 1268/1268/576
f 1269/1269/577 1270/1270/577 1271/1271/577 1272/1272/577
f 1273/1273/578 1274/1274/578 1275/1275/578 1276/1276/578
f 1277/1277/579 1278/1278/579 1279/1279/579 1280/1280/579
f 1281/1281/580 1282/1282/580 1283/1283/580 1284/1284/580
f 1285/1285/581 1286/1286/581 1287/1287/581 1288/1288/581
f 1289/1289/582 1290/1290/582 1291/1291/582 1292/1292/582
f 1293/1293/583 1294/1294/583 1295/1295/583 1296/1296/583
f 1297/1297/584 1298/1298/584 1299/1299/584 1300/1300/584
f 1301/1301/585 1302/1302/585 1303/1303/585 1304/1304/585
f 1305/1305/586 1306/1306/586 1307/1307/586 1308/1308/586
f 1309/1309/587 1310/1310/587 1311/1311/587 1312/1312/587
f 1313/1313/588 1314/1314/588 1315/1315/588 1316/1316/588
f 1317/1317/589 1318/1318/589 1319/1319/589 1320/1320/589
f 1321/1321/590 1322/1322/590 1323/1323/590
f 1324/1324/591 1325/1325/591 1326/1326/591
f 1327/1327/592 1328/1328/592 1329/1329/592
f 1330/1330/593 1331/1331/593 1332/1332/593
f 1333/1333/594 1334/1334/594 1335/1335/594
f 1336/1336/595 1337/1337/595 1338/1338/595
f 1339/1339/596 1340/1340/596 1341/1341/596
f 1342/1342/597 1343/1343/597 1344/1344/597
f 1345/1345/598 1346/1346/598 1347/1347/598 1348/1348/598
f 1349/1349/599 1350/1350/599 1351/1351/599 1352/1352/599
f 1353/1353/600 1354/1354/600 1355/1355/600 1356/1356/600
f 1357/1357/601 1358/1358/601 1359/1359/601 1360/1360/601
f 1361/1361/602 1362/1362/602 1363/1363/602 1364/1364/602
f 1365/1365/603 1366/1366/603 1367/1367/603 1368/1368/603
f 1369/1369/604 1370/1370/604 1371/1371/604 1372/1372/604
f 1373/1373/605 1374/1374/605 1375/1375/605 1376/1376/605
f 1377/1377/606 1378/1378/606 1379/1379/606 1380/1380/606
f 1381/1381/607 1382/1382/607 1383/1383/607 1384/1384/607
f 1385/1385/608 1386/1386/608 1387/1387/608 1388/1388/608
f 1389/1389/609 1390/1390/609 1391/1391/609 1392/1392/609
f 1393/1393/610 1394/1394/610 1395/1395/610 1396/1396/610
f 1397/1397/611 1398/1398/611 1399/1399/611 1400/1400/611
f 1401/1401/612 1402/1402/612 1403/1403/612 1404/1404/612
f 1405/1405/613 1406/1406/613 1407/1407/613 1408/1408/613
f 1409/1409/614 1410/1410/614 1411/1411/614 1412/1412/614
f 1413/1413/615 1414/1414/615 1415/1415/615 1416/1416/615
f 1417/1417/616 1418/1418/616 1419/1419/616
f 1420/1420/617 1421/1421/617 1422/1422/617
f 1423/1423/618 1424/1424/618 1425/1425/618
f 1426/1426/619 1427/1427/619 1428/1428/619
f 1429/1429/620 1430/1430/620 1431/1431/620
f 1432/1432/621 1433/1433/621 1434/1434/621
f 1435/1435/622 1436/1436/622 1437/1437/622
f 1438/1438/623 1439/1439/623 1440/1440/623
f 1609/1609/732 1610/1610/732 1611/1611/732 1612/1612/732
f 1613/1613/733 1614/1614/733 1615/1615/733 1616/1616/733
f 1617/1617/734 1618/1618/734 1619/1619/734 1620/1620/734
f 1621/1621/735 1622/1622/735 1623/1623/735 1624/1624/735
f 1625/1625/736 1626/1626/736 1627/1627/736 1628/1628/736
f 1629/1629/737 1630/1630/737 1631/1631/737 1632/1632/737
f 1633/1633/738 1634/1634/738 1635/1635/738 1636/1636/738
f 1637/1637/739 1638/1638/739 1639/1639/739 1640/1640/739
f 1641/1641/740 1642/1642/740 1643/1643/740 1644/1644/740
f 1645/1645/741 1646/1646/741 1647/1647/741 1648/1648/741
f 1649/1649/742 1650/1650/742 1651/1651/742 1652/1652/742
f 1653/1653/743 1654/1654/743 1655/1655/743 1656/1656/743
f 1657/1657/744 1658/1658/744 1659/1659/744 1660/1660/744
f 1661/1661/745 1662/1662/745 1663/1663/745 1664/1664/745
f 1665/1665/746 1666/1666/746 1667/1667/746 1668/1668/746
f 1669/1669/747 1670/1670/747 1671/1671/747 1672/1672/747
f 1673/1673/748 1674/1674/748 1675/1675/748 1676/1676/748
f 1677/1677/749 1678/1678/749 1679/1679/749 1680/1680/749
f 1681/1681/750 1682/1682/750 1683/1683/750
f 1684/1684/751 1685/1685/751 1686/1686/751
f 1687/1687/752 1688/1688/752 1689/1689/752
f 1690/1690/753 1691/1691/753 1692/1692/753
f 1693/1693/754 1694/1694/754 1695/1695/754
f 1696/1696/755 1697/1697/755 1698/1698/755
f 1699/1699/756 1700/1700/756 1701/1701/756
f 1702/1702/757 1703/1703/757 1704/1704/757
f 1705/1705/758 1706/1706/758 1707/1707/758 1708/1708/758
f 1709/1709/759 1710/1710/759 1711/1711/759 1712/1712/759
f 1713/1713/760 1714/1714/760 1715/1715/760 1716/1716/760
f 1717/1717/761 1718/1718/761 1719/1719/761 1720/1720/761
f 1721/1721/762 1722/1722/762 1723/1723/762 1724/1724/762
f 1725/1725/763 1726/1726/763 1727/1727/763 1728/1728/763
f 1729/1729/764 1730/1730/764 1731/1731/764 1732/1732/764
f 1733/1733/765 1734/1734/765 1735/1735/765 1736/1736/765
f 1737/1737/766 1738/1738/766 1739/1739/766 1740/1740/766
f 1741/1741/767 1742/1742/767 1743/1743/767 1744/1744/767
f 1745/1745/768 1746/1746/768 1747/1747/768 1748/1748/768
f 1749/1749/769 1750/1750/769 1751/1751/769 1752/1752/769
f 1753/1753/770 1754/1754/770 1755/1755/770 1756/1756/770
f 1757/1757/771 1758/1758/771 1759/1759/771 1760/1760/771
f 1761/1761/772 1762/1762/772 1763/1763/772 1764/1764/772
f 1765/1765/773 1766/1766/773 1767/1767/773 1768/1768/773
f 1769/1769/774 1770/1770/774 1771/1771/774 1772/1772/774
f 1773/1773/775 1774/1774/775 1775/1775/775 1776/1776/775
f 1777/1777/776 1778/1778/776 1779/1779/776
f 1780/1780/777 1781/1781/777 1782/1782/777
f 1783/1783/778 1784/1784/778 1785/1785/778
f 1786/1786/779 1787/1787/779 1788/1788/779
f 1789/1789/780 1790/1790/780 1791/1791/780
f 1792/1792/781 1793/1793/781 1794/1794/781
f 1795/1795/782 1796/1796/782 1797/1797/782
f 1798/1798/783 1799/1799/783 1800/1800/783
f 1969/1969/892 1970/1970/892 1971/1971/892 1972/1972/892
f 1973/1973/893 1974/1974/893 1975/1975/893 1976/1976/893
f 1977/1977/894 1978/1978/894 1979/1979/894 1980/1980/894
f 1981/1981/895 1982/1982/895 1983/1983/895 1984/1984/895
f 1985/1985/896 1986/1986/896 1987/1987/896 1988/1988/896
f 1989/1989/897 1990/1990/897 1991/1991/897 1992/1992/897
f 1993/1993/898 1994/1994/898 1995/1995/898 1996/1996/898
f 1997/1997/899 1998/1998/899 1999/1999/899 2000/2000/899
f 2001/2001/900 2002/2002/900 2003/2003/900 2004/2004/900
f 2005/2005/901 2006/2006/901 2007/2007/901 2008/2008/901
f 2009/2009/902 2010/2010/902 2011/2011/902 2012/2012/902
f 2013/2013/903 2014/2014/903 2015/2015/903 2016/2016/903
f 2017/2017/904 2018/2018/904 2019/2019/904 2020/2020/904
f 2021/2021/905 2022/2022/905 2023/2023/905 2024/2024/905
f 2025/2025/906 2026/2026/906 2027/2027/906 2028/2028/906
f 2029/2029/907 2030/2030/907 2031/2031/907 2032/2032/907
f 2033/2033/908 2034/2034/908 2035/2035/908 2036/2036/908
f 2037/2037/909 2038/2038/909 2039/2039/909 2040/2040/909
f 2041/2041/910 2042/2042/910 2043/2043/910
f 2044/2044/911 2045/2045/911 2046/2046/911
f 2047/2047/912 2048/2048/912 2049/2049/912
f 2050/2050/913 2051/2051/913 2052/2052/913
f 2053/2053/914 2054/2054/914 2055/2055/914
f 2056/2056/915 2057/2057/915 2058/2058/915
f 2059/2059/916 2060/2060/916 2061/2061/916
f 2062/2062/917 2063/2063/917 2064/2064/917
f 2065/2065/918 2066/2066/918 2067/2067/918 2068/2068/918
f 2069/2069/919 2070/2070/919 2071/2071/919 2072/2072/919
f 2073/2073/920 2074/2074/920 2075/2075/920 2076/2076/920
f 2077/2077/921 2078/2078/921 2079/2079/921 2080/2080/921
f 2081/2081/922 2082/2082/922 2083/2083/922 2084/2084/922
f 2085/2085/923 2086/2086/923 2087/2087/923 2088/2088/923
f 2089/2089/924 2090/2090/924 2091/2091/924 2092/2092/924
f 2093/2093/925 2094/2094/925 2095/2095/925 2096/2096/925
f 2097/2097/926 2098/2098/926 2099/2099/926 2100/2100/926
f 2101/2101/927 2102/2102/927 2103/2103/927 2104/2104/927
f 2105/2105/928 2106/2106/928 2107/2107/928 2108/2108/928
f 2109/2109/929 2110/2110/929 2111/2111/929 2112/2112/929
f 2113/2113/930 2114/2114/930 2115/2115/930 2116/2116/930
f 2117/2117/931 2118/2118/931 2119/2119/931 2120/2120/931
f 2121/2121/932 2122/2122/932 2123/2123/932 2124/2124/932
f 2125/2125/933 2126/2126/933 2127/2127/933 2128/2128/933
f 2129/2129/934 2130/2130/934 2131/2131/934 2132/2132/934
f 2133/2133/935 2134/2134/935 2135/2135/935 2136/2136/935
f 2137/2137/936 2138/2138/936 2139/2139/936
f 2140/2140/937 2141/2141/937 2142/2142/937
f 2143/2143/938 2144/2144/938 2145/2145/938
f 2146/2146/939 2147/2147/939 2148/2148/939
f 2149/2149/940 2150/2150/940 2151/2151/940
f 2152/2152/941 2153/2153/941 2154/2154/941
f 2155/2155/942 2156/2156/942 2157/2157/942
f 2158/2158/943 2159/2159/943 2160/2160/943
f 2329/2329/1052 2330/2330/1052 2331/2331/1052 2332/2332/1052
f 2333/2333/1053 2334/2334/1053 2335/2335/1053 2336/2336/1053
f 2337/2337/1054 2338/2338/1054 2339/2339/1054 2340/2340/1054
f 2341/2341/1055 2342/2342/1055 2343/2343/1055 2344/2344/1055
f 2345/2345/1056 2346/2346/1056 2347/2347/1056 2348/2348/1056
f 2349/2349/1057 2350/2350/1057 2351/2351/1057 2352/2352/1057
f 2353/2353/1058 2354/2354/1058 2355/2355/1058 2356/2356/1058
f 2357/2357/1059 2358/2358/1059 2359/2359/1059 2360/2360/1059
f 2361/2361/1060 2362/2362/1060 2363/2363/1060 2364/2364/1060
f 2365/2365/1061 2366/2366/1061 2367/2367/1061 2368/2368/1061
f 2369/2369/1062 2370/2370/1062 2371/2371/1062 2372/2372/1062
f 2373/2373/1063 2374/2374/1063 2375/2375/1063 2376/2376/1063
f 2377/2377/1064 2378/2378/1064 2379/2379/1064 2380/2380/1064
f 2381/2381/1065 2382/2382/1065 2383/2383/1065 2384/2384/1065
f 2385/2385/1066 2386/2386/1066 2387/2387/1066 2388/2388/1066
f 2389/2389/1067 2390/2390/1067 2391/2391/1067 2392/2392/1067
f 2393/2393/1068 2394/2394/1068 2395/2395/1068 2396/2396/1068
f 2397/2397/1069 2398/2398/1069 2399/2399/1069 2400/2400/1069
f 2401/2401/1070 2402/2402/1070 2403/2403/1070
f 2404/2404/1071 2405/2405/1071 2406/2406/1071
f 2407/2407/1072 2408/2408/1072 2409/2409/1072
f 2410/2410/1073 2411/2411/1073 2412/2412/1073
f 2413/2413/1074 2414/2414/1074 2415/2415/1074
f 2416/2416/1075 2417/2417/1075 2418/2418/1075
f 2419/2419/1076 2420/2420/1076 2421/2421/1076
f 2422/2422/1077 2423/2423/1077 2424/2424/1077
f 2425/2425/1078 2426/2426/1078 2427/2427/1078 2428/2428/1078
f 2429/2429/1079 2430/2430/1079 2431/2431/1079 2432/2432/1079
f 2433/2433/1080 2434/2434/1080 2435/2435/1080 2436/2436/1080
f 2437/2437/1081 2438/2438/1081 2439/2439/1081 2440/2440/1081
f 2441/2441/1082 2442/2442/1082 2443/2443/1082 2444/2444/1082
f 2445/2445/1083 2446/2446/1083 2447/2447/1083 2448/2448/1083
f 2449/2449/1084 2450/2450/1084 2451/2451/1084 2452/2452/1084
f 2453/2453/1085 2454/2454/1085 2455/2455/1085 2456/2456/1085
f 2457/2457/1086 2458/2458/1086 2459/2459/1086 2460/2460/1086
f 2461/2461/1087 2462/2462/1087 2463/2463/1087 2464/2464/1087
f 2465/2465/1088 2466/2466/1088 2467/2467/1088 2468/2468/1088
f 2469/2469/1089 2470/2470/1089 2471/2471/1089 2472/2472/1089
f 2473/2473/1090 2474/2474/1090 2475/2475/1090 2476/2476/1090
f 2477/2477/1091 2478/2478/1091 2479/2479/1091 2480/2480/1091
f 2481/2481/1092 2482/2482/1092 2483/2483/1092 2484/2484/1092
f 2485/2485/1093 2486/2486/1093 2487/2487/1093 2488/2488/1093
f 2489/2489/1094 2490/2490/1094 2491/2491/1094 2492/2492/1094
f 2493/2493/1095 2494/2494/1095 2495/2495/1095 2496/2496/1095
f 2497/2497/1096 2498/2498/1096 2499/2499/1096
f 2500/2500/1097 2501/2501/1097 2502/2502/1097
f 2503/2503/1098 2504/2504/1098 2505/2505/1098
f 2506/2506/1099 2507/2507/1099 2508/2508/1099
f 2509/2509/1100 2510/2510/1100 2511/2511/1100
f 2512/2512/1101 2513/2513/1101 2514/2514/1101
f 2515/2515/1102 2516/2516/1102 2517/2517/1102
f 2518/2518/1103 2519/2519/1103 2520/2520/1103
f 2689/2689/1212 2690/2690/1212 2691/2691/1212 2692/2692/1212
f 2693/2693/1213 2694/2694/1213 2695/2695/1213 2696/2696/1213
f 2697/2697/1214 2698/2698/1214 2699/2699/1214 2700/2700/1214
f 2701/2701/1215 2702/2702/1215 2703/2703/1215 2704/2704/1215
f 2705/2705/1216 2706/2706/1216 2707/2707/1216 2708/2708/1216
f 2709/2709/1217 2710/2710/1217 2711/2711/1217 2712/2712/1217
f 2713/2713/1218 2714/2714/1218 2715/2715/1218 2716/2716/1218
f 2717/2717/1219 2718/2718/1219 2719/2719/1219 2720/2720/1219
f 2721/2721/1220 2722/2722/1220 2723/2723/1220 2724/2724/1220
f 2725/2725/1221 2726/2726/1221 2727/2727/1221 2728/2728/1221
f 2729/2729/1222 2730/2730/1222 2731/2731/1222 2732/2732/1222
f 2733/2733/1223 2734/2734/1223 2735/2735/1223 2736/2736/1223
f 2737/2737/1224 2738/2738/1224 2739/2739/1224 2740/2740/1224
f 2741/2741/1225 2742/2742/1225 2743/2743/1225 2744/2744/1225
f 2745/2745/1226 2746/2746/1226 2747/2747/1226 2748/2748/1226
f 2749/2749/1227 2750/2750/1227 2751/2751/1227 2752/2752/1227
f 2753/2753/1228 2754/2754/1228 2755/2755/1228 2756/2756/1228
f 2757/2757/1229 2758/2758/1229 2759/2759/1229 2760/2760/1229
f 2761/2761/1230 2762/2762/1230 2763/2763/1230
f 2764/2764/1231 2765/2765/1231 2766/2766/1231
f 2767/2767/1232 2768/2768/1232 2769/2769/1232
f 2770/2770/1233 2771/2771/1233 2772/2772/1233
f 2773/2773/1234 2774/2774/1234 2775/2775/1234
f 2776/2776/1235 2777/2777/1235 2778/2778/1235
f 2779/2779/1236 2780/2780/1236 2781/2781/1236
f 2782/2782/1237 2783/2783/1237 2784/2784/1237
f 2785/2785/1238 2786/2786/1238 2787/2787/1238 2788/2788/1238
f 2789/2789/1239 2790/2790/1239 2791/2791/1239 2792/2792/1239
f 2793/2793/1240 2794/2794/1240 2795/2795/1240 2796/2796/1240
f 2797/2797/1241 2798/2798/1241 2799/2799/1241 2800/2800/1241
f 2801/2801/1242 2802/2802/1242 2803/2803/1242 2804/2804/1242
f 2805/2805/1243 2806/2806/1243 2807/2807/1243 2808/2808/1243
f 2809/2809/1244 2810/2810/1244 2811/2811/1244 2812/2812/1244
f 2813/2813/1245 2814/2814/1245 2815/2815/1245 2816/2816/1245
f 2817/2817/1246 2818/2818/1246 2819/2819/1246 2820/2820/1246
f 2821/2821/1247 2822/2822/1247 2823/2823/1247 2824/2824/1247
f 2825/2825/1248 2826/2826/1248 2827/2827/1248 2828/2828/1248
f 2829/2829/1249 2830/2830/1249 2831/2831/1249 2832/2832/1249
f 2833/2833/1250 2834/2834/1250 2835/2835/1250 2836/2836/1250
f 2837/2837/1251 2838/2838/1251 2839/2839/1251 2840/2840/1251
f 2841/2841/1252 2842/2842/1252 2843/2843/1252 2844/2844/1252
f 2845/2845/1253 2846/2846/1253 2847/2847/1253 2848/2848/1253
f 2849/2849/1254 2850/2850/1254 2851/2851/1254 2852/2852/1254
f 2853/2853/1255 2854/2854/1255 2855/2855/1255 2856/2856/1255
f 2857/2857/1256 2858/2858/1256 2859/2859/1256
f 2860/2860/1257 2861/2861/1257 2862/2862/1257
f 2863/2863/1258 2864/2864/1258 2865/2865/1258
f 2866/2866/1259 2867/2867/1259 2868/2868/1259
f 2869/2869/1260 2870/2870/1260 2871/2871/1260
f 2872/2872/1261 2873/2873/1261 2874/2874/1261
f 2875/2875/1262 2876/2876/1262 2877/2877/1262
f 2878/2878/1263 2879/2879/1263 2880/2880/1263
f 3049/3049/1372 3050/3050/1372 3051/3051/1372 3052/3052/1372
f 3053/3053/1373 3054/3054/1373 3055/3055/1373 3056/3056/1373
f 3057/3057/1374 3058/3058/1374 3059/3059/1374 3060/3060/1374
f 3061/3061/1375 3062/3062/1375 3063/3063/1375 3064/3064/1375
f 3065/3065/1376 3066/3066/1376 3067/3067/1376 3068/3068/1376
f 3069/3069/1377 3070/3070/1377 3071/3071/1377 3072/3072/1377
f 3073/3073/1378 3074/3074/1378 3075/3075/1378 3076/3076/1378
f 3077/3077/1379 3078/3078/1379 3079/3079/1379 3080/3080/1379
f 3081/3081/1380 3082/3082/1380 3083/3083/1380 3084/3084/1380
f 3085/3085/1381 3086/3086/1381 3087/3087/1381 3088/3088/1381
f 3089/3089/1382 3090/3090/1382 3091/3091/1382 3092/3092/1382
f 3093/3093/1383 3094/3094/1383 3095/3095/1383 3096/3096/1383
f 3097/3097/1384 3098/3098/1384 3099/3099/1384 3100/3100/1384
f 3101/3101/1385 3102/3102/1385 3103/3103/1385 3104/3104/1385
f 3105/3105/1386 3106/3106/1386 3107/3107/1386 3108/3108/1386
f 3109/3109/1387 3110/3110/1387 3111/3111/1387 3112/3112/1387
f 3113/3113/1388 3114/3114/1388 3115/3115/1388 3116/3116/1388
f 3117/3117/1389 3118/3118/1389 3119/3119/1389 3120/3120/1389
f 3121/3121/1390 3122/3122/1390 3123/3123/1390
f 3124/3124/1391 3125/3125/1391 3126/3126/1391
f 3127/3127/1392 3128/3128/1392 3129/3129/1392
f 3130/3130/1393 3131/3131/1393 3132/3132/1393
f 3133/3133/1394 3134/3134/1394 3135/3135/1394
f 3136/3136/1395 3137/3137/1395 3138/3138/1395
f 3139/3139/1396 3140/3140/1396 3141/3141/1396
f 3142/3142/1397 3143/3143/1397 3144/3144/1397
f 3145/3145/1398 3146/3146/1398 3147/3147/1398 3148/3148/1398
f 3149/3149/1399 3150/3150/1399 3151/3151/1399 3152/3152/1399
f 3153/3153/1400 3154/3154/1400 3155/3155/1400 3156/3156/1400
f 3157/3157/1401 3158/3158/1401 3159/3159/1401 3160/3160/1401
f 3161/3161/1402 3162/3162/1402 3163/3163/1402 3164/3164/1402
f 3165/3165/1403 3166/3166/1403 3167/3167/1403 3168/3168/1403
f 3169/3169/1404 3170/3170/1404 3171/3171/1404 3172/3172/1404
f 3173/3173/1405 3174/3174/1405 3175/3175/1405 3176/3176/1405
f 3177/3177/1406 3178/3178/1406 3179/3179/1406 3180/3180/1406
f 3181/3181/1407 3182/3182/1407 3183/3183/1407 3184/3184/1407
f 3185/3185/1408 3186/3186/1408 3187/3187/1408 3188/3188/1408
f 3189/3189/1409 3190/3190/1409 3191/3191/1409 3192/3192/1409
f 3193/3193/1410 3194/3194/1410 3195/3195/1410 3196/3196/1410
f 3197/3197/1411 3198/3198/1411 3199/3199/1411 3200/3200/1411
f 3201/3201/1412 3202/3202/1412 3203/3203/1412 3204/3204/1412
f 3205/3205/1413 3206/3206/1413 3207/3207/1413 3208/3208/1413
f 3209/3209/1414 3210/3210/1414 3211/3211/1414 3212/3212/1414
f 3213/3213/1415 3214/3214/1415 3215/3215/1415 3216/3216/1415
f 3217/3217/1416 3218/3218/1416 3219/3219/1416
f 3220/3220/1417 3221/3221/1417 3222/3222/1417
f 3223/3223/1418 3224/3224/1418 3225/3225/1418
f 3226/3226/1419 3227/3227/1419 3228/3228/1419
f 3229/3229/1420 3230/3230/1420 3231/3231/1420
f 3232/3232/1421 3233/3233/1421 3234/3234/1421
f 3235/3235/1422 3236/3236/1422 3237/3237/1422
f 3238/3238/1423 3239/3239/1423 3240/3240/1423
f 3409/3409/1532 3410/3410/1532 3411/3411/1532 3412/3412/1532
f 3413/3413/1533 3414/3414/1533 3415/3415/1533 3416/3416/1533
f 3417/3417/1534 3418/3418/1534 3419/3419/1534 3420/3420/1534
f 3421/3421/1535 3422/3422/1535 3423/3423/1535 3424/3424/1535
f 3425/3425/1536 3426/3426/1536 3427/3427/1536 3428/3428/1536
f 3429/3429/1537 3430/3430/1537 3431/3431/1537 3432/3432/1537
f 3433/3433/1538 3434/3434/1538 3435/3435/1538 3436/3436/1538
f 3437/3437/1539 3438/3438/1539 3439/3439/1539 3440/3440/1539
f 3441/3441/1540 3442/3442/1540 3443/3443/1540 3444/3444/1540
f 3445/3445/1541 3446/3446/1541 3447/3447/1541 3448/3448/1541
f 3449/3449/1542 3450/3450/1542 3451/3451/1542 3452/3452/1542
f 3453/3453/1543 3454/3454/1543 3455/3455/1543 3456/3456/1543
f 3457/3457/1544 3458/3458/1544 3459/3459/1544 3460/3460/1544
f 3461/3461/1545 3462/3462/1545 3463/3463/1545 3464/3464/1545
f 3465/3465/1546 3466/3466/1546 3467/3467/1546 3468/3468/1546
f 3469/3469/1547 3470/3470/1547 3471/3471/1547 3472/3472/1547
f 3473/3473/1548 3474/3474/1548 3475/3475/1548 3476/3476/1548
f 3477/3477/1549 3478/3478/1549 3479/3479/1549 3480/3480/1549
f 3481/3481/1550 3482/3482/1550 3483/3483/1550
f 3484/3484/1551 3485/3485/1551 3486/3486/1551
f 3487/3487/1552 3488/3488/1552 3489/3489/1552
f 3490/3490/1553 3491/3491/1553 3492/3492/1553
f 3493/3493/1554 3494/3494/1554 3495/3495/1554
f 3496/3496/1555 3497/3497/1555 3498/3498/1555
f 3499/3499/1556 3500/3500/1556 3501/3501/1556
f 3502/3502/1557 3503/3503/1557 3504/3504/1557
f 3505/3505/1558 3506/3506/1558 3507/3507/1558 3508/3508/1558
f 3509/3509/1559 3510/3510/1559 3511/3511/1559 3512/3512/1559
f 3513/3513/1560 3514/3514/1560 3515/3515/1560 3516/3516/1560
f 3517/3517/1561 3518/3518/1561 3519/3519/1561 3520/3520/1561
f 3521/3521/1562 3522/3522/1562 3523/3523/1562 3524/3524/1562
f 3525/3525/1563 3526/3526/1563 3527/3527/1563 3528/3528/1563
f 3529/3529/1564 3530/3530/1564 3531/3531/1564 3532/3532/1564
f 3533/3533/1565 3534/3534/1565 3535/3535/1565 3536/3536/1565
f 3537/3537/1566 3538/3538/1566 3539/3539/1566 3540/3540/1566
f 3541/3541/1567 3542/3542/1567 3543/3543/1567 3544/3544/1567
f 3545/3545/1568 3546/3546/1568 3547/3547/1568 3548/3548/1568
f 3549/3549/1569 3550/3550/1569 3551/3551/1569 3552/3552/1569
f 3553/3553/1570 3554/3554/1570 3555/3555/1570 3556/3556/1570
f 3557/3557/1571 3558/3558/1571 3559/3559/1571 3560/3560/1571
f 3561/3561/1572 3562/3562/1572 3563/3563/1572 3564/3564/1572
f 3565/3565/1573 3566/3566/1573 3567/3567/1573 3568/3568/1573
f 3569/3569/1574 3570/3570/1574 3571/3571/1574 3572/3572/1574
f 3573/3573/1575 3574/3574/1575 3575/3575/1575 3576/3576/1575
f 3577/3577/1576 3578/3578/1576 3579/3579/1576
f 3580/3580/1577 3581/3581/1577 3582/3582/1577
f 3583/3583/1578 3584/3584/1578 3585/3585/1578
f 3586/3586/1579 3587/3587/1579 3588/3588/1579
f 3589/3589/1580 3590/3590/1580 3591/3591/1580
f 3592/3592/1581 3593/3593/1581 3594/3594/1581
f 3595/3595/1582 3596/3596/1582 3597/3597/1582
f 3598/3598/1583 3599/3599/1583 3600/3600/1583
usemtl steel
f 1081/1081/464 1082/1082/464 1083/1083/464 1084/1084/464
f 1085/1085/465 1086/1086/465 1087/1087/465 1088/1088/465
f 1089/1089/466 1090/1090/466 1091/1091/466 1092/1092/466
f 1093/1093/467 1094/1094/467 1095/1095/467 1096/1096/467
f 1097/1097/468 1098/1098/468 1099/1099/468 1100/1100/468
f 1101/1101/469 1102/1102/469 1103/1103/469 1104/1104/469
f 1105/1105/470 1106/1106/471 1107/1107/472 1108/1108/473
f 1109/1109/474 1110/1110/475 1111/1111/476 1112/1112/477
f 1113/1113/478 1114/1114/479 1115/1115/480 1116/1116/481
f 1117/1117/482 1118/1118/483 1119/1119/484 1120/1120/485
f 1121/1121/486 1122/1122/487 1123/1123/488 1124/1124/489
f 1125/1125/490 1126/1126/491 1127/1127/492 1128/1128/493
f 1129/1129/494 1130/1130/495 1131/1131/496 1132/1132/497
f 1133/1133/498 1134/1134/499 1135/1135/500 1136/1136/501
f 1137/1137/502 1138/1138/502 1139/1139/502 1140/1140/502 1141/1141/502 1142/1142/502 1143/1143/502 1144/1144/502
f 1145/1145/503 1146/1146/503 1147/1147/503 1148/1148/503 1149/1149/503 1150/1150/503 1151/1151/503 1152/1152/503
f 1153/1153/504 1154/1154/505 1155/1155/506 1156/1156/507
f 1157/1157/508 1158/1158/509 1159/1159/510 1160/1160/511
f 1161/1161/512 1162/1162/513 1163/1163/514 1164/1164/515
f 1165/1165/516 1166/1166/517 1167/1167/518 1168/1168/519
f 1169/1169/520 1170/1170/521 1171/1171/522 1172/1172/523
f 1173/1173/524 1174/1174/525 1175/1175/526 1176/1176/527
f 1177/1177/528 1178/1178/529 1179/1179/530 1180/1180/531
f 1181/1181/532 1182/1182/533 1183/1183/534 1184/1184/535
f 1185/1185/536 1186/1186/536 1187/1187/536 1188/1188/536 1189/1189/536 1190/1190/536 1191/1191/536 1192/1192/536
f 1193/1193/537 1194/1194/537 1195/1195/537 1196/1196/537 1197/1197/537 1198/1198/537 1199/1199/537 1200/1200/537
f 1201/1201/538 1202/1202/539 1203/1203/540 1204/1204/541
f 1205/1205/542 1206/1206/543 1207/1207/544 1208/1208/545
f 1209/1209/546 1210/1210/547 1211/1211/548 1212/1212/549
f 1213/1213/550 1214/1214/551 1215/1215/552 1216/1216/553
f 1217/1217/554 1218/1218/555 1219/1219/556 1220/1220/557
f 1221/1221/558 1222/1222/559 1223/1223/560 1224/1224/561
f 1225/1225/562 1226/1226/563 1227/1227/564 1228/1228/565
f 1229/1229/566 1230/1230/567 1231/1231/568 1232/1232/569
f 1233/1233/570 1234/1234/570 1235/1235/570 1236/1236/570 1237/1237/570 1238/1238/570 1239/1239/570 1240/1240/570
f 1241/1241/571 1242/1242/571 1243/1243/571 1244/1244/571 1245/1245/571 1246/1246/571 1247/1247/571 1248/1248/571
f 1441/1441/624 1442/1442/624 1443/1443/624 1444/1444/624
f 1445/1445/625 1446/1446/625 1447/1447/625 1448/1448/625
f 1449/1449/626 1450/1450/626 1451/1451/626 1452/1452/626
f 1453/1453/627 1454/1454/627 1455/1455/627 1456/1456/627
f 1457/1457/628 1458/1458/628 1459/1459/628 1460/1460/628
f 1461/1461/629 1462/1462/629 1463/1463/629 1464/1464/629
f 1465/1465/630 1466/1466/631 1467/1467/632 1468/1468/633
f 1469/1469/634 1470/1470/635 1471/1471/636 1472/1472/637
f 1473/1473/638 1474/1474/639 1475/1475/640 1476/1476/641
f 1477/1477/642 1478/1478/643 1479/1479/644 1480/1480/645
f 1481/1481/646 1482/1482/647 1483/1483/648 1484/1484/649
f 1485/1485/650 1486/1486/651 1487/1487/652 1488/1488/653
f 1489/1489/654 1490/1490/655 1491/1491/656 1492/1492/657
f 1493/1493/658 1494/1494/659 1495/1495/660 1496/1496/661
f 1497/1497/662 1498/1498/662 1499/1499/662 1500/1500/662 1501/1501/662 1502/1502/662 1503/1503/662 1504/1504/662
f 1505/1505/663 1506/1506/663 1507/1507/663 1508/1508/663 1509/1509/663 1510/1510/663 1511/1511/663 1512/1512/663
f 1513/1513/664 1514/1514/665 1515/1515/666 1516/1516/667
f 1517/1517/668 1518/1518/669 1519/1519/670 1520/1520/671
f 1521/1521/672 1522/1522/673 1523/1523/674 1524/1524/675
f 1525/1525/676 1526/1526/677 1527/1527/678 1528/1528/679
f 1529/1529/680 1530/1530/681 1531/1531/682 1532/1532/683
f 1533/1533/684 1534/1534/685 1535/1535/686 1536/1536/687
f 1537/1537/688 1538/1538/689 1539/1539/690 1540/1540/691
f 1541/1541/692 1542/1542/693 1543/1543/694 1544/1544/695
f 1545/1545/696 1546/1546/696 1547/1547/696 1548/1548/696 1549/1549/696 1550/1550/696 1551/1551/696 1552/1552/696
f 1553/1553/697 1554/1554/697 1555/1555/697 1556/1556/697 1557/1557/697 1558/1558/697 1559/1559/697 1560/1560/697
f 1561/1561/698 1562/1562/699 1563/1563/700 1564/1564/701
f 1565/1565/702 1566/1566/703 1567/1567/704 1568/1568/705
f 1569/1569/706 1570/1570/707 1571/1571/708 1572/1572/709
f 1573/1573/710 1574/1574/711 1575/1575/712 1576/1576/713
f 1577/1577/714 1578/1578/715 1579/1579/716 1580/1580/717
f 1581/1581/718 1582/1582/719 1583/1583/720 1584/1584/721
f 1585/1585/722 1586/1586/723 1587/1587/724 1588/1588/725
f 1589/1589/726 1590/1590/727 1591/1591/728 1592/1592/729
f 1593/1593/730 1594/1594/730 1595/1595/730 1596/1596/730 1597/1597/730 1598/1598/730 1599/1599/730 1600/1600/730
f 1601/1601/731 1602/1602/731 1603/1603/731 1604/1604/731 1605/1605/731 1606/1606/731 1607/1607/731 1608/1608/731
f 1801/1801/784 1802/1802/784 1803/1803/784 1804/1804/784
f 1805/1805/785 1806/1806/785 1807/1807/785 1808/1808/785
f 1809/1809/786 1810/1810/786 1811/1811/786 1812/1812/786
f 1813/1813/787 1814/1814/787 1815/1815/787 1816/1816/787
f 1817/1817/788 1818/1818/788 1819/1819/788 1820/1820/788
f 1821/1821/789 1822/1822/789 1823/1823/789 1824/1824/789
f 1825/1825/790 1826/1826/791 1827/1827/792 1828/1828/793
f 1829/1829/794 1830/1830/795 1831/1831/796 1832/1832/797
f 1833/1833/798 1834/1834/799 1835/1835/800 1836/1836/801
f 1837/1837/802 1838/1838/803 1839/1839/804 1840/1840/805
f 1841/1841/806 1842/1842/807 1843/1843/808 1844/1844/809
f 1845/1845/810 1846/1846/811 1847/1847/812 1848/1848/813
f 1849/1849/814 1850/1850/815 1851/1851/816 1852/1852/817
f 1853/1853/818 1854/1854/819 1855/1855/820 1856/1856/821
f 1857/1857/822 1858/1858/822 1859/1859/822 1860/1860/822 1861/1861/822 1862/1862/822 1863/1863/822 1864/1864/822
f 1865/1865/823 1866/1866/823 1867/1867/823 1868/1868/823 1869/1869/823 1870/1870/823 1871/1871/823 1872/1872/823
f 1873/1873/824 1874/1874/825 1875/1875/826 1876/1876/827
f 1877/1877/828 1878/1878/829 1879/1879/830 1880/1880/831
f 1881/1881/832 1882/1882/833 1883/1883/834 1884/1884/835
f 1885/1885/836 1886/1886/837 1887/1887/838 1888/1888/839
f 1889/1889/840 1890/1890/841 1891/1891/842 1892/1892/843
f 1893/1893/844 1894/1894/845 1895/1895/846 1896/1896/847
f 1897/1897/848 1898/1898/849 1899/1899/850 1900/1900/851
f 1901/1901/852 1902/1902/853 1903/1903/854 1904/1904/855
f 1905/1905/856 1906/1906/856 1907/1907/856 1908/1908/856 1909/1909/856 1910/1910/856 1911/1911/856 1912/1912/856
f 1913/1913/857 1914/1914/857 1915/1915/857 1916/1916/857 1917/1917/857 1918/1918/857 1919/1919/857 1920/1920/857
f 1921/1921/858 1922/1922/859 1923/1923/860 1924/1924/861
f 1925/1925/862 1926/1926/863 1927/1927/864 1928/1928/865
f 1929/1929/866 1930/1930/867 1931/1931/868 1932/1932/869
f 1933/1933/870 1934/1934/871 1935/1935/872 1936/1936/873
f 1937/1937/874 1938/1938/875 1939/1939/876 1940/1940/877
f 1941/1941/878 1942/1942/879 1943/1943/880 1944/1944/881
f 1945/1945/882 1946/1946/883 1947/1947/884 1948/1948/885
f 1949/1949/886 1950/1950/887 1951/1951/888 1952/1952/889
f 1953/1953/890 1954/1954/890 1955/1955/890 1956/1956/890 1957/1957/890 1958/1958/890 1959/1959/890 1960/1960/890
f 1961/1961/891 1962/1962/891 1963/1963/891 1964/1964/891 1965/1965/891 1966/1966/891 1967/1967/891 1968/1968/891
f 2161/2161/944 2162/2162/944 2163/2163/944 2164/2164/944
f 2165/2165/945 2166/2166/945 2167/2167/945 2168/2168/945
f 2169/2169/946 2170/2170/946 2171/2171/946 2172/2172/946
f 2173/2173/947 2174/2174/947 2175/2175/947 2176/2176/947
f 2177/2177/948 2178/2178/948 2179/2179/948 2180/2180/948
f 2181/2181/949 2182/2182/949 2183/2183/949 2184/2184/949
f 2185/2185/950 2186/2186/951 2187/2187/952 2188/2188/953
f 2189/2189/954 2190/2190/955 2191/2191/956 2192/2192/957
f 2193/2193/958 2194/2194/959 2195/2195/960 2196/2196/961
f 2197/2197/962 2198/2198/963 2199/2199/964 2200/2200/965
f 2201/2201/966 2202/2202/967 2203/2203/968 2204/2204/969
f 2205/2205/970 2206/2206/971 2207/2207/972 2208/2208/973
f 2209/2209/974 2210/2210/975 2211/2211/976 2212/2212/977
f 2213/2213/978 2214/2214/979 2215/2215/980 2216/2216/981
f 2217/2217/982 2218/2218/982 2219/2219/982 2220/2220/982 2221/2221/982 2222/2222/982 2223/2223/982 2224/2224/982
f 2225/2225/983 2226/2226/983 2227/2227/983 2228/2228/983 2229/2229/983 2230/2230/983 2231/2231/983 2232/2232/983
f 2233/2233/984 2234/2234/985 2235/2235/986 2236/2236/987
f 2237/2237/988 2238/2238/989 2239/2239/990 2240/2240/991
f 2241/2241/992 2242/2242/993 2243/2243/994 2244/2244/995
f 2245/2245/996 2246/2246/997 2247/2247/998 2248/2248/999
f 2249/2249/1000 2250/2250/1001 2251/2251/1002 2252/2252/1003
f 2253/2253/1004 2254/2254/1005 2255/2255/1006 2256/2256/1007
f 2257/2257/1008 2258/2258/1009 2259/2259/1010 2260/2260/1011
f 2261/2261/1012 2262/2262/1013 2263/2263/1014 2264/2264/1015
f 2265/2265/1016 2266/2266/1016 2267/2267/1016 2268/2268/1016 2269/2269/1016 2270/2270/1016 2271/2271/1016 2272/2272/1016
f 2273/2273/1017 2274/2274/1017 2275/2275/1017 2276/2276/1017 2277/2277/1017 2278/2278/1017 2279/2279/1017 2280/2280/1017
f 2281/2281/1018 2282/2282/1019 2283/2283/1020 2284/2284/1021
f 2285/2285/1022 2286/2286/1023 2287/2287/1024 2288/2288/1025
f 2289/2289/1026 2290/2290/1027 2291/2291/1028 2292/2292/1029
f 2293/2293/1030 2294/2294/1031 2295/2295/1032 2296/2296/1033
f 2297/2297/1034 2298/2298/1035 2299/2299/1036 2300/2300/1037
f 2301/2301/1038 2302/2302/1039 2303/2303/1040 2304/2304/1041
f 2305/2305/1042 2306/2306/1043 2307/2307/1044 2308/2308/1045
f 2309/2309/1046 2310/2310/1047 2311/2311/1048 2312/2312/1049
f 2313/2313/1050 2314/2314/1050 2315/2315/1050 2316/2316/1050 2317/2317/1050 2318/2318/1050 2319/2319/1050 2320/2320/1050
f 2321/2321/1051 2322/2322/1051 2323/2323/1051 2324/2324/1051 2325/2325/1051 2326/2326/1051 2327/2327/1051 2328/2328/1051
f 2521/2521/1104 2522/2522/1104 2523/2523/1104 2524/2524/1104
f 2525/2525/1105 2526/2526/1105 2527/2527/1105 2528/2528/1105
f 2529/2529/1106 2530/2530/1106 2531/2531/1106 2532/2532/1106
f 2533/2533/1107 2534/2534/1107 2535/2535/1107 2536/2536/1107
f 2537/2537/1108 2538/2538/1108 2539/2539/1108 2540/2540/1108
f 2541/2541/1109 2542/2542/1109 2543/2543/1109 2544/2544/1109
f 2545/2545/1110 2546/2546/1111 2547/2547/1112 2548/2548/1113
f 2549/2549/1114 2550/2550/1115 2551/2551/1116 2552/2552/1117
f 2553/2553/1118 2554/2554/1119 2555/2555/1120 2556/2556/1121
f 2557/2557/1122 2558/2558/1123 2559/2559/1124 2560/2560/1125
f 2561/2561/1126 2562/2562/1127 2563/2563/1128 2564/2564/1129
f 2565/2565/1130 2566/2566/1131 2567/2567/1132 2568/2568/1133
f 2569/2569/1134 2570/2570/1135 2571/2571/1136 2572/2572/1137
f 2573/2573/1138 2574/2574/1139 2575/2575/1140 2576/2576/1141
f 2577/2577/1142 2578/2578/1142 2579/2579/1142 2580/2580/1142 2581/2581/1142 2582/2582/1142 2583/2583/1142 2584/2584/1142
f 2585/2585/1143 2586/2586/1143 2587/2587/1143 2588/2588/1143 2589/2589/1143 2590/2590/1143 2591/2591/1143 2592/2592/1143
f 2593/2593/1144 2594/2594/1145 2595/2595/1146 2596/2596/1147
f 2597/2597/1148 2598/2598/1149 2599/2599/1150 2600/2600/1151
f 2601/2601/1152 2602/2602/1153 2603/2603/1154 2604/2604/1155
f 2605/2605/1156 2606/2606/1157 2607/2607/1158 2608/2608/1159
f 2609/2609/1160 2610/2610/1161 2611/2611/1162 2612/2612/1163
f 2613/2613/1164 2614/2614/1165 2615/2615/1166 2616/2616/1167
f 2617/2617/1168 2618/2618/1169 2619/2619/1170 2620/2620/1171
f 2621/2621/1172 2622/2622/1173 2623/2623/1174 2624/2624/1175
f 2625/2625/1176 2626/2626/1176 2627/2627/1176 2628/2628/1176 2629/2629/1176 2630/2630/1176 2631/2631/1176 2632/2632/1176
f 2633/2633/1177 2634/2634/1177 2635/2635/1177 2636/2636/1177 2637/2637/1177 2638/2638/1177 2639/2639/1177 2640/2640/1177
f 2641/2641/1178 2642/2642/1179 2643/2643/1180 2644/2644/1181
f 2645/2645/1182 2646/2646/1183 2647/2647/1184 2648/2648/1185
f 2649/2649/1186 2650/2650/1187 2651/2651/1188 2652/2652/1189
f 2653/2653/1190 2654/2654/1191 2655/2655/1192 2656/2656/1193
f 2657/2657/1194 2658/2658/1195 2659/2659/1196 2660/2660/1197
f 2661/2661/1198 2662/2662/1199 2663/2663/1200 2664/2664/1201
f 2665/2665/1202 2666/2666/1203 2667/2667/1204 2668/2668/1205
f 2669/2669/1206 2670/2670/1207 2671/2671/1208 2672/2672/1209
f 2673/2673/1210 2674/2674/1210 2675/2675/1210 2676/2676/1210 2677/2677/1210 2678/2678/1210 2679/2679/1210 2680/2680/1210
f 2681/2681/1211 2682/2682/1211 2683/2683/1211 2684/2684/1211 2685/2685/1211 2686/2686/1211 2687/2687/1211 2688/2688/1211
f 2881/2881/1264 2882/2882/1264 2883/2883/1264 2884/2884/1264
f 2885/2885/1265 2886/2886/1265 2887/2887/1265 2888/2888/1265
f 2889/2889/1266 2890/2890/1266 2891/2891/1266 2892/2892/1266
f 2893/2893/1267 2894/2894/1267 2895/2895/1267 2896/2896/1267
f 2897/2897/1268 2898/2898/1268 2899/2899/1268 2900/2900/1268
f 2901/2901/1269 2902/2902/1269 2903/2903/1269 2904/2904/1269
f 2905/2905/1270 2906/2906/1271 2907/2907/1272 2908/2908/1273
f 2909/2909/1274 2910/2910/1275 2911/2911/1276 2912/2912/1277
f 2913/2913/1278 2914/2914/1279 2915/2915/1280 2916/2916/1281
f 2917/2917/1282 2918/2918/1283 2919/2919/1284 2920/2920/1285
f 2921/2921/1286 2922/2922/1287 2923/2923/1288 2924/2924/1289
f 2925/2925/1290 2926/2926/1291 2927/2927/1292 2928/2928/1293
f 2929/2929/1294 2930/2930/1295 2931/2931/1296 2932/2932/1297
f 2933/2933/1298 2934/2934/1299 2935/2935/1300 2936/2936/1301
f 2937/2937/1302 2938/2938/1302 2939/2939/1302 2940/2940/1302 2941/2941/1302 2942/2942/1302 2943/2943/1302 2944/2944/1302
f 2945/2945/1303 2946/2946/1303 2947/2947/1303 2948/2948/1303 2949/2949/1303 2950/2950/1303 2951/2951/1303 2952/2952/1303
f 2953/2953/1304 2954/2954/1305 2955/2955/1306 2956/2956/1307
f 2957/2957/1308 2958/2958/1309 2959/2959/1310 2960/2960/1311
f 2961/2961/1312 2962/2962/1313 2963/2963/1314 2964/2964/1315
f 2965/2965/1316 2966/2966/1317 2967/2967/1318 2968/2968/1319
f 2969/2969/1320 2970/2970/1321 2971/2971/1322 2972/2972/1323
f 2973/2973/1324 2974/2974/1325 2975/2975/1326 2976/2976/1327
f 2977/2977/1328 2978/2978/1329 2979/2979/1330 2980/2980/1331
f 2981/2981/1332 2982/2982/1333 2983/2983/1334 2984/2984/1335
f 2985/2985/1336 2986/2986/1336 2987/2987/1336 2988/2988/1336 2989/2989/1336 2990/2990/1336 2991/2991/1336 2992/2992/1336
f 2993/2993/1337 2994/2994/1337 2995/2995/1337 2996/2996/1337 2997/2997/1337 2998/2998/1337 2999/2999/1337 3000/3000/1337
f 3001/3001/1338 3002/3002/1339 3003/3003/1340 3004/3004/1341
f 3005/3005/1342 3006/3006/1343 3007/3007/1344 3008/3008/1345
f 3009/3009/1346 3010/3010/1347 3011/3011/1348 3012/3012/1349
f 3013/3013/1350 3014/3014/1351 3015/3015/1352 3016/3016/1353
f 3017/3017/1354 3018/3018/1355 3019/3019/1356 3020/3020/1357
f 3021/3021/1358 3022/3022/1359 3023/3023/1360 3024/3024/1361
f 3025/3025/1362 3026/3026/1363 3027/3027/1364 3028/3028/1365
f 3029/3029/1366 3030/3030/1367 3031/3031/1368 3032/3032/1369
f 3033/3033/1370 3034/3034/1370 3035/3035/1370 3036/3036/1370 3037/3037/1370 3038/3038/1370 3039/3039/1370 3040/3040/1370
f 3041/3041/1371 3042/3042/1371 3043/3043/1371 3044/3044/1371 3045/3045/1371 3046/3046/1371 3047/3047/1371 3048/3048/1371
f 3241/3241/1424 3242/3242/1424 3243/3243/1424 3244/3244/1424
f 3245/3245/1425 3246/3246/1425 3247/3247/1425 3248/3248/1425
f 3249/3249/1426 3250/3250/1426 3251/3251/1426 3252/3252/1426
f 3253/3253/1427 3254/3254/1427 3255/3255/1427 3256/3256/1427
f 3257/3257/1428 3258/3258/1428 3259/3259/1428 3260/3260/1428
f 3261/3261/1429 3262/3262/1429 3263/3263/1429 3264/3264/1429
f 3265/3265/1430 3266/3266/1431 3267/3267/1432 3268/3268/1433
f 3269/3269/1434 3270/3270/1435 3271/3271/1436 3272/3272/1437
f 3273/3273/1438 3274/3274/1439 3275/3275/1440 3276/3276/1441
f 3277/3277/1442 3278/3278/1443 3279/3279/1444 3280/3280/1445
f 3281/3281/1446 3282/3282/1447 3283/3283/1448 3284/3284/1449
f 3285/3285/1450 3286/3286/1451 3287/3287/1452 3288/3288/1453
f 3289/3289/1454 3290/3290/1455 3291/3291/1456 3292/3292/1457
f 3293/3293/1458 3294/3294/1459 3295/3295/1460 3296/3296/1461
f 3297/3297/1462 3298/3298/1462 3299/3299/1462 3300/3300/1462 3301/3301/1462 3302/3302/1462 3303/3303/1462 3304/3304/1462
f 3305/3305/1463 3306/3306/1463 3307/3307/1463 3308/3308/1463 3309/3309/1463 3310/3310/1463 3311/3311/1463 3312/3312/1463
f 3313/3313/1464 3314/3314/1465 3315/3315/1466 3316/3316/1467
f 3317/3317/1468 3318/3318/1469 3319/3319/1470 3320/3320/1471
f 3321/3321/1472 3322/3322/1473 3323/3323/1474 3324/3324/1475
f 3325/3325/1476 3326/3326/1477 3327/3327/1478 3328/3328/1479
f 3329/3329/1480 3330/3330/1481 3331/3331/1482 3332/3332/1483
f 3333/3333/1484 3334/3334/1485 3335/3335/1486 3336/3336/1487
f 3337/3337/1488 3338/3338/1489 3339/3339/1490 3340/3340/1491
f 3341/3341/1492 3342/3342/1493 3343/3343/1494 3344/3344/1495
f 3345/3345/1496 3346/3346/1496 3347/3347/1496 3348/3348/1496 3349/3349/1496 3350/3350/1496 3351/3351/1496 3352/3352/1496
f 3353/3353/1497 3354/3354/1497 3355/3355/1497 3356/3356/1497 3357/3357/1497 3358/3358/1497 3359/3359/1497 3360/3360/1497
f 3361/3361/1498 3362/3362/1499 3363/3363/1500 3364/3364/1501
f 3365/3365/1502 3366/3366/1503 3367/3367/1504 3368/3368/1505
f 3369/3369/1506 3370/3370/1507 3371/3371/1508 3372/3372/1509
f 3373/3373/1510 3374/3374/1511 3375/3375/1512 3376/3376/1513
f 3377/3377/1514 3378/3378/1515 3379/3379/1516 3380/3380/1517
f 3381/3381/1518 3382/3382/1519 3383/3383/1520 3384/3384/1521
f 3385/3385/1522 3386/3386/1523 3387/3387/1524 3388/3388/1525
f 3389/3389/1526 3390/3390/1527 3391/3391/1528 3392/3392/1529
f 3393/3393/1530 3394/3394/1530 3395/3395/1530 3396/3396/1530 3397/3397/1530 3398/3398/1530 3399/3399/1530 3400/3400/1530
f 3401/3401/1531 3402/3402/1531 3403/3403/1531 3404/3404/1531 3405/3405/1531 3406/3406/1531 3407/3407/1531 3408/3408/1531
f 3601/3601/1584 3602/3602/1584 3603/3603/1584 3604/3604/1584
f 3605/3605/1585 3606/3606/1585 3607/3607/1585 3608/3608/1585
f 3609/3609/1586 3610/3610/1586 3611/3611/1586 3612/3612/1586
f 3613/3613/1587 3614/3614/1587 3615/3615/1587 3616/3616/1587
f 3617/3617/1588 3618/3618/1588 3619/3619/1588 3620/3620/1588
f 3621/3621/1589 3622/3622/1589 3623/3623/1589 3624/3624/1589
f 3625/3625/1590 3626/3626/1591 3627/3627/1592 3628/3628/1593
f 3629/3629/1594 3630/3630/1595 3631/3631/1596 3632/3632/1597
f 3633/3633/1598 3634/3634/1599 3635/3635/1600 3636/3636/1601
f 3637/3637/1602 3638/3638/1603 3639/3639/1604 3640/3640/1605
f 3641/3641/1606 3642/3642/1607 3643/3643/1608 3644/3644/1609
f 3645/3645/1610 3646/3646/1611 3647/3647/1612 3648/3648/1613
f 3649/3649/1614 3650/3650/1615 3651/3651/1616 3652/3652/1617
f 3653/3653/1618 3654/3654/1619 3655/3655/1620 3656/3656/1621
f 3657/3657/1622 3658/3658/1622 3659/3659/1622 3660/3660/1622 3661/3661/1622 3662/3662/1622 3663/3663/1622 3664/3664/1622
f 3665/3665/1623 3666/3666/1623 3667/3667/1623 3668/3668/1623 3669/3669/1623 3670/3670/1623 3671/3671/1623 3672/3672/1623
f 3673/3673/1624 3674/3674/1625 3675/3675/1626 3676/3676/1627
f 3677/3677/1628 3678/3678/1629 3679/3679/1630 3680/3680/1631
f 3681/3681/1632 3682/3682/1633 3683/3683/1634 3684/3684/1635
f 3685/3685/1636 3686/3686/1637 3687/3687/1638 3688/3688/1639
f 3689/3689/1640 3690/3690/1641 3691/3691/1642 3692/3692/1643
f 3693/3693/1644 3694/3694/1645 3695/3695/1646 3696/3696/1647
f 3697/3697/1648 3698/3698/1649 3699/3699/1650 3700/3700/1651
f 3701/3701/1652 3702/3702/1653 3703/3703/1654 3704/3704/1655
f 3705/3705/1656 3706/3706/1656 3707/3707/1656 3708/3708/1656 3709/3709/1656 3710/3710/1656 3711/3711/1656 3712/3712/1656
f 3713/3713/1657 3714/3714/1657 3715/3715/1657 3716/3716/1657 3717/3717/1657 3718/3718/1657 3719/3719/1657 3720/3720/1657
f 3721/3721/1658 3722/3722/1659 3723/3723/1660 3724/3724/1661
f 3725/3725/1662 3726/3726/1663 3727/3727/1664 3728/3728/1665
f 3729/3729/1666 3730/3730/1667 3731/3731/1668 3732/3732/1669
f 3733/3733/1670 3734/3734/1671 3735/3735/1672 3736/3736/1673
f 3737/3737/1674 3738/3738/1675 3739/3739/1676 3740/3740/1677
f 3741/3741/1678 3742/3742/1679 3743/3743/1680 3744/3744/1681
f 3745/3745/1682 3746/3746/1683 3747/3747/1684 3748/3748/1685
f 3749/3749/1686 3750/3750/1687 3751/3751/1688 3752/3752/1689
f 3753/3753/1690 3754/3754/1690 3755/3755/1690 3756/3756/1690 3757/3757/1690 3758/3758/1690 3759/3759/1690 3760/3760/1690
f 3761/3761/1691 3762/3762/1691 3763/3763/1691 3764/3764/1691 3765/3765/1691 3766/3766/1691 3767/3767/1691 3768/3768/1691
f 3769/3769/1692 3770/3770/1693 3771/3771/1694 3772/3772/1695
f 3773/3773/1696 3774/3774/1697 3775/3775/1698 3776/3776/1699
f 3777/3777/1700 3778/3778/1701 3779/3779/1702 3780/3780/1703
f 3781/3781/1704 3782/3782/1705 3783/3783/1706 3784/3784/1707
f 3785/3785/1708 3786/3786/1709 3787/3787/1710 3788/3788/1711
f 3789/3789/1712 3790/3790/1713 3791/3791/1714 3792/3792/1715
f 3793/3793/1716 3794/3794/1717 3795/3795/1718 3796/3796/1719
f 3797/3797/1720 3798/3798/1721 3799/3799/1722 3800/3800/1723
f 3801/3801/1724 3802/3802/1725 3803/3803/1726 3804/3804/1727
f 3805/3805/1728 3806/3806/1729 3807/3807/1730 3808/3808/1731
f 3809/3809/1732 3810/3810/1732 3811/3811/1732 3812/3812/1732 3813/3813/1732 3814/3814/1732 3815/3815/1732 3816/3816/1732 3817/3817/1732 3818/3818/1732
f 3819/3819/1733 3820/3820/1733 3821/3821/1733 3822/3822/1733 3823/3823/1733 3824/3824/1733 3825/3825/1733 3826/3826/1733 3827/3827/1733 3828/3828/1733
f 3829/3829/1734 3830/3830/1735 3831/3831/1736 3832/3832/1737
f 3833/3833/1738 3834/3834/1739 3835/3835/1740 3836/3836/1741
f 3837/3837/1742 3838/3838/1743 3839/3839/1744 3840/3840/1745
f 3841/3841/1746 3842/3842/1747 3843/3843/1748 3844/3844/1749
f 3845/3845/1750 3846/3846/1751 3847/3847/1752 3848/3848/1753
f 3849/3849/1754 3850/3850/1755 3851/3851/1756 3852/3852/1757
f 3853/3853/1758 3854/3854/1759 3855/3855/1760 3856/3856/1761
f 3857/3857/1762 3858/3858/1763 3859/3859/1764 3860/3860/1765
f 3861/3861/1766 3862/3862/1767 3863/3863/1768 3864/3864/1769
f 3865/3865/1770 3866/3866/1771 3867/3867/1772 3868/3868/1773
f 3869/3869/1774 3870/3870/1774 3871/3871/1774 3872/3872/1774 3873/3873/1774 3874/3874/1774 3875/3875/1774 3876/3876/1774 3877/3877/1774 3878/3878/1774
f 3879/3879/1775 3880/3880/1775 3881/3881/1775 3882/3882/1775 3883/3883/1775 3884/3884/1775 3885/3885/1775 3886/3886/1775 3887/3887/1775 3888/3888/1775
f 3889/3889/1776 3890/3890/1777 3891/3891/1778 3892/3892/1779
f 3893/3893/1780 3894/3894/1781 3895/3895/1782 3896/3896/1783
f 3897/3897/1784 3898/3898/1785 3899/3899/1786 3900/3900/1787
f 3901/3901/1788 3902/3902/1789 3903/3903/1790 3904/3904/1791
f 3905/3905/1792 3906/3906/1793 3907/3907/1794 3908/3908/1795
f 3909/3909/1796 3910/3910/1797 3911/3911/1798 3912/3912/1799
f 3913/3913/1800 3914/3914/1801 3915/3915/1802 3916/3916/1803
f 3917/3917/1804 3918/3918/1805 3919/3919/1806 3920/3920/1807
f 3921/3921/1808 3922/3922/1809 3923/3923/1810 3924/3924/1811
f 3925/3925/1812 3926/3926/1813 3927/3927/1814 3928/3928/1815
f 3929/3929/1816 3930/3930/1816 3931/3931/1816 3932/3932/1816 3933/3933/1816 3934/3934/1816 3935/3935/1816 3936/3936/1816 3937/3937/1816 3938/3938/1816
f 3939/3939/1817 3940/3940/1817 3941/3941/1817 3942/3942/1817 3943/3943/1817 3944/3944/1817 3945/3945/1817 3946/3946/1817 3947/3947/1817 3948/3948/1817
f 3949/3949/1818 3950/3950/1819 3951/3951/1820 3952/3952/1821
f 3953/3953/1822 3954/3954/1823 3955/3955/1824 3956/3956/1825
f 3957/3957/1826 3958/3958/1827 3959/3959/1828 3960/3960/1829
f 3961/3961/1830 3962/3962/1831 3963/3963/1832 3964/3964/1833
f 3965/3965/1834 3966/3966/1835 3967/3967/1836 3968/3968/1837
f 3969/3969/1838 3970/3970/1839 3971/3971/1840 3972/3972/1841
f 3973/3973/1842 3974/3974/1843 3975/3975/1844 3976/3976/1845
f 3977/3977/1846 3978/3978/1847 3979/3979/1848 3980/3980/1849
f 3981/3981/1850 3982/3982/1851 3983/3983/1852 3984/3984/1853
f 3985/3985/1854 3986/3986/1855 3987/3987/1856 3988/3988/1857
f 3989/3989/1858 3990/3990/1858 3991/3991/1858 3992/3992/1858 3993/3993/1858 3994/3994/1858 3995/3995/1858 3996/3996/1858 3997/3997/1858 3998/3998/1858
f 3999/3999/1859 4000/4000/1859 4001/4001/1859 4002/4002/1859 4003/4003/1859 4004/4004/1859 4005/4005/1859 4006/4006/1859 4007/4007/1859 4008/4008/1859
f 4009/4009/1860 4010/4010/1861 4011/4011/1862 4012/4012/1863
f 4013/4013/1864 4014/4014/1865 4015/4015/1866 4016/4016/1867
f 4017/4017/1868 4018/4018/1869 4019/4019/1870 4020/4020/1871
f 4021/4021/1872 4022/4022/1873 4023/4023/1874 4024/4024/1875
f 4025/4025/1876 4026/4026/1877 4027/4027/1878 4028/4028/1879
f 4029/4029/1880 4030/4030/1881 4031/4031/1882 4032/4032/1883
f 4033/4033/1884 4034/4034/1885 4035/4035/1886 4036/4036/1887
f 4037/4037/1888 4038/4038/1889 4039/4039/1890 4040/4040/1891
f 4041/4041/1892 4042/4042/1893 4043/4043/1894 4044/4044/1895
f 4045/4045/1896 4046/4046/1897 4047/4047/1898 4048/4048/1899
f 4049/4049/1900 4050/4050/1900 4051/4051/1900 4052/4052/1900 4053/4053/1900 4054/4054/1900 4055/4055/1900 4056/4056/1900 4057/4057/1900 4058/4058/1900
f 4059/4059/1901 4060/4060/1901 4061/4061/1901 4062/4062/1901 4063/4063/1901 4064/4064/1901 4065/4065/1901 4066/4066/1901 4067/4067/1901 4068/4068/1901
f 4069/4069/1902 4070/4070/1903 4071/4071/1904 4072/4072/1905
f 4073/4073/1906 4074/4074/1907 4075/4075/1908 4076/4076/1909
f 4077/4077/1910 4078/4078/1911 4079/4079/1912 4080/4080/1913
f 4081/4081/1914 4082/4082/1915 4083/4083/1916 4084/4084/1917
f 4085/4085/1918 4086/4086/1919 4087/4087/1920 4088/4088/1921
f 4089/4089/1922 4090/4090/1923 4091/4091/1924 4092/4092/1925
f 4093/4093/1926 4094/4094/1927 4095/4095/1928 4096/4096/1929
f 4097/4097/1930 4098/4098/1931 4099/4099/1932 4100/4100/1933
f 4101/4101/1934 4102/4102/1935 4103/4103/1936 4104/4104/1937
f 4105/4105/1938 4106/4106/1939 4107/4107/1940 4108/4108/1941
f 4109/4109/1942 4110/4110/1942 4111/4111/1942 4112/4112/1942 4113/4113/1942 4114/4114/1942 4115/4115/1942 4116/4116/1942 4117/4117/1942 4118/4118/1942
f 4119/4119/1943 4120/4120/1943 4121/4121/1943 4122/4122/1943 4123/4123/1943 4124/4124/1943 4125/4125/1943 4126/4126/1943 4127/4127/1943 4128/4128/1943
f 4129/4129/1944 4130/4130/1945 4131/4131/1946 4132/4132/1947
f 4133/4133/1948 4134/4134/1949 4135/4135/1950 4136/4136/1951
f 4137/4137/1952 4138/4138/1953 4139/4139/1954 4140/4140/1955
f 4141/4141/1956 4142/4142/1957 4143/4143/1958 4144/4144/1959
f 4145/4145/1960 4146/4146/1961 4147/4147/1962 4148/4148/1963
f 4149/4149/1964 4150/4150/1965 4151/4151/1966 4152/4152/1967
f 4153/4153/1968 4154/4154/1969 4155/4155/1970 4156/4156/1971
f 4157/4157/1972 4158/4158/1973 4159/4159/1974 4160/4160/1975
f 4161/4161/1976 4162/4162/1977 4163/4163/1978 4164/4164/1979
f 4165/4165/1980 4166/4166/1981 4167/4167/1982 4168/4168/1983
f 4169/4169/1984 4170/4170/1984 4171/4171/1984 4172/4172/1984 4173/4173/1984 4174/4174/1984 4175/4175/1984 4176/4176/1984 4177/4177/1984 4178/4178/1984
f 4179/4179/1985 4180/4180/1985 4181/4181/1985 4182/4182/1985 4183/4183/1985 4184/4184/1985 4185/4185/1985 4186/4186/1985 4187/4187/1985 4188/4188/1985
f 4189/4189/1986 4190/4190/1987 4191/4191/1988 4192/4192/1989
f 4193/4193/1990 4194/4194/1991 4195/4195/1992 4196/4196/1993
f 4197/4197/1994 4198/4198/1995 4199/4199/1996 4200/4200/1997
f 4201/4201/1998 4202/4202/1999 4203/4203/2000 4204/4204/2001
f 4205/4205/2002 4206/4206/2003 4207/4207/2004 4208/4208/2005
f 4209/4209/2006 4210/4210/2007 4211/4211/2008 4212/4212/2009
f 4213/4213/2010 4214/4214/2011 4215/4215/2012 4216/4216/2013
f 4217/4217/2014 4218/4218/2015 4219/4219/2016 4220/4220/2017
f 4221/4221/2018 4222/4222/2019 4223/4223/2020 4224/4224/2021
f 4225/4225/2022 4226/4226/2023 4227/4227/2024 4228/4228/2025
f 4229/4229/2026 4230/4230/2026 4231/4231/2026 4232/4232/2026 4233/4233/2026 4234/4234/2026 4235/4235/2026 4236/4236/2026 4237/4237/2026 4238/4238/2026
f 4239/4239/2027 4240/4240/2027 4241/4241/2027 4242/4242/2027 4243/4243/2027 4244/4244/2027 4245/4245/2027 4246/4246/2027 4247/4247/2027 4248/4248/2027
f 4249/4249/2028 4250/4250/2029 4251/4251/2030 4252/4252/2031
f 4253/4253/2032 4254/4254/2033 4255/4255/2034 4256/4256/2035
f 4257/4257/2036 4258/4258/2037 4259/4259/2038 4260/4260/2039
f 4261/4261/2040 4262/4262/2041 4263/4263/2042 4264/4264/2043
f 4265/4265/2044 4266/4266/2045 4267/4267/2046 4268/4268/2047
f 4269/4269/2048 4270/4270/2049 4271/4271/2050 4272/4272/2051
f 4273/4273/2052 4274/4274/2053 4275/4275/2054 4276/4276/2055
f 4277/4277/2056 4278/4278/2057 4279/4279/2058 4280/4280/2059
f 4281/4281/2060 4282/4282/2061 4283/4283/2062 4284/4284/2063
f 4285/4285/2064 4286/4286/2065 4287/4287/2066 4288/4288/2067
f 4289/4289/2068 4290/4290/2068 4291/4291/2068 4292/4292/2068 4293/4293/2068 4294/4294/2068 4295/4295/2068 4296/4296/2068 4297/4297/2068 4298/4298/2068
f 4299/4299/2069 4300/4300/2069 4301/4301/2069 4302/4302/2069 4303/4303/2069 4304/4304/2069 4305/4305/2069 4306/4306/2069 4307/4307/2069 4308/4308/2069
f 4309/4309/2070 4310/4310/2071 4311/4311/2072 4312/4312/2073
f 4313/4313/2074 4314/4314/2075 4315/4315/2076 4316/4316/2077
f 4317/4317/2078 4318/4318/2079 4319/4319/2080 4320/4320/2081
f 4321/4321/2082 4322/4322/2083 4323/4323/2084 4324/4324/2085
f 4325/4325/2086 4326/4326/2087 4327/4327/2088 4328/4328/2089
f 4329/4329/2090 4330/4330/2091 4331/4331/2092 4332/4332/2093
f 4333/4333/2094 4334/4334/2095 4335/4335/2096 4336/4336/2097
f 4337/4337/2098 4338/4338/2099 4339/4339/2100 4340/4340/2101
f 4341/4341/2102 4342/4342/2103 4343/4343/2104 4344/4344/2105
f 4345/4345/2106 4346/4346/2107 4347/4347/2108 4348/4348/2109
f 4349/4349/2110 4350/4350/2110 4351/4351/2110 4352/4352/2110 4353/4353/2110 4354/4354/2110 4355/4355/2110 4356/4356/2110 4357/4357/2110 4358/4358/2110
f 4359/4359/2111 4360/4360/2111 4361/4361/2111 4362/4362/2111 4363/4363/2111 4364/4364/2111 4365/4365/2111 4366/4366/2111 4367/4367/2111 4368/4368/2111
f 4369/4369/2112 4370/4370/2113 4371/4371/2114 4372/4372/2115
f 4373/4373/2116 4374/4374/2117 4375/4375/2118 4376/4376/2119
f 4377/4377/2120 4378/4378/2121 4379/4379/2122 4380/4380/2123
f 4381/4381/2124 4382/4382/2125 4383/4383/2126 4384/4384/2127
f 4385/4385/2128 4386/4386/2129 4387/4387/2130 4388/4388/2131
f 4389/4389/2132 4390/4390/2133 4391/4391/2134 4392/4392/2135
f 4393/4393/2136 4394/4394/2137 4395/4395/2138 4396/4396/2139
f 4397/4397/2140 4398/4398/2141 4399/4399/2142 4400/4400/2143
f 4401/4401/2144 4402/4402/2145 4403/4403/2146 4404/4404/2147
f 4405/4405/2148 4406/4406/2149 4407/4407/2150 4408/4408/2151
f 4409/4409/2152 4410/4410/2152 4411/4411/2152 4412/4412/2152 4413/4413/2152 4414/4414/2152 4415/4415/2152 4416/4416/2152 4417/4417/2152 4418/4418/2152
f 4419/4419/2153 4420/4420/2153 4421/4421/2153 4422/4422/2153 4423/4423/2153 4424/4424/2153 4425/4425/2153 4426/4426/2153 4427/4427/2153 4428/4428/2153
f 4453/4453/2160 4454/4454/2160 4455/4455/2160 4456/4456/2160
f 4457/4457/2161 4458/4458/2161 4459/4459/2161 4460/4460/2161
f 4461/4461/2162 4462/4462/2162 4463/4463/2162 4464/4464/2162
f 4465/4465/2163 4466/4466/2163 4467/4467/2163 4468/4468/2163
f 4469/4469/2164 4470/4470/2164 4471/4471/2164 4472/4472/2164
f 4473/4473/2165 4474/4474/2165 4475/4475/2165 4476/4476/2165
f 4681/4681/2217 4682/4682/2217 4683/4683/2217 4684/4684/2217
f 4685/4685/2218 4686/4686/2218 4687/4687/2218 4688/4688/2218
f 4689/4689/2219 4690/4690/2219 4691/4691/2219 4692/4692/2219
f 4693/4693/2220 4694/4694/2220 4695/4695/2220 4696/4696/2220
f 4697/4697/2221 4698/4698/2221 4699/4699/2221 4700/4700/2221
f 4701/4701/2222 4702/4702/2222 4703/4703/2222 4704/4704/2222
f 4909/4909/2274 4910/4910/2274 4911/4911/2274 4912/4912/2274
f 4913/4913/2275 4914/4914/2275 4915/4915/2275 4916/4916/2275
f 4917/4917/2276 4918/4918/2276 4919/4919/2276 4920/4920/2276
f 4921/4921/2277 4922/4922/2277 4923/4923/2277 4924/4924/2277
f 4925/4925/2278 4926/4926/2278 4927/4927/2278 4928/4928/2278
f 4929/4929/2279 4930/4930/2279 4931/4931/2279 4932/4932/2279
f 5137/5137/2331 5138/5138/2331 5139/5139/2331 5140/5140/2331
f 5141/5141/2332 5142/5142/2332 5143/5143/2332 5144/5144/2332
f 5145/5145/2333 5146/5146/2333 5147/5147/2333 5148/5148/2333
f 5149/5149/2334 5150/5150/2334 5151/5151/2334 5152/5152/2334
f 5153/5153/2335 5154/5154/2335 5155/5155/2335 5156/5156/2335
f 5157/5157/2336 5158/5158/2336 5159/5159/2336 5160/5160/2336
f 5725/5725/2478 5726/5726/2478 5727/5727/2478 5728/5728/2478
f 5729/5729/2479 5730/5730/2479 5731/5731/2479 5732/5732/2479
f 5733/5733/2480 5734/5734/2480 5735/5735/2480 5736/5736/2480
f 5737/5737/2481 5738/5738/2481 5739/5739/2481 5740/5740/2481
f 5741/5741/2482 5742/5742/2482 5743/5743/2482 5744/5744/2482
f 5745/5745/2483 5746/5746/2483 5747/5747/2483 5748/5748/2483
f 5953/5953/2535 5954/5954/2535 5955/5955/2535 5956/5956/2535
f 5957/5957/2536 5958/5958/2536 5959/5959/2536 5960/5960/2536
f 5961/5961/2537 5962/5962/2537 5963/5963/2537 5964/5964/2537
f 5965/5965/2538 5966/5966/2538 5967/5967/2538 5968/5968/2538
f 5969/5969/2539 5970/5970/2539 5971/5971/2539 5972/5972/2539
f 5973/5973/2540 5974/5974/2540 5975/5975/2540 5976/5976/2540
f 6181/6181/2592 6182/6182/2592 6183/6183/2592 6184/6184/2592
f 6185/6185/2593 6186/6186/2593 6187/6187/2593 6188/6188/2593
f 6189/6189/2594 6190/6190/2594 6191/6191/2594 6192/6192/2594
f 6193/6193/2595 6194/6194/2595 6195/6195/2595 6196/6196/2595
f 6197/6197/2596 6198/6198/2596 6199/6199/2596 6200/6200/2596
f 6201/6201/2597 6202/6202/2597 6203/6203/2597 6204/6204/2597
f 6409/6409/2649 6410/6410/2649 6411/6411/2649 6412/6412/2649
f 6413/6413/2650 6414/6414/2650 6415/6415/2650 6416/6416/2650
f 6417/6417/2651 6418/6418/2651 6419/6419/2651 6420/6420/2651
f 6421/6421/2652 6422/6422/2652 6423/6423/2652 6424/6424/2652
f 6425/6425/2653 6426/6426/2653 6427/6427/2653 6428/6428/2653
f 6429/6429/2654 6430/6430/2654 6431/6431/2654 6432/6432/2654
f 7101/7101/2822 7102/7102/2822 7103/7103/2822 7104/7104/2822
f 7105/7105/2823 7106/7106/2823 7107/7107/2823 7108/7108/2823
f 7109/7109/2824 7110/7110/2824 7111/7111/2824 7112/7112/2824
f 7113/7113/2825 7114/7114/2825 7115/7115/2825 7116/7116/2825
f 7117/7117/2826 7118/7118/2826 7119/7119/2826 7120/7120/2826
f 7121/7121/2827 7122/7122/2827 7123/7123/2827 7124/7124/2827
f 7125/7125/2828 7126/7126/2828 7127/7127/2828 7128/7128/2828
f 7129/7129/2829 7130/7130/2829 7131/7131/2829 7132/7132/2829
f 7133/7133/2830 7134/7134/2830 7135/7135/2830 7136/7136/2830
f 7137/7137/2831 7138/7138/2831 7139/7139/2831 7140/7140/2831
f 7141/7141/2832 7142/7142/2832 7143/7143/2832 7144/7144/2832
f 7145/7145/2833 7146/7146/2833 7147/7147/2833 7148/7148/2833
f 7149/7149/2834 7150/7150/2834 7151/7151/2834 7152/7152/2834
f 7153/7153/2835 7154/7154/2835 7155/7155/2835 7156/7156/2835
f 7157/7157/2836 7158/7158/2836 7159/7159/2836 7160/7160/2836
f 7161/7161/2837 7162/7162/2837 7163/7163/2837 7164/7164/2837
f 7165/7165/2838 7166/7166/2838 7167/7167/2838 7168/7168/2838
f 7169/7169/2839 7170/7170/2839 7171/7171/2839 7172/7172/2839
f 7173/7173/2840 7174/7174/2840 7175/7175/2840
f 7176/7176/2841 7177/7177/2841 7178/7178/2841
f 7179/7179/2842 7180/7180/2842 7181/7181/2842
f 7182/7182/2843 7183/7183/2843 7184/7184/2843
f 7185/7185/2844 7186/7186/2844 7187/7187/2844
f 7188/7188/2845 7189/7189/2845 7190/7190/2845
f 7191/7191/2846 7192/7192/2846 7193/7193/2846
f 7194/7194/2847 7195/7195/2847 7196/7196/2847
f 7461/7461/2914 7462/7462/2914 7463/7463/2914 7464/7464/2914
f 7465/7465/2915 7466/7466/2915 7467/7467/2915 7468/7468/2915
f 7469/7469/2916 7470/7470/2916 7471/7471/2916 7472/7472/2916
f 7473/7473/2917 7474/7474/2917 7475/7475/2917 7476/7476/2917
f 7477/7477/2918 7478/7478/2918 7479/7479/2918 7480/7480/2918
f 7481/7481/2919 7482/7482/2919 7483/7483/2919 7484/7484/2919
f 7485/7485/2920 7486/7486/2920 7487/7487/2920 7488/7488/2920
f 7489/7489/2921 7490/7490/2921 7491/7491/2921 7492/7492/2921
f 7493/7493/2922 7494/7494/2922 7495/7495/2922 7496/7496/2922
f 7497/7497/2923 7498/7498/2923 7499/7499/2923 7500/7500/2923
f 7501/7501/2924 7502/7502/2924 7503/7503/2924 7504/7504/2924
f 7505/7505/2925 7506/7506/2925 7507/7507/2925 7508/7508/2925
f 7509/7509/2926 7510/7510/2926 7511/7511/2926 7512/7512/2926
f 7513/7513/2927 7514/7514/2927 7515/7515/2927 7516/7516/2927
f 7517/7517/2928 7518/7518/2928 7519/7519/2928 7520/7520/2928
f 7521/7521/2929 7522/7522/2929 7523/7523/2929 7524/7524/2929
f 7525/7525/2930 7526/7526/2930 7527/7527/2930 7528/7528/2930
f 7529/7529/2931 7530/7530/2931 7531/7531/2931 7532/7532/2931
f 7533/7533/2932 7534/7534/2932 7535/7535/2932
f 7536/7536/2933 7537/7537/2933 7538/7538/2933
f 7539/7539/2934 7540/7540/2934 7541/7541/2934
f 7542/7542/2935 7543/7543/2935 7544/7544/2935
f 7545/7545/2936 7546/7546/2936 7547/7547/2936
f 7548/7548/2937 7549/7549/2937 7550/7550/2937
f 7551/7551/2938 7552/7552/2938 7553/7553/2938
f 7554/7554/2939 7555/7555/2939 7556/7556/2939
f 7893/7893/3024 7894/7894/3024 7895/7895/3024 7896/7896/3024
f 7897/7897/3025 7898/7898/3025 7899/7899/3025 7900/7900/3025
f 7901/7901/3026 7902/7902/3026 7903/7903/3026 7904/7904/3026
f 7905/7905/3027 7906/7906/3027 7907/7907/3027 7908/7908/3027
f 7909/7909/3028 7910/7910/3028 7911/7911/3028 7912/7912/3028
f 7913/7913/3029 7914/7914/3029 7915/7915/3029 7916/7916/3029
f 7917/7917/3030 7918/7918/3030 7919/7919/3030 7920/7920/3030
f 7921/7921/3031 7922/7922/3031 7923/7923/3031 7924/7924/3031
f 7925/7925/3032 7926/7926/3032 7927/7927/3032 7928/7928/3032
f 7929/7929/3033 7930/7930/3033 7931/7931/3033 7932/7932/3033
f 7933/7933/3034 7934/7934/3034 7935/7935/3034 7936/7936/3034
f 7937/7937/3035 7938/7938/3035 7939/7939/3035 7940/7940/3035
f 7941/7941/3036 7942/7942/3036 7943/7943/3036 7944/7944/3036
f 7945/7945/3037 7946/7946/3037 7947/7947/3037 7948/7948/3037
f 7949/7949/3038 7950/7950/3038 7951/7951/3038 7952/7952/3038
f 7953/7953/3039 7954/7954/3039 7955/7955/3039 7956/7956/3039
f 7957/7957/3040 7958/7958/3040 7959/7959/3040 7960/7960/3040
f 7961/7961/3041 7962/7962/3041 7963/7963/3041 7964/7964/3041
f 7965/7965/3042 7966/7966/3042 7967/7967/3042
f 7968/7968/3043 7969/7969/3043 7970/7970/3043
f 7971/7971/3044 7972/7972/3044 7973/7973/3044
f 7974/7974/3045 7975/7975/3045 7976/7976/3045
f 7977/7977/3046 7978/7978/3046 7979/7979/3046
f 7980/7980/3047 7981/7981/3047 7982/7982/3047
f 7983/7983/3048 7984/7984/3048 7985/7985/3048
f 7986/7986/3049 7987/7987/3049 7988/7988/3049
usemtl paint_blue
f 4429/4429/2154 4430/4430/2154 4431/4431/2154 4432/4432/2154
f 4433/4433/2155 4434/4434/2155 4435/4435/2155 4436/4436/2155
f 4437/4437/2156 4438/4438/2156 4439/4439/2156 4440/4440/2156
f 4441/4441/2157 4442/4442/2157 4443/4443/2157 4444/4444/2157
f 4445/4445/2158 4446/4446/2158 4447/4447/2158 4448/4448/2158
f 4449/4449/2159 4450/4450/2159 4451/4451/2159 4452/4452/2159
f 4657/4657/2211 4658/4658/2211 4659/4659/2211 4660/4660/2211
f 4661/4661/2212 4662/4662/2212 4663/4663/2212 4664/4664/2212
f 4665/4665/2213 4666/4666/2213 4667/4667/2213 4668/4668/2213
f 4669/4669/2214 4670/4670/2214 4671/4671/2214 4672/4672/2214
f 4673/4673/2215 4674/4674/2215 4675/4675/2215 4676/4676/2215
f 4677/4677/2216 4678/4678/2216 4679/4679/2216 4680/4680/2216
f 4885/4885/2268 4886/4886/2268 4887/4887/2268 4888/4888/2268
f 4889/4889/2269 4890/4890/2269 4891/4891/2269 4892/4892/2269
f 4893/4893/2270 4894/4894/2270 4895/4895/2270 4896/4896/2270
f 4897/4897/2271 4898/4898/2271 4899/4899/2271 4900/4900/2271
f 4901/4901/2272 4902/4902/2272 4903/4903/2272 4904/4904/2272
f 4905/4905/2273 4906/4906/2273 4907/4907/2273 4908/4908/2273
f 5113/5113/2325 5114/5114/2325 5115/5115/2325 5116/5116/2325
f 5117/5117/2326 5118/5118/2326 5119/5119/2326 5120/5120/2326
f 5121/5121/2327 5122/5122/2327 5123/5123/2327 5124/5124/2327
f 5125/5125/2328 5126/5126/2328 5127/5127/2328 5128/5128/2328
f 5129/5129/2329 5130/5130/2329 5131/5131/2329 5132/5132/2329
f 5133/5133/2330 5134/5134/2330 5135/5135/2330 5136/5136/2330
f 5701/5701/2472 5702/5702/2472 5703/5703/2472 5704/5704/2472
f 5705/5705/2473 5706/5706/2473 5707/5707/2473 5708/5708/2473
f 5709/5709/2474 5710/5710/2474 5711/5711/2474 5712/5712/2474
f 5713/5713/2475 5714/5714/2475 5715/5715/2475 5716/5716/2475
f 5717/5717/2476 5718/5718/2476 5719/5719/2476 5720/5720/2476
f 5721/5721/2477 5722/5722/2477 5723/5723/2477 5724/5724/2477
f 5929/5929/2529 5930/5930/2529 5931/5931/2529 5932/5932/2529
f 5933/5933/2530 5934/5934/2530 5935/5935/2530 5936/5936/2530
f 5937/5937/2531 5938/5938/2531 5939/5939/2531 5940/5940/2531
f 5941/5941/2532 5942/5942/2532 5943/5943/2532 5944/5944/2532
f 5945/5945/2533 5946/5946/2533 5947/5947/2533 5948/5948/2533
f 5949/5949/2534 5950/5950/2534 5951/5951/2534 5952/5952/2534
f 6157/6157/2586 6158/6158/2586 6159/6159/2586 6160/6160/2586
f 6161/6161/2587 6162/6162/2587 6163/6163/2587 6164/6164/2587
f 6165/6165/2588 6166/6166/2588 6167/6167/2588 6168/6168/2588
f 6169/6169/2589 6170/6170/2589 6171/6171/2589 6172/6172/2589
f 6173/6173/2590 6174/6174/2590 6175/6175/2590 6176/6176/2590
f 6177/6177/2591 6178/6178/2591 6179/6179/2591 6180/6180/2591
f 6385/6385/2643 6386/6386/2643 6387/6387/2643 6388/6388/2643
f 6389/6389/2644 6390/6390/2644 6391/6391/2644 6392/6392/2644
f 6393/6393/2645 6394/6394/2645 6395/6395/2645 6396/6396/2645
f 6397/6397/2646 6398/6398/2646 6399/6399/2646 6400/6400/2646
f 6401/6401/2647 6402/6402/2647 6403/6403/2647 6404/6404/2647
f 6405/6405/2648 6406/6406/2648 6407/6407/2648 6408/6408/2648
f 8445/8445/3218 8446/8446/3218 8447/8447/3218 8448/8448/3218
f 8449/8449/3219 8450/8450/3219 8451/8451/3219 8452/8452/3219
f 8453/8453/3220 8454/8454/3220 8455/8455/3220 8456/8456/3220
f 8457/8457/3221 8458/8458/3221 8459/8459/3221 8460/8460/3221
f 8461/8461/3222 8462/8462/3222 8463/8463/3222 8464/8464/3222
f 8465/8465/3223 8466/8466/3223 8467/8467/3223 8468/8468/3223
f 8469/8469/3224 8470/8470/3224 8471/8471/3224 8472/8472/3224
f 8473/8473/3225 8474/8474/3225 8475/8475/3225 8476/8476/3225
f 8477/8477/3226 8478/8478/3226 8479/8479/3226 8480/8480/3226
f 8481/8481/3227 8482/8482/3227 8483/8483/3227 8484/8484/3227
f 8509/8509/3234 8510/8510/3234 8511/8511/3234 8512/8512/3234
f 8513/8513/3235 8514/8514/3235 8515/8515/3235 8516/8516/3235
f 8517/8517/3236 8518/8518/3236 8519/8519/3236 8520/8520/3236
f 8521/8521/3237 8522/8522/3237 8523/8523/3237 8524/8524/3237
f 8525/8525/3238 8526/8526/3238 8527/8527/3238 8528/8528/3238
f 8529/8529/3239 8530/8530/3239 8531/8531/3239 8532/8532/3239
f 8533/8533/3240 8534/8534/3240 8535/8535/3240 8536/8536/3240
f 8537/8537/3241 8538/8538/3241 8539/8539/3241 8540/8540/3241
f 8541/8541/3242 8542/8542/3242 8543/8543/3242 8544/8544/3242
f 8545/8545/3243 8546/8546/3243 8547/8547/3243 8548/8548/3243
f 8549/8549/3244 8550/8550/3244 8551/8551/3244 8552/8552/3244
f 8553/8553/3245 8554/8554/3245 8555/8555/3245 8556/8556/3245
usemtl glass_dark
f 4549/4549/2184 4550/4550/2184 4551/4551/2184 4552/4552/2184
f 4553/4553/2185 4554/4554/2185 4555/4555/2185 4556/4556/2185
f 4557/4557/2186 4558/4558/2186 4559/4559/2186 4560/4560/2186
f 4561/4561/2187 4562/4562/2187 4563/4563/2187 4564/4564/2187
f 4565/4565/2188 4566/4566/2188 4567/4567/2188 4568/4568/2188
f 4569/4569/2189 4570/4570/2189 4571/4571/2189 4572/4572/2189
f 4589/4589/2194 4590/4590/2194 4591/4591/2194 4592/4592/2194
f 4593/4593/2195 4594/4594/2195 4595/4595/2195 4596/4596/2195
f 4597/4597/2196 4598/4598/2196 4599/4599/2196 4600/4600/2196
f 4601/4601/2197 4602/4602/2197 4603/4603/2197 4604/4604/2197
f 4605/4605/2198 4606/4606/2198 4607/4607/2198 4608/4608/2198
f 4609/4609/2199 4610/4610/2199 4611/4611/2199 4612/4612/2199
f 4777/4777/2241 4778/4778/2241 4779/4779/2241 4780/4780/2241
f 4781/4781/2242 4782/4782/2242 4783/4783/2242 4784/4784/2242
f 4785/4785/2243 4786/4786/2243 4787/4787/2243 4788/4788/2243
f 4789/4789/2244 4790/4790/2244 4791/4791/2244 4792/4792/2244
f 4793/4793/2245 4794/4794/2245 4795/4795/2245 4796/4796/2245
f 4797/4797/2246 4798/4798/2246 4799/4799/2246 4800/4800/2246
f 4817/4817/2251 4818/4818/2251 4819/4819/2251 4820/4820/2251
f 4821/4821/2252 4822/4822/2252 4823/4823/2252 4824/4824/2252
f 4825/4825/2253 4826/4826/2253 4827/4827/2253 4828/4828/2253
f 4829/4829/2254 4830/4830/2254 4831/4831/2254 4832/4832/2254
f 4833/4833/2255 4834/4834/2255 4835/4835/2255 4836/4836/2255
f 4837/4837/2256 4838/4838/2256 4839/4839/2256 4840/4840/2256
f 5005/5005/2298 5006/5006/2298 5007/5007/2298 5008/5008/2298
f 5009/5009/2299 5010/5010/2299 5011/5011/2299 5012/5012/2299
f 5013/5013/2300 5014/5014/2300 5015/5015/2300 5016/5016/2300
f 5017/5017/2301 5018/5018/2301 5019/5019/2301 5020/5020/2301
f 5021/5021/2302 5022/5022/2302 5023/5023/2302 5024/5024/2302
f 5025/5025/2303 5026/5026/2303 5027/5027/2303 5028/5028/2303
f 5045/5045/2308 5046/5046/2308 5047/5047/2308 5048/5048/2308
f 5049/5049/2309 5050/5050/2309 5051/5051/2309 5052/5052/2309
f 5053/5053/2310 5054/5054/2310 5055/5055/2310 5056/5056/2310
f 5057/5057/2311 5058/5058/2311 5059/5059/2311 5060/5060/2311
f 5061/5061/2312 5062/5062/2312 5063/5063/2312 5064/5064/2312
f 5065/5065/2313 5066/5066/2313 5067/5067/2313 5068/5068/2313
f 5233/5233/2355 5234/5234/2355 5235/5235/2355 5236/5236/2355
f 5237/5237/2356 5238/5238/2356 5239/5239/2356 5240/5240/2356
f 5241/5241/2357 5242/5242/2357 5243/5243/2357 5244/5244/2357
f 5245/5245/2358 5246/5246/2358 5247/5247/2358 5248/5248/2358
f 5249/5249/2359 5250/5250/2359 5251/5251/2359 5252/5252/2359
f 5253/5253/2360 5254/5254/2360 5255/5255/2360 5256/5256/2360
f 5273/5273/2365 5274/5274/2365 5275/5275/2365 5276/5276/2365
f 5277/5277/2366 5278/5278/2366 5279/5279/2366 5280/5280/2366
f 5281/5281/2367 5282/5282/2367 5283/5283/2367 5284/5284/2367
f 5285/5285/2368 5286/5286/2368 5287/5287/2368 5288/5288/2368
f 5289/5289/2369 5290/5290/2369 5291/5291/2369 5292/5292/2369
f 5293/5293/2370 5294/5294/2370 5295/5295/2370 5296/5296/2370
f 5821/5821/2502 5822/5822/2502 5823/5823/2502 5824/5824/2502
f 5825/5825/2503 5826/5826/2503 5827/5827/2503 5828/5828/2503
f 5829/5829/2504 5830/5830/2504 5831/5831/2504 5832/5832/2504
f 5833/5833/2505 5834/5834/2505 5835/5835/2505 5836/5836/2505
f 5837/5837/2506 5838/5838/2506 5839/5839/2506 5840/5840/2506
f 5841/5841/2507 5842/5842/2507 5843/5843/2507 5844/5844/2507
f 5861/5861/2512 5862/5862/2512 5863/5863/2512 5864/5864/2512
f 5865/5865/2513 5866/5866/2513 5867/5867/2513 5868/5868/2513
f 5869/5869/2514 5870/5870/2514 5871/5871/2514 5872/5872/2514
f 5873/5873/2515 5874/5874/2515 5875/5875/2515 5876/5876/2515
f 5877/5877/2516 5878/5878/2516 5879/5879/2516 5880/5880/2516
f 5881/5881/2517 5882/5882/2517 5883/5883/2517 5884/5884/2517
f 6049/6049/2559 6050/6050/2559 6051/6051/2559 6052/6052/2559
f 6053/6053/2560 6054/6054/2560 6055/6055/2560 6056/6056/2560
f 6057/6057/2561 6058/6058/2561 6059/6059/2561 6060/6060/2561
f 6061/6061/2562 6062/6062/2562 6063/6063/2562 6064/6064/2562
f 6065/6065/2563 6066/6066/2563 6067/6067/2563 6068/6068/2563
f 6069/6069/2564 6070/6070/2564 6071/6071/2564 6072/6072/2564
f 6089/6089/2569 6090/6090/2569 6091/6091/2569 6092/6092/2569
f 6093/6093/2570 6094/6094/2570 6095/6095/2570 6096/6096/2570
f 6097/6097/2571 6098/6098/2571 6099/6099/2571 6100/6100/2571
f 6101/6101/2572 6102/6102/2572 6103/6103/2572 6104/6104/2572
f 6105/6105/2573 6106/6106/2573 6107/6107/2573 6108/6108/2573
f 6109/6109/2574 6110/6110/2574 6111/6111/2574 6112/6112/2574
f 6277/6277/2616 6278/6278/2616 6279/6279/2616 6280/6280/2616
f 6281/6281/2617 6282/6282/2617 6283/6283/2617 6284/6284/2617
f 6285/6285/2618 6286/6286/2618 6287/6287/2618 6288/6288/2618
f 6289/6289/2619 6290/6290/2619 6291/6291/2619 6292/6292/2619
f 6293/6293/2620 6294/6294/2620 6295/6295/2620 6296/6296/2620
f 6297/6297/2621 6298/6298/2621 6299/6299/2621 6300/6300/2621
f 6317/6317/2626 6318/6318/2626 6319/6319/2626 6320/6320/2626
f 6321/6321/2627 6322/6322/2627 6323/6323/2627 6324/6324/2627
f 6325/6325/2628 6326/6326/2628 6327/6327/2628 6328/6328/2628
f 6329/6329/2629 6330/6330/2629 6331/6331/2629 6332/6332/2629
f 6333/6333/2630 6334/6334/2630 6335/6335/2630 6336/6336/2630
f 6337/6337/2631 6338/6338/2631 6339/6339/2631 6340/6340/2631
f 6505/6505/2673 6506/6506/2673 6507/6507/2673 6508/6508/2673
f 6509/6509/2674 6510/6510/2674 6511/6511/2674 6512/6512/2674
f 6513/6513/2675 6514/6514/2675 6515/6515/2675 6516/6516/2675
f 6517/6517/2676 6518/6518/2676 6519/6519/2676 6520/6520/2676
f 6521/6521/2677 6522/6522/2677 6523/6523/2677 6524/6524/2677
f 6525/6525/2678 6526/6526/2678 6527/6527/2678 6528/6528/2678
f 6545/6545/2683 6546/6546/2683 6547/6547/2683 6548/6548/2683
f 6549/6549/2684 6550/6550/2684 6551/6551/2684 6552/6552/2684
f 6553/6553/2685 6554/6554/2685 6555/6555/2685 6556/6556/2685
f 6557/6557/2686 6558/6558/2686 6559/6559/2686 6560/6560/2686
f 6561/6561/2687 6562/6562/2687 6563/6563/2687 6564/6564/2687
f 6565/6565/2688 6566/6566/2688 6567/6567/2688 6568/6568/2688
f 8397/8397/3206 8398/8398/3206 8399/8399/3206 8400/8400/3206
f 8401/8401/3207 8402/8402/3207 8403/8403/3207 8404/8404/3207
f 8405/8405/3208 8406/8406/3208 8407/8407/3208 8408/8408/3208
f 8409/8409/3209 8410/8410/3209 8411/8411/3209 8412/8412/3209
f 8413/8413/3210 8414/8414/3210 8415/8415/3210 8416/8416/3210
f 8417/8417/3211 8418/8418/3211 8419/8419/3211 8420/8420/3211
f 8485/8485/3228 8486/8486/3228 8487/8487/3228 8488/8488/3228
f 8489/8489/3229 8490/8490/3229 8491/8491/3229 8492/8492/3229
f 8493/8493/3230 8494/8494/3230 8495/8495/3230 8496/8496/3230
f 8497/8497/3231 8498/8498/3231 8499/8499/3231 8500/8500/3231
f 8501/8501/3232 8502/8502/3232 8503/8503/3232 8504/8504/3232
f 8505/8505/3233 8506/8506/3233 8507/8507/3233 8508/8508/3233
usemtl paint_yellow
f 5437/5437/2406 5438/5438/2406 5439/5439/2406 5440/5440/2406
f 5441/5441/2407 5442/5442/2407 5443/5443/2407 5444/5444/2407
f 5445/5445/2408 5446/5446/2408 5447/5447/2408 5448/5448/2408
f 5449/5449/2409 5450/5450/2409 5451/5451/2409 5452/5452/2409
f 5453/5453/2410 5454/5454/2410 5455/5455/2410 5456/5456/2410
f 5457/5457/2411 5458/5458/2411 5459/5459/2411 5460/5460/2411
f 5557/5557/2436 5558/5558/2436 5559/5559/2436 5560/5560/2436
f 5561/5561/2437 5562/5562/2437 5563/5563/2437 5564/5564/2437
f 5565/5565/2438 5566/5566/2438 5567/5567/2438 5568/5568/2438
f 5569/5569/2439 5570/5570/2439 5571/5571/2439 5572/5572/2439
f 5573/5573/2440 5574/5574/2440 5575/5575/2440 5576/5576/2440
f 5577/5577/2441 5578/5578/2441 5579/5579/2441 5580/5580/2441
f 5677/5677/2466 5678/5678/2466 5679/5679/2466 5680/5680/2466
f 5681/5681/2467 5682/5682/2467 5683/5683/2467 5684/5684/2467
f 5685/5685/2468 5686/5686/2468 5687/5687/2468 5688/5688/2468
f 5689/5689/2469 5690/5690/2469 5691/5691/2469 5692/5692/2469
f 5693/5693/2470 5694/5694/2470 5695/5695/2470 5696/5696/2470
f 5697/5697/2471 5698/5698/2471 5699/5699/2471 5700/5700/2471
f 6709/6709/2724 6710/6710/2724 6711/6711/2724 6712/6712/2724
f 6713/6713/2725 6714/6714/2725 6715/6715/2725 6716/6716/2725
f 6717/6717/2726 6718/6718/2726 6719/6719/2726 6720/6720/2726
f 6721/6721/2727 6722/6722/2727 6723/6723/2727 6724/6724/2727
f 6725/6725/2728 6726/6726/2728 6727/6727/2728 6728/6728/2728
f 6729/6729/2729 6730/6730/2729 6731/6731/2729 6732/6732/2729
f 6829/6829/2754 6830/6830/2754 6831/6831/2754 6832/6832/2754
f 6833/6833/2755 6834/6834/2755 6835/6835/2755 6836/6836/2755
f 6837/6837/2756 6838/6838/2756 6839/6839/2756 6840/6840/2756
f 6841/6841/2757 6842/6842/2757 6843/6843/2757 6844/6844/2757
f 6845/6845/2758 6846/6846/2758 6847/6847/2758 6848/6848/2758
f 6849/6849/2759 6850/6850/2759 6851/6851/2759 6852/6852/2759
f 6949/6949/2784 6950/6950/2784 6951/6951/2784 6952/6952/2784
f 6953/6953/2785 6954/6954/2785 6955/6955/2785 6956/6956/2785
f 6957/6957/2786 6958/6958/2786 6959/6959/2786 6960/6960/2786
f 6961/6961/2787 6962/6962/2787 6963/6963/2787 6964/6964/2787
f 6965/6965/2788 6966/6966/2788 6967/6967/2788 6968/6968/2788
f 6969/6969/2789 6970/6970/2789 6971/6971/2789 6972/6972/2789
usemtl warn_red
f 8665/8665/3343 8666/8666/3344 8667/8667/3345 8668/8668/3346
f 8669/8669/3347 8670/8670/3348 8671/8671/3349 8672/8672/3350
f 8673/8673/3351 8674/8674/3352 8675/8675/3353 8676/8676/3354
f 8677/8677/3355 8678/8678/3356 8679/8679/3357 8680/8680/3358
f 8681/8681/3359 8682/8682/3360 8683/8683/3361 8684/8684/3362
f 8685/8685/3363 8686/8686/3364 8687/8687/3365 8688/8688/3366
f 8689/8689/3367 8690/8690/3368 8691/8691/3369 8692/8692/3370
f 8693/8693/3371 8694/8694/3372 8695/8695/3373 8696/8696/3374
f 8697/8697/3375 8698/8698/3376 8699/8699/3377 8700/8700/3378
f 8701/8701/3379 8702/8702/3380 8703/8703/3381 8704/8704/3382
f 8705/8705/3383 8706/8706/3384 8707/8707/3385 8708/8708/3386
f 8709/8709/3387 8710/8710/3388 8711/8711/3389 8712/8712/3390
f 8713/8713/3391 8714/8714/3392 8715/8715/3393 8716/8716/3394
f 8717/8717/3395 8718/8718/3396 8719/8719/3397 8720/8720/3398
f 8721/8721/3399 8722/8722/3400 8723/8723/3401 8724/8724/3402
f 8725/8725/3403 8726/8726/3404 8727/8727/3405 8728/8728/3406
f 8729/8729/3407 8730/8730/3408 8731/8731/3409 8732/8732/3410
f 8733/8733/3411 8734/8734/3412 8735/8735/3413 8736/8736/3414
f 8737/8737/3415 8738/8738/3416 8739/8739/3417 8740/8740/3418
f 8741/8741/3419 8742/8742/3420 8743/8743/3421 8744/8744/3422
f 8745/8745/3423 8746/8746/3423 8747/8747/3423 8748/8748/3423 8749/8749/3423 8750/8750/3423 8751/8751/3423 8752/8752/3423 8753/8753/3423 8754/8754/3423
f 8863/8863/3521 8864/8864/3522 8865/8865/3523 8866/8866/3524
f 8867/8867/3525 8868/8868/3526 8869/8869/3527 8870/8870/3528
f 8871/8871/3529 8872/8872/3530 8873/8873/3531 8874/8874/3532
f 8875/8875/3533 8876/8876/3534 8877/8877/3535 8878/8878/3536
f 8879/8879/3537 8880/8880/3538 8881/8881/3539 8882/8882/3540
f 8883/8883/3541 8884/8884/3542 8885/8885/3543 8886/8886/3544
f 8887/8887/3545 8888/8888/3546 8889/8889/3547 8890/8890/3548
f 8891/8891/3549 8892/8892/3550 8893/8893/3551 8894/8894/3552
f 8895/8895/3553 8896/8896/3554 8897/8897/3555 8898/8898/3556
f 8899/8899/3557 8900/8900/3558 8901/8901/3559 8902/8902/3560
f 8903/8903/3561 8904/8904/3562 8905/8905/3563 8906/8906/3564
f 8907/8907/3565 8908/8908/3566 8909/8909/3567 8910/8910/3568
f 8911/8911/3569 8912/8912/3570 8913/8913/3571 8914/8914/3572
f 8915/8915/3573 8916/8916/3574 8917/8917/3575 8918/8918/3576
f 8919/8919/3577 8920/8920/3578 8921/8921/3579 8922/8922/3580
f 8923/8923/3581 8924/8924/3582 8925/8925/3583 8926/8926/3584
f 8927/8927/3585 8928/8928/3586 8929/8929/3587 8930/8930/3588
f 8931/8931/3589 8932/8932/3590 8933/8933/3591 8934/8934/3592
f 8935/8935/3593 8936/8936/3594 8937/8937/3595 8938/8938/3596
f 8939/8939/3597 8940/8940/3598 8941/8941/3599 8942/8942/3600
f 8943/8943/3601 8944/8944/3601 8945/8945/3601 8946/8946/3601 8947/8947/3601 8948/8948/3601 8949/8949/3601 8950/8950/3601 8951/8951/3601 8952/8952/3601
